date,surface_pressure,temperature_2m,total_evaporation_sum,total_precipitation_sum,u_component_of_wind_10m,v_component_of_wind_10m,volumetric_soil_water_layer_1
2010-01-01,95294.56022135417,295.3599147796631,-0.0014747362583875656,0.0,-2.3502381642659507,-0.990419864654541,0.13212140401204428
2010-01-02,95440.1845703125,294.17890548706055,-0.001351499930024147,8.52346317969932e-07,-1.9287370045979817,-0.6729937791824341,0.13032023111979166
2010-01-03,95356.59554036458,294.5021171569824,-0.0014534853398799896,8.52346317969932e-07,-1.2554829915364583,-0.7172462145487467,0.1287848154703776
2010-01-04,95149.66162109375,295.9349168141683,-0.0014166571199893951,0.0,-1.5286155541737874,-1.4600439071655273,0.12746111551920572
2010-01-05,95057.4267578125,296.4746920267741,-0.0014094477519392967,4.351138045421976e-07,-1.3960444529851277,-1.5551396210988362,0.126190185546875
2010-01-06,95131.4912109375,294.6926492055257,-0.0012430520728230476,0.0,-2.430871327718099,-0.2789173126220703,0.12520281473795572
2010-01-07,95265.22119140625,294.38888295491535,-0.0010278783738613129,1.0758637358776468e-06,-1.9668655395507812,0.9362646738688151,0.1244494120279948
2010-01-08,95248.93196614583,295.7011610666911,-0.0011555077508091927,8.344650268554688e-07,-1.8902359008789062,0.4927390019098918,0.12374814351399739
2010-01-09,95255.56770833333,296.4634323120117,-0.0006481427699327469,2.0638108253479004e-05,-1.9375670750935872,-0.1415327787399292,0.1233965555826823
2010-01-10,95296.56559244792,297.19683774312335,-0.0008426010608673096,0.00014978520829345143,-2.215901811917623,1.0131231546401978,0.12372525533040364
2010-01-11,95350.61328125,297.0128688812256,-0.0009028501808643341,0.0006125450133822596,-1.9601370493570964,1.2011752128601074,0.12663714090983072
2010-01-12,95377.46370442708,298.0515677134196,-0.0010200459510087967,0.0008192241190840832,-0.3526039123535156,1.5582637786865234,0.12869834899902344
2010-01-13,95476.53287760417,296.38722546895343,-0.001416252925992012,0.015373647212982178,0.7505970001220703,0.34508546193440753,0.2198053995768229
2010-01-14,95628.8330078125,295.6696065266927,-0.0018024910241365433,0.00373124121682622,-1.532300313313802,0.06240355968475342,0.3156725565592448
2010-01-15,95757.64615885417,295.19279925028485,-0.0016205497086048126,0.007119455328165714,-1.9588332176208496,0.1959045728047689,0.31697654724121094
2010-01-16,95805.26220703125,295.5140018463135,-0.0026913173496723175,2.0948248163676908e-05,-2.3475863138834634,-0.688977042833964,0.2986888885498047
2010-01-17,95733.47574869792,295.27825355529785,-0.0026642531156539917,8.583063504374877e-07,-1.9713074366251628,-0.27939164638519287,0.26407496134440106
2010-01-18,95579.63736979167,295.4221820831299,-0.0025135427713394165,0.0,-1.5713640451431274,-0.104698379834493,0.24129041035970053
2010-01-19,95465.0390625,294.647258122762,-0.0026968959718942642,8.52346317969932e-07,-2.0418148040771484,-0.8224363327026367,0.22290802001953125
2010-01-20,95560.54720052083,294.1199467976888,-0.0026080645620822906,8.584264037381217e-07,-1.8812120755513508,-0.29109915097554523,0.20696576436360678
2010-01-21,95443.91031901042,293.4790490468343,-0.0024607107043266296,0.0,-1.7981141408284504,-0.98223876953125,0.19366073608398438
2010-01-22,95437.201171875,293.64671007792157,-0.0021525928750634193,8.523463748133508e-07,-1.7739410400390625,0.6001530885696411,0.18252054850260416
2010-01-23,95392.35595703125,294.04407501220703,-0.001931382343173027,1.278923605241289e-06,-2.034501393636068,1.2061964670817058,0.17348670959472656
2010-01-24,95303.60400390625,294.2633825937907,-0.001905892975628376,8.52346317969932e-07,-1.7609723409016926,1.6182556947072346,0.1654949188232422
2010-01-25,95364.15169270833,294.56201489766437,-0.0017627254128456116,5.684341886080802e-14,-2.3447560469309487,0.8046054840087891,0.15857632954915366
2010-01-26,95465.06233723958,294.89452807108563,-0.0016995202749967575,1.2874601225121296e-06,-2.2278003692626953,0.8052513202031454,0.1527099609375
2010-01-27,95467.55403645833,295.0200252532959,-0.0013350751250982285,1.4555454242781707e-05,-2.205491383870443,0.7327655553817749,0.1483898162841797
2010-01-28,95475.14469401042,295.5581245422363,-0.0012370739132165909,2.5777813448257803e-06,-2.0965118408203125,0.9064807097117106,0.14478556315104166
2010-01-29,95476.20426432292,295.07681973775226,-0.0012194663286209106,3.862806579491007e-06,-1.8246440887451172,0.3243102232615153,0.14167658487955728
2010-01-30,95464.03629557292,295.56920941670734,-0.0017007337883114815,2.5789652227103943e-06,-2.0250527461369834,-0.7245127360026041,0.1385822296142578
2010-01-31,95422.56298828125,295.68885866800946,-0.0016425075009465218,2.568959644122515e-06,-1.6978105703989665,0.3572864929835002,0.13549105326334634
2010-02-01,95330.4921875,295.5312964121501,-0.001443890854716301,2.1382026602623228e-06,-1.893392562866211,1.5545496940612793,0.1329371134440104
2010-02-02,95271.80257161458,296.44396654764813,-0.0014020297676324844,4.29531144163775e-06,-1.7933553059895833,2.0653350353240967,0.13090070088704428
2010-02-03,95270.01888020833,296.7427800496419,-0.001442902721464634,3.841658326564357e-06,-1.8018754323323567,2.40641983350118,0.12909571329752603
2010-02-04,95349.72965494792,296.7461853027344,-0.0014457479119300842,2.1710329747293144e-06,-1.9145545959472656,2.332290013631185,0.1275304158528646
2010-02-05,95414.20442708333,296.75693130493164,-0.001338575966656208,1.7267963698941458e-06,-2.0121305783589682,1.7095502614974976,0.12627283732096353
2010-02-06,95474.74886067708,296.9996089935303,-0.001177450641989708,1.713806909720006e-06,-2.1254539489746094,0.7469100554784139,0.12526575724283853
2010-02-07,95443.85432942708,296.66555913289386,-0.0012211715802550316,2.165826685995853e-06,-1.7105318705240886,0.9061439037322998,0.1243756612141927
2010-02-08,95196.55078125,296.9606291453044,-0.0013278387486934662,4.3511391822903533e-07,-1.4615484873453777,1.5358459154764812,0.12353769938151042
2010-02-09,95073.71370442708,297.4763634999593,-0.0014316067099571228,8.496238592670124e-07,-1.4973653157552083,2.1115413109461465,0.12269783020019531
2010-02-10,95128.77620442708,297.7428747812907,-0.001372598111629486,1.2934207802572928e-06,-2.571465174357096,1.813436468442281,0.1219635009765625
2010-02-11,95303.18440755208,297.29708035786945,-0.0012497976422309875,8.523463748133508e-07,-2.7919114430745444,2.2061031659444175,0.12142753601074219
2010-02-12,95285.615234375,297.91027641296387,-0.0012440448626875877,8.52346317969932e-07,-2.0423535108566284,1.809065540631612,0.12095578511555989
2010-02-13,95158.41471354167,298.99035898844403,-0.0012145377695560455,1.2844800494349329e-06,-2.052032550175985,1.980829397837321,0.12052853902180989
2010-02-14,95032.880859375,299.96996625264484,-0.001293102279305458,1.286269935008022e-06,-1.2634700536727905,2.019738515218099,0.12010765075683594
2010-02-15,95064.79524739583,299.733357111613,-0.0012502893805503845,4.261732051702438e-07,-2.103389302889506,2.1208844979604087,0.11975987752278645
2010-02-16,95196.11946614583,298.66720962524414,-0.0010362835600972176,1.3053417156072555e-06,-1.860413670539856,1.9015193780263264,0.11952972412109375
2010-02-17,95191.53694661458,300.2356643676758,-0.0011461758986115456,2.9923439797130413e-06,-0.9058192173639933,1.280761996905009,0.11930783589680989
2010-02-18,95177.1025390625,300.8288993835449,-0.0011204946786165237,0.00014230042660301478,-1.305332104365031,1.3184376955032349,0.11966705322265625
2010-02-19,95233.46435546875,300.670960744222,-0.001146138645708561,0.0,-1.673304835955302,1.9267621437708538,0.1198565165201823
2010-02-20,95249.802734375,300.45115725199383,-0.0010999403893947601,1.2844800494349329e-06,-1.4977931181589763,1.6321143706639607,0.11950047810872395
2010-02-21,95278.52360026042,300.1670970916748,-0.0010299980640411377,0.0001239478588104248,-1.4645519256591797,1.6565016110738118,0.11974906921386719
2010-02-22,95203.65266927083,300.1978079477946,-0.00122847780585289,0.0006057620048522949,-1.0266362428665161,0.10027623176574707,0.12176259358723958
2010-02-23,95024.498046875,300.777645111084,-0.0013864990323781967,0.0009683966636657715,-0.09048779805501302,1.286987582842509,0.12740580240885416
2010-02-24,94911.83951822917,300.20939509073895,-0.0012432802468538284,4.351138613856165e-07,0.12834930419921875,0.04524668057759603,0.13024330139160156
2010-02-25,94994.71728515625,300.7130947113037,-0.001180492341518402,7.715490369264444e-06,-0.48883056640625,1.7816250721613567,0.12770652770996094
2010-02-26,95134.20670572917,300.5543575286865,-0.0010711103677749634,2.5619507368901395e-06,-1.3827718098958333,1.0577770471572876,0.125732421875
2010-02-27,95121.8720703125,301.41835594177246,-0.0011757547035813332,0.0,-1.3366597493489583,0.04350725809733073,0.1240386962890625
2010-02-28,95156.29361979167,301.267671585083,-0.0013567311689257622,8.52346317969932e-07,-0.9945481618245443,0.7058548132578532,0.12256495157877605
2010-03-01,95211.88590494792,301.40434010823566,-0.0013565504923462868,1.7064855342141527e-06,-1.2216021219889324,1.8556543588638306,0.12132962544759114
2010-03-02,95088.99723307292,301.90536562601727,-0.0012764707207679749,0.0,-0.6025606791178385,2.1850932836532593,0.1204071044921875
2010-03-03,94935.10481770833,302.735538482666,-0.0012479405850172043,1.7106532368416083e-06,1.2384541829427083,2.0473167498906455,0.11972745259602864
2010-03-04,94928.86279296875,302.43019167582196,-0.00102965347468853,0.0,1.2251720428466797,1.9556992848714192,0.11926333109537761
2010-03-05,94966.85563151042,302.51833152770996,-0.0010010246187448502,4.351138045421976e-07,0.5762780507405599,1.2182010014851887,0.11892763773600261
2010-03-06,95017.68196614583,303.26467577616376,-0.0010442370548844337,1.732286136757466e-06,0.6117781400680542,1.7526969909667969,0.11866251627604167
2010-03-07,95122.498046875,302.75915908813477,-0.0010455744341015816,-1.1920917586394353e-08,0.34669748942057294,-1.6282602945963542,0.11847368876139323
2010-03-08,95143.80208333333,303.141642888387,-0.0010754633694887161,8.590428706156672e-07,-0.8824640909830729,0.3093159993489583,0.11830838521321614
2010-03-09,95226.00553385417,303.1851380666097,-0.0010973941534757614,2.592802047729492e-06,-2.3965492248535156,2.0786751906077066,0.11821683247884114
2010-03-10,95329.7568359375,302.4722537994385,-0.0010500727221369743,0.0,-2.1229979197184243,2.1739508310953775,0.11814943949381511
2010-03-11,95464.51953125,302.30814425150555,-0.0009214961901307106,1.716046028832352e-06,-2.123196283976237,1.5264763434727986,0.1181017557779948
2010-03-12,95475.07568359375,302.3941167195638,-0.0009204745292663574,9.174129900202388e-09,-1.8443387349446614,1.444075624148051,0.11806488037109375
2010-03-13,95284.140625,302.53602345784503,-0.0008055344223976135,4.5347213642799034e-05,-0.6871852874755859,0.4874718189239502,0.11821556091308594
2010-03-14,95081.25813802083,302.99668312072754,-0.0008997116237878799,7.599890221854366e-05,1.1371091206868489,0.054535746574401855,0.11853726704915364
2010-03-15,95033.18994140625,302.4592577616374,-0.0010158959776163101,1.2941450222569983e-06,0.4095001220703125,0.2453845739364624,0.11865170796712239
2010-03-16,95104.82096354167,302.78371874491376,-0.0009859604761004448,4.410743663640915e-07,-0.6811294555664062,1.675886909166972,0.11843236287434895
2010-03-17,95310.11751302083,302.42594146728516,-0.0010224459692835808,0.0,-2.1106955210367837,1.676057497660319,0.11827850341796875
2010-03-18,95423.29329427083,301.9939613342285,-0.0010210657492280006,0.0,-1.8740838368733723,1.770281473795573,0.11817169189453125
2010-03-19,95221.33577473958,302.6439634958903,-0.001018492504954338,0.0,-1.1112340291341145,1.2621265252431233,0.11808522542317708
2010-03-20,95085.26871744792,303.09674580891925,-0.001001829281449318,8.52346317969932e-07,-0.38395118713378906,0.919835607210795,0.11800448099772136
2010-03-21,94883.84114583333,303.8811372121175,-0.001081768423318863,0.0,-0.13696988423665366,1.0940725406010945,0.11794726053873698
2010-03-22,94656.13541666667,304.035790125529,-0.0010613296180963516,4.351138045421976e-07,0.7562135060628256,1.5652776161829631,0.11789576212565105
2010-03-23,94557.25406901042,304.0984465281169,-0.0010459693148732185,8.523463748133508e-07,0.09932263692220052,2.0882049004236856,0.11785443623860677
2010-03-24,94703.08235677083,303.56209055582684,-0.0008606612682342529,0.0,-0.37128448486328125,2.095935304959615,0.11783091227213542
2010-03-25,94763.1083984375,303.6416924794515,-0.0008412711322307587,0.0,-0.3919728597005208,2.225415746370951,0.11781374613444011
2010-03-26,94786.01090494792,303.25235176086426,-0.0007557226344943047,2.14477836379956e-06,-0.723395029703776,1.8564902941385906,0.11780230204264323
2010-03-27,94911.96451822917,303.3639971415202,-0.0007835850119590759,1.2904405366498395e-06,-0.2742595672607422,1.4905527035395305,0.11779848734537761
2010-03-28,94943.51497395833,303.0115337371826,-0.0006769821047782898,1.7836689949035645e-05,-1.2638378143310547,1.5760443210601807,0.11788431803385417
2010-03-29,94956.14095052083,303.3395659128825,-0.0007017673924565315,0.00023528337478140315,0.28305625915527344,1.06536861260732,0.11891237894694011
2010-03-30,94868.96240234375,303.8148549397786,-0.0008264919742941856,0.000240194797413551,0.7045116424560547,1.3307602802912395,0.12038358052571614
2010-03-31,94815.19140625,304.2843023935954,-0.0010915528982877731,1.2874602361989673e-06,1.3095715840657551,-1.081147034962972,0.12034034729003906
2010-04-01,94780.2275390625,303.4238847096761,-0.0011598411947488785,2.5824065232882276e-06,2.410517374674479,-1.039426604906718,0.11948140462239583
2010-04-02,94801.80094401042,303.7536328633626,-0.0009740814566612244,1.6987324329420517e-06,1.1710205078125,-0.44630420207977295,0.11890411376953125
2010-04-03,94904.87386067708,304.39889844258624,-0.0008789245039224625,1.2819257335650036e-06,-0.9335225423177084,0.09754196802775066,0.11851755777994792
2010-04-04,94984.71158854167,304.89363288879395,-0.0008490579202771187,0.0,-1.1426836649576824,1.4381256500879924,0.11828168233235677
2010-04-05,94880.357421875,305.7994804382324,-0.0009747203439474106,4.351138045421976e-07,-0.5640761057535807,1.6622140804926555,0.11810684204101562
2010-04-06,94870.61669921875,305.946564356486,-0.0009711487218737602,8.52346317969932e-07,0.07075754801432292,1.334963083267212,0.11798667907714844
2010-04-07,95019.16178385417,305.63035011291504,-0.0010074954479932785,2.1427867977763526e-06,-1.5923423767089844,1.9227402210235596,0.11791928609212239
2010-04-08,95120.685546875,305.0180308024089,-0.0008950186893343925,4.712652298621833e-06,-1.653637448946635,2.2237136363983154,0.11790084838867188
2010-04-09,94872.73225911458,305.35360590616864,-0.0007020961493253708,7.975359039846808e-09,1.754496415456136,0.847061554590861,0.1178741455078125
2010-04-10,94626.68033854167,306.93367258707684,-0.0008684853091835976,6.892681119552435e-05,1.6483828226725261,-0.8850566546122233,0.1180585225423177
2010-04-11,94608.00634765625,307.01050567626953,-0.0009012473747134209,1.0282519724569283e-08,-0.011962254842122396,-0.12453134854634602,0.11818885803222656
2010-04-12,94657.27913411458,306.95330874125165,-0.0008419780060648918,5.154544339802669e-06,0.0338598887125651,0.6747591892878214,0.11802355448404948
2010-04-13,94646.83870442708,306.9196128845215,-0.000806179828941822,0.0,0.3579813639322917,0.4872298240661621,0.11793009440104167
2010-04-14,94726.60498046875,307.07484499613446,-0.000882735475897789,5.1682948196685174e-06,-0.21668179829915366,1.289613405863444,0.11786397298177083
2010-04-15,94857.6064453125,306.13645362854004,-0.0008026892319321632,3.2395122957495914e-06,-0.5319983164469401,0.8202266693115234,0.11785380045572917
2010-04-16,94889.09309895833,305.1544106801351,-0.0007512066513299942,0.00015069842328330196,-0.4246711730957031,1.770305077234904,0.11846987406412761
2010-04-17,94877.11295572917,305.58273061116535,-0.0008263606578111649,0.0001937031744887463,-0.5878486633300781,1.3999735514322917,0.1195068359375
2010-04-18,94779.65348307292,305.9880377451579,-0.0009668804705142975,0.0004197984932829968,0.5370108286539713,1.5781468550364177,0.12132326761881511
2010-04-19,94633.53092447917,306.9115454355876,-0.0008713006973266602,1.2788176434241905e-05,1.2785250345865886,0.5597596168518066,0.12171745300292969
2010-04-20,94528.78922526042,306.987600962321,-0.0009930087253451347,4.351138045421976e-07,0.20757357279459634,-0.9709984064102173,0.12036514282226562
2010-04-21,94644.0078125,306.52795728047687,-0.0008313693106174469,1.7225738702109084e-06,0.2669811248779297,-0.49805498123168945,0.1194610595703125
2010-04-22,94719.7880859375,306.7911294301351,-0.0007716314867138863,1.7106534642152837e-06,0.8140506744384766,0.24048908551534018,0.11890157063802083
2010-04-23,94818.50309244792,306.0820198059082,-0.0008517764508724213,0.00029588071515718184,0.258511225382487,1.4321192105611165,0.11988576253255208
2010-04-24,94756.81819661458,305.6613012949626,-0.0008820816874504089,0.00018784705298457993,0.4698295593261719,1.4130535125732422,0.1208966573079427
2010-04-25,94736.34000651042,306.2531000773112,-0.0008727312088012695,3.870425075547246e-06,-0.4989032745361328,0.8223059972127279,0.12025197347005208
2010-04-26,95016.64274088542,303.5833104451497,-0.0009976299479603767,0.002468636495109422,-0.2289098103841146,1.3741937478383381,0.13524373372395834
2010-04-27,95017.22119140625,305.21508471171063,-0.0013287020847201347,2.3457407849036827e-05,-0.4433581034342448,1.8023516337076824,0.14257685343424478
2010-04-28,94876.47281901042,305.5638058980306,-0.0011185761541128159,5.1587820053100586e-05,-0.45171546936035156,1.6582659085591633,0.13515790303548178
2010-04-29,94846.8447265625,304.83220799763996,-0.001079498790204525,0.00035122036933898926,-1.6046117146809895,1.959444801012675,0.13192176818847656
2010-04-30,94966.18424479167,303.45659319559735,-0.0009100465103983879,0.00031206309785147823,-0.44368426005045575,0.42525335152943927,0.13074747721354166
2010-05-01,94945.89664713542,304.2231051127116,-0.0007409807294607162,1.3166666008146422e-05,-1.353536605834961,0.5866794586181641,0.12841924031575522
2010-05-02,94824.79117838542,303.65384038289386,-0.000848112627863884,0.00033029913902282715,-0.2396551767985026,-0.2523721059163411,0.1269817352294922
2010-05-03,94675.81559244792,303.2932840983073,-0.0011157067492604256,0.001325821876378086,-0.023161570231119793,-0.2663745880126953,0.13254992167154947
2010-05-04,94540.49527994792,303.5522295633952,-0.0012657027691602707,0.0015054672956011927,-0.3248449961344401,0.94840407371521,0.1443322499593099
2010-05-05,94463.14111328125,304.7118797302246,-0.0012924997135996819,2.232193946838379e-05,0.4883893330891927,1.402458906173706,0.14378674825032553
2010-05-06,94453.71826171875,305.35267957051593,-0.0010598227381706238,5.125999450683594e-06,-0.12496884663899739,0.773898204167684,0.13613764444986978
2010-05-07,94491.00716145833,305.36599413553876,-0.0008861580863595009,5.908310413360596e-05,-0.301547368367513,1.6740179061889648,0.13112703959147134
2010-05-08,94518.59326171875,305.83051617940265,-0.000873037613928318,0.00012828076813775624,0.4115498860677083,1.2491321563720703,0.1280523935953776
2010-05-09,94431.1982421875,307.0426247914632,-0.0008865008130669594,0.0,0.6894969940185547,1.1635500590006511,0.12514050801595053
2010-05-10,94402.7314453125,307.9981053670247,-0.000851169228553772,0.0,0.15954717000325522,0.7172883749008179,0.12268129984537761
2010-05-11,94422.71875,308.08207003275555,-0.0007424158975481987,1.7046927496267017e-06,0.41818491617838544,1.44074813524882,0.12093925476074219
2010-05-12,94447.40250651042,307.95088895161945,-0.0008020848035812378,0.0002435743808746338,0.37275250752766925,1.7417869567871094,0.12070910135904948
2010-05-13,94447.8857421875,307.98399353027344,-0.0007295673713088036,6.043910978803524e-06,0.6836363474527994,2.071839610735575,0.12059656778971355
2010-05-14,94429.05891927083,307.1920515696208,-0.0009309276938438416,0.000771835446357727,0.547375758488973,1.6796804666519165,0.12372525533040364
2010-05-15,94404.76253255208,307.29005241394043,-0.0009521916508674622,0.00029511749744415283,-0.0025177001953125,1.570293664932251,0.1261444091796875
2010-05-16,94431.68717447917,307.24460728963214,-0.0008075032383203506,4.290938376882991e-05,-0.3695722818374634,1.9308247963587444,0.12436294555664062
2010-05-17,94425.81396484375,307.5942726135254,-0.0008329078555107117,8.523463748133508e-07,-0.503646969795227,0.7319935957590739,0.12219619750976562
2010-05-18,94374.85286458333,306.450470606486,-0.0006520329043269157,4.762411111869369e-05,-0.8865826924641927,0.8829689025878906,0.12094434102376302
2010-05-19,94286.21354166667,303.8204453786214,-0.00043452437967061996,3.996579357590235e-05,-1.816886266072591,0.11805335680643718,0.12048848470052083
2010-05-20,94188.98225911458,301.5235188802083,-0.0011729001998901367,0.004768514633173737,-0.9154065450032552,-1.2481345733006795,0.14598973592122397
2010-05-21,94304.93782552083,299.47448348999023,-0.0021327724680304527,0.005416679382278744,1.8282763163248699,0.4235960642496745,0.2104644775390625
2010-05-22,94331.19059244792,303.7320143381755,-0.0020562810823321342,0.000535675681135217,1.8405628204345703,0.45929741859436035,0.20734087626139322
2010-05-23,94228.89811197917,305.93282953898114,-0.0021859556436538696,1.7080334373531514e-06,2.336483637491862,0.3037147521972656,0.18575541178385416
2010-05-24,94205.31298828125,307.85813967386883,-0.002155373804271221,8.523463748133508e-07,4.225613276163737,-0.15293153127034506,0.16457112630208334
2010-05-25,94225.50862630208,307.83553949991864,-0.0018822308629751205,0.0,5.4275461832682295,-0.34196217854817706,0.14844640096028647
2010-05-26,94298.53857421875,307.25318336486816,-0.0015099328011274338,8.612870487922919e-07,5.724384307861328,-0.9756517807642618,0.13810221354166666
2010-05-27,94332.46337890625,306.92587661743164,-0.001101786270737648,4.261732051702438e-07,4.422247568766276,-1.002602259318034,0.13156890869140625
2010-05-28,94439.70979817708,307.69892565409344,-0.0009573744609951973,4.261732051702438e-07,3.80322265625,-0.7080729405085245,0.12714449564615884
2010-05-29,94429.30387369792,307.82674471537274,-0.0008855825290083885,4.351138045421976e-07,3.1925881703694663,-1.8014333645502727,0.12404060363769531
2010-05-30,94426.09537760417,307.86998176574707,-0.0008331639692187309,0.0,3.266503651936849,-1.4684160550435383,0.12193934122721355
2010-05-31,94519.62890625,307.78017743428546,-0.0007680701091885567,0.0,4.140225728352864,-0.9247273206710815,0.12054888407389323
2010-06-01,94608.71077473958,306.9515781402588,-0.0007145572453737259,0.00017954707135459103,3.116581598917643,-1.0132557153701782,0.12042299906412761
2010-06-02,94733.79036458333,306.6810785929362,-0.0008262032642960548,0.00037936270236826886,2.9806957244873047,-2.765079696973165,0.12135251363118489
2010-06-03,94790.61946614583,306.38045501708984,-0.0006889551877975464,0.00014577209948996028,2.6650683085123696,-1.5611812671025593,0.122406005859375
2010-06-04,94725.27848307292,306.56847699483234,-0.0008144555613398552,0.0006677351257167174,2.956437428792318,-1.3797535101572673,0.12503687540690103
2010-06-05,94519.63199869792,307.16042772928876,-0.0009439364075660706,2.209294088473257e-05,4.09361457824707,-2.5069836378097534,0.12586339314778647
2010-06-06,94427.95703125,306.86288770039874,-0.000904841348528862,9.744058860405858e-05,4.2712752024332685,-2.0985691944758096,0.12391726175944011
2010-06-07,94478.0654296875,306.30934460957843,-0.0008073160424828529,0.00018370557955904587,4.224860509236653,-1.3165652354558308,0.12296994527180989
2010-06-08,94429.95735677083,306.14426867167157,-0.0007753279060125351,0.00036966800689697266,2.437291463216146,-1.0553411642710369,0.12356313069661458
2010-06-09,94366.83544921875,304.3260637919108,-0.0009750509634613991,0.0014509201049790477,1.26300048828125,-1.0724103848139446,0.12745348612467447
2010-06-10,94302.876953125,302.94650904337567,-0.0011471817269921303,0.007307454943656921,0.19211514790852866,-0.7928255796432495,0.15707842508951822
2010-06-11,94208.46240234375,301.81907717386883,-0.0022834371775388718,0.007157969474690162,0.3634522755940755,0.0323487917582194,0.23787307739257812
2010-06-12,94117.92024739583,300.7845452626546,-0.0024789422750473022,0.009803075081265433,2.368706385294596,-0.19289215405782065,0.29831822713216144
2010-06-13,94228.17203776042,299.0474452972412,-0.0024894000962376595,0.01301439661455106,2.2777322133382163,1.8411434888839722,0.36243756612141925
2010-06-14,94391.68147786458,299.15158398946124,-0.0022483309730887413,0.011865824460983276,3.860141118367513,2.1041571299235025,0.33717600504557294
2010-06-15,94499.5048828125,299.2628574371338,-0.002595348283648491,0.0023033320903778076,5.22361437479655,2.108107884724935,0.3186658223470052
2010-06-16,94522.12223307292,299.67129770914715,-0.0022620726376771927,0.0009091794490814209,5.034643252690633,2.6467536290486655,0.2989126841227214
2010-06-17,94486.16617838542,300.14607429504395,-0.0029197940602898598,0.0006018459795882336,5.337177038192749,1.8712825775146484,0.28114891052246094
2010-06-18,94469.16731770833,300.39498964945477,-0.0031689591705799103,0.0019978463650431877,3.845560073852539,1.5133399963378906,0.268374760945638
2010-06-19,94519.81282552083,299.6410051981608,-0.0023171352222561836,0.005562394857406616,3.0666211446126304,1.5586764017740886,0.2777703603108724
2010-06-20,94648.87809244792,298.4254519144694,-0.0018821032717823982,0.0015870958565642468,3.6535975138346353,1.0695018768310547,0.3117790222167969
2010-06-21,94562.67138671875,300.5088316599528,-0.0022892244160175323,0.00015183985135536204,3.9391398429870605,0.04071744283040365,0.2882773081461589
2010-06-22,94421.39306640625,301.9617067972819,-0.0034701209515333176,0.0012704014777114025,4.480055491129558,-0.315634806950887,0.26942189534505206
2010-06-23,94348.75667317708,301.02940622965497,-0.0033000074326992035,0.004690051076977397,4.6328169504801435,-0.49457430839538574,0.27361106872558594
2010-06-24,94268.23095703125,299.0670680999756,-0.002415210008621216,0.002855926883739812,4.561787923177083,0.048865278561909996,0.3001111348470052
2010-06-25,94167.54052734375,300.6525452931722,-0.002990337088704109,0.00014493480597366215,4.411195119222005,-0.040072123209635414,0.2788842519124349
2010-06-26,94231.97688802083,301.33110936482746,-0.0028728675097227097,1.8256559769724845e-05,3.8653945922851562,1.0843535661697388,0.2542031606038411
2010-06-27,94346.69661458333,301.4595413208008,-0.0025973208248615265,4.9036741245345183e-05,4.3061370849609375,0.8447908560434977,0.23479334513346353
2010-06-28,94382.04361979167,302.4119707743327,-0.0030809082090854645,0.00024736523619139916,4.497503280639648,0.38798511028289795,0.21717516581217447
2010-06-29,94366.76790364583,302.6446844736735,-0.002964302897453308,0.00014844536781311035,4.092508792877197,-0.0027869542439778647,0.2007471720377604
2010-06-30,94313.14713541667,301.2902545928955,-0.002686860039830208,0.0031919360159804455,4.147467494010925,-0.1966712474822998,0.19345601399739584
2010-07-01,94249.95735677083,297.54771677652997,-0.002762455493211746,0.009862510304060379,3.499840418497721,0.08453559875488281,0.27181116739908856
2010-07-02,94151.64664713542,295.94373448689777,-0.003008982166647911,0.08166115928037243,5.444061279296875,0.8512775897979736,0.37882041931152344
2010-07-03,94219.41243489583,297.6765848795573,-0.003445926122367382,0.00402115583409568,4.699515024820964,1.1083803176879883,0.40439414978027344
2010-07-04,94357.66796875,299.33764394124347,-0.0035519935190677643,0.0019951760768321947,3.571695327758789,1.5615575710932414,0.37503687540690106
2010-07-05,94497.16292317708,298.84596252441406,-0.003332294523715973,0.013418711230144709,3.7317697207132974,0.8413716952006022,0.38519859313964844
2010-07-06,94536.400390625,296.48609161376953,-0.002667594701051712,0.02538772225369712,4.246210098266602,0.4553038279215495,0.4208056131998698
2010-07-07,94618.66471354167,296.885066986084,-0.002823956310749054,0.020115092396736145,3.7393805185953775,0.4065933624903361,0.4208990732828776
2010-07-08,94793.43798828125,297.70169258117676,-0.0024670176208019257,0.0049744099378585815,3.4415206909179688,0.8674534559249878,0.4078248341878255
2010-07-09,94708.115234375,299.62338129679364,-0.0040186140686273575,0.00015176832675933838,3.7989222208658853,0.328797181447347,0.3724689483642578
2010-07-10,94692.41162109375,300.0945568084717,-0.004124820232391357,0.002321370238860254,3.181493123372396,-0.0581660270690918,0.3542410532633464
2010-07-11,94711.81591796875,299.0770378112793,-0.003022545948624611,0.004342496395111084,3.2183589935302734,-0.09176623821258545,0.36250559488932294
2010-07-12,94657.85432942708,298.47784360249835,-0.002466915175318718,0.005649441480635176,3.9516881306966147,0.30340580145517987,0.38552220662434894
2010-07-13,94637.53792317708,300.1189645131429,-0.004732703790068626,1.0745723216132319e-05,4.530706405639648,-0.7867501576741537,0.3473059336344401
2010-07-14,94551.00944010417,299.40228335062665,-0.003546983003616333,0.0007130205631256104,4.028390884399414,-1.1053492228190105,0.32921727498372394
2010-07-15,94341.57454427083,299.006493250529,-0.003138558007776737,0.006381881236922737,3.1300036112467446,-1.372841517130534,0.34246571858723956
2010-07-16,94206.05891927083,298.29490089416504,-0.002892177551984787,0.013545572757664104,3.0772908528645835,0.11605008443196614,0.3823426564534505
2010-07-17,94314.45963541667,298.14215087890625,-0.00308426097035408,0.006005781888916317,2.9844277699788413,0.8635179996490479,0.39355913798014325
2010-07-18,94352.48209635417,299.21749623616535,-0.0035774484276771545,0.0009570859089649275,3.820897420247396,0.3691500822703044,0.3670488993326823
2010-07-19,94220.58707682292,299.654935836792,-0.0035278350114822388,0.002069425285469606,3.902879079182943,1.0055707693099976,0.3582712809244792
2010-07-20,94238.939453125,299.49492899576825,-0.0034175310283899307,0.0012119293211867443,5.072470347086589,0.674746036529541,0.3478705088297526
2010-07-21,94298.712890625,297.69699732462567,-0.002902073785662651,0.0167771383927402,4.731412887573242,0.7449480692545573,0.3816140492757161
2010-07-22,94401.53369140625,296.6176897684733,-0.0023821014910936356,0.016098392658932426,4.971268971761067,0.8559875090916952,0.4077370961507161
2010-07-23,94378.70947265625,296.92934862772626,-0.002924984320998192,0.011068484652184907,5.2739715576171875,0.8615210851033529,0.41524696350097656
2010-07-24,94229.39127604167,295.99794514973956,-0.003091154620051384,0.023764738440508637,6.303171157836914,0.8897386789321899,0.4243278503417969
2010-07-25,94095.34505208333,295.50025113423663,-0.0030999481678009033,0.018760031005854216,6.768256505330403,1.180283824602763,0.42493120829264325
2010-07-26,94229.470703125,297.20451164245605,-0.0032640472054481506,0.0022539317606629083,6.698324203491211,1.9205965598424275,0.40197308858235675
2010-07-27,94432.28450520833,297.4008674621582,-0.0024936553090810776,0.004342067372817837,4.930212656656901,1.367725094159444,0.4038836161295573
2010-07-28,94359.07893880208,297.46557998657227,-0.003232814371585846,0.01642405041729944,4.803581873575847,-0.5047505696614584,0.4051125844319661
2010-07-29,94221.77197265625,295.84140396118164,-0.0017510727047920227,0.05230257102499536,5.475172678629558,-0.38656044006347656,0.42915789286295575
2010-07-30,94318.79459635417,296.9833132425944,-0.0025566592812538147,0.0015816413906577509,5.4241288503011065,0.2937520345052083,0.41111119588216144
2010-07-31,94516.32861328125,298.07264645894367,-0.003380363807082176,0.0011810300598185108,5.838936487833659,1.0901497602462769,0.3950074513753255
2010-08-01,94571.82747395833,298.63132158915204,-0.004071218892931938,0.00022903084754943848,5.8896058400472,0.3656775156656901,0.3794129689534505
2010-08-02,94455.68391927083,298.5320364634196,-0.003784320317208767,0.0003734022378871771,5.6443430582682295,0.9350459575653076,0.3674297332763672
2010-08-03,94275.93359375,298.24735323588055,-0.003568047657608986,0.0025458246468588186,5.6427154541015625,1.6005477905273438,0.3683052062988281
2010-08-04,94293.49186197917,298.34406026204425,-0.0034998729825019836,0.0009409154781678808,5.177765528361003,0.3799283504486084,0.36358006795247394
2010-08-05,94492.650390625,297.09982681274414,-0.0023378459736704826,0.006568920612227913,4.39650026957194,-0.40195759137471515,0.3694082895914714
2010-08-06,94467.70475260417,295.3755925496419,-0.0028195995837450027,0.047165962196743294,5.958984375,0.3976205587387085,0.426364262898763
2010-08-07,94493.19075520833,297.9518636067708,-0.005053733475506306,0.00023382306098440608,4.600258509318034,1.3096015453338623,0.40350087483723956
2010-08-08,94529.16748046875,298.26879692077637,-0.0031158113852143288,0.0006062631908854144,3.7306817372639975,0.8575541575749716,0.38856061299641925
2010-08-09,94549.91975911458,298.59391021728516,-0.00400068424642086,0.00018966197967529297,4.314525604248047,-0.549392302831014,0.3751665751139323
2010-08-10,94542.22916666667,298.8441931406657,-0.0042928289622068405,0.00016509467849346038,3.9499003092447915,-1.0776994625727336,0.3617388407389323
2010-08-11,94516.95100911458,298.84044075012207,-0.0031946469098329544,0.004748657345714946,2.9866905212402344,-1.0425991614659627,0.3742046356201172
2010-08-12,94395.12027994792,298.5988432566325,-0.003222423605620861,0.014228084683473696,2.042421340942383,-1.2057469685872395,0.3961162567138672
2010-08-13,94422.26692708333,297.2773946126302,-0.002764691598713398,0.016240298748016357,2.6843382517496743,-0.5855886538823446,0.4219957987467448
2010-08-14,94464.38557942708,297.82243792215985,-0.0027724727988243103,0.014885985851282868,2.586751937866211,-0.1825500726699829,0.4234638214111328
2010-08-15,94545.11800130208,297.64348729451496,-0.002259042114019394,0.017576855826689552,1.5823173522949219,0.07217530409495036,0.42353185017903644
2010-08-16,94551.41975911458,298.26387278238934,-0.0033974219113588333,0.009117823702069927,1.475576400756836,0.26564661661783856,0.4221820831298828
2010-08-17,94417.43147786458,298.6854642232259,-0.0034403763711452484,0.0054788917302062146,2.309190114339193,0.6710166931152344,0.415008544921875
2010-08-18,94458.16471354167,298.46009254455566,-0.0038710609078407288,0.0022428154944691414,3.703554153442383,0.24349212646484375,0.40528297424316406
2010-08-19,94620.2890625,298.628609975179,-0.0035430993884801865,0.0062684893607638514,2.1942354838053384,-0.9051774342854818,0.40428924560546875
2010-08-20,94734.9580078125,297.52928924560547,-0.0026304256170988083,0.012681791880936544,0.5591462453206381,-0.5144519805908203,0.42029062906901044
2010-08-21,94634.89420572917,297.91187222798663,-0.003378055989742279,0.01464163268400398,-0.3267046610514323,-0.019020716349283855,0.42101097106933594
2010-08-22,94544.74641927083,298.18858400980633,-0.00353408046066761,0.018212383945922284,1.0405737559000652,-0.7252950668334961,0.42128435770670575
2010-08-23,94460.45882161458,298.6186408996582,-0.003945177420973778,0.011008977439701084,2.015476862589518,-1.4352588256200154,0.41952069600423175
2010-08-24,94323.69677734375,298.65911293029785,-0.0036041345447301865,0.010841965675410847,1.3848889668782551,-1.4881309668223064,0.4202429453531901
2010-08-25,94308.5048828125,297.70420265197754,-0.002870742231607437,0.01940874755382538,1.1678581237792969,-1.2916700442632039,0.42588233947753906
2010-08-26,94336.42692057292,296.93727175394696,-0.0024332115426659584,0.019599794230941825,2.018991470336914,0.0052680571873982745,0.427548090616862
2010-08-27,94354.42594401042,297.8613103230794,-0.0031296154484152794,0.005687043070793152,2.386964797973633,1.555662473042806,0.41917991638183594
2010-08-28,94411.52229817708,298.34725761413574,-0.003712724894285202,0.005984857678413391,3.1358216603597007,2.0016748110453286,0.4142589569091797
2010-08-29,94404.12679036458,297.1429214477539,-0.0034142285585403442,0.01982171237468222,4.713090896606445,1.0153514544169109,0.42167027791341144
2010-08-30,94336.43115234375,295.8989022572835,-0.0026655569672584534,0.02888867259014205,5.045444488525391,1.4939104715983074,0.42862828572591144
2010-08-31,94468.2509765625,296.061710357666,-0.0026752036064863205,0.009669750928878784,5.612429300944011,1.2767876784006755,0.4232921600341797
2010-09-01,94660.80224609375,298.0352643330892,-0.0036696158349514008,0.0007702410221099854,5.19191296895345,0.026892860730489094,0.4073651631673177
2010-09-02,94681.93424479167,298.01007016499835,-0.0033352524042129517,0.0034603476524353027,4.610148747762044,-1.306815465291341,0.39819590250651044
2010-09-03,94479.71061197917,297.28472963968915,-0.0032452233135700226,0.014790058135986328,4.392932256062825,-0.9510071277618408,0.41418202718098956
2010-09-04,94426.798828125,295.7292734781901,-0.0023861415684223175,0.02705013155934921,5.34697151184082,-0.1952648162841797,0.42858441670735675
2010-09-05,94609.74251302083,296.9094689687093,-0.0033078547567129135,0.006617629528022917,5.347494125366211,0.049694061279296875,0.4227956136067708
2010-09-06,94520.28922526042,296.9947096506755,-0.0029217954725027084,0.00965338945388794,5.274056752522786,0.08851559956868489,0.41995811462402344
2010-09-07,94353.94189453125,296.2920500437419,-0.00266275554895401,0.014048480987547407,5.505273342132568,0.17968185742696127,0.42526690165201825
2010-09-08,94356.65641276042,297.4737091064453,-0.0033274777233600616,0.0014204263686110608,5.038048426310222,1.6298478444417317,0.4106864929199219
2010-09-09,94531.82942708333,298.23271560668945,-0.0037753302603960037,0.0007017493247936102,3.9192066192626953,1.695549209912618,0.3969688415527344
2010-09-10,94589.27425130208,298.3778839111328,-0.004092461429536343,0.0016843140124365164,3.1866954962412515,0.761292298634847,0.3892892201741536
2010-09-11,94674.91959635417,298.41109466552734,-0.0039758142083883286,0.00017258524894714355,3.285146156946818,-0.23520227273305258,0.37729517618815106
2010-09-12,94689.81282552083,298.3702977498372,-0.003826492466032505,0.0022913753985562835,2.351905186971029,-0.6933810313542684,0.36939430236816406
2010-09-13,94545.857421875,298.5735219319661,-0.0038353055715560913,0.002003657817738258,2.322446823120117,-0.49388885498046875,0.3773110707600911
2010-09-14,94462.2822265625,297.5845063527425,-0.002922884188592434,0.007178381085395813,2.9684626261393228,-0.20389111836751303,0.3919486999511719
2010-09-15,94452.52604166667,297.63678550720215,-0.003389819525182247,0.0037668526595666663,3.3325042724609375,-0.9174280166625977,0.39432334899902344
2010-09-16,94459.7646484375,297.03751881917316,-0.003150452859699726,0.009633250194212906,3.49739138285319,-1.1983038981755574,0.4078388214111328
2010-09-17,94421.20393880208,296.4951508839925,-0.002676914446055889,0.013636622235026152,3.396207809448242,-0.7083431879679362,0.42037200927734375
2010-09-18,94326.15901692708,297.153418858846,-0.0026053115725517273,0.0011574122060551417,3.8443285624186196,0.05528104305267334,0.40540631612141925
2010-09-19,94486.86263020833,298.0137246449788,-0.0039548324421048164,0.0037387311458587646,2.293879191080729,0.40109968185424805,0.40094439188639325
2010-09-20,94695.94319661458,298.54988797505695,-0.00421520508825779,0.0015556588823528728,1.3812402089436848,1.0712550083796184,0.39095433553059894
2010-09-21,94858.53515625,298.9488334655762,-0.004301847890019417,0.005312219262123108,0.1847070058186849,0.5427231788635254,0.3886483510335286
2010-09-22,94899.10628255208,298.51825014750165,-0.003988705575466156,0.012880325317382812,0.19716262817382812,-0.1792521874109904,0.40789540608723956
2010-09-23,94788.71484375,298.53388086954754,-0.0037323590368032455,0.006175756453558279,0.3694165547688802,0.12892377376556396,0.4150257110595703
2010-09-24,94778.02750651042,297.8782908121745,-0.0033678561449050903,0.010082387160991857,0.8957748413085938,-0.38141949971516925,0.41943359375
2010-09-25,94814.45345052083,298.1657371520996,-0.003845522180199623,0.0068293972327637675,0.48227691650390625,-0.3951195478439331,0.41364288330078125
2010-09-26,94918.529296875,298.26048469543457,-0.003502737730741501,0.004378944635391235,-1.2411657969156902,0.10022974014282227,0.41141382853190106
2010-09-27,94970.59163411458,298.3428961435954,-0.004088791087269783,0.0003499925136551951,-2.2289835611979165,1.339305837949117,0.39486249287923175
2010-09-28,94985.28499348958,298.42517852783203,-0.003674711100757122,0.0012379407882008309,-1.733767827351888,1.2254095872243245,0.38513946533203125
2010-09-29,94957.2900390625,298.2141710917155,-0.004063254222273827,0.004721033573048317,-1.0251871744791667,-0.11216918627421062,0.38997840881347656
2010-09-30,94810.20231119792,298.37719535827637,-0.004796542227268219,0.00011604428290823421,-1.1318340301513672,-1.6998287439346313,0.37978363037109375
2010-10-01,94732.32096354167,298.0815881093343,-0.0048365602269768715,0.0007355242966582409,-1.5740140279134114,-0.2906242211659749,0.36249033610026044
2010-10-02,94789.55305989583,297.4057865142822,-0.0030539073050022125,0.0028176963323858217,-1.3621171315511067,0.37974441051483154,0.37015724182128906
2010-10-03,94795.71354166667,297.85225168863934,-0.003418330103158951,0.004800925530616951,-1.5038528442382812,0.7383036216100057,0.38134129842122394
2010-10-04,94688.9697265625,298.24783452351886,-0.0037196865305304527,0.001272207498118405,-0.09404055277506511,-0.7599740028381348,0.3741779327392578
2010-10-05,94535.79996744792,298.40182940165204,-0.0038351919502019882,0.0037780053110054723,0.16053199768066406,-1.0525924762090046,0.3747781117757161
2010-10-06,94408.27408854167,298.5802281697591,-0.003162585198879242,0.00037825046683792607,1.0225257873535156,-1.9816731214523315,0.369045893351237
2010-10-07,94353.74593098958,298.9247798919678,-0.00484035350382328,8.621215101811686e-07,1.7563896179199219,-2.0496976375579834,0.350124994913737
2010-10-08,94489.251953125,298.52952766418457,-0.0043115317821502686,5.6596394244934345e-05,2.0401414235432944,-0.5985266367594401,0.33577728271484375
2010-10-09,94504.99690755208,298.7346598307292,-0.004943966865539551,0.0,2.471506118774414,-0.8057594299316406,0.3224906921386719
2010-10-10,94593.18408203125,298.8214906056722,-0.004670998081564903,1.284479992591514e-06,2.299016316731771,-0.9345804850260416,0.3097877502441406
2010-10-11,94813.09879557292,298.78419558207196,-0.004318270832300186,0.00030535459518432617,2.0229593912760415,-1.2710679372151692,0.3002179463704427
2010-10-12,94966.9833984375,298.9274838765462,-0.004144733771681786,0.00013231039037009396,0.589697519938151,-1.3514816363652546,0.2919044494628906
2010-10-13,94885.36539713542,298.33716074625653,-0.004799528978765011,1.7124297073678463e-06,0.9504534403483073,-1.6176515817642212,0.2810789744059245
2010-10-14,94727.55126953125,298.5619519551595,-0.004398014396429062,1.9586086239087308e-05,2.0558160146077475,-1.7981146176656086,0.2703088124593099
2010-10-15,94541.349609375,298.8725833892822,-0.004117293283343315,0.00015648603438833675,3.193059285481771,-1.993959625562032,0.2615528106689453
2010-10-16,94357.2158203125,295.43028831481934,-0.00277544092386961,0.02769794020364813,3.603156407674154,-1.36543075243632,0.3676891326904297
2010-10-17,94389.70263671875,295.33117993672687,-0.0012060953304171562,0.009408804773556767,1.710812250773112,1.607247034708659,0.40458106994628906
2010-10-18,94654.306640625,295.7042465209961,-0.0015531377866864204,0.01019463629990014,0.18170801798502603,2.60029665629069,0.4127635955810547
2010-10-19,94851.18147786458,297.0557448069255,-0.0026009324938058853,0.008486957995046396,0.05548540751139323,1.7252553304036458,0.406924565633138
2010-10-20,94841.24397786458,297.7565218607585,-0.0029596835374832153,0.0033934414386749268,1.0837294260660808,0.7459532419840494,0.4015057881673177
2010-10-21,94598.46110026042,298.2442283630371,-0.0033934926614165306,0.0022125422953536145,2.042226791381836,0.5245198806126913,0.3931388854980469
2010-10-22,94513.33772786458,297.66588592529297,-0.00315672904253006,0.0066458810007361535,2.2580178578694663,0.4313960075378418,0.3973395029703776
2010-10-23,94622.18619791667,296.7444375356038,-0.0026171905919909477,0.008049760337598855,1.8427548011144002,-0.312982439994812,0.40970102945963544
2010-10-24,94724.40364583333,296.1794268290202,-0.002151823602616787,0.015103787183761597,0.34743626912434894,-1.144674301147461,0.4183673858642578
2010-10-25,94876.49934895833,297.2278486887614,-0.003819810226559639,0.00041756927966929425,-1.2432689666748047,-1.5880292256673176,0.3970801035563151
2010-10-26,95053.49055989583,297.0795148213704,-0.004378713667392731,4.261732051702438e-07,-1.5158344109853108,-1.7789370218912761,0.3784796396891276
2010-10-27,95167.95442708333,296.42590204874676,-0.004776524379849434,1.275539318612573e-06,-1.5389105478922527,-2.1634724934895835,0.3628063201904297
2010-10-28,95148.54134114583,295.72940190633136,-0.005044290795922279,0.0,-1.7657229105631511,-2.401058832804362,0.34773508707682294
2010-10-29,95139.21321614583,296.29496065775555,-0.0044265612959861755,0.0005709469318162519,-1.8931903839111328,-1.1898873647054036,0.33563677469889325
2010-10-30,95181.53287760417,294.92734146118164,-0.002013763412833214,0.010460355877853544,-2.242912928263346,-1.780874252319336,0.3761412302652995
2010-10-31,94998.44010416667,294.64953422546387,-0.002593524754047394,0.04188198149194022,-1.726980209350586,-3.4380325078964233,0.40389760335286456
2010-11-01,94858.59716796875,294.1784076690674,-0.0015309564769268036,0.00239725708951255,-1.3780752817789714,-2.720823566118876,0.4120858510335286
2010-11-02,94983.61702473958,294.26868057250977,-0.0010157320648431778,0.007747519016163551,-2.1751829783121743,-1.6825601657231648,0.41454505920410156
2010-11-03,95208.76676432292,295.22182337443036,-0.0015844851732254028,0.0036656706028566077,-2.398115793863932,0.20408972104390463,0.4122943878173828
2010-11-04,95211.78287760417,296.38982009887695,-0.0027499571442604065,0.003955650329487526,-1.8135312398274739,0.23383069038391113,0.4074897766113281
2010-11-05,95121.37076822917,296.085303624471,-0.0024770405143499374,0.0020467936983550317,-0.5219694773356119,-0.33119964599609375,0.402462641398112
2010-11-06,94943.49446614583,295.5748112996419,-0.004142485558986664,2.1433797883219086e-06,-1.2729867299397786,-2.398775100708008,0.3863677978515625
2010-11-07,94747.12060546875,295.85561498006183,-0.002878783270716667,0.0019173190669903306,-2.665891647338867,-3.568201700846354,0.37995656331380206
2010-11-08,94906.0419921875,295.7230587005615,-0.002241898328065872,0.003046826758652088,-5.168668746948242,1.429970423380534,0.3876158396402995
2010-11-09,95324.2509765625,296.72168223063153,-0.0027198921889066696,0.0014179795980453491,-3.054330825805664,1.8088871240615845,0.38416608174641925
2010-11-10,95303.69791666667,297.34244600931805,-0.002825566567480564,0.0004897720800727257,-1.3805020650227864,1.3334360520044963,0.3729025522867839
2010-11-11,95119.13053385417,297.0731945037842,-0.002839570865035057,0.003868997097015381,-0.31120045979817706,0.7766253550847372,0.3812306722005208
2010-11-12,94880.05794270833,296.94014739990234,-0.0029069986194372177,0.0012055635452270508,0.03911654154459635,-0.1702669064203898,0.37652142842610675
2010-11-13,94931.87972005208,297.28754234313965,-0.0027798376977443695,0.0007058322429607244,-0.7907021840413412,0.12834314505259195,0.3684775034586589
2010-11-14,95234.43505859375,297.1069990793864,-0.002786378376185894,0.001626843214033613,-1.6361376444498699,0.29608599344889325,0.3664410909016927
2010-11-15,95243.84912109375,296.8356939951579,-0.003046940080821514,0.0007766127586350535,-1.8094240824381511,0.48155494530995685,0.3609809875488281
2010-11-16,95118.12890625,296.56111971537274,-0.0030398573726415634,0.0002329871308006659,-2.1018505096435547,0.5842853387196859,0.35123252868652344
2010-11-17,95162.32177734375,295.6269709269206,-0.0019613783806562424,0.003435194492340088,-3.2800509134928384,1.1064923604329426,0.362948735555013
2010-11-18,95231.43245442708,296.25149663289386,-0.0024481741711497307,0.0012969017028758856,-2.3175837198893228,1.287909746170044,0.36350250244140625
2010-11-19,95126.55224609375,296.69064140319824,-0.0030873529613018036,0.00011012852191427669,-1.2961620092391968,1.1427539189656575,0.34974034627278644
2010-11-20,94926.09928385417,297.08229382832843,-0.00293100718408823,0.0013722062109877697,-0.5089778900146484,0.25830082098642987,0.34404246012369794
2010-11-21,94873.22884114583,296.8512789408366,-0.0026497943326830864,0.0009703302899879418,-1.273172378540039,0.26126301288604736,0.3449522654215495
2010-11-22,94862.17431640625,296.19752502441406,-0.0029651038348674774,0.00036603212356567383,-2.166818618774414,1.3502958218256633,0.3375326792399089
2010-11-23,94984.31966145833,295.38457743326825,-0.0033558309078216553,0.0,-1.952148715655009,1.611957271893819,0.3263842264811198
2010-11-24,95122.60091145833,295.7418524424235,-0.0027195103466510773,4.1097402458945e-06,-1.5979503790537517,1.156512975692749,0.31813494364420575
2010-11-25,95152.80517578125,296.3058090209961,-0.002628633752465248,0.00037800967686507647,-1.762917439142863,0.6826876799265543,0.31382115681966144
2010-11-26,95044.7138671875,295.82033093770343,-0.0027180127799510956,2.1399318939074874e-06,-1.2187260786692302,0.652433713277181,0.30754343668619794
2010-11-27,95051.69791666667,295.2166684468587,-0.0026038233190774918,8.642673492431641e-07,-1.8998775482177734,0.8977550665537516,0.3015435536702474
2010-11-28,95151.17578125,294.922207514445,-0.0028592459857463837,4.351138045421976e-07,-2.3106892903645835,0.652828574180603,0.2950814565022786
2010-11-29,95184.3115234375,295.3551476796468,-0.002833443693816662,3.412365970234532e-06,-1.7452277739842732,0.034641663233439125,0.2887522379557292
2010-11-30,95045.61539713542,296.2543589274089,-0.002853427082300186,2.5957822344935266e-06,-1.5500125487645466,0.3050949176152547,0.2824929555257161
2010-12-01,95066.47802734375,295.6834767659505,-0.002499757334589958,5.185008046737494e-05,-1.8174254894256592,0.9323991139729818,0.2775624593098958
2010-12-02,95094.90413411458,295.80414390563965,-0.0024314578622579575,0.00017156300850729167,-2.189023733139038,0.8736668030420939,0.2739524841308594
2010-12-03,95094.53759765625,295.4888000488281,-0.002496184781193733,0.0002003103494594427,-2.102804183959961,0.1562169392903646,0.27045758565266925
2010-12-04,94939.17138671875,294.72140312194824,-0.0023971963673830032,0.0001959234475066296,-1.9676641623179119,-0.6683769226074219,0.2673803965250651
2010-12-05,94800.47819010417,294.6939074198405,-0.0031300578266382217,2.5860198320515337e-06,-1.9599475860595703,-2.285153071085612,0.2612800598144531
2010-12-06,94801.482421875,293.17349942525226,-0.0027881404384970665,0.0030069828032424084,-1.5415846506754558,-2.9458014965057373,0.26949310302734375
2010-12-07,94652.8212890625,292.52691586812335,-0.0020499899983406067,0.013213211297966154,-0.5161361694335938,-3.746572732925415,0.3490130106608073
2010-12-08,94605.63134765625,294.3842779795329,-0.0012127505615353584,0.0007276668229856398,0.9190553029378256,-2.6467908223470054,0.3611570994059245
2010-12-09,94723.58675130208,294.8668975830078,-0.0022355644032359123,1.0597862967642868e-05,0.4402262369791667,-1.7075529893239338,0.33231671651204425
2010-12-10,94791.732421875,294.9985542297363,-0.0017902180552482605,0.0006688383902542228,1.0082530975341797,0.03255931536356608,0.3214009602864583
2010-12-11,94721.32275390625,295.3173027038574,-0.002186134457588196,0.0005016826777932692,1.0994796752929688,0.5161813100179037,0.31767908732096356
2010-12-12,94700.95572916667,294.52142397562665,-0.0031458958983421326,1.716613667213096e-06,1.9767769972483318,0.0755297342936198,0.30583445231119794
2010-12-13,94932.64583333333,294.48536173502606,-0.0026587657630443573,4.351138045421976e-07,-0.25055654843648273,-0.04633903503417969,0.2955099741617839
2010-12-14,95076.24641927083,294.5917714436849,-0.002718590199947357,4.351138045421976e-07,-1.0042616526285808,-1.0036633809407551,0.28702036539713544
2010-12-15,95150.38606770833,293.2945868174235,-0.0031995009630918503,2.148947487512487e-06,-1.7519664764404297,-1.5850982666015625,0.2775580088297526
2010-12-16,95178.61930338542,291.77935282389325,-0.0031517762690782547,4.3674500105339575e-07,-1.5186144510904949,-1.5170243581136067,0.26848793029785156
2010-12-17,95198.13427734375,291.2391185760498,-0.0030418485403060913,0.0,-1.5314464569091797,-1.1511274973551433,0.2605323791503906
2010-12-18,95239.07421875,290.6048501332601,-0.003026152029633522,0.0,-1.7509022156397502,-1.4565560817718506,0.2533448537190755
2010-12-19,95396.83154296875,290.6037178039551,-0.003104887902736664,4.351138045421976e-07,-2.347149888674418,-1.8614280223846436,0.24583943684895834
2010-12-20,95453.73030598958,290.4581928253174,-0.0030024023726582527,0.0,-1.6533470153808594,-1.8468185663223267,0.23856163024902344
2010-12-21,95245.95426432292,290.9558162689209,-0.0028484398499131203,0.0,-1.0597811937332153,-1.2286986509958904,0.23212750752766928
2010-12-22,94994.66292317708,291.1306959788005,-0.002792002633213997,8.676298079990374e-07,-0.7887999216715494,0.5064379374186198,0.2263514200846354
2010-12-23,95042.71451822917,291.3093732198079,-0.0026227207854390144,8.48594936542213e-07,-1.3403943379720051,1.582455317179362,0.22067642211914062
2010-12-24,95106.35042317708,291.297705968221,-0.0025759469717741013,8.52346317969932e-07,-1.5523300170898438,1.3848902384440105,0.21551068623860678
2010-12-25,95099.46126302083,291.93249193827313,-0.002569768577814102,0.0,-1.4868100484212239,1.1168409983317058,0.2104663848876953
2010-12-26,95155.65983072917,292.0621693929036,-0.002461991272866726,8.583068051848386e-07,-1.9659945170084636,1.2480176289876301,0.2055492401123047
2010-12-27,95175.96598307292,291.7696533203125,-0.002233310602605343,0.0,-2.181790033976237,1.229238510131836,0.20137341817220053
2010-12-28,95216.185546875,291.9873129526774,-0.0021288376301527023,1.2934207802572928e-06,-2.2426430384318032,1.3238976796468098,0.1976909637451172
2010-12-29,95217.13932291667,292.9262415568034,-0.0018706899136304855,3.4391879353279364e-06,-2.199651082356771,1.6287886301676433,0.19471232096354166
2010-12-30,95109.92838541667,293.3064161936442,-0.0022992603480815887,1.7225742112714215e-06,-2.025829633076986,1.82833464940389,0.19103686014811197
2011-01-01,94924.61279296875,294.3943697611491,-0.0016284696757793427,0.00010602474202414669,-1.6959545214970906,-0.35786481698354083,0.1847508748372396
2011-01-02,95042.34700520833,294.5156307220459,-0.0020331814885139465,2.9617547909310815e-05,-2.27015753587087,-0.9964205423990885,0.1822687784830729
2011-01-03,95145.6533203125,294.82021204630536,-0.0018105339258909225,9.60230818236596e-06,-2.756917675336202,0.6086994806925455,0.17950566609700522
2011-01-04,95174.67203776042,294.2905216217041,-0.0017506349831819534,0.00014313459395864925,-2.012690862019857,-0.4221026102701823,0.177825927734375
2011-01-05,95114.85498046875,293.2169195810954,-0.0025170492008328438,4.261732051702438e-07,-1.4447758595148723,-1.683398922284444,0.17433929443359375
2011-01-06,95194.14876302083,291.1145725250244,-0.0027175173163414,8.583068833445395e-07,-1.5504446427027385,-1.6385428110758464,0.16968472798665366
2011-01-07,95110.333984375,291.67531394958496,-0.002451583743095398,2.14667198861207e-06,-1.6043993631998699,-0.7361071507136027,0.1656341552734375
2011-01-08,94979.56494140625,292.1802838643392,-0.0023323940113186836,4.261732051702438e-07,-1.3468907674153645,-0.645555297533671,0.16228167215983072
2011-01-09,95031.05305989583,292.1159954071045,-0.0024486202746629715,8.52346317969932e-07,-1.1992730696996052,-1.2221180200576782,0.15904108683268228
2011-01-10,95124.34098307292,291.57694180806476,-0.0024573002010583878,2.1471670379469288e-06,-1.3401851654052734,-1.7321993509928386,0.1558081309000651
2011-01-11,95111.56640625,291.3807900746663,-0.002425041049718857,8.531106345799344e-07,-1.0912318229675293,-1.6578928629557292,0.15297063191731772
2011-01-12,95071.46647135417,292.801264444987,-0.002363812178373337,8.524980330548715e-07,-1.2966772715250652,-0.5236104329427084,0.1503270467122396
2011-01-13,95138.89208984375,294.3512484232585,-0.0023421812802553177,8.553266184208042e-07,-1.4978779951731365,0.4261757532755534,0.1478602091471354
2011-01-14,95183.50162760417,294.395325978597,-0.0022183507680892944,1.3005143273403519e-06,-1.6919447580973308,1.3821539878845215,0.14561780293782553
2011-01-15,95285.96272786458,293.89554023742676,-0.002198372036218643,2.140881179002463e-06,-1.6640357971191406,2.2096219857533774,0.14362653096516928
2011-01-16,95133.22884114583,294.90859603881836,-0.0022732242941856384,3.0040721412660787e-06,-0.2767016092936198,0.21586175759633383,0.14159329732259116
2011-01-17,95128.93098958333,295.07939592997235,-0.002183571457862854,1.2755395459862484e-06,-0.7191613515218099,-0.41269755363464355,0.13965415954589844
2011-01-18,95093.328125,295.4256649017334,-0.0022793766111135483,4.261732051702438e-07,-0.8132616678873698,0.43592341740926105,0.1378173828125
2011-01-19,95027.24300130208,296.37366676330566,-0.0022976212203502655,2.1422168288154353e-06,-0.17705217997233072,0.3133400281270345,0.1359380086263021
2011-01-20,95185.36832682292,296.04828961690265,-0.002318013459444046,4.3318573261785787e-07,-0.2908592224121094,-1.866622527440389,0.1342748006184896
2011-01-21,95261.37060546875,294.73225529988605,-0.0022557824850082397,1.7150093860607285e-06,-1.7539068857828777,-1.3598279158274333,0.13269170125325522
2011-01-22,95364.98860677083,294.6793155670166,-0.0021831635385751724,2.1508110528145608e-06,-1.7853342692057292,-0.21307853857676187,0.1314996083577474
2011-01-23,95434.50406901042,294.3894322713216,-0.001835441216826439,4.351138613856165e-07,-2.24198849995931,1.0540186564127605,0.13060696919759116
2011-01-24,95410.06982421875,294.64794540405273,-0.0018728971481323242,0.0,-1.9327871799468994,1.274419943491618,0.12984466552734375
2011-01-25,95389.53190104167,294.7486565907796,-0.0018680524080991745,1.2904404798064206e-06,-1.9002128044764202,1.433431347211202,0.12915420532226562
2011-01-26,95474.17903645833,294.7116171518962,-0.002021869644522667,4.351138045421976e-07,-2.212776263554891,1.4634461402893066,0.12844212849934897
2011-01-27,95442.77001953125,295.46500333150226,-0.0020259004086256027,1.293420723413874e-06,-1.8645013173421223,1.5464978615442913,0.12770970662434897
2011-01-28,95324.81559244792,295.9317824045817,-0.002014126628637314,8.52346317969932e-07,-1.8551165262858074,2.1908936500549316,0.1270008087158203
2011-01-29,95221.00830078125,296.3144187927246,-0.0020785201340913773,1.2943344813720614e-06,-1.872458775838216,2.3408774932225547,0.12632179260253906
2011-01-30,95305.09000651042,295.6314353942871,-0.0019151568412780762,4.351138045421976e-07,-1.9949119488398235,1.6233940919240315,0.12572415669759116
2011-01-31,95350.06722005208,295.75366592407227,-0.001847853884100914,4.351138045421976e-07,-1.9117623170216878,1.320363998413086,0.12524731953938803
2011-02-01,95336.98811848958,296.48551813761395,-0.001889823004603386,0.0,-1.860940933227539,0.2841758728027344,0.1247698465983073
2011-02-02,95340.74365234375,295.7318871815999,-0.0018793735653162003,8.523869041709986e-07,-2.014951308568319,0.027079264322916668,0.12428029378255208
2011-02-03,95336.12451171875,295.480073928833,-0.001782754436135292,4.397979864734225e-07,-1.9098625183105469,0.40397198994954425,0.12389119466145833
2011-02-04,95262.61637369792,296.2832832336426,-0.0018573170527815819,2.1340592866181396e-06,-1.061850865681966,-0.5438505808512369,0.1235186258951823
2011-02-05,95156.31575520833,295.9756387074788,-0.001922091469168663,8.583068797918258e-07,-1.7015098730723064,0.4345852533976237,0.12312698364257812
2011-02-06,95164.08854166667,295.70315488179523,-0.0017916485667228699,0.0,-1.7590239842732747,1.3625344038009644,0.12277539571126302
2011-02-07,95061.44026692708,296.37699063618976,-0.001987461932003498,1.7225742112714215e-06,-1.3886553446451824,1.2554980913798015,0.12236849466959636
2011-02-08,94833.04036458333,296.61170705159503,-0.002039888873696327,1.7106526684074197e-06,-1.350982666015625,1.4014008442560832,0.12194760640462239
2011-02-09,94834.54654947917,297.0333245595296,-0.0020797252655029297,1.7106532936850272e-06,-1.4732856750488281,1.7390362819035847,0.12152798970540364
2011-02-10,95071.21419270833,297.20886421203613,-0.0020146118476986885,1.7126909597209306e-06,-1.6470146179199219,1.6306241750717163,0.1211700439453125
2011-02-11,95168.93684895833,296.8049322764079,-0.001936362124979496,3.4391878216410987e-06,-1.7224744160970051,1.6580789883931477,0.12087440490722656
2011-02-12,95097.849609375,296.9398930867513,-0.0018981872126460075,2.5547496989020146e-06,-1.1021010080973308,1.3064261277516682,0.12062517801920573
2011-02-13,94978.21207682292,297.3518816630046,-0.001939946785569191,2.326942194486037e-08,-1.188245137532552,1.590505838394165,0.12036577860514323
2011-02-14,94903.13590494792,297.5790322621663,-0.002076912671327591,0.0,-1.4589068094889324,2.3827809492746987,0.12010383605957031
2011-02-15,94943.865234375,296.57875951131183,-0.0020199939608573914,4.351138045421976e-07,-1.6672039031982422,2.4082096417744956,0.11986986796061198
2011-02-16,94981.44254557292,297.32264200846356,-0.0015042610466480255,1.284924337596749e-06,1.6076234181722004,1.3298452297846477,0.11976305643717448
2011-02-17,94975.33544921875,298.21571922302246,-0.0014322511851787567,1.6987323760986328e-06,0.04500643412272135,1.1154720385869343,0.1196734110514323
2011-02-18,94926.94970703125,298.63900502522785,-0.0013714786618947983,1.2725591318485385e-06,-1.1044419606526692,1.8247311909993489,0.11958567301432292
2011-02-19,95054.06461588542,298.49240493774414,-0.0014512073248624802,0.0003185868263244629,-1.0031293233235676,2.663595199584961,0.12087376912434895
2011-02-20,95110.65559895833,297.07950592041016,-0.0012695826590061188,0.0010676076559548164,-1.4110081990559895,2.6892398595809937,0.1257781982421875
2011-02-21,95222.61067708333,295.51660855611163,-0.0013828631490468979,0.00206582248210907,-1.4742865959803264,-1.4155739545822144,0.14880688985188803
2011-02-22,95252.41845703125,296.1929302215576,-0.001476570963859558,8.004605759381889e-05,-2.407632033030192,0.6519747972488403,0.1468512217203776
2011-02-23,95307.88492838542,296.480671564738,-0.0015545487403869629,0.0008188217877318493,-2.009054183959961,1.4845689137776692,0.1466089884440104
2011-02-24,95120.04459635417,297.3431746164958,-0.0016856761649250984,8.131563663482666e-05,-1.000327746073405,1.352481206258138,0.1442413330078125
2011-02-25,94936.31575520833,297.53013038635254,-0.0015894100069999695,0.0007336922856211459,-0.7414306799570719,1.1506309509277344,0.14245096842447916
2011-02-26,95074.91487630208,296.9341475168864,-0.0017855623736977577,0.0012573097131394206,-1.8274037043253581,0.4379590352376302,0.14853032430013022
2011-02-27,95265.23160807292,297.091947555542,-0.0017088940367102623,0.000496208667755127,-2.1256815592447915,0.5659478505452474,0.14930216471354166
2011-02-28,95265.37662760417,297.9130802154541,-0.0019029974937438965,0.00012721419324179806,-2.350704828898112,1.5710095564524333,0.14636739095052084
2011-03-01,95188.64290364583,297.78172238667804,-0.0018223477527499199,1.2803027971131087e-06,-1.9477291107177734,1.6328798929850261,0.1416041056315104
2011-03-02,95118.12679036458,298.6354211171468,-0.001844736747443676,1.288683449729433e-06,-1.6334031422932942,1.048811674118042,0.13727633158365884
2011-03-03,95102.69010416667,299.3254686991374,-0.0020180614665150642,1.2755393754559918e-06,-1.6792195638020833,1.5386658906936646,0.13346099853515625
2011-03-04,95017.69270833333,299.86976114908856,-0.002189403399825096,1.2904405366498395e-06,-1.7139167785644531,1.7952689329783122,0.1300067901611328
2011-03-05,95084.20914713542,300.4872563680013,-0.0021438468247652054,1.7216614764947735e-06,-2.023810068766276,1.7695626815160115,0.1272869110107422
2011-03-06,95243.384765625,300.90060234069824,-0.002215299755334854,4.410743663640915e-07,-1.8644075791041057,1.2979812622070312,0.12505213419596353
2011-03-07,95242.83723958333,302.19079335530597,-0.00208328478038311,4.351138045421976e-07,-1.094380537668864,-0.283725102742513,0.12328275044759114
2011-03-08,95049.03059895833,302.10374450683594,-0.0020469557493925095,2.1398063836386427e-06,-0.4028148651123047,-0.2964331309000651,0.12195396423339844
2011-03-09,94967.11539713542,302.67053413391113,-0.0018277131021022797,1.7225742112714215e-06,0.17090861002604166,1.7297744750976562,0.12096405029296875
2011-03-10,94981.62516276042,301.7556902567546,-0.0019958913326263428,0.0,-0.9928499857584635,2.3487879435221353,0.12022463480631511
2011-03-11,94955.50374348958,300.63236300150555,-0.001966356299817562,4.351138045421976e-07,-1.1699225107828777,1.2896893819173176,0.11963717142740886
2011-03-12,95010.51578776042,300.0223903656006,-0.0017636828124523163,8.70227722771233e-07,-1.8901519775390625,0.868245522181193,0.11923853556315105
2011-03-13,95021.54850260417,300.59150822957355,-0.001779935322701931,1.286133908706688e-06,-1.611393928527832,0.7194777329762777,0.11896959940592448
2011-03-14,94939.48746744792,300.4610824584961,-0.00172498170286417,0.0,-1.0934923092524211,0.4175879160563151,0.1187451680501302
2011-03-15,94894.37548828125,300.445769627889,-0.0018054330721497536,1.7293677387897333e-06,-1.0692685445149739,0.32135963439941406,0.11857159932454427
2011-03-16,94841.79866536458,300.02928670247394,-0.001885117031633854,0.0,-1.3928648630777996,0.005196889241536458,0.1184539794921875
2011-03-17,94954.94498697917,299.9016749064128,-0.0017602303996682167,4.4120743325493095e-07,-2.070875803629557,1.7147706349690754,0.11836560567220052
2011-03-18,94831.79361979167,300.91280873616535,-0.001904824748635292,4.351138045421976e-07,-0.9230963389078776,1.4356975555419922,0.11827532450358073
2011-03-19,94728.21337890625,301.78233591715497,-0.001956314779818058,4.351138045421976e-07,-0.46126683553059894,1.941257079442342,0.11818885803222656
2011-03-20,94741.67171223958,301.7798391977946,-0.0018312791362404823,8.541842362319585e-07,-0.24027252197265625,1.8109792073567708,0.11812655131022136
2011-03-21,94831.20849609375,301.91621081034344,-0.0018322477117180824,0.0,0.0069179534912109375,1.1616287231445312,0.11807632446289062
2011-03-22,94854.25569661458,302.53097407023114,-0.0015999292954802513,0.0,-0.7997843424479166,1.5208861827850342,0.11804517110188802
2011-03-23,94857.72216796875,302.4279441833496,-0.0015522856265306473,0.0,-1.1983095804850261,2.180584669113159,0.1180267333984375
2011-03-24,94896.84228515625,301.56954256693524,-0.0015608761459589005,9.45031632682003e-06,-1.3866418202718098,2.128713607788086,0.11802864074707031
2011-03-25,94985.81510416667,300.5613212585449,-0.0015061497688293457,0.00016183718310003314,-2.4285608927408853,1.2173280715942383,0.11877759297688802
2011-03-26,95048.00455729167,300.29282569885254,-0.001262020319700241,3.606975078085384e-05,-0.9855435689290365,0.24213171005249023,0.11927541097005208
2011-03-27,94965.27197265625,301.3934853871663,-0.0016896650195121765,1.2920165772811742e-06,-1.0972474416097004,-0.14237070083618164,0.11894734700520833
2011-03-28,94908.08626302083,302.0104503631592,-0.0018684137612581253,1.2934207802572928e-06,-0.5994014739990234,0.8932190338770548,0.11863199869791667
2011-03-29,94963.90445963542,302.47639147440594,-0.0017648357897996902,4.410743663640915e-07,-0.18062718709309897,1.2716753880182903,0.11840120951334636
2011-03-30,94964.7275390625,302.6532777150472,-0.0017135310918092728,8.52346317969932e-07,0.5694319407145182,-0.2807305653889974,0.11824798583984375
2011-03-31,94929.31477864583,301.73239008585614,-0.0017982451245188713,8.583068797918258e-07,-0.04833030700683594,-0.45265428225199383,0.11813545227050781
2011-04-01,94874.54280598958,302.1884015401204,-0.0018431665375828743,0.0,0.15082995096842447,-0.3349615732828776,0.11805661519368489
2011-04-02,94843.44612630208,302.5445416768392,-0.0017121322453022003,1.714241363970359e-06,0.3262621561686198,1.0632616678873699,0.11799939473470052
2011-04-03,94796.39143880208,302.67134221394855,-0.0017714891582727432,-4.017522314825328e-09,0.8727423350016276,1.771977384885152,0.11797014872233073
2011-04-04,94783.83382161458,302.2222480773926,-0.0017267847433686256,3.4286112509107625e-06,1.0437900225321453,0.0925458272298177,0.11793772379557292
2011-04-05,94899.99820963542,302.2946885426839,-0.0017038974910974503,1.1578851683680114e-05,-0.9290253321329752,1.0198371807734172,0.11793009440104167
2011-04-06,95032.67008463542,300.5962314605713,-0.0012470865622162819,0.0019017656986939357,-2.4716949462890625,1.8237884044647217,0.12970097859700522
2011-04-07,95065.14908854167,301.28643798828125,-0.001585293561220169,2.375245060193265e-06,-1.9329032897949219,1.870985746383667,0.13710467020670572
2011-04-08,95078.24772135417,301.6174767812093,-0.0013881679624319077,5.120038986206055e-05,-0.9513893127441406,1.0547167460123699,0.13283411661783853
2011-04-09,95181.02001953125,300.0241419474284,-0.0015830891206860542,0.0028405040502548218,-0.5120099385579427,1.0179595947265625,0.1492023468017578
2011-04-10,95194.19270833333,301.1957772572835,-0.002043849788606167,4.471321102528236e-05,-2.056760787963867,1.523490269978841,0.15676307678222656
2011-04-11,95053.71875,301.83307393391925,-0.0020690495148301125,0.0004220652650701595,-1.6631720066070557,1.0713062286376953,0.14929898579915366
2011-04-12,94974.86246744792,302.6350104014079,-0.0018774168565869331,3.620114682689746e-05,-1.868906021118164,1.2270100911458333,0.1430823008219401
2011-04-13,94928.7919921875,303.05166244506836,-0.0017517795786261559,4.351138045421976e-07,-0.7883453369140625,0.9159367879231771,0.13655535380045572
2011-04-14,94821.96012369792,302.6366488138835,-0.0015506567433476448,0.0001257598400101756,-0.9299290974934896,2.1992345253626504,0.1324742635091146
2011-04-15,94790.33919270833,302.0340010325114,-0.001826997846364975,0.0020837215125766306,0.1870136260986328,1.6138496398925781,0.14187304178873697
2011-04-16,94928.78043619792,302.5648301442464,-0.0018543591722846031,0.00014911539801687468,-0.5265159606933594,1.4592657089233398,0.14562479654947916
2011-04-17,94941.03662109375,302.7301165262858,-0.0019541773945093155,0.0014922814881401791,-0.7306098937988281,1.0089600483576457,0.14803632100423178
2011-04-18,94719.53466796875,303.4617551167806,-0.0020956601947546005,0.00011365115642547607,-0.4841461181640625,0.6990689833958944,0.1470972696940104
2011-04-19,94659.39453125,303.7320022583008,-0.002117329277098179,0.001496630907013241,-0.7362505594889323,2.0081539154052734,0.1473102569580078
2011-04-20,94736.20735677083,302.3422253926595,-0.0019791442900896072,0.0004912495612643397,-0.9444669087727865,1.9655418395996094,0.14870262145996094
2011-04-21,94780.60481770833,301.51202328999835,-0.001773713156580925,0.0034635961055755615,-0.4089527130126953,2.287146250406901,0.16738192240397134
2011-04-22,94824.8310546875,299.7130813598633,-0.001961667090654373,0.003946766257286072,-0.5670591990152994,1.79190993309021,0.1999333699544271
2011-04-23,94746.95263671875,300.2007128397624,-0.0023002121597528458,0.0004090517758754686,-1.0443897247314453,1.2410141626993816,0.20853296915690103
2011-04-24,94722.564453125,301.2616443634033,-0.002351110801100731,1.8739700312409013e-05,-1.3576819101969402,1.0939165751139324,0.18999036153157553
2011-04-25,94703.05712890625,301.82168833414715,-0.00231900904327631,0.0003757864236781927,-1.6705379486083984,1.161302884419759,0.17427762349446616
2011-04-26,94716.63362630208,302.12722396850586,-0.0020061247050762177,8.52346317969932e-07,-1.7695070902506511,1.418574372927348,0.16219393412272134
2011-04-27,94547.99300130208,302.54134368896484,-0.0019135922193527222,8.61995943068905e-07,-0.40062395731608075,1.7802093426386516,0.15122540791829428
2011-04-28,94370.81380208333,304.0916328430176,-0.0020265551283955574,1.2814998058274796e-06,0.13751093546549478,0.48114784558614093,0.14216486612955728
2011-04-29,94462.36116536458,303.95056851704913,-0.0016970084980130196,4.351138045421976e-07,-1.4034442901611328,0.25141624609629315,0.13547960917154947
2011-04-30,94639.47119140625,303.5924936930339,-0.0013715475797653198,7.193386551307412e-05,-1.379486083984375,1.4315896431605022,0.13133875528971353
2011-05-01,94740.71614583333,303.42726643880206,-0.001455727033317089,0.000388377904886994,0.038616180419921875,0.7865965763727824,0.1299413045247396
2011-05-02,94632.00911458333,304.9122854868571,-0.0015572123229503632,0.00012073085548536255,1.9229882558186848,0.6079455216725668,0.1282660166422526
2011-05-03,94536.05745442708,305.84832827250165,-0.0017796121537685394,8.637583910342528e-07,1.3060353597005208,-2.385641654332479,0.1256891886393229
2011-05-04,94627.86653645833,305.80583508809406,-0.001817154698073864,1.281583308809786e-06,1.604357401529948,-2.936802864074707,0.12321853637695312
2011-05-05,94586.83089192708,305.29517873128253,-0.0017647482454776764,3.31698402078473e-09,2.4163004557291665,-2.7021168867746987,0.12149238586425781
2011-05-06,94526.29703776042,306.19880803426105,-0.001549895852804184,2.579196859642252e-06,2.2008628845214844,-1.7646840413411458,0.12031300862630208
2011-05-07,94455.14339192708,305.75453694661456,-0.0014985864982008934,7.644359811820323e-09,2.349588394165039,-1.7605700492858887,0.11951700846354167
2011-05-08,94398.8310546875,305.627779006958,-0.0013311859220266342,1.713556514459924e-06,2.040337880452474,-1.0258489052454631,0.11898295084635417
2011-05-09,94467.40218098958,305.8083127339681,-0.0013010846450924873,9.399729168535487e-05,2.9332809448242188,0.13351058959960938,0.11898040771484375
2011-05-10,94574.88606770833,304.8100783030192,-0.001142839901149273,0.00011755824078818478,1.9617900848388672,-0.0783783992131551,0.11958249409993489
2011-05-11,94586.34798177083,305.069979985555,-0.0011739535257220268,1.3846275010109821e-05,1.4860738118489583,0.5214894612630209,0.11940638224283855
2011-05-12,94564.57552083333,305.94910049438477,-0.0013733254745602608,8.583068797918258e-07,0.7102928956349691,0.2475054661432902,0.11890347798665364
2011-05-13,94570.916015625,306.3119366963704,-0.0013435976579785347,0.0,0.9351641337076823,0.7097969849904379,0.11850802103678386
2011-05-14,94604.63834635417,306.1491114298503,-0.0012986138463020325,2.916455258628048e-05,1.2967180013656616,0.7323124408721924,0.11840184529622395
2011-05-15,94738.24788411458,306.1106770833333,-0.0013000145554542542,8.673113188706338e-05,1.7639264663060505,1.0041383107503254,0.11854934692382812
2011-05-16,94884.89697265625,305.6412436167399,-0.001318373717367649,0.0002570152282714844,-0.6401020288467407,0.6532477935155233,0.11977513631184895
2011-05-17,94848.92171223958,304.595645904541,-0.0013849260285496712,0.0015929728746364447,-0.8077017466227213,1.537171721458435,0.12994956970214844
2011-05-18,94730.24593098958,304.400837580363,-0.001644033007323742,0.0016041994094848633,0.9857393900553385,1.4655507405598958,0.1430988311767578
2011-05-19,94559.3525390625,305.86987431844074,-0.002220991998910904,0.0007893504142089114,2.082615693410238,0.8901081085205078,0.14711952209472656
2011-05-20,94405.91813151042,306.1062291463216,-0.002031083218753338,0.00018680095672607422,2.4135615030924478,1.3616694211959839,0.14202372233072916
2011-05-21,94396.57259114583,305.72448921203613,-0.0018518827855587006,4.351138045421976e-07,4.304986953735352,0.22111348311106363,0.13520685831705728
2011-05-22,94553.66341145833,305.03674125671387,-0.0013898182660341263,0.0,3.1656723022460938,-0.20055671532948813,0.13013458251953125
2011-05-23,94617.7060546875,305.5314254760742,-0.0012159999459981918,5.824863910675049e-05,2.2475058237711587,-0.945647398630778,0.12693468729654947
2011-05-24,94559.11848958333,305.4967568715413,-0.001352701336145401,0.00011746585369110107,1.7027454376220703,-0.46091997623443604,0.12493896484375
2011-05-25,94510.876953125,305.64916801452637,-0.0012334734201431274,8.586645117247826e-05,1.5591583251953125,-0.9621017773946127,0.12364451090494792
2011-05-26,94599.658203125,304.7146460215251,-0.0011021168902516365,7.533729058195604e-05,1.1003284454345703,-0.31323496500651044,0.12251853942871094
2011-05-27,94524.24951171875,304.8778540293376,-0.0013628480955958366,0.0008223652839660645,1.3489564259847004,-0.9498560825983683,0.1233533223470052
2011-05-28,94494.97298177083,303.6905930836995,-0.0010543717071413994,6.823241710662842e-05,2.826035181681315,-0.395153284072876,0.1267706553141276
2011-05-29,94477.33512369792,305.6839179992676,-0.0015614181756973267,0.0008056425095901432,2.4479955037434897,-0.8226301272710165,0.1277306874593099
2011-05-30,94388.9287109375,306.21220270792645,-0.0014081550762057304,4.014372819938217e-05,3.4274164835611978,-0.5800782044728597,0.12853622436523438
2011-05-31,94329.64095052083,305.55916531880695,-0.001394626684486866,0.00048636794089773616,3.870425542195638,-0.3409460385640462,0.12761688232421875
2011-06-01,94375.83528645833,303.9516061147054,-0.0013121534138917923,0.0004880279302597046,2.2863553365071616,0.39768441518147785,0.12909634908040366
2011-06-02,94480.16031901042,302.49036089579266,-0.0013940073549747467,0.0034642815589904785,1.5619926452636719,1.4332767327626545,0.15332603454589844
2011-06-03,94486.74934895833,301.34494908650714,-0.00182430911809206,0.005193927884096894,2.301275889078776,1.5005791982014973,0.20218022664388022
2011-06-04,94447.61458333333,301.69154167175293,-0.002160799689590931,6.296634673574886e-05,3.8890698750813804,1.7628178199132283,0.20824686686197916
2011-06-05,94416.08707682292,301.73724428812665,-0.0018943343311548233,0.00035774707794189453,3.6925061543782554,1.7568766276041667,0.1908588409423828
2011-06-06,94451.8310546875,301.5990333557129,-0.0022269058972597122,0.004108885665516482,3.4094060262044272,1.425763448079427,0.20391527811686197
2011-06-07,94423.27180989583,300.85643641153973,-0.0023428574204444885,0.003653913736343384,3.771486282348633,1.0919990539550781,0.21684137980143228
2011-06-08,94402.68001302083,300.1161657969157,-0.002703966572880745,0.003986346721546852,3.9284865061442056,1.5942999521891277,0.2494990030924479
2011-06-09,94387.67952473958,299.697904586792,-0.0025211144238710403,0.006102218605406051,4.366304397583008,1.5286742846171062,0.26383717854817706
2011-06-10,94354.50455729167,299.5522181193034,-0.0030212756246328354,0.003140091896057129,5.065815607706706,1.2145837148030598,0.2941824595133464
2011-06-11,94391.71468098958,299.6094093322754,-0.0017363298684358597,0.00023683309554911602,5.600089391072591,0.699179212252299,0.2601172129313151
2011-06-12,94475.01041666667,300.8018385569255,-0.002576221711933613,0.00030559301376342773,5.56111212571462,0.051522016525268555,0.23400751749674478
2011-06-13,94519.36051432292,300.85230191548663,-0.00208146870136261,2.7865171432495117e-06,5.936770121256511,-0.20796561241149902,0.2134221394856771
2011-06-14,94450.45458984375,300.93270047505695,-0.0020664623007178307,0.0002910971640517346,5.876877466837565,-0.2784871657689412,0.19713147481282553
2011-06-15,94479.27864583333,299.9103940327962,-0.001842079684138298,0.0007097401726809949,6.712649663289388,-0.2065265973409017,0.1883544921875
2011-06-16,94418.79280598958,299.7295087178548,-0.0017004571855068207,0.0004628002643016771,7.322177886962891,0.3765237331390381,0.18316141764322916
2011-06-17,94282.14501953125,299.23600069681805,-0.001772059127688408,0.0037103414534271906,6.78583284219106,0.2846861282984416,0.19970703125
2011-06-18,94275.17887369792,301.29054069519043,-0.002457091584801674,4.330758770265675e-06,6.812060475349426,-0.6035164594650269,0.20185089111328125
2011-06-19,94216.599609375,301.2058385213216,-0.002004893496632576,0.0002749502658794256,6.638937632242839,-0.34032150109608966,0.18660608927408853
2011-06-20,94320.92513020833,300.8997268676758,-0.0017870375886559486,0.00045883655548095703,6.427843729654948,-0.07648098468780518,0.1773681640625
2011-06-21,94353.47607421875,301.08396593729657,-0.0017279768362641335,0.00021442770957946777,6.37226676940918,-0.11907565593719482,0.16876093546549478
2011-06-22,94267.15592447917,301.1220175425212,-0.0016622105613350868,0.00012494991796074828,5.952659964561462,0.512769897778829,0.16019503275553384
2011-06-23,94241.80126953125,302.29817390441895,-0.0017086360603570938,8.460259476805732e-05,5.339759826660156,-0.05200270811716715,0.15213839213053384
2011-06-24,94262.65641276042,302.7459526062012,-0.0016461405903100967,0.00013620853422935397,5.260796864827474,-0.606086015701294,0.14555931091308594
2011-06-25,94254.04752604167,299.03004773457843,-0.001707855612039566,0.008437854051521754,4.87297248840332,0.17308290799458823,0.1863422393798828
2011-06-26,94254.22786458333,298.31775856018066,-0.0027041956782341003,0.011517183480407311,4.880329132080078,0.3431641658147176,0.28608131408691406
2011-06-27,94247.87939453125,299.65698623657227,-0.002687927335500717,0.0015413514287274666,5.280707041422526,0.6140603621800741,0.30509312947591144
2011-06-28,94260.6015625,300.43474133809406,-0.0024276860058307648,0.00015300810326834835,6.127366940180461,0.42965300877888996,0.2654298146565755
2011-06-29,94399.22574869792,301.49573644002277,-0.002722114324569702,9.299814706764664e-05,5.478559056917827,0.36615943908691406,0.23721822102864584
2011-06-30,94472.60563151042,302.08477147420246,-0.002903169021010399,4.047155300668237e-06,4.512254476547241,0.6751250823338827,0.21216773986816406
2011-07-01,94457.56298828125,301.8532822926839,-0.0025744587182998657,0.0027580892443666016,3.6686503092447915,0.5405078331629435,0.1978327433268229
2011-07-02,94472.5673828125,299.63559850056964,-0.002704845741391182,0.003965068035427066,4.015822728474935,0.48403358459472656,0.22936630249023438
2011-07-03,94500.65266927083,299.5532862345378,-0.002736065536737442,0.004608151287641249,4.03916867574056,-0.09794334570566814,0.26022593180338544
2011-07-04,94532.1533203125,299.9387690226237,-0.0019438322633504868,0.0006239712238311768,3.739901860555013,-0.3079999287923177,0.25616200764973956
2011-07-05,94356.23681640625,297.5292212168376,-0.002825183793902397,0.01958368718624115,2.983709971110026,-1.0716888507207234,0.31537310282389325
2011-07-06,94204.94482421875,296.0631930033366,-0.0025555137544870377,0.01831929683675071,3.5848960876464844,0.45948437849680585,0.3794015248616536
2011-07-07,94388.72526041667,297.7337252298991,-0.0024795029312372208,0.00547344121059723,3.650629679361979,1.229575554529826,0.3583221435546875
2011-07-08,94667.99186197917,299.1733175913493,-0.0028634220361709595,0.0004415010887441895,4.926939010620117,0.8912870486577352,0.338015874226888
2011-07-09,94696.47639973958,299.9668738047282,-0.003493926487863064,0.00020245611659674978,5.014331817626953,0.17236709594726562,0.3081480662027995
2011-07-10,94593.54736328125,300.52142969767254,-0.003912671469151974,0.00021418333056999472,5.2141367594401045,-0.32050323486328125,0.284182866414388
2011-07-11,94401.82454427083,299.9873186747233,-0.003299667499959469,6.552338589926876e-05,5.030059814453125,-1.6068878173828125,0.2648232777913411
2011-07-12,94171.82275390625,298.5504557291667,-0.00286966934800148,0.007915377616882324,4.626994450887044,-1.3829333782196045,0.2787621815999349
2011-07-13,94068.94498697917,295.6875235239665,-0.00273195281624794,0.07591554820527335,5.720556894938151,-0.13101458549499512,0.41378021240234375
2011-07-14,94114.625,297.59201685587567,-0.00302292313426733,0.002182954548516136,5.927914301554362,0.2812029520670573,0.4007879892985026
2011-07-15,94128.671875,298.72296651204425,-0.0032567083835601807,0.0006076395511627197,4.943162282307942,0.9324671427408854,0.3713124593098958
2011-07-16,94079.7080078125,298.5761597951253,-0.00322622898966074,0.003368910701954775,4.974577824274699,1.3879013061523438,0.3661448160807292
2011-07-17,94103.72981770833,298.61964352925617,-0.003087228164076805,0.00511813160997221,5.51796277364095,1.596737543741862,0.3744424184163411
2011-07-18,94225.31624348958,298.98365020751953,-0.0032529225572943687,0.0007776021957397461,6.064164479573567,1.666887919108073,0.3559869130452474
2011-07-19,94251.02718098958,299.5127652486165,-0.0035385172814130783,0.0004464387893676758,6.404762268066406,0.8830722173055013,0.3352654774983724
2011-07-20,94290.16975911458,298.40686798095703,-0.0034492798149585724,0.0030268877304138186,6.043647766113281,0.32413355509440106,0.3284320831298828
2011-07-21,94348.119140625,298.3442637125651,-0.003307744860649109,0.0013790309428713954,5.762658437093099,0.0708085298538208,0.3322855631510417
2011-07-22,94333.96451822917,297.8339373270671,-0.0027487650513648987,0.0011492818593410448,5.684237162272136,0.5775978565216064,0.3205528259277344
2011-07-23,94273.4326171875,297.97585042317706,-0.00335568655282259,0.0015988916156857158,5.024068196614583,0.8010294437408447,0.3141835530598958
2011-07-24,94317.408203125,298.7891089121501,-0.003620772622525692,0.0012612253427164433,3.393987019856771,-0.018689910570780437,0.30449549357096356
2011-07-25,94446.09537760417,298.5836531321208,-0.0029271580278873444,0.005212086439030372,1.6230017344156902,-0.17852083841959634,0.3113829294840495
2011-07-26,94536.85416666667,298.0643672943115,-0.002277519553899765,0.0021276487363479646,1.689178466796875,0.43857701619466144,0.33585357666015625
2011-07-27,94491.3935546875,298.8453489939372,-0.0034112967550754547,0.004544239834672226,3.100757598876953,0.40698687235514325,0.3372987111409505
2011-07-28,94437.54671223958,298.56933212280273,-0.0036869337782263756,0.0062590837478637695,3.8058509826660156,-1.0137914021809895,0.34822336832682294
2011-07-29,94407.67643229167,298.18211364746094,-0.0033099139109253883,0.01059657335281372,3.1287653048833213,-0.9897613525390625,0.37323633829752606
2011-07-30,94321.9462890625,298.28563499450684,-0.003825523890554905,0.008168676495550642,3.637292226155599,-0.4109233220418294,0.38082122802734375
2011-07-31,94318.33723958333,297.8873914082845,-0.0036827698349952698,0.008840578794433895,5.275931040445964,-0.4894888401031494,0.38425318400065106
2011-08-01,94358.30810546875,297.6068630218506,-0.0036329152062535286,0.013547897338867188,5.575446446736653,-0.893821636835734,0.3902269999186198
2011-08-02,94336.65250651042,297.3206208546956,-0.0033614933490753174,0.004949856296832422,4.963900883992513,0.664110024770101,0.4008032480875651
2011-08-03,94310.22037760417,296.76276779174805,-0.0029894132167100906,0.008521932363407814,5.090925216674805,1.5776161750157673,0.39654795328776044
2011-08-04,94384.07796223958,296.85376230875653,-0.0032561365514993668,0.010026738047599792,4.902768452962239,0.7998486359914144,0.411129633585612
2011-08-05,94356.90608723958,298.64966583251953,-0.0036994293332099915,0.0011681318283081055,4.930288950602214,0.3555087248484294,0.3852252960205078
2011-08-06,94333.515625,298.067933400472,-0.0032792240381240845,0.0013411000481937663,5.156319936116536,0.22883319854736328,0.368716557820638
2011-08-07,94258.41162109375,298.616979598999,-0.0036517754197120667,0.0008882820606181951,5.508118947347005,0.2207791010538737,0.3536822001139323
2011-08-08,94268.99300130208,298.95799891153973,-0.0036005377769470215,0.0007994472980499268,5.222420374552409,1.1093575557072957,0.3396759033203125
2011-08-09,94382.00537109375,299.19790840148926,-0.003775583580136299,0.000470532088058917,4.959769566853841,1.492210865020752,0.32513173421223956
2011-08-10,94494.84830729167,299.0902786254883,-0.003508402034640312,0.000457334518404906,4.716553370157878,1.1246523062388103,0.3121630350748698
2011-08-11,94438.99186197917,299.29741859436035,-0.003663911484181881,0.00022865235805014095,5.115847269694011,0.30408990383148193,0.2990163167317708
2011-08-12,94244.69645182292,298.4946740468343,-0.003010728396475315,0.001073035597702443,5.106712341308594,0.15257608890533447,0.29173914591471356
2011-08-13,94282.21891276042,298.6628131866455,-0.003456687554717064,0.0007720011921605874,4.551404317220052,0.6474042733510336,0.2865651448567708
2011-08-14,94606.1748046875,299.1280148824056,-0.00344681553542614,0.0007519453763507045,3.903113047281901,0.9342538913091024,0.2784080505371094
2011-08-15,94669.93424479167,299.4434928894043,-0.0035888543352484703,0.00028418004512786865,3.1343394915262857,0.793072779973348,0.2686303456624349
2011-08-16,94593.38981119792,299.1274668375651,-0.00336507149040699,0.002920277203998012,2.870229721069336,0.35198601086934406,0.2649695078531901
2011-08-17,94528.26806640625,298.4660135904948,-0.0032033193856477737,0.0058679282665252686,2.740626017252604,-0.15406409899393717,0.29696019490559894
2011-08-18,94510.40641276042,297.51418113708496,-0.0023045148700475693,0.018858253955727378,2.1598167419433594,-0.18593319257100424,0.37531789143880206
2011-08-19,94451.19775390625,296.6578839619954,-0.0025421492755413055,0.01957736313342906,2.329646428426107,0.10141849517822266,0.4085032145182292
2011-08-20,94477.54768880208,297.0465488433838,-0.002313641831278801,0.007385700941085815,0.9402949015299479,-0.24690818786621094,0.4073645273844401
2011-08-21,94486.001953125,296.99971771240234,-0.002777544781565666,0.012956770733353551,0.48535792032877606,0.2773316701253255,0.40899085998535156
2011-08-22,94602.46158854167,296.59675153096515,-0.001869048923254013,0.006968546256530317,1.7380205790201824,0.23308658599853516,0.4085273742675781
2011-08-23,94585.7529296875,298.3678792317708,-0.0036346986889839172,0.012001101100338474,1.6880683898925781,0.39324835936228436,0.4043420155843099
2011-08-24,94491.28255208333,297.18879318237305,-0.002508265897631645,0.009959200024638903,2.5782686869303384,0.33559830983479816,0.41760698954264325
2011-08-25,94551.66243489583,296.5618241628011,-0.0029929708689451218,0.01002571119016693,3.900925954182943,-0.5424715677897135,0.41880353291829425
2011-08-26,94521.05436197917,296.41862805684406,-0.003332085907459259,0.008388014500383179,5.3710174560546875,-0.8357467254002889,0.40871238708496094
2011-08-27,94399.53369140625,295.8267428080241,-0.003116786479949951,0.01409571170796653,5.845434824625651,0.33951695760091144,0.4174264272054036
2011-08-28,94289.392578125,296.39623641967773,-0.002974309027194977,0.0078089323033054825,6.0516103108723955,0.8086072206497192,0.41405995686848956
2011-08-29,94291.06396484375,297.0832684834798,-0.0032905619591474533,0.006060706165214924,5.546166737874349,1.0388538440068562,0.4078146616617839
2011-08-30,94276.36800130208,297.2473939259847,-0.003386998549103737,0.011901351809473937,5.297229131062825,0.5150942007700602,0.41090647379557294
2011-08-31,94179.52294921875,296.93122482299805,-0.002894161269068718,0.011750067276082632,3.993649164835612,0.8331360022226969,0.4217077891031901
2011-09-01,94135.08805338542,297.2723846435547,-0.0031218938529491425,0.00851947963237265,4.723958333333333,1.5293947855631511,0.41398048400878906
2011-09-02,94241.03125,297.9540818532308,-0.003319992683827877,0.0015835762023925781,5.126197814941406,2.5304641723632812,0.39886029561360675
2011-09-03,94331.2294921875,298.30284372965497,-0.0033643394708633423,0.0005212553578530787,4.76498540242513,2.5964741309483848,0.3833872477213542
2011-09-04,94485.90283203125,298.30430030822754,-0.003714820370078087,0.0013646806494875818,4.3330427805582685,1.7968792915344238,0.3735949198404948
2011-09-05,94551.4267578125,298.63563283284503,-0.00396212562918663,0.0003300338982512585,4.7110239664713545,0.7639646530151367,0.36269060770670575
2011-09-06,94540.54313151042,298.38165791829425,-0.0040546925738453865,0.0010914087294509045,5.454094568888347,0.9504197438557943,0.3516101837158203
2011-09-07,94516.82275390625,297.18821907043457,-0.0035632289946079254,0.005052366852755341,4.931412696838379,0.87396240234375,0.3697439829508464
2011-09-08,94531.54361979167,297.9526487986247,-0.0035676099359989166,0.0004342496395111084,4.2989145914713545,0.3356189727783203,0.35833168029785156
2011-09-09,94654.65706380208,298.28372446695965,-0.0036870213225483894,8.51333140872157e-05,3.887986501057943,-0.16928581396738687,0.3423512776692708
2011-09-10,94623.01188151042,298.58151117960614,-0.004287293180823326,0.00011392190879178088,3.730928421020508,0.13928325970967612,0.3284403483072917
2011-09-11,94488.55240885417,298.7871685028076,-0.004352208226919174,0.0003211949281194393,3.412135442097982,0.28638490041097003,0.31673113505045575
2011-09-12,94472.33186848958,298.8726863861084,-0.004230285994708538,0.00025847554206848145,2.9456055959065757,0.14813709259033203,0.3062877655029297
2011-09-13,94472.55208333333,298.4288724263509,-0.003569232299923897,0.005518317222595215,2.4750372568766275,-0.7283158699671427,0.31579017639160156
2011-09-14,94429.41080729167,297.748992284139,-0.002585182897746563,0.0032481431960604823,2.6103153228759766,-0.089149276415507,0.35323842366536456
2011-09-15,94428.21370442708,298.61692873636883,-0.0032645929604768753,0.0024424821137358776,1.903805096944173,0.4903401533762614,0.3446343739827474
2011-09-16,94555.31038411458,297.83581924438477,-0.0029656440019607544,0.005257612466778028,3.744835535685221,-0.11391774813334148,0.36325836181640625
2011-09-17,94655.4560546875,298.3241907755534,-0.003448137082159519,0.0002641320228526922,4.232798457145691,-0.2075441281000773,0.3475106557210286
2011-09-18,94756.47770182292,298.32679494222003,-0.003097039647400379,4.2724609272681846e-05,3.8120160897572837,-0.05666025479634603,0.32828648885091144
2011-09-19,94861.77164713542,298.48418680826825,-0.0036895498633384705,0.0006707238924263947,3.0003153483072915,-1.1209766070048015,0.31716028849283856
2011-09-20,94841.77555338542,298.7843189239502,-0.004279317334294319,0.00018587708461836883,3.457479476928711,-1.4262354771296184,0.30505625406901044
2011-09-21,94746.93001302083,298.01850573221844,-0.0037043243646621704,0.0015085548162119267,3.624584197998047,-1.1945501963297527,0.30089759826660156
2011-09-22,94681.38444010417,297.7660274505615,-0.003307192586362362,0.00039599835872650146,3.3598454793294272,-1.236315409342448,0.2955525716145833
2011-09-23,94660.7236328125,298.27830568949383,-0.0041182925924658775,0.0002504289150238037,3.198406219482422,-1.2649742364883423,0.2841256459554036
2011-09-24,94796.97835286458,298.2830397288005,-0.003860429860651493,0.000687825679733578,2.895726521809896,-0.9321956634521484,0.27550633748372394
2011-09-25,94939.15690104167,298.32640584309894,-0.0036183875054121017,0.00020814537992919213,2.137221654256185,-1.2529894510904949,0.26752154032389325
2011-09-26,94966.48079427083,298.68349583943683,-0.004057879559695721,0.00035614371290648705,1.8834946950276692,-1.763925552368164,0.2579174041748047
2011-09-27,94866.32779947917,298.58020718892413,-0.0038278009742498398,0.0005165815352938807,1.7714824676513672,-1.821316401163737,0.25063323974609375
2011-09-28,94851.32307942708,298.6322650909424,-0.0036122528836131096,0.0010557174682048753,1.1807149251302083,-1.8344755967458088,0.2476952870686849
2011-09-29,94871.79524739583,298.4253158569336,-0.0028132405132055283,0.0001247895035021429,0.9474849700927734,-1.7979310353597004,0.24406814575195312
2011-09-30,94900.60237630208,298.81356684366864,-0.004414733499288559,1.949071815943171e-06,0.3258673350016276,-2.084395090738932,0.2324848175048828
2011-10-01,94857.46940104167,299.2052110036214,-0.003924531862139702,8.898973419491085e-06,0.08893013000488281,-1.8038997650146484,0.22104835510253906
2011-10-02,94878.74283854167,299.5261707305908,-0.003742109052836895,0.00013440847391166244,1.4685103098551433,-1.1395428975423176,0.2121760050455729
2011-10-03,94851.97786458333,298.6757418314616,-0.003413424827158451,0.003618597984313965,1.0136807759602864,-0.7936369578043619,0.21532758076985678
2011-10-04,94866.77506510417,296.9293950398763,-0.0026441579684615135,0.00510161519050456,0.63232421875,-1.1145184834798176,0.27541351318359375
2011-10-05,95011.97249348958,298.16156005859375,-0.0035751964896917343,0.0007218487518230177,-0.657318115234375,-1.3655560811360676,0.27813720703125
2011-10-06,95082.58870442708,298.56408246358234,-0.004007346928119659,6.556510925292969e-07,0.09835656483968098,-1.5381120045979817,0.2583382924397786
2011-10-07,95027.8603515625,298.48118527730304,-0.003519199788570404,0.0006402846460673572,0.6120408376057943,-1.4173129796981812,0.24478276570638022
2011-10-08,95002.05973307292,298.6807867685954,-0.003173520788550377,0.0007370781345912292,0.31421534220377606,-1.6469549338022869,0.2374852498372396
2011-10-09,94996.21516927083,299.3145275115967,-0.0034242840483784676,0.0006432533264160156,-0.7202951510747274,-1.4122606913248699,0.22902997334798178
2011-10-10,95050.31510416667,298.6431261698405,-0.0032096337527036667,0.005051481723683082,-1.1787303288777669,-0.6118090947469076,0.2327601114908854
2011-10-11,95100.75,297.9125340779622,-0.0029389504343271255,0.007786037262007994,-0.7600377400716146,-0.6411890586217245,0.2942949930826823
2011-10-12,95026.90055338542,297.0299701690674,-0.0021055657416582108,0.006858473474608218,-0.8134384155273438,-0.1888278325398763,0.34619776407877606
2011-10-13,94926.77311197917,298.2240842183431,-0.0033247899264097214,0.0010790031080887275,-1.4201571146647136,0.1586604118347168,0.33097076416015625
2011-10-14,94887.94694010417,299.30139350891113,-0.0036808475852012634,0.0008155643939957713,-1.1851158142089844,0.2999757130940755,0.3013648986816406
2011-10-15,94863.13362630208,299.2010663350423,-0.0032850801944732666,0.0013567610096174576,-0.2104625701904297,0.03414789835611979,0.2900829315185547
2011-10-16,94848.90511067708,299.38790067036945,-0.004255378618836403,2.143248792663144e-05,-1.1611289978027344,-0.8271516164143881,0.2736937204996745
2011-10-17,94911.91422526042,299.1433455149333,-0.003800411708652973,9.863636591944669e-06,-1.2785059611002605,-0.6482207377751669,0.25488535563151044
2011-10-18,94935.7919921875,298.7206853230794,-0.0035557588562369347,0.00010440442787285065,-0.3190021514892578,-1.866025686264038,0.24042828877766928
2011-10-19,94817.89501953125,299.2825787862142,-0.003559165634214878,8.52346317969932e-07,-0.3841368357340495,-1.417850176493327,0.22733179728190103
2011-10-20,94847.89713541667,299.6985619862874,-0.003864023834466934,3.1108673226754036e-05,-0.041127522786458336,-1.1512387593587239,0.21471595764160156
2011-10-21,94875.46451822917,299.05368423461914,-0.003913606517016888,8.660727530696022e-07,-1.0610733032226562,-1.7807432810465496,0.20267677307128906
2011-10-22,94952.17805989583,298.89021555582684,-0.0039321044459939,8.583068797918258e-07,-1.9615713755289714,-0.7883637746175131,0.19130961100260416
2011-10-23,95057.435546875,299.4036064147949,-0.0037215258926153183,8.642672923997452e-07,-1.9115613301595051,-1.1221904754638672,0.18160247802734375
2011-10-24,95039.57796223958,299.15283203125,-0.003367764875292778,2.938508885108604e-06,-2.0891431172688804,-0.9474831819534302,0.1734619140625
2011-10-25,95059.30891927083,297.7776590983073,-0.002831648103892803,0.002551740407852776,-2.444796880086263,0.4300996462504069,0.1829064687093099
2011-10-26,95098.70719401042,298.0681680043538,-0.0028076330199837685,0.0005502794516019094,-2.8006903330485025,0.2806222438812256,0.19189898173014322
2011-10-27,95159.32389322917,298.1956787109375,-0.002427362836897373,0.0004385173319860769,-2.3574498494466147,0.6526967684427897,0.18839454650878906
2011-10-28,95152.79313151042,297.8604545593262,-0.0023609576746821404,0.0004336035844971775,-2.4928054809570312,0.554458737373352,0.18502044677734375
2011-10-29,95067.66666666667,298.30881182352704,-0.003011024557054043,3.0075786412453454e-06,-2.5133775075276694,0.47977884610493976,0.1781164805094401
2011-10-30,94988.94986979167,298.4127610524495,-0.0028782570734620094,1.7398595804962724e-05,-2.0494372049967446,0.3108357588450114,0.16988627115885416
2011-10-31,95054.76171875,297.84954261779785,-0.002316887490451336,0.0003332736089305399,-2.2592220306396484,0.7217869361241659,0.16546185811360678
2011-11-01,95079.96044921875,297.46144612630206,-0.0022813938558101654,0.0012882761954529087,-2.2256927490234375,0.3205725351969401,0.16782061258951822
2011-11-02,95020.19319661458,297.05539894104004,-0.0021613985300064087,0.0008998215198516846,-2.433417638142904,0.11161422729492188,0.17176437377929688
2011-11-03,95060.15559895833,297.25632095336914,-0.0021156277507543564,0.00041478872299194336,-2.796659469604492,0.8149140278498331,0.1706841786702474
2011-11-04,95149.69108072917,297.8069375356038,-0.002291393466293812,4.374316142730095e-05,-2.4408067067464194,0.8146713574727377,0.1653283437093099
2011-11-05,95202.01578776042,297.7085723876953,-0.002541201189160347,8.523463748133508e-07,-2.0032838185628257,0.40421613057454425,0.15914599100748697
2011-11-06,95181.2578125,298.14060974121094,-0.0028286362066864967,4.351138045421976e-07,-1.614908218383789,0.319363276163737,0.15311368306477866
2011-11-07,95225.69091796875,298.19902992248535,-0.002829723060131073,4.351138613856165e-07,-1.2680371602376301,-0.0954449971516927,0.1476313273111979
2011-11-08,95211.52392578125,298.05711301167804,-0.002728154882788658,1.7195939676639682e-06,-0.9947007497151693,-0.9719385703404745,0.14316304524739584
2011-11-09,95141.4951171875,297.20525487263996,-0.0026356177404522896,1.2756220257870154e-06,-1.3578929901123047,-1.7873300313949585,0.13945960998535156
2011-11-10,95134.72412109375,297.3045603434245,-0.0025045443326234818,4.351138045421976e-07,-1.3619499206542969,-0.9506509701410929,0.13633092244466147
2011-11-11,95111.06266276042,297.57729085286456,-0.00234234519302845,1.2834020708396565e-06,-1.3630415598551433,-0.18757450580596924,0.13381576538085938
2011-11-12,95148.4111328125,298.1936734517415,-0.002236798405647278,0.0,-1.398140589396159,-0.48790550231933594,0.13169225056966147
2011-11-13,95182.146484375,298.3289852142334,-0.002084805630147457,0.0,-1.8781941731770833,-0.33052436510721844,0.12995211283365884
2011-11-14,95266.78141276042,297.687162399292,-0.0016664061695337296,3.802776234351768e-06,-2.019219080607096,0.1974637508392334,0.1287403106689453
2011-11-15,95309.01643880208,296.81480598449707,-0.0016206614673137665,0.0001221090555141302,-2.0618082682291665,-0.7420794169108073,0.12840588887532553
2011-11-16,95272.658203125,296.4743251800537,-0.002156822942197323,2.577434315753635e-06,-1.9462534586588542,-1.8975896835327148,0.12740961710611978
2011-11-17,95267.82568359375,296.2419770558675,-0.002112734131515026,4.374257400741044e-07,-2.2025527954101562,-1.2975579500198364,0.1262842814127604
2011-11-18,95267.5634765625,295.87755648295087,-0.0020412402227520943,1.7210318787874712e-06,-1.8420848846435547,-1.0865958134333293,0.12534459431966147
2011-11-19,95282.64176432292,296.09034538269043,-0.0018748678267002106,8.522588359483052e-07,-1.8074366251627605,-0.9264016548792521,0.12460835774739583
2011-11-20,95362.38753255208,296.4391447703044,-0.0018247300758957863,2.1478196572388697e-06,-1.8991673787434895,-1.2966982523600261,0.12399101257324219
2011-11-21,95363.74723307292,296.23648325602215,-0.0017253123223781586,1.2582290764839854e-09,-2.008298873901367,-0.98911980787913,0.12344868977864583
2011-11-22,95279.59163411458,296.13291613260907,-0.0015689283609390259,2.5689601557132846e-06,-2.198063532511393,-0.41549285252888996,0.12299092610677083
2011-11-23,95246.74886067708,295.83563741048175,-0.0012508565559983253,6.797909634315147e-06,-2.4181957244873047,0.33071160316467285,0.12266159057617188
2011-11-24,95276.67252604167,296.15434074401855,-0.001337156631052494,8.583068051848386e-07,-2.2248274882634482,-0.043589512507120766,0.12234115600585938
2011-11-25,95165.93050130208,296.96167373657227,-0.0014050472527742386,0.0,-2.6462361017862954,-0.2729568878809611,0.1220258076985677
2011-11-26,95097.76350911458,297.17287890116376,-0.0008693290874361992,0.00010679960246307019,-3.5495572090148926,0.9691872994105021,0.12232589721679688
2011-11-27,95084.81624348958,297.49826113382977,-0.001049267128109932,7.904852793672035e-06,-3.5576470692952475,1.2401598294576008,0.12254524230957031
2011-11-28,95042.38834635417,297.36714363098145,-0.001284460537135601,1.9179924493073486e-06,-2.6574395497639975,1.3161430358886719,0.1222368876139323
2011-11-29,95034.26822916667,298.21382840474445,-0.0014414181932806969,2.1517276422855502e-06,-1.9650281270345051,0.7198645273844401,0.121826171875
2011-11-30,95047.32877604167,298.13525136311847,-0.0013624224811792374,0.0,-1.5914077758789062,-0.8494103749593099,0.12145042419433594
2011-12-01,95063.61588541667,297.34696706136066,-0.001435181125998497,8.70227722771233e-07,-1.2759584585825603,-0.5577513376871744,0.12108929951985677
2011-12-02,94930.76236979167,296.9320939381917,-0.0014888327568769455,4.261732087229575e-07,-1.0371593236923218,-0.9034226735432943,0.12075869242350261
2011-12-03,94869.14827473958,296.39635276794434,-0.0014861375093460083,1.2814998058274796e-06,-1.1840880314509075,-1.099924087524414,0.12046114603678386
2011-12-04,94998.78694661458,296.48453521728516,-0.0014273915439844131,4.351138045421976e-07,-2.0743319193522134,0.397885004679362,0.12022908528645833
2011-12-05,95105.57649739583,297.5685323079427,-0.0013867486268281937,4.351138045421976e-07,-1.4555657704671223,0.34260650475819904,0.12000465393066406
2011-12-06,95132.59928385417,297.0318711598714,-0.001334083266556263,4.142522804784221e-07,-1.7050879796346028,-0.65195099512736,0.11982790629069011
2011-12-07,95192.76188151042,296.13970947265625,-0.0012676846235990524,0.0,-1.9509824117024739,-0.6998538970947266,0.11968739827473958
2011-12-08,95180.97835286458,295.8776092529297,-0.0012734318152070045,1.7046928064701206e-06,-2.4158287048339844,0.03355280558268229,0.11957995096842448
2011-12-09,95184.60205078125,296.96943918863934,-0.0010402882471680641,1.299380642194592e-06,-1.981803258260091,0.2887655893961589,0.11950302124023438
2011-12-10,95192.12288411458,297.4860375722249,-0.0011904723942279816,0.0,-1.3628771305084229,-0.5451306502024332,0.11939239501953125
2011-12-11,95152.19173177083,298.32387669881183,-0.0012368494644761086,0.0,-1.5005028247833252,-0.0681227445602417,0.1192474365234375
2011-12-12,95277.05550130208,296.6718889872233,-0.0007871072739362717,2.147298516774754e-06,-1.586154301961263,-0.0817104975382487,0.11917686462402344
2011-12-13,95323.84798177083,295.5144735972087,-0.0012143263593316078,2.135177282980294e-06,-2.295628865559896,-0.8523823817571005,0.11914126078287761
2011-12-14,95377.20947265625,294.8697287241618,-0.0011821165680885315,8.780630196270067e-07,-2.2037372986475625,-0.3283848762512207,0.11908213297526042
2011-12-15,95351.83333333333,294.69454256693524,-0.0010387040674686432,1.2755393754559918e-06,-2.1700560251871743,0.10758527119954427,0.11903635660807292
2011-12-16,95358.89176432292,294.61582056681317,-0.0009696613997220993,4.351138045421976e-07,-2.230419158935547,0.4693916241327922,0.11899884541829427
2011-12-17,95362.28076171875,294.93460782368976,-0.0010068584233522415,8.702277796146518e-07,-1.8315378824869792,0.26165771484375,0.11894162495930989
2011-12-18,95387.08837890625,294.6367727915446,-0.0010079825296998024,4.351138045421976e-07,-2.1664937337239585,0.31977442900339764,0.11890538533528645
2011-12-19,95345.4248046875,294.72899500528973,-0.000995490700006485,4.261732051702438e-07,-1.6696179707845051,-0.224851926167806,0.11884752909342448
2011-12-20,95288.05338541667,294.1069971720378,-0.001108311116695404,8.612870487922919e-07,-2.2308177947998047,-0.4366212685902913,0.11880556742350261
2011-12-21,95284.83821614583,294.0097421010335,-0.0010905023664236069,1.2814998058274796e-06,-2.05924125512441,-1.0481708844502766,0.11877759297688802
2011-12-22,95237.61767578125,293.72056579589844,-0.0010087471455335617,4.351138045421976e-07,-2.1072837511698403,-0.26402326424916583,0.11874834696451823
2011-12-23,95198.5126953125,293.7317008972168,-0.0008398834615945816,4.351138045421976e-07,-1.5717716217041016,-0.3476797739664714,0.11873499552408855
2011-12-24,95121.79996744792,293.9734001159668,-0.0011378098279237747,8.375650395464618e-07,-1.7432213226954143,-1.2920398712158203,0.11870892842610677
2011-12-25,95162.92903645833,293.94778696695965,-0.001104358583688736,4.351138045421976e-07,-1.6202996571858723,-1.7968616485595703,0.1186676025390625
2011-12-26,95139.17333984375,294.0153745015462,-0.0010885391384363174,1.2870723367086612e-06,-1.5405521392822266,-1.8213761647542317,0.11862564086914062
2011-12-27,95120.66878255208,294.4584623972575,-0.0011084824800491333,4.3549692918531946e-07,-1.0426832437515259,-2.3000926971435547,0.1185900370279948
2011-12-28,95196.4453125,294.3768850962321,-0.0010769935324788094,1.7225742112714215e-06,-1.3432522217432659,-2.7293694416681924,0.11855570475260417
2011-12-29,95209.74479166667,296.3086992899577,-0.0007966319099068642,4.351138045421976e-07,-2.430592139561971,-1.812966028849284,0.11855316162109375
2011-12-30,95320.06787109375,296.6229248046875,-0.0007330887019634247,0.00042167372430412797,-2.7120012442270913,1.3936094840367634,0.12010002136230469
2012-01-01,95187.27620442708,295.71337191263837,-0.0008931644260883331,0.001323181390660011,-1.995063026746114,2.304536819458008,0.14540990193684897
2012-01-02,95181.50634765625,297.04413414001465,-0.0008809566497802734,0.0002990841864516369,-1.0187638600667317,1.841452916463216,0.1468480428059896
2012-01-03,95142.33203125,297.7851505279541,-0.0010669883340597153,5.576014416419639e-06,-1.2029050191243489,0.8554259936014811,0.1435521443684896
2012-01-04,95197.779296875,298.1065305074056,-0.0010515637695789337,4.443526165687217e-06,-1.2906545003255208,1.694302241007487,0.13965670267740884
2012-01-05,95298.80436197917,298.82565689086914,-0.0011824779212474823,2.997827039052936e-06,-1.1120247046152751,1.6152827342351277,0.1361535390218099
2012-01-06,95334.56819661458,298.7294743855794,-0.0011911410838365555,1.069902907602227e-06,-0.8896517356236776,1.9260621070861816,0.1330394744873047
2012-01-07,95395.3671875,298.7681433359782,-0.0011991914361715317,1.2897884289486683e-06,-0.6308479309082031,1.786734938621521,0.13034502665201822
2012-01-08,95327.86197916667,297.54474512736004,-0.0011471118777990341,1.717265831757686e-06,0.4440765380859375,1.5658843914667766,0.12822977701822916
2012-01-09,95232.96419270833,297.2946586608887,-0.001169467344880104,5.587935447692871e-06,0.04817644755045573,0.22844568888346353,0.12645530700683594
2012-01-10,95306.10498046875,294.14694531758624,-0.0011218180879950523,0.001323014497756958,-2.219066619873047,-0.6170431772867838,0.13118426005045572
2012-01-11,95416.95035807292,293.6905511220296,-0.0008721938356757164,0.0002466678618588958,-2.2130457560221353,-1.0041319529215496,0.1334514617919922
2012-01-12,95450.08447265625,293.6758041381836,-0.0012774588540196419,8.612871056357108e-07,-1.7822216351826985,-2.1793675422668457,0.131744384765625
2012-01-13,95478.62451171875,292.86438369750977,-0.0011691870167851448,4.410743663640915e-07,-2.3158340454101562,-1.6169403394063313,0.1295185089111328
2012-01-14,95366.240234375,291.8682740529378,-0.0011827321723103523,0.0,-2.0431076685587564,-1.3651968638102214,0.1276423136393229
2012-01-15,95199.22135416667,292.1067701975505,-0.0011000093072652817,8.536799214198254e-07,-1.6634044647216797,0.3547682762145996,0.12605730692545572
2012-01-16,95026.81461588542,293.3736635843913,-0.0010469220578670502,8.595523013354978e-07,-0.20630180835723877,0.8609812259674072,0.12466684977213542
2012-01-17,94887.20703125,295.03606605529785,-0.0010461565107107162,1.7933814433490625e-08,0.36525599161783856,1.3173316717147827,0.12344868977864583
2012-01-18,94810.32503255208,295.84731419881183,-0.0010165804997086525,4.261732051702438e-07,2.189250946044922,1.2259809970855713,0.12246449788411458
2012-01-19,94875.33642578125,295.22192255655926,-0.000973881222307682,8.543420335627161e-07,0.7340303262074789,1.573705752690633,0.12166659037272136
2012-01-20,95068.63411458333,295.21164385477704,-0.0008713137358427048,4.351138045421976e-07,-0.06200361251831055,-0.5329809983571371,0.12103843688964844
2012-01-21,95172.38753255208,295.3298034667969,-0.0008698264136910439,1.7285346416429093e-06,-2.3125222524007163,-0.6330397526423136,0.1205431620279948
2012-01-22,95251.27701822917,296.0133533477783,-0.000836511142551899,4.351138045421976e-07,-2.3350804646809897,1.2689317067464192,0.12012481689453125
2012-01-23,95244.021484375,296.17295328776044,-0.000775625929236412,1.2934207802572928e-06,-2.1754430135091147,1.440254847208659,0.1198132832845052
2012-01-24,95184.37581380208,296.8319371541341,-0.0007924437522888184,0.0,-1.5342381795247395,1.805309494336446,0.11954243977864583
2012-01-25,95158.50504557292,296.98641204833984,-0.0008607348427176476,2.133844645868521e-06,-1.7957005103429158,2.6435370445251465,0.11931228637695312
2012-01-26,95151.89046223958,296.95775413513184,-0.0009272312745451927,8.683437044965103e-07,-0.30445098876953125,1.8150787353515625,0.11909548441569011
2012-01-27,95112.32991536458,296.9566294352214,-0.0009209988638758659,1.7106531977617578e-06,-1.3819942474365234,2.0951820611953735,0.11890157063802083
2012-01-28,95046.72086588542,296.597110748291,-0.0008780919015407562,8.52346317969932e-07,-1.4708582560221355,2.6845070521036782,0.11876424153645833
2012-01-29,95104.72542317708,296.1211058298747,-0.0007734540849924088,4.5001496573604527e-07,-1.6421038309733074,1.7202291091283162,0.11865425109863281
2012-01-30,95273.38899739583,295.5143273671468,-0.0007583107799291611,8.374452590942383e-06,-3.0055408477783203,2.4080499013264975,0.11862564086914062
2012-01-31,95398.71614583333,295.6962782541911,-0.0007938966155052185,2.0578503495016776e-05,-2.747517546017965,1.6134360631306965,0.11865043640136719
2012-02-01,95431.6279296875,296.1881446838379,-0.0007737968116998672,8.583068051848386e-07,-2.459829092025757,-0.7974603573481241,0.11858812967936198
2012-02-02,95467.57373046875,296.4607575734456,-0.0008139442652463913,1.2814998058274796e-06,-2.687122344970703,-0.5725237528483073,0.11851755777994792
2012-02-03,95405.76236979167,295.7073345184326,-0.0008465312421321869,4.351138045421976e-07,-2.214927872021993,0.028471628824869793,0.11845016479492188
2012-02-04,95312.64778645833,296.2023213704427,-0.0008330177515745163,7.316470146179199e-06,-1.8816210428873699,1.4172808329264324,0.11841456095377605
2012-02-05,95298.47721354167,296.9108893076579,-0.0008934531360864639,1.2875523793809407e-06,-2.061267852783203,1.216925064722697,0.11835924784342448
2012-02-06,95203.24658203125,297.2724437713623,-0.0009678900241851807,8.553266184208042e-07,-1.9159660339355469,1.9963709513346355,0.1183001200358073
2012-02-07,95119.21516927083,298.2076409657796,-0.0009994907304644585,4.351138045421976e-07,-2.0280513763427734,2.4336776733398438,0.11824544270833333
2012-02-08,95041.89127604167,298.5772247314453,-0.0009908312931656837,1.7046928633135394e-06,-0.2868887583414714,0.44946857293446857,0.1181793212890625
2012-02-09,95090.68570963542,296.8574733734131,-0.0009879935532808304,2.58982174727862e-06,-1.8048121134440105,-1.1287339528401692,0.11814244588216145
2012-02-10,95103.50960286458,297.49885177612305,-0.0009154891595244408,2.1517276422855502e-06,-2.3718814849853516,-0.27158836523691815,0.11812591552734375
2012-02-11,95142.82649739583,297.35988362630206,-0.0006755907088518143,7.95235445139042e-06,-2.567715326944987,1.2453277508417766,0.1181500752766927
2012-02-12,95143.03369140625,298.1158510843913,-0.0007792310789227486,1.2814997489840607e-06,-2.1564737955729165,2.538242220878601,0.11815388997395833
2012-02-13,95209.05289713542,298.1737308502197,-0.000801771879196167,1.7046928064701206e-06,-2.050867716471354,2.3250317573547363,0.11813290913899739
2012-02-14,95171.36783854167,299.1322377522786,-0.0009105559438467026,8.52346317969932e-07,-1.8215045928955078,1.9571313858032227,0.11811447143554688
2012-02-15,94966.77913411458,299.6373640696208,-0.0009745080024003983,8.555652470931818e-07,-0.26328086853027344,2.1383482615152993,0.11807950337727864
2012-02-16,94884.31494140625,299.8443234761556,-0.0009302692487835884,0.0,0.3108622233072917,1.150276819864909,0.11804389953613281
2012-02-17,95074.83675130208,298.39565976460773,-0.0008460981771349907,2.1517274717552937e-06,-2.409348805745443,1.7504456837972004,0.11803245544433594
2012-02-18,95217.01481119792,298.20777320861816,-0.0010176477953791618,8.523463748133508e-07,-2.3773136138916016,1.8485453128814697,0.11802419026692708
2012-02-19,95185.55126953125,299.57561620076496,-0.000999431125819683,8.52346317969932e-07,-1.2229094505310059,0.8283381859461466,0.11800130208333333
2012-02-20,95058.66276041667,299.9409891764323,-0.0009450362995266914,0.0,-1.2039965788523357,-0.744681715965271,0.11797904968261719
2012-02-21,94980.85107421875,299.835350672404,-0.0010483665391802788,8.523463748133508e-07,-1.972695231437683,-0.5454208056131998,0.11796061197916667
2012-02-22,94985.68391927083,300.3643220265706,-0.0010467739775776863,8.52346317969932e-07,-1.9636414845784504,1.0563615163167317,0.11794980367024739
2012-02-23,94993.1689453125,300.67395146687824,-0.0010462887585163116,2.139806667855737e-06,-0.8844998280207316,1.1384337743123372,0.11793899536132812
2012-02-24,94903.97021484375,300.8335698445638,-0.0011282041668891907,1.2857061619797605e-06,-1.1266180674235027,1.4474521080652873,0.11793136596679688
2012-02-25,94867.86572265625,300.4331569671631,-0.0011398568749427795,0.0,-1.4321028391520183,1.6616836786270142,0.11791483561197917
2012-02-26,94842.58333333333,300.4713815053304,-0.0010932441800832748,1.7163602592518146e-06,-1.2832018534342449,1.224198301633199,0.11790211995442708
2012-02-27,94828.57633463542,301.11215082804364,-0.0011120438575744629,2.1378681935857458e-06,-0.5751927693684896,1.383541742960612,0.11789004007975261
2012-02-28,94599.39501953125,302.02355003356934,-0.0011502820998430252,0.0,2.3337109883626304,1.5709985097249348,0.11787478129069011
2012-02-29,94641.8876953125,300.5848852793376,-0.0010651051998138428,8.642672355563263e-07,1.6400279998779297,-0.9141209920247396,0.1178576151529948
2012-03-01,94675.59163411458,300.5587164560954,-0.0011113714426755905,4.351138045421976e-07,1.9397027492523193,0.23668030897776285,0.11783472696940105
2012-03-02,94637.93489583333,300.1701304117839,-0.0011626500636339188,4.351138045421976e-07,2.4056266943613687,0.0908212661743164,0.1178131103515625
2012-03-03,94690.21744791667,300.04259363810223,-0.0009421668946743011,8.52346317969932e-07,0.7162524859110514,-1.922461986541748,0.1177965799967448
2012-03-04,94867.90983072917,300.7009817759196,-0.0009286645799875259,4.351138045421976e-07,-1.3101152181625366,-0.9948107798894247,0.11778577168782552
2012-03-05,94862.58935546875,300.8390706380208,-0.0009680110961198807,1.2955942452208546e-06,-1.3791751861572266,0.8424504597981771,0.11777051289876302
2012-03-06,94724.04996744792,301.51808102925617,-0.0009500384330749512,2.5901126718963496e-06,1.4266300201416016,0.9996592203776041,0.11776669820149739
2012-03-07,94575.00618489583,300.3145116170247,-0.0009977584704756737,2.5686658773338422e-06,1.551455815633138,-0.27186838785807294,0.117767333984375
2012-03-08,94640.83675130208,300.07612864176434,-0.001088317483663559,2.1517276422855502e-06,2.4726975758870444,-1.5318946838378906,0.11776924133300781
2012-03-09,94692.80794270833,299.3243859608968,-0.0009202295914292336,0.0,0.6950785319010416,-1.4945392608642578,0.11776351928710938
2012-03-10,94738.45930989583,299.89601198832196,-0.0009976662695407867,8.52346317969932e-07,-1.947909673055013,0.23946980635325113,0.11774698893229167
2012-03-11,94909.9091796875,300.3420976003011,-0.0009088646620512009,1.7199723743033246e-06,-3.1759984493255615,2.3946959177652993,0.11775016784667969
2012-03-12,95125.98404947917,300.5317834218343,-0.0008346438407897949,4.206007133689127e-07,-2.6038694779078164,2.40931765238444,0.11775652567545573
2012-03-13,95195.34993489583,301.146333694458,-0.0007465817034244537,7.739244210824836e-06,-1.2612616221110027,0.481777548789978,0.11777814229329427
2012-03-14,95236.45035807292,300.6697184244792,-0.0006471145898103714,2.512034188839607e-05,-1.08599853515625,-0.4589684804280599,0.1178741455078125
2012-03-15,95157.83951822917,301.9500554402669,-0.0008915066719055176,2.139806667855737e-06,-1.4807690382003784,0.3673686186472575,0.11788431803385417
2012-03-16,95095.40983072917,302.49700991312665,-0.0009547993540763855,0.0,-0.9469140370686849,0.7063703536987305,0.11785443623860677
2012-03-17,95004.15380859375,303.2094898223877,-0.001013079658150673,3.448433460562228e-06,-0.7311477661132812,1.3724403381347656,0.11782582600911458
2012-03-18,95027.8369140625,303.4871775309245,-0.0009599961340427399,4.2915297626677784e-07,0.31575647989908856,0.7923030853271484,0.11780675252278645
2012-03-19,94981.67236328125,303.5206934611003,-0.0010319314897060394,0.0,0.6263141632080078,0.22503280639648438,0.11777114868164062
2012-03-20,94935.46809895833,303.74010467529297,-0.0010290555655956268,0.0,0.15778732299804688,0.5959299405415853,0.11772410074869792
2012-03-21,94872.93831380208,303.7971655527751,-0.0010259877890348434,0.0,-0.7323748270670573,0.8140846490859985,0.11768150329589844
2012-03-22,94961.99951171875,303.42675526936847,-0.000981139950454235,1.716613667213096e-06,-0.6502437591552734,0.617406964302063,0.117645263671875
2012-03-23,95067.99072265625,303.08553314208984,-0.0010906839743256569,8.553265615773853e-07,-0.960943857828776,-0.9636827309926351,0.11761792500813802
2012-03-24,95074.47477213542,302.9810905456543,-0.0011233072727918625,2.147350642189849e-06,-1.525555928548177,0.08463382720947266,0.1175855000813802
2012-03-25,95058.88346354167,302.56494140625,-0.0010641030967235565,2.999726916641521e-06,-1.3428736527760823,0.6754486560821533,0.11757532755533855
2012-03-26,95087.30517578125,302.087495803833,-0.0009921882301568985,0.0,-1.4690718253453572,1.3202434380849202,0.11754608154296875
2012-03-27,95162.5283203125,302.69943110148114,-0.0009932350367307663,1.2814997489840607e-06,-1.8065808614095051,1.5574074983596802,0.11751747131347656
2012-03-28,95248.97249348958,302.78330421447754,-0.0009881053119897842,8.588005719900593e-07,-1.540636698404948,1.5706799825032551,0.11749521891276042
2012-03-29,95068.21012369792,304.04162343343097,-0.0009717531502246857,1.2849557151639601e-06,-0.3587118784586589,1.2849477132161458,0.11746279398600261
2012-03-30,94908.5283203125,303.72742589314777,-0.0009770672768354416,0.0002799481153488159,0.11525917053222656,1.9596977233886719,0.11858304341634114
2012-03-31,95030.6630859375,302.43850390116376,-0.00114469975233078,0.001186239719288551,-1.5538609822591145,1.866573651631673,0.12565231323242188
2012-04-01,95090.14957682292,302.05004119873047,-0.0011577289551496506,8.619521406671993e-05,-2.612705866495768,1.7000433603922527,0.12921651204427084
2012-04-02,95143.90380859375,302.99707221984863,-0.0012024622410535812,1.7046494349415298e-06,-2.1702378590901694,1.8183393081029255,0.12626139322916666
2012-04-03,95212.58902994792,303.6642017364502,-0.0009629111737012863,4.309415714942588e-06,-0.5572923024495443,1.306169589360555,0.12377993265787761
2012-04-04,95073.38981119792,303.4494768778483,-0.0012580882757902145,0.0018280744552612305,1.1170616149902344,1.2435366312662761,0.1336065928141276
2012-04-05,94847.02718098958,304.05797386169434,-0.0013324804604053497,1.952052116394043e-06,0.6807696024576823,0.4005672534306844,0.1367181142171224
2012-04-06,94800.8828125,303.73063468933105,-0.001145126298069954,8.079707612296261e-05,-0.09662572542826335,1.9645912647247314,0.13146845499674478
2012-04-07,94771.48860677083,303.41101264953613,-0.0010141823440790176,0.0001500844955444336,-0.7103835741678873,2.272721807161967,0.12874539693196616
2012-04-08,94775.60432942708,303.47389539082843,-0.000889820046722889,4.747807969351925e-05,-1.055397669474284,2.106414238611857,0.12665685017903647
2012-04-09,94859.56201171875,303.84167226155597,-0.000954553484916687,0.00019202232357429239,-0.6103458404541016,2.0684351921081543,0.12522443135579428
2012-04-10,94832.93017578125,303.82330958048504,-0.0012439191341400146,0.0014862805604707319,0.26543108622233075,1.8196815252304077,0.13247553507486978
2012-04-11,94823.26236979167,302.7317371368408,-0.0014655496925115585,0.0015442177652289502,0.5627975463867188,1.5564640760421753,0.14349047342936197
2012-04-12,94793.62565104167,301.73252296447754,-0.0018087700009346008,0.004736456274883949,1.7225430806477864,0.7793389956156412,0.17046101888020834
2012-04-13,94810.1943359375,303.03115208943683,-0.002314952202141285,0.00015372106975064526,-0.4192218780517578,0.8064150412877401,0.1832116444905599
2012-04-14,94928.61995442708,303.0953025817871,-0.0018915599212050438,2.5109699720360368e-05,-1.3633314768473308,1.852764407793681,0.16533788045247397
2012-04-15,94891.3359375,303.67161750793457,-0.0016937553882598877,8.702080158684566e-07,-0.5567200978597006,1.3502545356750488,0.15122222900390625
2012-04-16,94781.25016276042,303.90795453389484,-0.001539616845548153,0.0006371974203602804,0.9917774200439453,1.2438973585764568,0.1441930135091146
2012-04-17,94611.4677734375,304.24880091349286,-0.0013639042153954506,0.00019478797912597656,1.1157372792561848,1.106788198153178,0.1402002970377604
2012-04-18,94631.166015625,304.00351397196454,-0.0014549829065799713,0.001012678387496635,0.9236799875895182,1.3555022875467937,0.14000320434570312
2012-04-19,94703.57112630208,304.90129534403485,-0.0012659579515457153,6.0439233493525535e-06,0.4828268686930339,0.3751078049341838,0.1378625233968099
2012-04-20,94791.95621744792,305.4907595316569,-0.001222715713083744,0.0,0.28503163655598956,-0.3502131700515747,0.13188807169596353
2012-04-21,94717.05859375,305.6239579518636,-0.0011269263923168182,4.281960684693331e-06,-0.40934117635091144,-2.3492647806803384,0.12767537434895834
2012-04-22,94543.318359375,305.39002164204913,-0.0009710397571325302,8.363164681668422e-06,-1.0597432454427083,0.5888652801513672,0.12474377950032552
2012-04-23,94583.931640625,303.6972961425781,-0.001230449415743351,0.0015198230742612395,-0.09521039326985677,1.1854782104492188,0.13013140360514322
2012-04-24,94630.03792317708,304.2379461924235,-0.0013103671371936798,0.0002360075711180798,-0.45084571838378906,1.3355547587076824,0.13431358337402344
2012-04-25,94715.71468098958,304.12121264139813,-0.0011665485799312592,0.0006979346275315379,-0.31492169698079425,0.9859174092610677,0.13350931803385416
2012-04-26,94798.61507161458,302.87281799316406,-0.0006795953959226608,1.475214958190918e-06,-0.5744756062825521,0.973390261332194,0.1340656280517578
2012-04-27,94661.79606119792,303.3867104848226,-0.001381109468638897,0.001269246691947501,0.18596967061360678,1.2568743228912354,0.13523737589518228
2012-04-28,94532.70328776042,303.35925102233887,-0.001283084973692894,0.0026756559360023857,1.0479742685953777,1.2141581773757935,0.15627225240071616
2012-04-29,94483.15315755208,303.47336769104004,-0.001812295988202095,0.0018122494220733643,-0.6926008860270182,1.871551752090454,0.1713587443033854
2012-04-30,94432.78499348958,304.4485740661621,-0.001803453080356121,8.741021156311035e-05,-0.5174172719319662,1.686031977335612,0.1656665802001953
2012-05-01,94496.28499348958,305.73583602905273,-0.001740066334605217,1.7195939676639682e-06,-0.6170120239257812,1.2118546962738037,0.1512902577718099
2012-05-02,94534.23209635417,306.3812446594238,-0.0016632229089736938,8.52346317969932e-07,0.24870936075846353,-0.22819205125172934,0.13992436726888022
2012-05-03,94436.00520833333,306.69035657246906,-0.0015263129025697708,4.261732051702438e-07,0.8145978450775146,-0.864491860071818,0.13216400146484375
2012-05-04,94339.88411458333,306.8720696767171,-0.001324518583714962,1.4901161193847656e-08,2.417144775390625,-1.43242609500885,0.12727991739908853
2012-05-05,94525.95865885417,305.1435070037842,-0.0010202685371041298,3.242492670807451e-06,0.09226226806640625,-0.7501174211502075,0.12432607014973958
2012-05-06,94630.51188151042,305.16161791483563,-0.0008008778095245361,3.476142876479571e-05,1.1337064107259114,-0.6221510171890259,0.12265459696451823
2012-05-07,94592.86946614583,305.2608445485433,-0.0007146541029214859,1.0508298771583213e-05,-0.19136492411295572,-0.5960085391998291,0.12147204081217448
2012-05-08,94635.18212890625,305.3438886006673,-0.0008521666750311852,0.0002612352370192639,0.03573163350423177,-0.7858157555262247,0.12155087788899739
2012-05-09,94719.2216796875,305.14903195699054,-0.0010815523564815521,0.0010658323764687339,0.9795691172281901,0.24755005041758218,0.12752278645833334
2012-05-10,94785.82698567708,304.7777347564697,-0.0010838210582733154,0.0004411014816128045,0.8981768290201823,0.23300441106160483,0.13156000773111978
2012-05-11,94620.1640625,304.3824462890625,-0.001186879351735115,0.0008157759893947514,0.6724122365315756,-0.09315117200215657,0.13201014200846353
2012-05-12,94531.07389322917,304.4535827636719,-0.0011287545785307884,0.0003055433229519622,1.264422098795573,-0.48383180300394696,0.13422520955403647
2012-05-13,94574.79215494792,304.1521574656169,-0.0010453015565872192,0.00017537474622031368,1.1678167978922527,-0.6692249377568563,0.1316216786702474
2012-05-14,94570.86669921875,305.8628578186035,-0.0009292848408222198,3.2055377857886924e-05,1.2297032674153645,-1.1915382941563923,0.12844975789388022
2012-05-15,94608.20100911458,306.29749488830566,-0.000979376956820488,8.612870487922919e-07,0.9566065470377604,-0.26859299341837567,0.1253045399983724
2012-05-16,94458.05208333333,306.78103764851886,-0.0010306211188435555,1.2814998058274796e-06,1.5714670817057292,-1.0858866771062214,0.12280019124348958
2012-05-17,94410.7900390625,306.49990971883136,-0.0010192617774009705,8.553265615773853e-07,1.3192939758300781,-2.2508568366368613,0.12102381388346355
2012-05-18,94473.66341145833,306.82776133219403,-0.0009950753301382065,0.0,1.286075472831726,-2.6863320668538413,0.11989148457845052
2012-05-19,94499.09163411458,307.83881251017254,-0.0008605234324932098,1.6242265701293945e-05,0.8213373422622681,-1.7716144720713298,0.119140625
2012-05-20,94415.48567708333,307.2779318491618,-0.0009474083781242371,8.553265615773853e-07,0.29501843452453613,-1.5889066060384114,0.11872291564941406
2012-05-21,94376.29768880208,307.75034777323407,-0.0008667800575494766,8.94073082235991e-09,0.4609546661376953,-0.02639774481455485,0.11838213602701823
2012-05-22,94415.42952473958,307.4753589630127,-0.0008432008326053619,8.52346317969932e-07,0.6870797475179037,-1.1942386229832966,0.11816978454589844
2012-05-23,94394.26546223958,307.7902361551921,-0.0008319709450006485,3.4188750532848644e-06,1.7888037363688152,-1.7902628580729167,0.1180559794108073
2012-05-24,94273.75065104167,307.90038744608563,-0.0008274689316749573,4.261732087229575e-07,2.617157737414042,-1.7450987100601196,0.11797587076822917
2012-05-25,94261.65201822917,307.57421557108563,-0.0008057933300733566,1.2904404798064206e-06,2.617431640625,-1.7032804489135742,0.11790847778320312
2012-05-26,94307.7734375,307.70858510335285,-0.0008992534130811691,0.00011649727821350098,2.894678751627604,-1.648824413617452,0.11824289957682292
2012-05-27,94281.93017578125,307.9852746327718,-0.0009938990697264671,2.157688072657038e-06,3.4318930308024087,-2.8586268027623496,0.11852709452311198
2012-05-28,94291.02018229167,307.64324442545575,-0.0008502164855599403,1.0604981071082875e-06,3.424781163533529,-1.9896688063939412,0.11828867594401042
2012-05-29,94354.62874348958,307.62536748250324,-0.0008365847170352936,2.2340061622827534e-05,3.6990362803141275,-1.7972056070963542,0.11824925740559895
2012-05-30,94193.66975911458,308.0243949890137,-0.0008553452789783478,8.523463748133508e-07,3.771268844604492,-1.4981244405110676,0.1181475321451823
2012-05-31,94126.42643229167,307.7181046803792,-0.0008496623486280441,2.1404439962680044e-06,4.071966171264648,-0.7666519482930502,0.11803817749023438
2012-06-01,94245.81412760417,306.4943955739339,-0.0008506439626216888,8.470187822240405e-07,4.799659093221028,-0.5400586525599161,0.11797459920247395
2012-06-02,94242.31494140625,307.08801523844403,-0.0009394865483045578,5.3275357458915096e-09,4.3756275574366255,-1.1497082710266113,0.11790974934895833
2012-06-03,94223.80729166667,306.4459711710612,-0.0008200090378522873,1.7308144037997408e-06,4.604579925537109,-0.7217254241307577,0.11786460876464844
2012-06-04,94277.55436197917,306.66156069437665,-0.0006474852561950684,6.484985306087765e-06,3.836362838745117,0.5170879364013672,0.11786142985026042
2012-06-05,94283.16845703125,304.62038739522296,-0.0010063881054520607,0.0017695605754397548,3.517505645751953,0.5192025502522787,0.12734476725260416
2012-06-06,94231.07356770833,302.76757558186847,-0.0010051736608147621,0.0005308091640472412,4.515834808349609,1.1296062469482422,0.1357091267903646
2012-06-07,94315.7265625,303.66951688130695,-0.0009724944829940796,0.00016945004463053692,4.659971872965495,-0.32048499584198,0.1346874237060547
2012-06-08,94428.49365234375,304.1841519673665,-0.0011330563575029373,0.0010964810848186346,4.798638025919597,-0.5354612270991007,0.13788541158040366
2012-06-09,94440.0419921875,303.8047917683919,-0.0012463033199310303,0.0013465434312252,4.510614395141602,-1.416730801264445,0.14568456013997397
2012-06-10,94368.74739583333,303.43121973673504,-0.001414499245584011,0.0009906142950057983,4.680994033813477,-1.0880271991093953,0.15176518758138022
2012-06-11,94296.20979817708,303.6687437693278,-0.001163627952337265,0.00019109249114990234,4.188730875651042,0.06045337518056234,0.14905103047688803
2012-06-12,94249.71533203125,304.19103813171387,-0.0011386703699827194,7.532834996482052e-05,2.619734446207682,1.7393046617507935,0.14206314086914062
2012-06-13,94401.01123046875,303.1350866953532,-0.0012716129422187805,0.0020723044871147067,2.0854059855143228,1.4082415501276653,0.14775594075520834
2012-06-14,94433.72021484375,302.8356526692708,-0.001531282439827919,0.0032421857118265507,1.8520177205403645,0.6491208871205648,0.16309992472330728
2012-06-15,94416.4921875,301.61473337809247,-0.0021445751190185547,0.01170282959937552,3.4963741302490234,-0.44527097543080646,0.2345574696858724
2012-06-16,94357.81966145833,299.91723251342773,-0.0031254105269908905,0.005537673529033782,4.301933288574219,-0.3712551991144816,0.3034191131591797
2012-06-17,94277.2421875,298.7527910868327,-0.0032830098643898964,0.012768387794494629,5.076500574747722,1.0438687801361084,0.32938067118326825
2012-06-18,94305.99137369792,296.1900157928467,-0.0029078982770442963,0.03236926198002266,5.326727549235026,0.383365273475647,0.3927529652913411
2012-06-19,94310.61555989583,298.42526054382324,-0.001954609528183937,0.00046887626973557417,6.467121124267578,0.05057605107625326,0.3579730987548828
2012-06-20,94307.07112630208,299.97964159647626,-0.003090193495154381,8.575916280051388e-05,6.333861668904622,-0.3152021567026774,0.32225481669108075
2012-06-21,94414.4580078125,299.3837464650472,-0.002172905020415783,0.0003609240054061047,5.23863963286082,-0.17081872622172037,0.30246861775716144
2012-06-22,94490.11328125,299.1697915395101,-0.002730017527937889,0.0019080370663573376,4.347745259602864,0.2572266260782878,0.3056964874267578
2012-06-23,94392.09537760417,300.82579867045087,-0.0037855207920074463,1.3113022419020126e-06,4.345558166503906,0.3678032159805298,0.28252092997233075
2012-06-24,94414.001953125,300.7339452107747,-0.0032537542283535004,8.177757194971491e-06,4.862473805745442,1.0625258286794026,0.26135508219401044
2012-06-25,94565.31363932292,300.3683490753174,-0.003646799363195896,0.002886939688153234,4.775856018066406,0.6611628929773966,0.2562936147054036
2012-06-26,94596.79964192708,299.8473695119222,-0.0030052587389945984,0.0011353499131132594,4.88638432820638,0.7684187094370524,0.263339360555013
2012-06-27,94596.25520833333,299.29583168029785,-0.0025238413363695145,0.0006998777389526367,5.2340850830078125,0.6080276568730673,0.25252405802408856
2012-06-28,94508.4931640625,299.1095447540283,-0.0028795432299375534,0.0037370920181274414,4.488332112630208,0.35334936777750653,0.2631060282389323
2012-06-29,94395.734375,299.91081110636395,-0.0029962901026010513,0.0007670134305044485,4.874327341715495,0.3136887550354004,0.2621453603108724
2012-06-30,94258.88753255208,300.2900562286377,-0.0026869457215070724,0.00031541287899017334,5.0579878489176435,0.1397852102915446,0.24782943725585938
2012-07-01,94153.9599609375,298.48863855997723,-0.0024774475023150444,0.006433042883827511,4.106243133544922,0.2890247901280721,0.2589651743570964
2012-07-02,94025.23421223958,298.881051381429,-0.002591577358543873,0.001023465688149372,4.700759251912435,1.6161781152089436,0.29440561930338544
2012-07-03,93994.46061197917,298.4768600463867,-0.0024665137752890587,0.000626243756698841,6.187384923299153,0.73002823193868,0.2722784678141276
2012-07-04,94047.52848307292,300.2479597727458,-0.0027925213798880577,4.7647953124396736e-05,6.111246744791667,0.9696261882781982,0.2529824574788411
2012-07-05,94248.77880859375,300.74232228597003,-0.0027146153151988983,9.013782073452603e-05,5.677754720052083,0.3981754382451375,0.23365084330240884
2012-07-06,94301.64713541667,299.0458475748698,-0.0023736245930194855,0.004399919509864958,4.733093897501628,0.006913582483927409,0.23291460673014322
2012-07-07,94228.06005859375,298.05089441935223,-0.0028470512479543686,0.009627719867694395,4.320298512776692,0.42428088188171387,0.3000723520914714
2012-07-08,94218.9248046875,299.4591687520345,-0.002983243204653263,0.0010767191648142216,3.958738327026367,0.3180517752965291,0.312740961710612
2012-07-09,94260.12858072917,299.5228894551595,-0.0021826373413205147,9.57787036846014e-05,3.7920138041178384,0.7747935851414999,0.2855936686197917
2012-07-10,94380.181640625,299.8242778778076,-0.0023821303620934486,0.000226992375928603,3.007757822672526,1.5515305201212566,0.26394399007161456
2012-07-11,94459.80794270833,300.5503959655762,-0.0025794757530093193,4.763901233673096e-05,3.243391672770182,1.2804368336995442,0.24557050069173178
2012-07-12,94470.83902994792,301.0772342681885,-0.002582085318863392,0.00023762758598877554,3.8659693400065103,0.31171226501464844,0.2291107177734375
2012-07-13,94445.56380208333,300.9812202453613,-0.0028906576335430145,0.002749750132807094,3.5402437845865884,-0.5823250611623129,0.22526931762695312
2012-07-14,94416.47054036458,298.83118120829266,-0.002408602274954319,0.009257429838179121,3.212461471557617,-0.5758064190546671,0.2676715850830078
2012-07-15,94495.95084635417,297.1387627919515,-0.002385461702942848,0.011288642883300781,3.108621597290039,0.4641257127126058,0.35788536071777344
2012-07-16,94602.76953125,298.9113477071126,-0.00276092067360878,0.0009014844894394969,2.816774368286133,-0.2695174217224121,0.3295981089274089
2012-07-17,94592.62027994792,298.80561447143555,-0.0030575981363654137,0.028912344574905546,2.877983729044596,0.4485359191894531,0.35851160685221356
2012-07-18,94530.95100911458,297.1683661142985,-0.003438476473093033,0.0235158269010185,5.0289255777994795,0.0683672825495402,0.40848223368326825
2012-07-19,94441.60970052083,295.91552289326984,-0.0029224902391433716,0.015080009638268166,5.6350250244140625,0.5873052676518759,0.41950098673502606
2012-07-20,94335.38330078125,296.2736237843831,-0.0025283973664045334,0.019552445272495333,4.8571122487386065,0.5312894185384115,0.4201946258544922
2012-07-21,94324.31103515625,296.5952491760254,-0.0022421972826123238,0.014123037457466125,4.573164621988933,0.331101934115092,0.4203561147054036
2012-07-22,94294.02864583333,298.1482391357422,-0.002407696098089218,0.0006342083206618554,4.86508305867513,0.050951242446899414,0.38799794514973956
2012-07-23,94236.1083984375,299.23072306315106,-0.003705066628754139,0.0005234152071338372,5.437557856241862,1.2171039183934529,0.3632850646972656
2012-07-24,94272.12874348958,299.42906761169434,-0.003926708362996578,0.0008620470762252808,5.4370161692301435,0.27346869309743244,0.34370676676432294
2012-07-25,94382.61490885417,297.4380175272624,-0.0029598185792565346,0.012197998188469228,4.951699574788411,0.5994155406951904,0.3708699544270833
2012-07-26,94314.34326171875,298.275053024292,-0.0033282283693552017,0.0015427708625566083,5.182272593180339,-0.10176952679951985,0.3759759267171224
2012-07-27,94253.77718098958,298.2120367685954,-0.00289841927587986,0.001172149181360993,5.21926752726237,0.6133168935775757,0.35659217834472656
2012-07-28,94322.97265625,298.62700335184735,-0.003920208662748337,0.0020343984563773176,5.397452672322591,0.522216796875,0.3451042175292969
2012-07-29,94488.15706380208,298.1266899108887,-0.0037539079785346985,0.0037479281425021327,5.388420740763347,0.560075044631958,0.34734853108723956
2012-07-30,94518.10709635417,297.1158809661865,-0.0026212334632873535,0.003953874111175537,5.697509765625,1.074899435043335,0.358889897664388
2012-07-31,94519.1513671875,296.6194381713867,-0.0030966438353061676,0.004839608073233137,5.821062723795573,1.2381480137507122,0.36234601338704425
2012-08-01,94576.6337890625,298.26879628499347,-0.003128405660390854,0.001123964786529541,5.573829650878906,0.4670436382293701,0.34953753153483075
2012-08-02,94553.623046875,297.3249518076579,-0.003503601998090744,0.008307927846903596,6.113862991333008,-0.1304504076639811,0.35741933186848956
2012-08-03,94399.53580729167,296.4568290710449,-0.0029982980340719223,0.013268697261707985,5.372189839680989,0.5383447011311849,0.39855384826660156
2012-08-04,94351.96793619792,296.5756257375081,-0.0031461678445339203,0.009198153400632236,5.9866377512613935,0.15857183933258057,0.400787353515625
2012-08-05,94370.06901041667,297.6465136210124,-0.002427825704216957,0.0010777354240367742,5.943625132242839,0.4652278423309326,0.38420867919921875
2012-08-06,94344.5556640625,298.04010645548504,-0.0035110488533973694,0.005766868591308594,5.6859792073567705,0.4998633861541748,0.3837738037109375
2012-08-07,94454.16552734375,298.71044476826984,-0.003766678273677826,0.0012190285812714308,4.859679539998372,0.8373003005981445,0.36959393819173175
2012-08-08,94499.16357421875,299.0465653737386,-0.0036511458456516266,0.0008897125720963572,5.012034098307292,0.18171246846516928,0.35146204630533856
2012-08-09,94393.5693359375,298.6274331410726,-0.0037807635962963104,0.0031843185424804688,5.113655090332031,0.0868454376856486,0.3500283559163411
2012-08-10,94320.59944661458,298.06677436828613,-0.0033826716244220734,0.003665792941944801,5.6231082280476885,0.6412375768025717,0.3568013509114583
2012-08-11,94417.35774739583,298.4089412689209,-0.0034803487360477448,0.0013509869574477307,5.095508257548015,1.4268734455108643,0.3469066619873047
2012-08-12,94486.48323567708,298.0784111022949,-0.00368473120033741,0.0035576168060629243,4.659512201944987,1.7548948923746746,0.3446693420410156
2012-08-13,94521.77457682292,299.02665519714355,-0.003885675221681595,0.0005193054676055908,4.553965250651042,1.2554884751637776,0.3345171610514323
2012-08-14,94595.54671223958,299.0754903157552,-0.004000648856163025,0.00012036561965445003,4.2855968077977495,0.6151511669158936,0.3125476837158203
2012-08-15,94639.45540364583,299.36899757385254,-0.004170115105807781,0.0001371443271587225,4.05995241800944,-0.013506809870402018,0.2941277821858724
2012-08-16,94585.52457682292,299.6932125091553,-0.004159359261393547,3.487765788889874e-05,3.4510682423909507,-0.49825390179951984,0.27717336018880206
2012-08-17,94517.5048828125,299.46536445617676,-0.003825889900326729,0.0003636509179045788,3.4843826293945312,-1.0631544987360637,0.26460520426432294
2012-08-18,94407.25374348958,298.5403537750244,-0.004076804034411907,0.006480485200881958,3.470007578531901,-1.6418507893880208,0.26592572530110675
2012-08-19,94359.84521484375,296.305180867513,-0.0027937674894928932,0.006486934423435287,5.00571886698405,0.626132607460022,0.3494332631429036
2012-08-20,94442.78548177083,299.39697964986163,-0.004115144722163677,0.0003779709338864734,4.181931813557942,1.0921254952748616,0.3190663655598958
2012-08-21,94616.55289713542,299.0890865325928,-0.0029894690960645676,3.20464372407514e-05,3.2309322357177734,0.7597798506418864,0.2957496643066406
2012-08-22,94690.4296875,299.49703152974445,-0.003957039676606655,0.0001596355776349867,1.787157694498698,0.702734629313151,0.27641868591308594
2012-08-23,94742.56787109375,299.49158032735187,-0.003846239298582077,0.008697279124532997,1.1938114166259766,0.6704921325047811,0.28292274475097656
2012-08-24,94695.2353515625,298.64215087890625,-0.003423718735575676,0.006300672888755798,1.950961430867513,-0.535317063331604,0.3546466827392578
2012-08-25,94622.39973958333,298.83556938171387,-0.0030968841165304184,0.006453239917750153,1.6850268046061199,-0.203398068745931,0.3619384765625
2012-08-26,94516.91422526042,297.781431833903,-0.0029557719826698303,0.018623456358909607,2.8856480916341147,-0.46901893615722656,0.3713836669921875
2012-08-27,94478.20149739583,296.7451648712158,-0.0032052677124738693,0.02644521892070628,4.008356094360352,0.033615668614705406,0.41933441162109375
2012-08-28,94492.36539713542,297.9942086537679,-0.003676310181617737,0.0016729176044414373,4.03668212890625,0.44365469614664715,0.39911524454752606
2012-08-29,94469.76904296875,297.8876082102458,-0.0030546635389328003,0.01289572694349772,2.9966087341308594,0.732623298962911,0.4022032419840495
2012-08-30,94401.03287760417,297.11239306132,-0.0028594322502613068,0.007618314240062318,3.149916966756185,0.8280819257100424,0.4113229115804036
2012-08-31,94325.50390625,297.92204030354816,-0.003778671845793724,0.002317634224880294,3.4628575642903647,2.050021211306254,0.39417394002278644
2012-09-01,94385.22526041667,298.1451816558838,-0.003475015051662922,0.004664488941557465,4.509293874104817,1.221262017885844,0.3894583384195964
2012-09-02,94380.35400390625,298.39948590596515,-0.003945853561162949,0.007608145475387573,4.450600941975911,0.08853224913279216,0.39287249247233075
2012-09-03,94209.76399739583,296.20216878255206,-0.0024973126128315926,0.0169389545917511,4.96784782409668,0.24002047379811606,0.41703224182128906
2012-09-04,94284.51676432292,295.65927505493164,-0.002689541317522526,0.02492045103667806,5.896512349446614,1.0410245259602864,0.4268633524576823
2012-09-05,94440.37825520833,297.6137612660726,-0.003193049691617489,0.0008676346030824789,5.139861583709717,1.900397499402364,0.40224583943684894
2012-09-06,94670.90592447917,298.3153711954753,-0.003716093488037586,0.00038683183902321616,3.78947385152181,2.0860997438430786,0.3802471160888672
2012-09-07,94684.6708984375,298.44535064697266,-0.004162037745118141,3.1316280360016435e-05,3.625207265218099,1.3218800226847331,0.3618488311767578
2012-09-08,94638.18815104167,298.7258421579997,-0.003672923892736435,0.0003712117671739179,3.8322887420654297,0.1459577480951945,0.34938303629557294
2012-09-09,94617.47884114583,298.63206990559894,-0.003650601953268051,0.000520029663960031,4.162214279174805,-0.08907759189605713,0.33952967325846356
2012-09-10,94613.95263671875,297.16371663411456,-0.002986001782119274,0.008338353037800061,4.713155110677083,0.23576672871907553,0.36335118611653644
2012-09-11,94626.7265625,296.89928817749023,-0.0026326552033424377,0.0017352074384682226,4.267660776774089,0.6900927225748698,0.3751640319824219
2012-09-12,94714.33984375,298.32799975077313,-0.0036430442705750465,0.00040665889963520385,3.6608587900797525,0.6120750904083252,0.3542060852050781
2012-09-13,94769.78938802083,298.7659155527751,-0.004166212864220142,4.099607463103894e-05,3.7762037913004556,0.2695857683817546,0.3361930847167969
2012-09-14,94697.95182291667,298.475128809611,-0.004474256187677383,2.986192669141019e-06,4.52922248840332,0.41952645778656006,0.31994374593098956
2012-09-15,94603.73046875,298.2953732808431,-0.004042203538119793,0.00018662512292166866,4.872634251912435,-0.051328063011169434,0.3075338999430339
2012-09-16,94635.37906901042,298.16583315531415,-0.003522055223584175,5.435069397208281e-05,3.938042322794596,-0.2819639841715495,0.29732704162597656
2012-09-17,94727.63785807292,298.44956970214844,-0.0037232786417007446,0.0007372677325747645,2.86962890625,-0.030890782674153645,0.291012446085612
2012-09-18,94747.29443359375,298.16358439127606,-0.0036045312881469727,0.002022737264628205,2.1759332021077475,-0.7873051961263021,0.2903035481770833
2012-09-19,94693.56201171875,298.64870580037433,-0.0037050824612379074,0.0013203710317561956,1.2395165761311848,-0.5245958964029948,0.2933362325032552
2012-09-20,94772.01969401042,298.5892976125081,-0.0035193506628274918,0.0028930799929867135,1.2673861185709636,-0.6916214227676392,0.3004271189371745
2012-09-21,94796.90087890625,299.01708539326984,-0.0033093150705099106,0.0003771975886479595,1.175711949666341,0.06029419104258219,0.3002026875813802
2012-09-22,94847.26009114583,299.4307333628337,-0.003944655880331993,0.00011900904746653396,1.7696444193522136,-0.18882099787394205,0.28365198771158856
2012-09-23,94824.5869140625,298.4926649729411,-0.0035323118790984154,0.0010297251518522899,1.8725592295328777,-1.484425703684489,0.2745068868001302
2012-09-24,94806.73470052083,298.688273747762,-0.0040250737220048904,0.0001425125568061958,1.9784584045410156,-1.4842904408772786,0.26426951090494794
2012-09-25,94885.1572265625,298.4707489013672,-0.0036329030990600586,0.00037256957961062653,1.6665407816569011,-1.9730051358540852,0.25340716044108075
2012-09-26,95035.1123046875,298.17026392618817,-0.0033720713108778,0.0008669495582580566,0.5570081075032552,-2.1025721232096353,0.2472400665283203
2012-09-27,95032.49186197917,298.4306646982829,-0.0034986864775419235,0.001844189337134594,0.03636487325032552,-1.7099719842274983,0.25055376688639325
2012-09-28,94919.15087890625,298.8968931833903,-0.0036199595779180527,0.0003673027937907136,-0.2392705281575521,-2.1942854722340903,0.24797821044921875
2012-09-29,94814.3544921875,299.1003653208415,-0.0037592127919197083,0.01628649911742741,-1.119638442993164,-1.650776783625285,0.26657994588216144
2012-09-30,94731.3017578125,297.84737459818524,-0.003114670515060425,0.019497726598785903,-0.7091363271077474,-0.9838247299194336,0.3934669494628906
2012-10-01,94679.34554036458,297.3558743794759,-0.0025014355778694153,0.04293627281714407,-0.34235382080078125,-0.8883100748062134,0.4075660705566406
2012-10-02,94684.82259114583,295.8300444285075,-0.002090957947075367,0.041683912277164836,2.60821533203125,1.9081249237060547,0.4244677225748698
2012-10-03,94730.27180989583,297.5225480397542,-0.00336294062435627,0.0009270608425140381,4.382578531901042,1.9491729736328125,0.3995520273844401
2012-10-04,94802.87190755208,297.2631600697835,-0.0025607850402593613,0.004026234149932861,3.671695073445638,0.4623724619547526,0.39813232421875
2012-10-05,94954.15787760417,297.83044878641766,-0.003252827562391758,0.006935963034628401,2.5536715189615884,-0.4201902151107788,0.4000244140625
2012-10-06,95075.18196614583,297.29346593221027,-0.0031247567385435104,0.016089919209377967,1.0675138235092163,-0.6798801422119141,0.40975697835286456
2012-10-07,95053.26302083333,297.8446464538574,-0.0038683395832777023,0.000696334242775265,0.6367848714192709,-0.3366069793701172,0.3974755605061849
2012-10-08,94924.02490234375,298.2152207692464,-0.00480709969997406,3.862380992813996e-06,-0.9782592455546061,-1.0727252960205078,0.3768329620361328
2012-10-09,94842.25406901042,296.96262486775714,-0.005173232406377792,4.410743663640915e-07,0.3215433756510417,-1.9024964570999146,0.3586565653483073
2012-10-10,94880.58056640625,296.8395398457845,-0.0051971254870295525,8.583068797918258e-07,0.29632314046223956,-2.5565528869628906,0.34247589111328125
2012-10-11,94957.62467447917,296.4772090911865,-0.0050882864743471146,0.0,-0.20083300272623697,-2.420379082361857,0.3276220957438151
2012-10-12,95033.51969401042,297.15398661295575,-0.004865512251853943,0.0,-0.906670888264974,-1.555800159772237,0.3142407735188802
2012-10-13,95086.37434895833,296.3341948191325,-0.004600599408149719,8.523463748133508e-07,-0.5361150105794271,-1.4455560445785522,0.30199559529622394
2012-10-14,95176.58186848958,296.2745590209961,-0.0046965498477220535,4.351138613856165e-07,-1.0195719401041667,-1.9349757830301921,0.29002126057942706
2012-10-15,95316.29915364583,296.5144570668538,-0.004889536648988724,1.7106532368416083e-06,-1.4601459503173828,-2.162094831466675,0.2773996988932292
2012-10-16,95378.701171875,296.4450461069743,-0.004632442258298397,2.1427867977763526e-06,-1.6657390594482422,-1.7685708204905193,0.2657000223795573
2012-10-17,95305.69466145833,296.8315652211507,-0.004435454495251179,8.463859444418631e-07,-1.4074185689290364,-1.7747339407602947,0.25504112243652344
2012-10-18,95226.0576171875,296.82166989644367,-0.004419081844389439,8.523463748133508e-07,-1.9523385365804036,-1.677336613337199,0.2445964813232422
2012-10-19,95221.00927734375,297.29052035013837,-0.003776845522224903,7.265806193146318e-06,-2.216620127360026,-0.37014206250508624,0.23601849873860678
2012-10-20,95268.26611328125,296.0277805328369,-0.0019487058743834496,0.006749370694155488,-2.449122746785482,0.35493210951487225,0.2680854797363281
2012-10-21,95291.62874348958,296.47602399190265,-0.002727676182985306,0.002140895297543466,-2.516766587893168,-0.3049112558364868,0.3091278076171875
2012-10-22,95274.41650390625,297.03397432963055,-0.0031991880387067795,0.0008053658817743781,-2.476916193962097,0.2331064542134603,0.3003501892089844
2012-10-23,95234.07242838542,297.216947555542,-0.0032903533428907394,0.0002146248686472063,-2.0505968729654946,0.5312620798746744,0.28524208068847656
2012-10-24,95144.63623046875,297.35586166381836,-0.003470933996140957,7.242262358886364e-05,-1.5832748413085938,0.39162325859069824,0.269744873046875
2012-10-25,95054.51350911458,297.7780876159668,-0.003318430855870247,0.0005240142345428467,-1.3201967875162761,0.6307029724121094,0.2583332061767578
2012-10-26,95054.69303385417,297.63301213582355,-0.003272821195423603,0.00042277872557860974,-2.003185272216797,0.6601746877034506,0.2508780161539714
2012-10-27,95113.02408854167,297.145933787028,-0.0034870589151978493,0.00012065768231650509,-2.178518295288086,0.04369036356608073,0.24115435282389322
2012-10-28,95165.36181640625,296.9290250142415,-0.0033818893134593964,0.00015065491703580847,-2.0130284627278647,-1.1335550944010417,0.2315546671549479
2012-10-29,95077.63736979167,296.18963050842285,-0.004108184017241001,4.351138045421976e-07,-1.434735616048177,-2.455377459526062,0.2204596201578776
2012-10-30,94986.10823567708,296.04508209228516,-0.004003540612757206,4.410743663640915e-07,-1.9301754633585613,-2.2864672342936196,0.2090784708658854
2012-10-31,94851.55289713542,297.1376667022705,-0.0034832926467061043,0.003330096602383037,-3.003783384958903,-2.1582278410593667,0.20496368408203125
2012-11-01,94698.60465494792,294.46478335062665,-0.0014194697141647339,0.018139422885724343,-4.41426150004069,-0.9136600494384766,0.33132362365722656
2012-11-02,94648.83430989583,294.8469829559326,-0.00118328258395195,0.011409914492730877,-1.7100289662679036,0.37494659423828125,0.38115819295247394
2012-11-03,94750.47412109375,295.65602048238117,-0.0017502419650554657,0.00674620568742057,2.0381714502970376,-1.2058666149775188,0.3841737111409505
2012-11-04,94818.38704427083,296.45726203918457,-0.0022914810106158257,0.0008960247039340175,1.2469995021820068,-2.604321837425232,0.36188697814941406
2012-11-05,94937.64908854167,296.71581904093426,-0.003107343800365925,5.31852244307629e-05,0.08152071634928386,-1.7228759129842122,0.34172693888346356
2012-11-06,95074.73876953125,296.4516518910726,-0.0034253783524036407,0.0,-1.0538469950358074,-1.0510834058125813,0.3256702423095703
2012-11-07,95107.24055989583,296.76052983601886,-0.003343956544995308,6.166994571543682e-05,-1.2510534922281902,-0.7922237714131674,0.31257883707682294
2012-11-08,95056.68636067708,297.0550537109375,-0.0036614136770367622,4.351138613856165e-07,-1.6207434336344402,-0.6373869578043619,0.2999979654947917
2012-11-09,95184.93489583333,296.1435317993164,-0.0036262162029743195,8.52346317969932e-07,-1.9937280019124348,-0.7470626831054688,0.28778521219889325
2012-11-10,95304.12190755208,295.4898287455241,-0.0036667324602603912,8.523463748133508e-07,-1.9789505004882812,-0.351404349009196,0.2764123280843099
2012-11-11,95247.56087239583,295.83901659647626,-0.0034738238900899887,4.351138613856165e-07,-1.6101690928141277,-0.7127741972605387,0.26604970296223956
2012-11-12,95314.33463541667,295.1039562225342,-0.0035639721900224686,2.567808337516908e-06,-1.9633922576904297,-0.7996054887771606,0.255679448445638
2012-11-13,95335.36409505208,294.0079771677653,-0.0036414340138435364,8.583068797918258e-07,-1.6173966725667317,-1.6530713240305583,0.24543380737304688
2012-11-14,95199.85791015625,293.9566828409831,-0.0036218538880348206,0.0,-1.8264083862304688,-1.8775773445765178,0.23546600341796875
2012-11-15,95233.96988932292,293.63340250651044,-0.0034494977444410324,0.0,-1.7141265869140625,-2.2985057830810547,0.2261664072672526
2012-11-16,95301.63053385417,292.4759413401286,-0.0033699246123433113,1.2904405366498395e-06,-1.2418454488118489,-2.541233698527018,0.2174994150797526
2012-11-17,95217.73518880208,292.1753857930501,-0.003225238062441349,0.0,-0.5780315399169922,-2.533467491467794,0.20951143900553384
2012-11-18,95110.40315755208,292.6716874440511,-0.003115961328148842,8.523463748133508e-07,-0.6536795298258463,-2.4317765633265176,0.2020543416341146
2012-11-19,95108.63444010417,295.0507157643636,-0.0028630895540118217,1.7225839314960467e-06,-0.9371753136316935,-2.092739741007487,0.19513765970865884
2012-11-20,95132.59635416667,295.9820435841878,-0.0028370143845677376,4.3298793528379065e-07,-0.9137781461079916,-2.4460041920344033,0.18872706095377603
2012-11-21,95153.49934895833,297.38253593444824,-0.002495391294360161,0.0,-1.3594987789789836,-1.5776719252268474,0.18305079142252603
2012-11-22,95149.93619791667,298.02228291829425,-0.0022208411246538162,4.642605781057796e-05,-2.107292811075846,-0.3552957773208618,0.1786651611328125
2012-11-23,95190.99967447917,297.29369799296063,-0.0017910478636622429,0.00043801963329315186,-1.8756054242451985,0.5344708760579427,0.17762311299641928
2012-11-24,95201.32259114583,297.19538434346515,-0.0019020289182662964,0.00013920962800284542,-1.726696252822876,0.7286430994669596,0.17666180928548178
2012-11-25,95267.51399739583,297.2167975107829,-0.001966150477528572,0.00010840892787200573,-1.864754358927409,0.48831597963968915,0.17394129435221353
2012-11-26,95289.70345052083,296.53886286417645,-0.001937752589583397,0.0002778619526679904,-1.7910010019938152,0.3458292484283447,0.17209943135579428
2012-11-27,95235.6953125,296.09142367045087,-0.002348635345697403,2.5480968020019645e-06,-1.5114943186442058,0.21358184019724527,0.1685638427734375
2012-11-28,95183.04931640625,296.34700139363605,-0.0024809325113892555,8.612870487922919e-07,-1.408966064453125,0.08366572856903076,0.1637598673502604
2012-11-29,95106.84700520833,296.3554604848226,-0.0023323018103837967,8.583068833445395e-07,-1.0490118662516277,0.036615331967671715,0.15944480895996094
2012-11-30,95113.5087890625,296.1908009847005,-0.00235151220113039,0.0,-1.2199630737304688,-0.6957433223724365,0.1554896036783854
2012-12-01,95148.4765625,296.1937249501546,-0.002358066849410534,8.553265615773853e-07,-2.1192703247070312,-0.01280538241068522,0.15193621317545572
2012-12-02,95259.25358072917,295.80822563171387,-0.002311405725777149,1.7116792605520459e-06,-2.223729372024536,0.12369346618652344,0.14859835306803384
2012-12-03,95230.0146484375,296.0070317586263,-0.0020521264523267746,1.7104263960732169e-06,-2.213522473971049,-0.494792381922404,0.14590326944986978
2012-12-04,95211.1845703125,296.390417098999,-0.002015700563788414,0.00019161701192160763,-2.3536376953125,-0.34756656487782794,0.14425341288248697
2012-12-05,95274.97233072917,294.96727498372394,-0.001314670778810978,0.0012144327162673108,-2.0667266845703125,-0.3247536818186442,0.15149370829264322
2012-12-06,95314.55126953125,296.85474586486816,-0.0018197689205408096,8.694966027178452e-07,-1.791063944498698,0.522277315457662,0.15153058369954428
2012-12-07,95257.70524088542,297.7458305358887,-0.0019879918545484543,1.3029335832470679e-06,-1.3393755753835042,0.2195568084716797,0.14806048075358072
2012-12-08,95180.84716796875,298.09680493672687,-0.0021162470802664757,8.553265615773853e-07,-1.043872555096944,0.5865828196207682,0.144622802734375
2012-12-09,95093.6923828125,298.4804681142171,-0.0022279275581240654,0.0,-0.7671496073404948,0.9584044615427653,0.14129956563313803
2012-12-10,95064.10611979167,298.1592648824056,-0.0024491259828209877,2.580881073299679e-06,-1.2210604349772136,2.046064774195353,0.13803227742513022
2012-12-11,95088.40494791667,297.7219638824463,-0.0023050187155604362,8.532720698894991e-07,-0.31949424743652344,1.9663334687550862,0.1352545420328776
2012-12-12,95101.43570963542,297.5526809692383,-0.0020439662039279938,4.276632239452738e-07,0.1949248711268107,1.5080118576685588,0.13313738505045572
2012-12-13,95197.73258463542,297.5542805989583,-0.001855132170021534,2.168298692595272e-06,-0.438320795694987,2.063788096110026,0.13153457641601562
2012-12-14,95413.51139322917,297.3467102050781,-0.0019131628796458244,8.53310098136717e-07,-2.0245984395345054,1.688829739888509,0.13014094034830728
2012-12-15,95492.65755208333,296.42173830668133,-0.0018240632489323616,1.2934207802572928e-06,-2.303628921508789,1.1376261313756306,0.12896156311035156
2012-12-16,95508.3154296875,296.5997002919515,-0.0017014909535646439,8.52346317969932e-07,-2.023448944091797,-1.0281895796457927,0.12805493672688803
2012-12-17,95444.22607421875,295.94409624735516,-0.0015428178012371063,0.0,-2.279195785522461,-1.6999568939208984,0.12730280558268228
2012-12-18,95434.11751302083,295.24336369832355,-0.0017269188538193703,0.0,-2.2238300244013467,-2.2651962836583457,0.12662442525227866
2012-12-19,95285.66015625,294.5148073832194,-0.0015756860375404358,1.2874602361989673e-06,-1.8239179054896038,-1.9233054320017497,0.12600326538085938
2012-12-20,95169.25846354167,294.33770688374835,-0.001546536572277546,1.7107918779402098e-06,-2.1699803670247397,-0.32270050048828125,0.1254100799560547
2012-12-21,95218.11409505208,294.8074181874593,-0.0012984015047550201,1.2814997489840607e-06,-2.2469355265299478,0.3813985188802083,0.12492434183756511
2012-12-22,95266.82926432292,295.06188265482587,-0.0014084819704294205,4.351138045421976e-07,-1.7615979512532551,-1.2583681742350261,0.12450091044108073
2012-12-23,95277.06705729167,294.3489348093669,-0.0015009045600891113,4.351138045421976e-07,-2.219549814860026,0.03812976678212484,0.12401580810546875
2012-12-24,95201.28385416667,294.24888674418133,-0.0013024359941482544,1.284479992591514e-06,-1.6045207977294922,-0.23430728912353516,0.12361526489257812
2012-12-25,95143.49967447917,293.87268320719403,-0.0013620853424072266,8.70227722771233e-07,-1.8533000946044922,-1.202506383260091,0.12328465779622395
2012-12-26,95167.24365234375,293.4888858795166,-0.0015214662998914719,8.642672355563263e-07,-2.0389945109685264,-1.4707802136739094,0.12289492289225261
2012-12-27,95103.7255859375,293.2272726694743,-0.0014655645936727524,8.52346317969932e-07,-1.8147514661153157,-0.8901354471842448,0.12250200907389323
2012-12-28,94991.94970703125,294.01026980082196,-0.0013358443975448608,0.0,-1.7484228213628132,0.295437494913737,0.12216504414876302
2012-12-29,95079.72932942708,294.9517593383789,-0.0009981319308280945,0.0,-2.4168949127197266,1.2639815012613933,0.12199465433756511
2012-12-30,95124.93375651042,295.12224260965985,-0.0005233138799667358,0.0003341019152571789,-2.1647923787434897,1.4452874660491943,0.12366422017415364
2013-01-01,95126.99593098958,298.0064468383789,-0.0011937245726585388,0.00022748484860812823,-1.1147104899088542,1.3689130147298176,0.12758636474609375
2013-01-02,95189.72802734375,298.840145111084,-0.0012195613235235214,1.4159083264075889e-05,-0.8886216084162394,1.3516979217529297,0.1270421346028646
2013-01-03,95201.44677734375,299.23333740234375,-0.0013626571744680405,4.351138045421976e-07,-0.7827032804489136,0.6932531992594401,0.12588183085123697
2013-01-04,95119.45963541667,299.1700439453125,-0.0012661162763834,8.583068833445395e-07,-0.9307595491409302,1.528700828552246,0.12483151753743489
2013-01-05,94926.005859375,299.2224706013997,-0.0014211535453796387,1.2752646512126375e-06,-0.9602933724721273,1.8402098814646404,0.12387466430664062
2013-01-06,95041.24202473958,297.9939028422038,-0.0011807065457105637,2.5631919129409653e-06,-1.2178821563720703,2.0067590475082397,0.12317212422688802
2013-01-07,95168.78450520833,297.5187079111735,-0.0012052711099386215,1.7106532368416083e-06,-2.023717244466146,1.108654499053955,0.12261772155761719
2013-01-08,95315.88899739583,297.04705874125165,-0.0009771399199962616,2.1975638446747325e-05,-2.1832523345947266,-0.4501291910807292,0.12230173746744792
2013-01-09,95346.0712890625,295.9820143381755,-0.0012796837836503983,0.0,-2.0548640489578247,-0.8818664153416952,0.1219024658203125
2013-01-10,95308.19807942708,295.5259304046631,-0.0013677161186933517,8.523463748133508e-07,-1.4179467757542927,-1.2553987105687459,0.1214459737141927
2013-01-11,95397.81591796875,294.31698290507,-0.0014536473900079727,8.70227722771233e-07,-1.984278957049052,-1.5811595916748047,0.12103017171223958
2013-01-12,95453.05403645833,294.20165888468426,-0.0014001298695802689,1.2904405934932583e-06,-1.365664005279541,-1.823325475056966,0.12067540486653645
2013-01-13,95295.28352864583,295.358699798584,-0.0013529956340789795,8.386966214857239e-07,-1.7377637227376301,-1.3109499613444011,0.1203753153483073
2013-01-14,95275.84016927083,296.4135602315267,-0.0013405326753854752,1.7195939676639682e-06,-1.5976975758870442,0.6057720184326172,0.12009429931640625
2013-01-15,95363.896484375,296.67932828267413,-0.0013308599591255188,1.716613724056515e-06,-1.988838831583659,1.227466384569804,0.119842529296875
2013-01-16,95415.22737630208,296.4785442352295,-0.0012307511642575264,8.583068797918258e-07,-2.2258898417154946,1.781334360440572,0.11966387430826823
2013-01-17,95452.18050130208,296.0295352935791,-0.001146881841123104,2.146209038045299e-06,-2.383874257405599,2.223827600479126,0.11955324808756511
2013-01-18,95428.03743489583,295.4195041656494,-0.0011067427694797516,0.0,-2.5168946584065757,2.0046510696411133,0.11945152282714844
2013-01-19,95423.13525390625,295.5222403208415,-0.0011483291164040565,3.4329686968703754e-06,-1.9869726498921711,0.4459080696105957,0.11926714579264323
2013-01-20,95381.69059244792,295.88562138875324,-0.0011200113222002983,8.642672355563263e-07,-2.300912857055664,0.20075861612955728,0.11916859944661458
2013-01-21,95488.46272786458,295.7758897145589,-0.0009804992005228996,0.0,-2.1735216776529946,0.518611470858256,0.11908849080403645
2013-01-22,95493.96142578125,295.62722396850586,-0.000986400991678238,7.706880467139854e-06,-2.5660438537597656,1.2874806722005208,0.11906687418619792
2013-01-23,95483.3740234375,295.6204242706299,-0.001038726419210434,1.4901161193847656e-08,-2.604242960611979,1.8935112953186035,0.1190185546875
2013-01-24,95419.27880859375,295.9769280751546,-0.001062704250216484,2.1338461806408304e-06,-2.3874282836914062,1.8707468112309773,0.11894925435384114
2013-01-25,95480.28987630208,295.7542088826497,-0.0008167363703250885,9.232778285195309e-05,-2.525203069051107,1.3710909684499104,0.1194292704264323
2013-01-26,95483.06949869792,296.1434866587321,-0.0008880496025085449,3.445148365699424e-06,-2.393148422241211,1.3302663167317708,0.1195233662923177
2013-01-27,95442.72037760417,296.4393850962321,-0.0008760448545217514,7.68899923286881e-06,-2.1762341260910034,1.024866024653117,0.11943880716959636
2013-01-28,95352.29378255208,296.23093096415204,-0.0008415654301643372,0.00011532008647918701,-2.075490951538086,0.5374186436335245,0.11994298299153645
2013-01-29,95323.88720703125,295.66866238911945,-0.0007657073438167572,0.0001980513334274292,-1.7982914447784424,0.614553968111674,0.12094497680664062
2013-01-30,95410.54248046875,295.4830856323242,-0.0008630510419607162,0.00040727853775024414,-2.0783157348632812,1.054487705230713,0.12326685587565105
2013-01-31,95427.244140625,295.9473336537679,-0.0009769052267074585,6.631016731262207e-06,-2.4971165657043457,1.2448628346125286,0.12346649169921875
2013-02-01,95433.134765625,295.5490608215332,-0.001030491665005684,1.7225742112714215e-06,-2.4016195933024087,1.1353020270665486,0.12270545959472656
2013-02-02,95358.40169270833,295.9396572113037,-0.001048469915986061,1.7082367662624165e-06,-2.1778720219930015,1.3269747495651245,0.1220080057779948
2013-02-03,95319.99153645833,297.0196539560954,-0.0010863346979022026,1.7259507103517535e-06,-2.1172591050465903,1.4899193048477173,0.12137858072916667
2013-02-04,95371.52262369792,296.9265963236491,-0.0011145062744617462,2.5956410922844952e-06,-2.6610273917516074,2.4850025177001953,0.12084770202636719
2013-02-05,95430.94108072917,296.54396692911786,-0.0010498221963644028,6.4432615545229055e-06,-2.4402296940485635,2.097951889038086,0.12046496073404948
2013-02-06,95354.94026692708,298.22603670756024,-0.0009692395105957985,1.2874602930423862e-06,-1.8245747884114583,1.6137797037760417,0.120086669921875
2013-02-07,95145.87744140625,298.2451998392741,-0.0008365055546164513,0.00039711594581604004,-0.968174417813619,0.25153493881225586,0.12062835693359375
2013-02-08,95165.52652994792,297.4711278279622,-0.0010559605434536934,0.0002223253249553636,-2.3467262983322144,-0.0026078224182128906,0.12350018819173177
2013-02-09,95203.48649088542,297.3585376739502,-0.0009416947141289711,1.716613724056515e-06,-2.9917335510253906,1.3453814188639324,0.1226336161295573
2013-02-10,95252.29475911458,297.20012346903485,-0.0009991228580474854,4.249811070167198e-06,-2.76420529683431,1.4521020253499348,0.12195142110188802
2013-02-11,95231.08821614583,297.58721288045246,-0.0010103341192007065,1.7161765981654753e-06,-2.3749796549479165,1.588091214497884,0.12120501200358073
2013-02-12,95190.66617838542,298.4171619415283,-0.0009700441733002663,1.2762859569193097e-06,-2.2725980281829834,0.8185576597849528,0.12065569559733073
2013-02-13,95146.87369791667,297.9690291086833,-0.001085595227777958,1.7046927496267017e-06,-2.5028387308120728,1.3151826461156209,0.12018394470214844
2013-02-14,95104.11767578125,298.6119632720947,-0.001212376169860363,1.2814997489840607e-06,-2.825103759765625,2.0323691765467324,0.11977450052897136
2013-02-15,94976.61783854167,298.5622081756592,-0.0010992391034960747,0.000877624750103223,-1.0680770874023438,2.5680574576059976,0.12225278218587239
2013-02-16,94840.80159505208,296.33450571695965,-0.0015448490157723427,0.012832733422840192,0.4771525065104167,2.6314400831858316,0.20316123962402344
2013-02-17,94921.861328125,295.90224202473956,-0.0027367286384105682,4.1618943214416504e-05,1.1465606689453125,-1.8052304188410442,0.2568581899007161
2013-02-18,95134.57779947917,294.2934347788493,-0.0024262387305498123,1.7175041193695506e-06,-1.5501893361409504,-1.6749061346054077,0.22653643290201822
2013-02-19,95195.32584635417,295.67887051900226,-0.0022423863410949707,8.642672355563263e-07,-1.9172560373942058,0.23655001322428384,0.20491981506347656
2013-02-20,95233.17887369792,296.7946306864421,-0.0017831847071647644,8.10921181937374e-06,-2.20548947652181,1.0261058807373047,0.18894004821777344
2013-02-21,95343.63785807292,297.2884407043457,-0.0016487035900354385,1.094160978709624e-05,-2.0394509633382163,0.7096665700276693,0.1763286590576172
2013-02-22,95381.29280598958,297.9573389689128,-0.0017911102622747421,2.1714577087550424e-06,-2.334056854248047,1.2685648600260417,0.16507530212402344
2013-02-23,95354.32259114583,298.3487071990967,-0.0016376357525587082,1.2874602361989673e-06,-1.9805164337158203,1.9679954051971436,0.1555201212565104
2013-02-24,95323.29899088542,298.6278731028239,-0.0017024343833327293,1.7285346416429093e-06,-1.975759506225586,1.2315396070480347,0.1474024454752604
2013-02-25,95357.2265625,299.12929344177246,-0.0016758358106017113,0.0,-1.9941857655843098,1.1411155064900715,0.14056269327799478
2013-02-26,95339.34554036458,299.31683286031085,-0.001553419977426529,0.0,-1.9395586649576824,0.8887050946553549,0.1354039510091146
2013-02-27,95256.986328125,299.82836532592773,-0.0014659073203802109,0.0,-1.2401014963785808,0.6759141286214193,0.13138834635416666
2013-02-28,95184.6865234375,299.9636484781901,-0.0014724377542734146,1.2814998058274796e-06,-2.2372055053710938,-0.9750649531682333,0.12830734252929688
2013-03-01,95248.7470703125,299.4578177134196,-0.001363629475235939,1.7068775832740357e-06,-2.4607781171798706,-1.6020885308583577,0.12599563598632812
2013-03-02,95326.86751302083,298.8712164560954,-0.0014069955796003342,4.351138045421976e-07,-2.3204752604166665,-1.3912906646728516,0.12413406372070312
2013-03-03,95308.158203125,298.63438924153644,-0.0014438852667808533,0.0,-2.221324920654297,-1.2456804911295574,0.12262980143229167
2013-03-04,95321.8125,298.7569986979167,-0.0012447349727153778,2.58172877920515e-06,-2.4178295135498047,0.884702722231547,0.12150319417317708
2013-03-05,95337.08723958333,298.760529200236,-0.0011112606152892113,8.583068797918258e-07,-2.6340764363606772,1.2973720232645671,0.12072054545084636
2013-03-06,95344.22428385417,299.1823132832845,-0.0010805027559399605,0.0,-2.6067937215169272,1.1394157409667969,0.12012672424316406
2013-03-07,95342.24235026042,300.1954568227132,-0.0009622015058994293,0.0,-2.0796871185302734,1.0020402272542317,0.11964925130208333
2013-03-08,95320.908203125,300.54872639973956,-0.0010543465614318848,8.523463748133508e-07,-1.6386807759602864,0.7824306488037109,0.11925188700358073
2013-03-09,95121.42154947917,301.50259081522626,-0.0011162664741277695,0.0,-0.7713909149169922,0.8808828989664713,0.11890856424967448
2013-03-10,94980.84098307292,301.8461214701335,-0.0010278355330228806,1.7165407939501165e-06,-0.9680589040120443,2.026267488797506,0.11865297953287761
2013-03-11,95056.015625,301.87978680928546,-0.0010708365589380264,1.2815720538128517e-06,-0.9001579284667969,2.4746413230895996,0.11847623189290364
2013-03-12,95081.44954427083,301.9048614501953,-0.0008850693702697754,1.1276595728304528e-05,-0.08333015441894531,1.9611632029215496,0.11840629577636719
2013-03-13,95061.75911458333,302.046178817749,-0.0010504070669412613,1.2814997489840607e-06,-0.9724947611490885,2.3043927351633706,0.11833381652832031
2013-03-14,95142.92171223958,301.2214584350586,-0.0009508347138762474,8.61882028857508e-07,-1.242855707804362,2.203234155972799,0.11824798583984375
2013-03-15,95230.35823567708,300.94593048095703,-0.00114543829113245,1.717522707167518e-06,-2.610865910847982,2.32659912109375,0.1181780497233073
2013-03-16,95305.88330078125,300.4196427663167,-0.0012117326259613037,0.0,-2.2766634623209634,2.4168726603190103,0.11811574300130208
2013-03-17,95167.177734375,300.82637151082355,-0.001137642189860344,1.7087083961087046e-06,-1.8706989288330078,1.8377612829208374,0.11806170145670573
2013-03-18,94953.06233723958,301.2268371582031,-0.0009629707783460617,0.0,-2.0026283264160156,1.2344653606414795,0.11802164713541667
2013-03-19,95009.572265625,301.12973658243817,-0.0008393451571464539,1.2755393754559918e-06,-1.6992377042770386,1.8189224402109783,0.11799939473470052
2013-03-20,95050.78369140625,301.80860137939453,-0.0008873110637068748,1.2864307450399792e-06,-0.48973151048024494,1.43956724802653,0.11798477172851562
2013-03-21,94871.42610677083,302.3349081675212,-0.0009144051000475883,0.0,-1.0318846702575684,1.5030340353647869,0.11796188354492188
2013-03-22,94733.77278645833,302.9604606628418,-0.00100622046738863,1.704692635939864e-06,-0.5418821970621744,2.063676635424296,0.117950439453125
2013-03-23,94873.63020833333,302.50021107991535,-0.0010581063106656075,0.0,-1.3722424507141113,3.2099724610646567,0.11793200174967448
2013-03-24,94983.1640625,302.3282012939453,-0.001009446568787098,1.2695788882410852e-06,-1.1897786458333333,1.9885159730911255,0.1179186503092448
2013-03-25,94850.93929036458,303.504181543986,-0.0010530855506658554,1.7136334236056427e-06,-1.57861332098643,1.4840740362803142,0.11789449055989583
2013-03-26,94773.78190104167,304.2029279073079,-0.0009805653244256973,8.612870487922919e-07,-0.7276401519775391,1.6779203017552693,0.11788241068522136
2013-03-27,94793.91162109375,304.1012535095215,-0.0009941533207893372,4.3213367462158203e-07,-1.2498435974121094,2.2349998156229653,0.11786142985026042
2013-03-28,94833.36800130208,303.95776621500653,-0.001012040302157402,2.5577268161214306e-06,-0.8911755879720052,2.4464996655782065,0.11784871419270833
2013-03-29,94800.95426432292,304.08507982889813,-0.0010060807690024376,8.653718914786168e-07,-0.6939951578776041,1.657936731974284,0.11783091227213542
2013-03-30,94732.43180338542,303.8918037414551,-0.0009156335145235062,1.2993811537853617e-06,-0.7997807264328003,0.6146519184112549,0.11780611673990886
2013-03-31,94794.41276041667,303.8616765340169,-0.0008139582350850105,5.041360844870724e-05,-1.2921100854873657,1.543002764383952,0.11798667907714844
2013-04-01,94838.09765625,302.19503657023114,-0.001332256942987442,0.004511728882789612,-0.7133363087972006,1.8627280791600545,0.14635658264160156
2013-04-02,94888.466796875,302.39549255371094,-0.0019291536882519722,0.0021129846572875977,-1.4464537302652996,2.423717459042867,0.17963790893554688
2013-04-03,94863.36246744792,303.12094561258954,-0.0019490113481879234,1.8268823623657227e-05,-0.6914354960123698,1.673945705095927,0.17408307393391928
2013-04-04,94719.71370442708,303.80580711364746,-0.0020302394405007362,8.52346317969932e-07,0.9976774851481119,-0.44272788365681964,0.15791956583658853
2013-04-05,94666.02685546875,303.849760055542,-0.0018614009022712708,4.351138045421976e-07,-0.4529406229654948,-0.7304697434107462,0.14529863993326822
2013-04-06,94622.23356119792,304.8135407765706,-0.0013889223337173462,4.351138045421976e-07,-1.0742098490397136,1.3814503351847331,0.13687451680501303
2013-04-07,94631.64827473958,304.8460865020752,-0.0012172767892479897,8.52346317969932e-07,-1.562320073445638,2.134347915649414,0.13146591186523438
2013-04-08,94722.65885416667,304.59571774800617,-0.0010811369866132736,8.642673492431641e-07,-1.5100714365641277,1.274454116821289,0.1277338663736979
2013-04-09,94787.26399739583,304.3632462819417,-0.0010155411437153816,2.4681703223450313e-05,-1.7927366892496746,1.4755465189615886,0.12518310546875
2013-04-10,94764.47786458333,304.68213017781574,-0.0011195782572031021,1.7141325088232406e-06,-1.0458030700683594,2.2534898122151694,0.12319119771321614
2013-04-11,94748.67805989583,304.82398414611816,-0.0011857282370328903,2.9929094580438687e-06,-1.0790036519368489,2.1426242192586265,0.12152481079101562
2013-04-12,94853.27978515625,304.66592597961426,-0.0011503128334879875,8.583068797918258e-07,-2.3241100311279297,1.8529506921768188,0.12031110127766927
2013-04-13,94942.24495442708,304.1553757985433,-0.0009919758886098862,3.5449862480163574e-05,-2.0386683146158853,2.077635129292806,0.11972999572753906
2013-04-14,94916.09114583333,303.1106777191162,-0.0009039947763085365,1.9311904893015708e-06,-2.1569077571233115,2.099614977836609,0.11930211385091145
2013-04-15,94698.92447916667,304.5715414683024,-0.0007471572607755661,9.346008198463096e-06,0.151458740234375,2.0339375336964927,0.11894416809082031
2013-04-16,94541.08870442708,305.19514656066895,-0.0011320644989609718,1.7046927496267017e-06,2.022579828898112,-0.8709449768066406,0.11859703063964844
2013-04-17,94436.14778645833,305.7212880452474,-0.001264055259525776,8.5856819964647e-07,3.3901615142822266,-0.5679372151692709,0.1183306376139323
2013-04-18,94492.744140625,305.5147933959961,-0.0011367006227374077,2.086162567138672e-07,3.2106348673502603,0.24576199054718018,0.11814371744791667
2013-04-19,94509.75032552083,304.68471336364746,-0.0010881973430514336,0.0002894870765999258,2.7068602244059243,0.6383929252624512,0.11923408508300781
2013-04-20,94585.73811848958,303.63385518391925,-0.000910785049200058,8.225440979003906e-06,1.179080327351888,0.6476564009984335,0.1196912129720052
2013-04-21,94669.17220052083,302.2478485107422,-0.0006882157176733017,0.0001209110020568005,-1.8978919982910156,1.722277561823527,0.11968231201171875
2013-04-22,94826.16975911458,301.8754475911458,-0.0007684556767344475,0.00036878883838653564,-2.3430665334065757,2.3806885480880737,0.12107467651367188
2013-04-23,95018.63525390625,300.91034507751465,-0.001039867289364338,0.00876802229470286,-1.5610491434733074,1.829673131306966,0.19055557250976562
2013-04-24,95044.51432291667,301.7530638376872,-0.0021396763622760773,0.0009696535619241331,-1.2273235321044922,1.4501089652379353,0.22219403584798178
2013-04-25,95034.26025390625,302.0081793467204,-0.0022095302119851112,0.0011475026607499217,-1.0883935292561848,0.994124968846639,0.20787429809570312
2013-04-26,94978.40380859375,302.706236521403,-0.0020390283316373825,2.6899576084815635e-05,-1.046303431193034,1.1373745600382488,0.1913763682047526
2013-04-27,94839.40999348958,304.3494625091553,-0.0019877757877111435,4.1139125812605926e-05,-0.25898170471191406,0.9514409303665161,0.1719201405843099
2013-04-28,94668.94889322917,305.5041923522949,-0.0017280764877796173,1.282356436149712e-06,0.3017495473225911,0.548206647237142,0.1566918690999349
2013-04-29,94674.47298177083,305.8259989420573,-0.0016234572976827621,0.000105994939701759,-0.33083534240722656,1.3230842749277751,0.14545822143554688
2013-04-30,94712.09814453125,305.60651206970215,-0.0013345824554562569,1.7200013644469436e-06,-1.0613187154134114,1.6886075337727864,0.13758405049641928
2013-05-01,94554.87825520833,306.5556780497233,-0.001303412951529026,0.0,-0.25009600321451825,1.7447605927785237,0.1312859853108724
2013-05-02,94396.83430989583,307.1076316833496,-0.001164817251265049,4.073977470397949e-05,1.5016746520996094,1.7520362933476765,0.1271076202392578
2013-05-03,94298.84391276042,307.9550145467122,-0.0012969877570867538,3.007806299137883e-06,1.0372562408447266,0.1051335334777832,0.12416585286458333
2013-05-04,94339.79654947917,307.05222447713214,-0.001133340410888195,2.980414137709886e-09,-0.7532914479573568,0.06685256958007812,0.12193234761555989
2013-05-05,94506.48811848958,305.9825089772542,-0.0008702035993337631,3.3924216964464904e-06,-2.4429505666097007,2.3558622201283774,0.1206372578938802
2013-05-06,94526.34244791667,305.83152834574383,-0.0008099153637886047,8.543394966409323e-05,-1.3633073170979817,2.6910274426142373,0.12014325459798177
2013-05-07,94551.72037760417,305.3447329203288,-0.0010670460760593414,0.0018383176964107406,-0.7497138977050781,1.7768011490503948,0.1301733652750651
2013-05-08,94549.28108723958,306.56080691019696,-0.0014879340305924416,0.0006431937217712402,0.7977148691813151,1.5778440634409587,0.13894526163736978
2013-05-09,94510.62532552083,308.01243845621747,-0.0014135846868157387,6.540417660971798e-05,0.8208993275960287,0.6273301442464193,0.13541475931803384
2013-05-10,94464.37027994792,308.70914967854816,-0.0014044512063264847,4.351138045421976e-07,0.6860485076904297,-0.39099375406901044,0.12929598490397134
2013-05-11,94311.17268880208,307.9349899291992,-0.0011040708050131798,2.562999668498378e-06,0.1741313934326172,-0.9440400203069051,0.12524795532226562
2013-05-12,94430.56656901042,307.0056330362956,-0.0009744428098201752,2.139806724699156e-06,0.2555376688639323,-1.2825268109639485,0.12280845642089844
2013-05-13,94355.45426432292,306.26769638061523,-0.0008781272917985916,8.52346317969932e-07,-0.3101641337076823,-0.4814005295435588,0.12113380432128906
2013-05-14,94222.20914713542,306.32089678446454,-0.0007924987003207207,4.351138613856165e-07,-0.5185426076253256,-0.17290000120798746,0.12005869547526042
2013-05-15,94249.61393229167,306.1563949584961,-0.0007117940112948418,1.6376376152038574e-05,-0.29048601786295575,0.5681114196777344,0.11937014261881511
2013-05-16,94375.0927734375,306.84523328145343,-0.0008632401004433632,4.6908854756111396e-06,2.8577919006347656,-1.1085288524627686,0.11893908182779948
2013-05-17,94541.29329427083,306.8648738861084,-0.0007042065262794495,3.8489699363708496e-05,2.504189372062683,-0.5131444931030273,0.1187591552734375
2013-05-18,94501.54671223958,307.9688599904378,-0.0007734168320894241,2.148747398678097e-06,1.4577032725016277,0.09622812271118164,0.11853663126627605
2013-05-19,94489.63167317708,307.40127881368,-0.0008428115397691727,0.00032272934913635254,1.8104686737060547,0.32211561997731525,0.11959520975748698
2013-05-20,94485.36783854167,307.00725110371906,-0.0011687614023685455,0.0014256715773512951,2.514383316040039,0.6606250206629435,0.1281147003173828
2013-05-21,94478.41292317708,307.2006181081136,-0.0012233620509505272,4.309117792899997e-05,3.9845638275146484,0.4350828727086385,0.13143094380696616
2013-05-22,94387.56852213542,308.6133632659912,-0.0011808527633547783,1.2862374205724336e-06,2.45057741800944,-1.7620183229446411,0.12705294291178384
2013-05-23,94350.79134114583,309.0931879679362,-0.0010989904403686523,4.5001496573604527e-07,2.811626434326172,-1.6288687388102214,0.12370491027832031
2013-05-24,94347.31217447917,308.6368834177653,-0.0010948441922664642,0.0,3.815155029296875,-2.2096962531407676,0.12155659993489583
2013-05-25,94394.45149739583,307.34753863016766,-0.0009901467710733414,1.7106531977617578e-06,4.200521469116211,-2.165227254231771,0.12026532491048177
2013-05-26,94408.39599609375,307.0958620707194,-0.000824853777885437,1.7285345847994904e-06,3.191582361857096,-2.508812348047892,0.1194597880045573
2013-05-27,94520.48014322917,304.39153989156085,-0.0008107610046863556,0.0010457396506922123,3.1986802419026694,-0.20037269592285156,0.1255779266357422
2013-05-28,94452.044921875,305.40517743428546,-0.0008471757173538208,1.6066431953731808e-05,3.473456064860026,-0.3207925160725911,0.12862586975097656
2013-05-29,94405.49202473958,303.87047004699707,-0.0013330243527889252,0.0042676776646999315,3.6598211924235025,-1.356919805208842,0.14301300048828125
2013-05-30,94337.7392578125,303.75926717122394,-0.0018063876777887344,0.001092782616524346,3.334385553995768,0.287389596303304,0.1740442911783854
2013-05-31,94286.69156901042,303.96856117248535,-0.0019229985773563385,0.0011229162895460831,1.7990862528483074,0.37861045201619464,0.16714032491048178
2013-06-01,94354.80647786458,302.7747459411621,-0.0019374024122953415,0.002460128068889844,2.1667302449544272,-0.03415489196777344,0.16778055826822916
2013-06-02,94323.36572265625,301.661195119222,-0.0020101824775338173,0.0018033593892141653,1.3173802693684895,0.5228888193766276,0.17797533671061197
2013-06-03,94318.05794270833,301.3819522857666,-0.0020478060469031334,0.004114866256713867,2.29045041402181,0.5218203067779541,0.19138654073079428
2013-06-04,94443.40804036458,300.7589047749837,-0.0017417483031749725,0.0027374327182769775,2.027765909830729,-0.860167940457662,0.21832784016927084
2013-06-05,94430.70052083333,301.4724928538005,-0.002288149669766426,0.010430904565623678,1.9895490010579426,-0.8894329071044922,0.2609748840332031
2013-06-06,94326.83610026042,300.90452003479004,-0.002174483612179756,0.004105630517017289,2.133090337117513,-0.9258979558944702,0.30273691813151044
2013-06-07,94288.37581380208,300.09326616923016,-0.002780504524707794,0.01274708780323408,1.7280813852945964,0.5309624274571737,0.32839393615722656
2013-06-08,94323.63004557292,299.8493900299072,-0.0024291537702083588,0.0008526889227091772,4.4777406056722,0.7962198257446289,0.31363995869954425
2013-06-09,94388.32275390625,299.26183636983234,-0.0027389107272028923,0.0020156461174565266,6.1925048828125,0.3225335677464803,0.2875111897786458
2013-06-10,94387.20914713542,299.08878835042316,-0.0026713870465755463,0.003526979684750131,5.459723790486653,0.37193934122721356,0.2756945292154948
2013-06-11,94257.89827473958,298.43215878804523,-0.002688910812139511,0.005902022123336792,4.761007308959961,-0.036530772844950356,0.30442555745442706
2013-06-12,94140.50130208333,296.861873626709,-0.002447778359055519,0.009924739599227905,4.24406623840332,-0.37483036518096924,0.3378143310546875
2013-06-13,93970.7109375,296.5391623179118,-0.0029870662838220596,0.013050916790859901,5.843356450398763,-0.027131199836730957,0.37185414632161456
2013-06-14,93895.05436197917,295.3266404469808,-0.004200544208288193,0.027006521821022034,6.653381983439128,0.15377052625020346,0.4036388397216797
2013-06-15,94024.166015625,297.55133692423504,-0.002985198050737381,0.005541607737541199,5.3905487060546875,1.7366175651550293,0.39586957295735675
2013-06-16,94204.54459635417,298.9230143229167,-0.0024169720709323883,0.00016387254953542651,4.748044331868489,2.561793645222982,0.36246490478515625
2013-06-17,94243.87760416667,299.4106025695801,-0.0031302589923143387,0.0005584939990512794,5.116160074869792,2.302567799886068,0.3409843444824219
2013-06-18,94231.72135416667,299.6704800923665,-0.0036682914942502975,0.0010939478874156805,5.168261210123698,0.8417778015136719,0.3245277404785156
2013-06-19,94354.29801432292,299.245813369751,-0.0032807085663080215,0.0020283162593841553,4.433573404947917,-0.018931468327840168,0.31935691833496094
2013-06-20,94411.43359375,299.2106641133626,-0.003133140504360199,0.0036473453043868176,4.442134857177734,-0.3863447904586792,0.3240712483723958
2013-06-21,94400.12418619792,299.60595258076984,-0.0032661985605955124,0.002775418758290016,4.849019368489583,-0.9164392948150635,0.3304437001546224
2013-06-22,94370.87532552083,298.00418917338055,-0.00289915781468153,0.0032352718167771854,5.306616465250651,-0.7515701452891032,0.3315855662027995
2013-06-23,94224.70475260417,298.3410994211833,-0.002568640746176243,0.001087102293922726,5.866505940755208,-0.5260929266611735,0.3224557240804036
2013-06-24,94172.46695963542,296.85500462849933,-0.0028001535683870316,0.013719189153523104,5.881860097249349,0.21669403711954752,0.350186030069987
2013-06-25,94384.77522786458,297.0301856994629,-0.002341426908969879,0.004122000437803308,6.485459009806315,0.5137704213460287,0.3761742909749349
2013-06-26,94539.89973958333,298.5999399820964,-0.0028680162504315376,0.0011140346527049871,6.049099604288737,0.7022479375203451,0.3436361948649089
2013-06-27,94559.68489583333,299.62380599975586,-0.003549971617758274,0.0005329549312591553,5.9444224039713545,0.15313851833343506,0.3229910532633464
2013-06-28,94571.93538411458,299.3823649088542,-0.003346693702042103,0.0002708733081817627,6.0677642822265625,0.360593318939209,0.30387624104817706
2013-06-29,94627.84195963542,298.9603672027588,-0.003119261935353279,0.0007661461829115979,6.021279017130534,0.3407568534215291,0.29055531819661456
2013-06-30,94589.87190755208,298.58598073323566,-0.0026472769677639008,0.0009690642356758872,6.010519027709961,0.16725345452626547,0.28392918904622394
2013-07-01,94379.38704427083,298.5320879618327,-0.0024859681725502014,0.00044055581082602657,6.056662241617839,0.28486565748850506,0.2766577402750651
2013-07-02,94219.03125,298.67933082580566,-0.00314248725771904,0.0067177414892967136,5.050375858942668,0.28304537137349445,0.2899913787841797
2013-07-03,94246.51888020833,297.6587022145589,-0.0028909724205732346,0.004921871423618995,4.722332000732422,0.6940085093180338,0.34522565205891925
2013-07-04,94298.1767578125,299.15943908691406,-0.003464171662926674,0.001650559902088844,4.14422607421875,-0.0017754236857096355,0.3172791798909505
2013-07-05,94379.91487630208,298.8795630137126,-0.0033028926700353622,0.0012253761291454168,3.7000815073649087,0.027004679044087727,0.3026498158772786
2013-07-06,94487.45979817708,298.5951391855876,-0.0027355439960956573,0.0049102544784318525,3.7937749226888022,-0.5874813397725424,0.301483154296875
2013-07-07,94461.45052083333,297.6526692708333,-0.0026646889746189117,0.005943486094469819,3.767829259236654,-0.4726274410883586,0.3440348307291667
2013-07-08,94376.50227864583,297.72594324747723,-0.002615969628095627,0.006707432865994178,4.803043365478516,-0.306329886118571,0.360809326171875
2013-07-09,94318.38248697917,297.4948616027832,-0.0029205307364463806,0.011424785640372193,4.9280738433202105,-0.48414770762125653,0.3715197245279948
2013-07-10,94245.05631510417,296.09336535135907,-0.0028940867632627487,0.014201321035727688,5.292572021484375,-0.1306323210398356,0.39412562052408856
2013-07-11,94238.81624348958,295.2593123118083,-0.0023484984412789345,0.018151257943316068,5.602973937988281,0.31492165724436444,0.415408452351888
2013-07-12,94261.94661458333,295.62539354960126,-0.002934236079454422,0.017078581969769857,5.544843673706055,1.1255544026692708,0.4202003479003906
2013-07-13,94403.12386067708,297.7534758249919,-0.0028280355036258698,0.0003799704147695593,5.1779307921727495,0.9083073933919271,0.3867835998535156
2013-07-14,94383.94222005208,297.843163172404,-0.00333448126912117,0.006421768665308747,4.687106211980184,-0.17793134848276773,0.38550249735514325
2013-07-15,94339.48583984375,297.8860454559326,-0.0035372599959373474,0.0022165069553921057,4.684861063957214,-0.42857380708058673,0.37144025166829425
2013-07-16,94298.92220052083,295.35983657836914,-0.002904212102293968,0.03863018751144409,5.677679697672526,0.564895232518514,0.41982777913411456
2013-07-17,94309.08333333333,295.35866928100586,-0.002544363960623741,0.035769060253926455,6.05143674214681,0.1524575153986613,0.42730967203776044
2013-07-18,94209.87434895833,296.4338728586833,-0.0030672140419483185,0.026730075478553772,6.449380874633789,-0.4003179868062337,0.4182135264078776
2013-07-19,94127.51416015625,295.711477915446,-0.002825949341058731,0.020969676249137592,6.267374674479167,-0.3744622468948364,0.4238548278808594
2013-07-20,94334.70751953125,297.0259215037028,-0.002532072365283966,0.0015124678611755371,5.910256703694661,0.17056401570638022,0.40419260660807294
2013-07-21,94168.90250651042,297.0835425059001,-0.0032347235828638077,0.014254510402679443,6.378120422363281,0.02962990601857503,0.40078481038411456
2013-07-22,94047.3974609375,295.23170471191406,-0.0026418259367346764,0.047650858759880066,6.698071797688802,0.22589417298634848,0.4299170176188151
2013-07-23,94006.8193359375,296.39060974121094,-0.0032327109947800636,0.006869137287139893,6.893657048543294,1.3741223414738972,0.41796620686848956
2013-07-24,94161.29410807292,297.3043581644694,-0.002411298453807831,0.0003588944673538208,6.84146245320638,1.515724500020345,0.3994528452555339
2013-07-25,94201.35546875,297.6773268381755,-0.0035852454602718353,0.003922918438906464,7.047608693440755,1.0996804634730022,0.39864349365234375
2013-07-26,94262.02197265625,297.6036669413249,-0.003595041111111641,0.0011889517306258313,5.999968846638997,0.9255847930908203,0.3903795878092448
2013-07-27,94510.599609375,298.02207946777344,-0.0033679865300655365,0.0009766072034835815,5.506797154744466,1.2384562889734905,0.3810628255208333
2013-07-28,94668.38102213542,297.9756145477295,-0.003167256712913513,0.00038833916187286377,5.881996790568034,0.6916808684666952,0.37117449442545575
2013-07-29,94532.30729166667,298.20580101013184,-0.003938129171729088,0.00025200247764445294,6.710016250610352,0.05576054255167643,0.3591206868489583
2013-07-30,94245.57259114583,297.1014410654704,-0.004548629745841026,0.009933847188847267,7.318929036458333,-0.00907135009765625,0.3680559794108073
2013-07-31,94071.1064453125,294.71960703531903,-0.0031305355951189995,0.053507059812545776,7.6820424397786455,0.5284163157145182,0.4287605285644531
2013-08-01,94098.69791666667,295.3481527964274,-0.0029002949595451355,0.018128545127353846,6.501583735148112,1.2273057301839192,0.42580731709798175
2013-08-02,94369.72802734375,296.630464553833,-0.0025981562212109566,0.0026849734873621856,5.378618240356445,0.9333146413167318,0.413818359375
2013-08-03,94527.58821614583,298.16950670878094,-0.00402010977268219,0.0001875162124633789,4.42472775777181,0.06947060426076253,0.39546648661295575
2013-08-04,94477.35921223958,298.0085194905599,-0.004226464778184891,0.0023737847805023193,4.21310297648112,-0.9443006118138632,0.3855171203613281
2013-08-05,94480.54052734375,296.39530118306476,-0.0026623299345374107,0.01356393467892758,3.8274428049723306,-0.8976733287175497,0.4087816874186198
2013-08-06,94555.50911458333,296.5959192911784,-0.0026892991736531258,0.005473473170980014,4.28631591796875,-0.22002077102661133,0.4169464111328125
2013-08-07,94625.857421875,298.32753880818683,-0.003894268535077572,0.0002149603379848486,3.8852577209472656,-0.5999393463134766,0.3954614003499349
2013-08-08,94619.64306640625,298.36266326904297,-0.0038797203451395035,0.00039188694489666887,3.8762645721435547,-0.7463422218958536,0.3820050557454427
2013-08-09,94615.60416666667,298.17519760131836,-0.00410838145762682,5.932152271270752e-05,4.1995194753011065,-0.923754096031189,0.3691596984863281
2013-08-10,94625.18994140625,297.8238442738851,-0.003975624218583107,0.0006952822208354803,3.99436887105306,-0.7326871156692505,0.359921137491862
2013-08-11,94630.32763671875,298.1309986114502,-0.00338054820895195,0.00016435980796813965,3.8145675659179688,-1.1180330912272136,0.35184351603190106
2013-08-12,94520.74967447917,297.3832524617513,-0.0030002668499946594,0.0034485638141177333,3.599224090576172,-1.0422596136728923,0.35832659403483075
2013-08-13,94395.88037109375,297.110107421875,-0.003203020431101322,0.007039079070086274,3.8729883829752603,-0.5627728700637817,0.3842639923095703
2013-08-14,94460.69694010417,297.65294392903644,-0.0035337507724761963,0.002517677036223631,3.7507330576578775,-1.0796579122543335,0.3777701059977214
2013-08-15,94507.14078776042,297.5147253672282,-0.0030671581625938416,0.005201852321533806,3.413059870402018,-1.460688869158427,0.37963231404622394
2013-08-16,94460.59098307292,296.6431376139323,-0.0022381972521543503,0.005691426992314064,4.204482396443685,-0.8109449942906698,0.40079816182454425
2013-08-17,94509.95865885417,296.5788326263428,-0.003145786002278328,0.008870053291218483,4.805100123087565,0.4840920766194661,0.40888532002766925
2013-08-18,94517.55045572917,296.69713973999023,-0.002408904954791069,0.0037401169538497925,4.541878382364909,0.3498495817184448,0.4073568979899089
2013-08-19,94508.18147786458,297.47010294596356,-0.003965703770518303,0.003008696436779701,5.243522644042969,0.026032288869222004,0.3987070719401042
2013-08-20,94425.13167317708,297.8649667104085,-0.004248905926942825,0.00047066807746887207,5.502187093098958,-0.8227347930272421,0.38184865315755206
2013-08-21,94392.26871744792,297.6202500661214,-0.004113124683499336,0.0004992306232338706,5.6013031005859375,-0.9155534903208414,0.3672326405843099
2013-08-22,94394.21809895833,297.2730827331543,-0.0033618733286857605,0.001493527681208917,5.822632471720378,-0.6565163930257162,0.36374982198079425
2013-08-23,94453.60791015625,297.7079792022705,-0.0038303304463624954,0.00031668627245196035,4.63711675008138,-0.08591016133626302,0.3522345225016276
2013-08-24,94497.4833984375,297.6865520477295,-0.003794427029788494,0.001482158899307251,3.6996498107910156,0.043492396672566734,0.3443215688069661
2013-08-25,94513.62613932292,298.0661093393962,-0.003756594844162464,0.0008050978182723156,3.913007219632467,-0.13092525800069174,0.34123484293619794
2013-08-26,94532.46435546875,296.8910783131917,-0.0034873606637120247,0.005668830871456976,4.046665191650391,-0.14545090993245444,0.3624890645345052
2013-08-27,94625.12288411458,297.66711107889813,-0.0032992176711559296,0.0005004285075074222,3.437393546104431,-0.42977241675059,0.35351816813151044
2013-08-28,94779.12711588542,297.4723211924235,-0.00299777090549469,0.00295164585113028,2.433337092399597,-0.4910568396250407,0.3545970916748047
2013-08-29,94851.1376953125,297.9441776275635,-0.003154318779706955,0.004039055108989942,1.8553542693456013,-0.4122152328491211,0.36302947998046875
2013-08-30,94779.71614583333,298.68837547302246,-0.004148369655013084,0.0004794403193955077,2.1506079832712808,-0.7184824546178182,0.3518168131510417
2013-08-31,94745.79720052083,298.8928642272949,-0.0038676252588629723,0.001747556391126892,1.4659779866536458,-0.6914147138595581,0.34099896748860675
2013-09-01,94776.521484375,299.32578976949054,-0.004433829337358475,0.00025448799129890176,1.2138150533040364,-1.2510809501012166,0.32991282145182294
2013-09-02,94830.21077473958,298.97035026550293,-0.0034572575241327286,0.00021651387214660645,1.4948355356852214,-0.6040693918863932,0.31760533650716144
2013-09-03,94799.66194661458,298.691349029541,-0.003872368484735489,0.0024278519114204755,2.072782516479492,0.1733074188232422,0.3118966420491536
2013-09-04,94813.97737630208,298.2600777943929,-0.0035928823053836823,0.0009325649559173144,2.6727422078450522,-0.0004762013753255208,0.3229058583577474
2013-09-05,94787.5537109375,298.29195404052734,-0.004474900662899017,0.0002899914978797824,2.9980053504308066,-0.891363779703776,0.3062814076741536
2013-09-06,94802.47184244792,298.75064277648926,-0.004021257162094116,0.0005087554454803467,2.256333033243815,-1.4408307075500488,0.2934424082438151
2013-09-07,94776.38395182292,298.45567893981934,-0.003866152837872505,0.004457026720046997,1.8210411071777344,-1.7724659442901611,0.2908026377360026
2013-09-08,94758.6748046875,296.47413635253906,-0.002352626994252205,0.01927365305022022,1.4844353993733723,-2.103103597958883,0.379275639851888
2013-09-09,94731.89485677083,297.0515817006429,-0.0027790283784270287,0.009611099958306113,-0.4180898666381836,-0.8658709128697714,0.396786371866862
2013-09-10,94603.83561197917,297.277894337972,-0.002943960949778557,0.00432569413260353,-1.1418997446695964,-0.23346392313639322,0.3937600453694661
2013-09-11,94646.91162109375,297.3170757293701,-0.003293462097644806,0.010579739922548015,-1.607364018758138,0.4319922129313151,0.4022808074951172
2013-09-12,94770.33414713542,297.6847839355469,-0.003969038836658001,0.0012293070553823782,-1.6513697306315105,0.7336883544921875,0.38779958089192706
2013-09-13,94770.36100260417,298.3655484517415,-0.00403886754065752,0.0012653291224751229,-1.218606948852539,0.35957972208658856,0.3731028238932292
2013-09-14,94599.81722005208,298.1511745452881,-0.003497270867228508,0.0063200294971466064,0.6637859344482422,0.12028249104817708,0.3827768961588542
2013-09-15,94396.99462890625,298.4070161183675,-0.0037798285484313965,0.007137531042094025,1.9623457590738933,0.017917633056640625,0.3923085530598958
2013-09-16,94384.17138671875,297.84410858154297,-0.0034454017877578735,0.003796654939549171,1.8208669026692708,0.23237494627634683,0.3974234263102214
2013-09-17,94317.1357421875,297.28039360046387,-0.002654656767845154,0.01732659339904785,0.8950188954671224,0.27819303671518963,0.4094727834065755
2013-09-18,94287.22786458333,297.1650282541911,-0.002586163580417633,0.017684730887310707,0.2757790883382161,0.3870719273885091,0.42035166422526044
2013-09-19,94178.00032552083,297.2082284291585,-0.002599346451461315,0.012817996740238868,1.684684117635091,-0.6800969441731771,0.4206701914469401
2013-09-20,94104.46468098958,297.2691650390625,-0.002435186877846718,0.012837141752243042,3.935885747273763,-0.13934795061747232,0.42249615987141925
2013-09-21,94271.57747395833,297.1278298695882,-0.002444738522171974,0.003485405445093903,4.8600107828776045,0.900439182917277,0.41296831766764325
2013-09-22,94419.34912109375,297.73855717976886,-0.004747055470943451,9.649395942190608e-05,4.697958628336589,1.3177282412846882,0.38889630635579425
2013-09-23,94508.07047526042,297.287535349528,-0.004523273557424545,0.00010892152785757503,4.442118962605794,0.9892416000366211,0.37263043721516925
2013-09-24,94656.99853515625,297.37679227193195,-0.0040040165185928345,0.00038753747935516003,3.240390141805013,1.3770068089167278,0.3615163167317708
2013-09-25,94841.5400390625,297.652686436971,-0.004561827518045902,3.0040740917058883e-06,2.759841283162435,1.2094624837239583,0.3485406239827474
2013-09-26,94976.38411458333,298.2415231068929,-0.004195742309093475,0.00021308660507202148,2.8858248392740884,0.661690870920817,0.3373711903889974
2013-09-27,94947.88785807292,298.5761884053548,-0.004094636999070644,0.0001637279987285467,3.1490631103515625,-0.0852961540222168,0.3272361755371094
2013-09-28,94819.04459635417,298.77224413553876,-0.003936000168323517,0.0005451887845993042,3.58320681254069,-0.8510166803995768,0.3199596405029297
2013-09-29,94607.3046875,298.32190895080566,-0.004229364916682243,0.0010722833733822767,3.695911407470703,-0.713187058766683,0.31491661071777344
2013-09-30,94495.54248046875,297.58756828308105,-0.0032131364569067955,0.0025397889174314514,3.2106895446777344,-0.3928345839182536,0.3248647054036458
2013-10-01,94559.95068359375,298.0688120524089,-0.0028169061988592148,0.0016119182109832764,2.6278165181477866,-0.5296359062194824,0.3271973927815755
2013-10-02,94649.4326171875,297.73632621765137,-0.002757507376372814,0.013132035732269287,2.188304901123047,0.17041261990865073,0.3702767690022786
2013-10-03,94697.6875,297.76693534851074,-0.0032646041363477707,0.0070166170596053234,2.743911107381185,1.677695393562317,0.3899993896484375
2013-10-04,94804.6865234375,298.1977068583171,-0.0041671134531497955,0.00010900497426291622,3.583166758219401,1.6659914652506511,0.36800575256347656
2013-10-05,94758.60091145833,297.78902943929035,-0.0039062825962901115,0.0003471076488494873,2.7857494354248047,2.060317357381185,0.35123761494954425
2013-10-06,94770.74837239583,297.8323402404785,-0.003016124479472637,0.0037671715021083685,2.0990117390950522,0.7005049387613932,0.35376421610514325
2013-10-07,94894.30419921875,298.07800165812176,-0.003413795493543148,0.003186061978340149,1.4548530578613281,0.022159576416015625,0.36846478780110675
2013-10-08,94891.66861979167,297.9683087666829,-0.0033918311819434166,0.0063658952713012695,1.591495434443156,-0.8292547861735026,0.37343406677246094
2013-10-09,94865.22591145833,297.20081520080566,-0.003133438527584076,0.004458030878197405,1.838741421699524,-1.1576498746871948,0.38934771219889325
2013-10-10,94920.69449869792,297.2483132680257,-0.0035670772194862366,0.001332363486255872,1.2181671857833862,-1.1302948792775471,0.3742103576660156
2013-10-11,94802.98372395833,297.12952931722003,-0.003976387903094292,0.0033454626798743448,2.786362965901693,-1.6555049419403076,0.36903953552246094
2013-10-12,94515.71337890625,297.13517634073895,-0.003073211759328842,0.0010120868682861328,3.3518460591634116,-2.417266329129537,0.36746788024902344
2013-10-13,94580.34879557292,298.27087084452313,-0.0037056757137179375,0.00040835142135620117,3.567694346110026,-1.3417727947235107,0.35147349039713544
2013-10-14,94824.23600260417,298.45987701416016,-0.003766067326068878,0.0006523072718778167,1.8612054189046223,-1.494127909342448,0.3386656443277995
2013-10-15,94961.68603515625,298.3754132588704,-0.0037195784971117973,0.0004587113857219549,-0.6658954620361328,-1.4616485436757405,0.3306922912597656
2013-10-16,94947.85172526042,298.4206295013428,-0.004279913380742073,1.863241186583764e-05,-1.0791104634602864,-1.1223646799723308,0.3170433044433594
2013-10-17,95023.673828125,298.3075529734294,-0.003588492050766945,0.0009858697653157833,-1.5779120127360027,-0.7429205576578776,0.3094635009765625
2013-10-18,95079.58610026042,297.98768615722656,-0.0040553538128733635,0.00011227428912974347,-1.2880736589431763,-1.2757099866867065,0.3016560872395833
2013-10-19,95101.04427083333,297.0078595479329,-0.0045305946841835976,4.351138613856165e-07,-1.1740032037099202,-1.6635877291361492,0.28805096944173175
2013-10-20,94950.65641276042,297.5060157775879,-0.004227389581501484,1.285888515667466e-06,-0.9192545413970947,-1.7071575323740642,0.27548853556315106
2013-10-21,94788.16959635417,296.6448319753011,-0.0024008937180042267,0.0011841297149608465,-1.1949070294698079,-1.9050294955571492,0.2738869984944661
2013-10-22,94776.306640625,296.355032602946,-0.002564201131463051,0.014927446842193604,-2.028749704360962,-2.459496021270752,0.34048716227213544
2013-10-23,94764.33528645833,295.53155008951825,-0.0019478034228086472,0.028290922346858594,-2.4625123341878257,-2.8363412618637085,0.40328407287597656
2013-10-24,94645.34440104167,294.94809277852374,-0.0011909659951925278,0.01804940104477737,-2.4371776580810547,-1.7319990793863933,0.42495282491048175
2013-10-25,94554.1337890625,294.8248882293701,-0.0009644404053688049,0.01427851582849371,-1.0840352376302083,-1.6916662851969402,0.425106684366862
2013-10-26,94675.33707682292,296.02799797058105,-0.0018157437443733215,0.002144843339920044,1.948111852010091,-1.7803266048431396,0.40977732340494794
2013-10-27,94916.51090494792,296.48371569315594,-0.00226410198956728,0.0004888725362022228,1.1117969353993733,-1.6816827456156414,0.39259910583496094
2013-10-28,95077.65445963542,296.80789120992023,-0.0036680223420262337,3.196895113433129e-05,-0.18774922688802084,-1.9993746280670166,0.3770758310953776
2013-10-29,95241.74544270833,296.54745864868164,-0.004299469292163849,8.583068797918258e-07,-1.2390454610188801,-1.481695334116618,0.3623510996500651
2013-10-30,95316.97623697917,295.87452507019043,-0.00410828273743391,0.0,-1.1352729797363281,-1.3133352597554524,0.3494548797607422
2013-10-31,95325.19612630208,295.91257603963214,-0.003975103609263897,4.410743663640915e-07,-1.2444146474202473,-1.2005060116449993,0.3377806345621745
2013-11-01,95307.0830078125,296.604705174764,-0.003120102919638157,8.805990218618831e-05,-1.8797035217285156,-0.06264237562815349,0.32961591084798175
2013-11-02,95308.07958984375,296.55075136820477,-0.0027959635481238365,0.0015984636927441898,-1.905474344889323,0.19034810860951742,0.33033498128255206
2013-11-03,95374.68115234375,296.54075622558594,-0.0029235752299427986,0.00116749107837677,-1.8265126546223958,0.15011262893676758,0.3311665852864583
2013-11-04,95493.39225260417,296.2126928965251,-0.0033020880073308945,0.0006398111581802368,-1.8615856170654297,-0.562509298324585,0.325833002726237
2013-11-05,95465.2275390625,295.4896430969238,-0.0032053617760539055,4.4006109135352744e-05,-2.023091673851013,0.7789100805918375,0.31539154052734375
2013-11-06,95428.88248697917,294.79320526123047,-0.003764827735722065,8.612870487922919e-07,-2.1045945485432944,1.2378546396891277,0.30412546793619794
2013-11-07,95320.849609375,294.8763478597005,-0.0036010025069117546,4.351138045421976e-07,-1.6033693949381511,1.2084302107493083,0.2939262390136719
2013-11-08,95223.59212239583,295.1421305338542,-0.00289053563028574,1.6416302059951704e-05,-1.5829073588053386,0.550720731417338,0.2866039276123047
2013-11-09,95208.3212890625,294.9172108968099,-0.0035157371312379837,0.0,-1.7393760681152344,-0.4091140826543172,0.2787659962972005
2013-11-10,95236.87451171875,294.5362122853597,-0.003716857172548771,8.709540679774364e-07,-1.3983707427978516,-1.9317609469095867,0.2699127197265625
2013-11-11,95102.46793619792,293.75749651590985,-0.0036834394559264183,0.0,-1.528585433959961,-1.9669482707977295,0.2610467274983724
2013-11-12,95156.61474609375,293.5668938954671,-0.003570414148271084,0.0,-1.6277201970418294,-1.2700409094492595,0.25287755330403644
2013-11-13,95190.46484375,293.5926907857259,-0.003554636612534523,1.7167993746625143e-06,-1.3574117024739583,-1.6368647416432698,0.2452367146809896
2013-11-14,95220.84798177083,293.39921442667645,-0.003445366397500038,1.2874602930423862e-06,-1.308245340983073,-1.894644816716512,0.23788070678710938
2013-11-15,95254.18733723958,292.8335355122884,-0.0034825000911951065,8.404253435401188e-07,-1.923678716023763,-2.127124786376953,0.23058764139811197
2013-11-16,95319.41520182292,293.62868817647296,-0.0032295500859618187,0.002870965003864967,-2.052058537801107,-1.0162213643391926,0.23357327779134116
2013-11-17,95319.14762369792,294.55447324117023,-0.002145949751138687,0.00014813542355796017,-1.497113545735677,-1.3954639434814453,0.25229644775390625
2013-11-18,95336.13216145833,296.20457522074383,-0.0029877210035920143,1.519918441772461e-06,-1.5832265218098958,-1.7340431213378906,0.24248949686686197
2013-11-19,95243.41064453125,295.35068957010907,-0.003658066503703594,0.0,-0.7789789040883383,-2.5865019162495932,0.23102951049804688
2013-11-20,95016.951171875,295.32396125793457,-0.0034563690423965454,2.568959644122515e-06,-0.8272991975148519,-2.5944703420003257,0.2204742431640625
2013-11-21,94911.99283854167,295.63467725118,-0.003424687311053276,0.0,-0.6970699230829874,-2.7716382344563804,0.2113666534423828
2013-11-22,94990.08317057292,296.1330674489339,-0.0027062753215432167,0.004371568560600281,-1.7368157704671223,-3.0817540486653647,0.21716753641764322
2013-11-23,95122.05745442708,294.2080364227295,-0.000964251346886158,0.00492398976922459,-2.149754842122396,0.9831646680831909,0.2766234079996745
2013-11-24,95263.73160807292,295.6728337605794,-0.0019676750525832176,0.0011348799000074905,-1.9005406697591145,1.2110522588094075,0.298800786336263
2013-11-25,95112.36393229167,296.60702578226727,-0.002570541575551033,7.853209967834118e-05,-0.9600480397542318,-0.5989980697631836,0.2821807861328125
2013-11-26,95039.16813151042,296.1479187011719,-0.0027331532910466194,0.00031312704084029974,-1.3165219624837239,-1.9088143905003865,0.2681268056233724
2013-11-27,95137.326171875,294.9657103220622,-0.003806387074291706,2.569696334830951e-06,-1.3694823185602825,-2.4965091149012246,0.2517859141031901
2013-11-28,95237.720703125,293.8921756744385,-0.0024580880999565125,0.005541580915348732,-1.3842411041259766,-2.588398814201355,0.2564353942871094
2013-11-29,95296.25764973958,293.99774233500165,-0.0009235553443431854,0.0006518512963111789,-2.7368462880452475,0.7185831069946289,0.29692331949869794
2013-11-30,95324.23291015625,295.7474587758382,-0.0027705393731594086,1.2904405544134079e-06,-1.7590103149414062,0.9110885461171468,0.2798023223876953
2013-12-01,95346.74576822917,296.6727828979492,-0.0020498475059866905,0.000862807035446167,-1.8277123769124348,0.5267403523127238,0.270724614461263
2013-12-02,95323.25439453125,296.51972516377765,-0.0022718822583556175,0.00035879015922546387,-2.086998621622721,1.2653063138326008,0.26204872131347656
2013-12-03,95266.45475260417,295.6241626739502,-0.0019877534359693527,0.0007647514343034345,-2.091618855794271,0.45681126912434894,0.2567577362060547
2013-12-04,95271.01057942708,294.96286328633624,-0.002713322639465332,5.501508712768555e-05,-2.0394635995229087,-1.3770491282145183,0.2480748494466146
2013-12-05,95182.96158854167,294.4042453765869,-0.0031988825649023056,1.729331927435851e-06,-1.8109633922576904,-2.317488352457682,0.2353967030843099
2013-12-06,95101.79036458333,293.1881853739421,-0.0030122697353363037,2.9772297125418845e-06,-1.6089591979980469,-2.321231206258138,0.22362963358561197
2013-12-07,95121.77278645833,292.31433359781903,-0.0030744336545467377,8.697160751580668e-07,-1.4064095815022786,-2.2429542541503906,0.21338526407877603
2013-12-08,95049.5546875,292.7101853688558,-0.0029655620455741882,8.52346317969932e-07,-0.6040802001953125,-2.14858607451121,0.20409138997395834
2013-12-09,94945.57975260417,292.8351523081462,-0.003050249069929123,8.581911856708757e-07,-0.4814217885335286,-3.011855959892273,0.19556872049967447
2013-12-10,94954.39306640625,293.25926208496094,-0.0030870791524648666,0.0,-0.26534271240234375,-3.239363114039103,0.18748092651367188
2013-12-11,95068.49446614583,293.8895568847656,-0.002951192669570446,8.52346317969932e-07,-0.5942236582438151,-3.203394571940104,0.1801293690999349
2013-12-12,95124.978515625,293.90364774068195,-0.002719336189329624,4.351138045421976e-07,-1.3129138946533203,-2.973843256632487,0.17379315694173178
2013-12-13,95212.51888020833,293.49512608846027,-0.0025715334340929985,4.351138045421976e-07,-1.3373915354410808,-2.0172856648763022,0.16837692260742188
2013-12-14,95220.72932942708,293.22848892211914,-0.0025588199496269226,8.553266184208042e-07,-0.18418769041697183,-1.762790282567342,0.1639092763264974
2013-12-15,95272.642578125,293.2526060740153,-0.0024171043187379837,8.52346317969932e-07,-1.103164831797282,-1.6544338862101238,0.1599884033203125
2013-12-16,95336.94889322917,293.17202123006183,-0.0023281853646039963,4.261732051702438e-07,-1.721676190694173,-0.9680169423421224,0.15654627482096353
2013-12-17,95236.72867838542,293.0843702952067,-0.0021107569336891174,0.0,-1.7186525265375774,0.2112724781036377,0.15361531575520834
2013-12-18,95173.54280598958,292.77575874328613,-0.0020536156371235847,4.351138045421976e-07,-1.4980004628499348,0.6010098854700724,0.1510613759358724
2013-12-19,95201.111328125,292.57433128356934,-0.0021165916696190834,8.52346317969932e-07,-0.9138666788736979,0.8642832438151041,0.14862696329752603
2013-12-20,95290.81608072917,293.58662033081055,-0.002044420689344406,8.70227722771233e-07,-1.6485659281412761,1.2591603597005208,0.14628219604492188
2013-12-21,95371.95914713542,293.84261258443195,-0.0018907804042100906,1.7046927496267017e-06,-2.4883060455322266,1.9146653811136882,0.14430999755859375
2013-12-22,95458.7001953125,293.7754542032878,-0.001735800877213478,1.7174697859445587e-06,-2.8257624308268228,1.4643141031265259,0.14273834228515625
2013-12-23,95609.18701171875,293.7899621327718,-0.0013857129961252213,2.3424624373546976e-06,-2.509332021077474,0.6435597737630209,0.14155705769856772
2013-12-24,95614.6064453125,293.5787989298503,-0.0014463122934103012,4.351138045421976e-07,-2.543919245402018,0.6432062784830729,0.1405925750732422
2013-12-25,95616.30712890625,293.9897117614746,-0.0017780046910047531,1.7225738702109084e-06,-1.7413946787516277,0.8928693135579427,0.13937759399414062
2013-12-26,95488.11116536458,293.9776261647542,-0.001679874025285244,4.351138045421976e-07,-2.11238161722819,0.9021724859873453,0.13811556498209634
2013-12-27,95425.53173828125,293.6564203898112,-0.0017434852197766304,8.52346317969932e-07,-1.9492384592692058,1.4181968768437703,0.13690058390299478
2013-12-28,95370.72672526042,294.0844141642253,-0.0017371950671076775,0.0,-1.9028228123982747,1.382113019625346,0.13550949096679688
2013-12-29,95343.44840494792,294.02572377522785,-0.0016474947333335876,0.0,-2.43696657816569,1.1257216930389404,0.13431930541992188
2013-12-30,95424.67008463542,293.4272708892822,-0.0016375761479139328,2.582232411896257e-06,-2.7292200724283853,2.015298843383789,0.1333942413330078
2014-01-01,95476.76009114583,293.1414140065511,-0.0014275414869189262,8.564820177525689e-07,-2.477238337198893,0.7131451765696207,0.1318511962890625
2014-01-02,95499.71988932292,293.8565203348796,-0.0014766063541173935,8.544209890715138e-07,-1.9645625750223796,0.4997111956278483,0.1311664581298828
2014-01-03,95469.2265625,294.1505292256673,-0.0015297429636120796,1.719134615996154e-06,-1.9753215710322063,0.7498785257339478,0.13044039408365884
2014-01-04,95313.80550130208,294.47169303894043,-0.001439286395907402,8.642672355563263e-07,-2.006430427233378,1.4119669596354167,0.1297906239827474
2014-01-05,95121.44612630208,295.3976338704427,-0.0016233352944254875,0.0,-1.182760238647461,2.150588353474935,0.12906201680501303
2014-01-06,95176.27327473958,296.11572265625,-0.0017237551510334015,4.276632239452738e-07,-1.7744178771972656,1.1898377736409504,0.12821197509765625
2014-01-07,95335.04752604167,295.3794625600179,-0.0015189126133918762,2.156803930120077e-06,-2.4179464975992837,1.0806872049967449,0.12755457560221353
2014-01-08,95400.72216796875,294.7438627878825,-0.001512313261628151,4.351138045421976e-07,-2.250430425008138,1.7177279392878215,0.12705294291178384
2014-01-09,95322.29996744792,295.0496826171875,-0.0015102429315447807,4.351138045421976e-07,-1.816629409790039,1.6332039038340251,0.12644640604654947
2014-01-10,95288.23404947917,295.28175862630206,-0.0014544017612934113,6.2680140899828984e-06,-1.778790791829427,2.1740188201268515,0.1258678436279297
2014-01-11,95360.84765625,295.34906005859375,-0.0010473690927028656,2.8105984483772772e-05,-1.5758068958918254,2.031811793645223,0.12576802571614584
2014-01-12,95488.61572265625,296.17563756306964,-0.0015246663242578506,1.2895013696834212e-06,-2.476382613182068,0.8367272218068441,0.12544949849446616
2014-01-13,95473.64274088542,295.12879180908203,-0.0014445725828409195,4.351138045421976e-07,-2.5871168772379556,0.9511272509892782,0.12500762939453125
2014-01-14,95407.2529296875,295.2139371236165,-0.0013350173830986023,6.020069008627615e-06,-2.0847256978352866,1.0969069401423137,0.12455113728841145
2014-01-15,95434.02718098958,296.2157103220622,-0.0014523323625326157,2.146327744867449e-06,-1.8586597442626953,1.4130502541859944,0.12412834167480469
2014-01-16,95462.69108072917,296.0738697052002,-0.0014110691845417023,1.5139580114009732e-06,-2.511189421017965,1.8213287194569905,0.1237475077311198
2014-01-17,95391.72819010417,295.6736431121826,-0.0013211853802204132,1.1342763798438682e-05,-2.780552546183268,3.158198674519857,0.12352943420410156
2014-01-18,95500.17024739583,295.381254196167,-0.001157640479505062,1.6987323760986328e-06,-2.70201047261556,2.596944808959961,0.12332407633463542
2014-01-19,95667.41227213542,295.46967760721844,-0.0014118151739239693,4.351138045421976e-07,-2.7887520790100098,1.583112398783366,0.12306849161783855
2014-01-20,95689.13606770833,295.1054573059082,-0.001113440841436386,2.2088528169206256e-05,-2.739783445994059,1.6210191249847412,0.12276077270507812
2014-01-21,95585.19401041667,294.9860140482585,-0.0013171546161174774,1.2961114066456503e-06,-2.480202794075012,2.0802630186080933,0.12248929341634114
2014-01-22,95503.92447916667,294.7911790211995,-0.0010364232584834099,2.372264759742393e-06,-2.523165146509806,2.2023576498031616,0.12237485249837239
2014-01-23,95478.62890625,294.76380920410156,-0.0009093619883060455,2.136753761305954e-05,-2.24354088306427,1.6231731176376343,0.12241554260253906
2014-01-24,95354.24544270833,295.58517328898114,-0.001173524186015129,2.5713598006404936e-06,-2.520867427190145,0.7972180843353271,0.12231000264485677
2014-01-25,95353.50406901042,295.46088727315265,-0.0010797828435897827,8.495123324792075e-07,-2.232252756754557,0.450710932413737,0.12211227416992188
2014-01-26,95413.107421875,295.5801289876302,-0.0012840647250413895,5.684341886080802e-14,-2.4074554443359375,0.18994263807932535,0.12182299296061198
2014-01-27,95431.66031901042,294.99489466349286,-0.0012056902050971985,0.0,-2.3554070790608725,-0.3677392403284709,0.12158775329589844
2014-01-28,95391.1240234375,295.5317389170329,-0.001443689689040184,2.584087269497104e-06,-2.0815099080403647,-0.4369230270385742,0.12135378519694011
2014-01-29,95420.19921875,295.0234959920247,-0.001036008819937706,3.291047778475331e-05,-2.274829864501953,1.1300688584645588,0.12134106953938802
2014-01-30,95442.4462890625,295.01418749491376,-0.0013679545372724533,8.553265615773853e-07,-2.369314193725586,0.5502917369206747,0.12116686503092448
2014-01-31,95440.50390625,294.7844587961833,-0.0013119233772158623,2.566710293194774e-06,-2.424276351928711,0.7962009906768799,0.12095324198404948
2014-02-01,95451.35725911458,295.13165283203125,-0.0011913720518350601,2.148607222807186e-06,-2.3983516693115234,1.3263975779215496,0.12079048156738281
2014-02-02,95327.58854166667,295.10849062601727,-0.0012280670925974846,8.553023462809506e-07,-2.060967127482096,0.9232962528864542,0.12060610453287761
2014-02-03,95141.91080729167,296.29732513427734,-0.0013980958610773087,4.351138045421976e-07,-1.2646331787109375,-0.16829959551493326,0.12039438883463542
2014-02-04,94982.45930989583,297.2226384480794,-0.001565263606607914,0.0,-1.3006197611490886,-0.5482851266860962,0.120147705078125
2014-02-05,94981.90673828125,297.24132982889813,-0.001589280553162098,8.52346317969932e-07,-1.750902811686198,0.01155702273050944,0.11989529927571614
2014-02-06,95010.90104166667,297.6485080718994,-0.0016113566234707832,0.0,-1.8096370697021484,0.8716127872467041,0.11967849731445312
2014-02-07,94986.83040364583,298.3805408477783,-0.00160293560475111,8.626827820990002e-07,-0.9099280039469401,1.786678949991862,0.11947250366210938
2014-02-08,94875.69140625,298.2539520263672,-0.0016292203217744827,8.600427463534288e-07,1.0763575236002605,1.4877166748046875,0.11928304036458333
2014-02-09,94829.06233723958,297.8000717163086,-0.001552286557853222,8.706012977199862e-07,1.7583077748616536,0.5333954493204752,0.11913871765136719
2014-02-10,94844.92220052083,297.47898228963214,-0.0015125051140785217,0.0,1.2369561195373535,0.36017600695292157,0.11902427673339844
2014-02-11,94800.44791666667,297.0907611846924,-0.0014329003170132637,2.1290420022523904e-06,0.37498919169108075,0.8375306129455566,0.1189409891764323
2014-02-12,94841.90315755208,297.54061698913574,-0.0013149846345186234,8.52346317969932e-07,-1.8909413417180378,2.4497385025024414,0.11889394124348958
2014-02-13,95040.57210286458,297.36410395304364,-0.0013728989288210869,1.2934207802572928e-06,-2.142337163289388,3.6736920277277627,0.11884498596191406
2014-02-14,95029.81087239583,296.27441724141437,-0.001109343022108078,0.0013438224789865671,-0.14932823181152344,2.7919559876124063,0.12360064188639323
2014-02-15,94894.54622395833,296.97150166829425,-0.0013936609029769897,0.0005629539488722912,1.0238558451334636,2.1103620529174805,0.13154729207356772
2014-02-16,95070.96240234375,295.8287925720215,-0.0011866707354784012,0.0001409530638625256,1.5824344555536907,-1.2688452402750652,0.1317113240559896
2014-02-17,95384.89583333333,295.1245365142822,-0.0014391867443919182,1.283252004213864e-06,-1.8037268320719402,-2.4053192138671875,0.12958590189615884
2014-02-18,95466.53466796875,295.40770022074383,-0.0014722272753715515,4.351138045421976e-07,-2.6254145304361978,-0.23498407999674478,0.12755966186523438
2014-02-19,95293.63606770833,296.49274317423504,-0.0010691620409488678,3.8623808791271586e-06,-2.0760116577148438,1.4199492931365967,0.126068115234375
2014-02-20,95210.08317057292,297.49229431152344,-0.0012011472135782242,8.642672355563263e-07,-2.470734794934591,1.972830851872762,0.12480417887369792
2014-02-21,95260.06103515625,297.2928829193115,-0.001048186793923378,1.853234692816841e-05,-1.4147300720214844,2.2880802551905313,0.12380790710449219
2014-02-22,95248.86604817708,297.70548184712726,-0.001156006008386612,4.351138613856165e-07,-1.5294418334960938,2.2040846745173135,0.12293052673339844
2014-02-23,95325.14306640625,297.15201505025226,-0.0012458115816116333,0.0003476602914815885,-2.800325393676758,2.104994257291158,0.12376149495442708
2014-02-24,95412.80615234375,296.48625564575195,-0.0011680973693728447,4.261732051702438e-07,-3.058142344156901,1.9487978219985962,0.12421862284342448
2014-02-25,95413.92578125,296.5863437652588,-0.001163700595498085,8.583068797918258e-07,-2.7102572123209634,1.8819127480189006,0.12328402201334636
2014-02-26,95257.01448567708,296.9537239074707,-0.0013052970170974731,0.0,-2.6253662109375,2.089980443318685,0.12244796752929688
2014-02-27,95191.61897786458,297.91259384155273,-0.001192447729408741,4.439055908278533e-05,-1.6902809143066406,2.116633653640747,0.12185732523600261
2014-02-28,95146.97493489583,297.379674911499,-0.0013855695724487305,0.0016749531031337028,-1.1893672943115234,1.9132806062698364,0.12860425313313803
2014-03-01,95151.939453125,296.0425256093343,-0.0012865513563156128,0.002014443278312683,-1.336557944615682,2.1570458014806113,0.1466363271077474
2014-03-02,95180.91780598958,295.617857615153,-0.001569952815771103,0.0017693584157996156,-1.6284236907958984,-0.11847070852915446,0.16001065572102866
2014-03-03,95219.65380859375,294.8701508839925,-0.0017306366935372353,0.006399714946741852,-2.441547393798828,0.7850384712219238,0.1892725626627604
2014-03-04,95356.03792317708,293.4981066385905,-0.0019321106374263763,0.002796351909637451,-2.214928944905599,0.3449816306432088,0.24347368876139322
2014-03-05,95290.28108723958,295.9827467600505,-0.0018272306770086288,2.715885638693294e-05,-2.4439722696940103,1.6486880381902058,0.2316608428955078
2014-03-06,95280.23518880208,296.1177336374919,-0.001741158775985241,4.477382930545559e-05,-1.9823017120361328,1.0822663307189941,0.2135143280029297
2014-03-07,95344.89306640625,296.6862208048503,-0.0017936760559678078,0.0002820640802383423,-2.424464543660482,1.3302634954452515,0.20003573099772134
2014-03-08,95410.42643229167,297.18098704020184,-0.0019314000383019447,9.912252323829307e-06,-2.79674764474233,0.9770955642064413,0.1871191660563151
2014-03-09,95345.42447916667,296.9019152323405,-0.0017521940171718597,9.703876423827751e-05,-2.2583607832590737,1.4438916842142742,0.17513656616210938
2014-03-10,95323.7685546875,297.3806953430176,-0.0019098035991191864,0.00024037361134787716,-2.4509448210398355,1.417536775271098,0.16675249735514322
2014-03-11,95325.826171875,298.64819526672363,-0.0019019711762666702,7.584691047668457e-06,-2.278130849202474,2.289905230204264,0.15731112162272134
2014-03-12,95364.78043619792,298.51420338948566,-0.001482684165239334,0.0,-2.075599034627279,2.0320863723754883,0.14971796671549478
2014-03-13,95328.64176432292,299.31734530131024,-0.0017824945971369743,2.571940399320738e-06,-2.2965176900227866,1.1460081736246746,0.14333279927571616
2014-03-14,95305.78645833333,300.35823186238605,-0.0017054378986358643,7.797777641371795e-05,-2.097571690877279,1.0393995841344197,0.1380481719970703
2014-03-15,95451.75732421875,300.7641321818034,-0.0016805930063128471,5.148351192474365e-05,-1.7516873677571614,0.6411158641179403,0.13393592834472656
2014-03-16,95458.1015625,301.1209348042806,-0.0015464192256331444,1.032948489410046e-05,-1.7870129744211833,-0.1048421065012614,0.13054847717285156
2014-03-17,95346.57486979167,301.4484615325928,-0.001572856679558754,2.1489248069883615e-06,-1.7014662424723308,0.7225640614827474,0.12778600056966147
2014-03-18,95289.50113932292,301.7797711690267,-0.0015800520777702332,2.15228402566936e-06,-1.3628209431966145,1.0228131612141926,0.12545140584309897
2014-03-19,95182.82421875,302.3004894256592,-0.0017098747193813324,0.0,-1.5202089945475261,1.0247188409169514,0.12349255879720052
2014-03-20,95058.61051432292,302.69420687357587,-0.001512991264462471,4.351138045421976e-07,-0.9984105428059896,0.5376418828964233,0.12200927734375
2014-03-21,94859.1875,302.9861380259196,-0.0014373855665326118,1.7062158121916582e-06,-0.481387456258138,0.8658739725748698,0.12095260620117188
2014-03-22,94786.52555338542,302.7379455566406,-0.001402384601533413,8.757216924948352e-07,0.0024852752685546875,0.7032092412312826,0.12017377217610677
2014-03-23,94921.3720703125,302.8824933369954,-0.0015249857679009438,8.656139165452714e-07,-1.8438828786214192,2.1376893122990928,0.11961619059244792
2014-03-24,95055.05582682292,301.8657976786296,-0.0013177227228879929,1.731721738451597e-06,-1.715731938680013,2.355889002482096,0.1192334493001302
2014-03-25,94995.68896484375,302.34342130025226,-0.0014963746070861816,8.43950562767759e-07,-1.5238693952560425,2.1680574814478555,0.11892636617024739
2014-03-26,94998.37320963542,302.759526570638,-0.0016368236392736435,0.0,-2.01362136999766,2.116327921549479,0.11864980061848958
2014-03-27,95062.81559244792,303.0790246327718,-0.0016205236315727234,2.5779008296922257e-06,-1.401619593302409,2.223439653714498,0.11844380696614583
2014-03-28,95052.14453125,303.6435070037842,-0.001517249271273613,-5.960430371487746e-09,-0.8427753448486328,1.4268608490626018,0.11828549702962239
2014-03-29,94950.91959635417,304.29109319051105,-0.0015547461807727814,8.52346317969932e-07,-0.6747442881266276,0.3742409149805705,0.11814943949381511
2014-03-30,94879.87841796875,304.6837221781413,-0.0016071414574980736,8.731695970709552e-07,-0.4475396474202474,0.68570343653361,0.11804898579915364
2014-03-31,94828.55322265625,304.27213350931805,-0.001286286860704422,1.5109776541066822e-06,0.28054173787434894,1.8593780597050984,0.11799240112304688
2014-04-01,94740.71565755208,303.99541155497235,-0.0013098837807774544,2.491474151611328e-05,0.14472858111063638,1.1646469434102376,0.11803754170735677
2014-04-02,94793.10107421875,303.43133481343585,-0.0014520622789859772,0.0006509721279144287,-0.19043147563934326,1.0115557511647542,0.12136205037434895
2014-04-03,94923.44401041667,302.8946475982666,-0.001294286921620369,8.52346317969932e-07,-0.9882914225260416,0.7717587550481161,0.12124951680501302
2014-04-04,94992.07275390625,303.464396794637,-0.0014016088098287582,1.7106522136600688e-06,-1.526720682779948,1.226793924967448,0.12023480733235677
2014-04-05,95015.92073567708,303.9251708984375,-0.001528257504105568,4.351138045421976e-07,-1.0711409250895183,0.8450552622477213,0.11945025126139323
2014-04-06,95036.21468098958,304.1119391123454,-0.0016039339825510979,1.2962314031028654e-06,-1.4270206292470295,1.721316893895467,0.11889012654622395
2014-04-07,95028.1650390625,304.3432445526123,-0.0014461185783147812,2.1578160271928937e-06,-0.2491277058919271,2.3380027214686074,0.11855125427246094
2014-04-08,94950.16471354167,304.8469041188558,-0.0012446008622646332,2.009259782198569e-05,0.6561514536539713,0.7372442881266276,0.11834971110026042
2014-04-09,95086.80436197917,303.01594670613605,-0.001364903524518013,0.0007423609495162964,0.05962689717610677,-0.11263465881347656,0.12188720703125
2014-04-10,95039.18098958333,303.42188262939453,-0.0013407468795776367,8.52346317969932e-07,0.03619257609049479,-0.19499834378560385,0.1237017313639323
2014-04-11,94950.58561197917,303.57290776570636,-0.0013047922402620316,2.3507825517299352e-06,1.0464897155761719,0.7044628063837687,0.12191836039225261
2014-04-12,94878.41097005208,303.45106252034503,-0.0013351673260331154,-1.6173657968465704e-09,-0.1090253194173177,0.6255366007486979,0.12064234415690105
2014-04-13,94966.13834635417,302.9808762868245,-0.0012195184826850891,0.00033662617206076106,-0.9618250528971354,1.929110844930013,0.12133153279622395
2014-04-14,95064.19254557292,302.4429117838542,-0.001124836504459381,0.00021592378612922403,-0.7748502095540365,1.7318940162658691,0.12253443400065105
2014-04-15,95062.65559895833,303.01248931884766,-0.0011750515550374985,5.570054054260254e-05,-1.1863505045572917,1.0165162086486816,0.12214406331380208
2014-04-16,94893.45149739583,303.18443552652997,-0.001308327540755272,0.0009629641677975087,-0.8080374399820963,0.23809576034545898,0.1263707478841146
2014-04-17,94816.77604166667,303.02915064493817,-0.0015591997653245926,0.0016959786414076916,0.5049031575520834,0.7409266630808512,0.1381206512451172
2014-04-18,95032.55126953125,302.664758682251,-0.0015763668343424797,0.000667485594703976,-0.6401983896891276,0.15383402506510416,0.1453984578450521
2014-04-19,94976.65266927083,302.79040718078613,-0.001814369112253189,0.0019183158874511719,-0.12025197347005208,-0.6673933664957682,0.1511993408203125
2014-04-20,94881.1162109375,303.35915247599286,-0.002024487592279911,0.0003250688314437866,-0.9940363566080729,-0.3482398986816406,0.15338897705078125
2014-04-21,94950.00260416667,303.80020268758136,-0.0018505305051803589,3.0085444450378418e-05,-1.4586645762125652,0.32854557037353516,0.14454968770345053
2014-04-22,95109.85595703125,303.5466944376628,-0.0015015136450529099,3.0219554901123047e-05,-2.23243776957194,0.24766703446706137,0.13736852010091147
2014-04-23,94957.3115234375,304.2867437998454,-0.0013245418667793274,1.195073127746582e-05,-0.9986972808837891,0.1871370474497477,0.1322943369547526
2014-04-24,94830.625,304.97986729939777,-0.0013101398944854736,0.0001435628133208411,-0.4967137575149536,0.3787546157836914,0.12871170043945312
2014-04-25,94815.24755859375,305.4801438649495,-0.0013263588771224022,0.0001121670007364628,-0.2617499033610026,0.2884870767593384,0.1267108917236328
2014-04-26,94816.47444661458,305.44218317667645,-0.0012336727231740952,4.509091372284502e-06,-1.0688947041829426,1.162615696589152,0.12458165486653645
2014-04-27,94858.21923828125,305.55224227905273,-0.0012554135173559189,3.579631049888121e-05,-1.0665618975957234,1.2993326584498088,0.12269083658854167
2014-04-28,94848.62744140625,305.21510632832843,-0.0010930681601166725,5.918741226196289e-05,-0.11582497755686443,1.4312140941619873,0.12160555521647136
2014-04-29,94797.34554036458,305.2142791748047,-0.001272677443921566,0.0003033876419067383,-0.5193742116292318,1.0874398549397786,0.12192662556966145
2014-04-30,94824.564453125,304.2155755360921,-0.0013302387669682503,0.001169559359482264,-0.27608172098795575,0.8097473780314127,0.12803522745768228
2014-05-01,94737.73828125,304.48207728068036,-0.0015756115317344666,0.0010753102965850303,0.14997545878092447,0.8533405462900797,0.13665262858072916
2014-05-02,94705.50927734375,304.7979145050049,-0.0015898803249001503,8.713603017440619e-05,-0.7100976308186849,1.1732927958170574,0.1359233856201172
2014-05-03,94735.57194010417,303.8536745707194,-0.0014172587543725967,0.000401771068538892,-0.4319470723470052,1.024493416150411,0.13297017415364584
2014-05-04,94709.34521484375,303.53018951416016,-0.0013558780774474144,9.688735008239746e-05,-1.5968430836995442,1.4496853748957317,0.13067181905110678
2014-05-05,94822.57470703125,302.72968101501465,-0.0011747321113944054,3.1000375543044356e-05,-1.906577428181966,2.002646485964457,0.1275634765625
2014-05-06,94903.75472005208,302.0231138865153,-0.0010257679969072342,4.180073727866329e-05,-2.569056828816732,2.2535940408706665,0.12546920776367188
2014-05-07,94833.9267578125,302.02680587768555,-0.0010957084596157074,0.001250696172064636,-1.6309159596761067,2.3697232802708945,0.13148180643717447
2014-05-08,94739.74886067708,301.12826283772785,-0.0012254305183887482,0.0020331323145796887,-0.5857702891031901,1.361355145772298,0.14512062072753906
2014-05-09,94554.62565104167,296.29230817159015,-0.002031885087490082,0.0508854493480726,-1.1511694590250652,-0.8017403284708658,0.34956932067871094
2014-05-10,94596.25325520833,300.8390369415283,-0.004425134509801865,1.11997127483221e-05,2.647671381632487,-0.4871559540430705,0.3310864766438802
2014-05-11,94794.84814453125,301.84979184468585,-0.00526864267885685,0.0,2.6016966501871743,-0.5619120597839355,0.2881635030110677
2014-05-12,94815.39892578125,302.4180711110433,-0.004733756184577942,1.2860019182880933e-06,1.920541763305664,-0.8128606478373209,0.2569802602132161
2014-05-13,94802.03873697917,303.159699122111,-0.004866013303399086,1.7032524510796065e-06,2.848931630452474,-0.3741905291875203,0.23062769571940103
2014-05-14,94721.69938151042,302.8090464274089,-0.004000123590230942,2.1681501038983697e-08,1.462057113647461,-1.4071187575658162,0.20892461140950522
2014-05-15,94644.03580729167,302.7905902862549,-0.0034774411469697952,4.6193599700927734e-06,1.4644145965576172,-1.1711280743281047,0.1932703653971354
2014-05-16,94654.60335286458,303.22576332092285,-0.003248574212193489,9.889304637411556e-05,1.5762392679850261,-0.8409856160481771,0.17994308471679688
2014-05-17,94783.99381510417,303.436227162679,-0.0031078532338142395,0.0002488940954208374,1.161054293314616,-0.9624983469645182,0.17070897420247397
2014-05-18,94728.00472005208,304.7442175547282,-0.0034243352711200714,1.6239915566984564e-05,0.06593024730682373,-0.044082323710123696,0.15944608052571616
2014-05-19,94737.77897135417,304.3901837666829,-0.0029350966215133667,0.0004375196756427613,-0.3643227418263753,1.1325401465098064,0.15216573079427084
2014-05-20,94675.580078125,303.94799677530926,-0.0025942493230104446,0.00012800097465515137,0.695153554280599,0.6536005338033041,0.14709981282552084
2014-05-21,94557.1767578125,304.1919231414795,-0.0026069488376379013,0.0005562996337289405,1.7801106770833333,-0.4803949197133382,0.14408111572265625
2014-05-22,94382.68473307292,305.84022458394367,-0.0026583336293697357,2.7836445610773808e-06,2.7828801472981772,-1.7421353260676067,0.14031410217285156
2014-05-23,94372.86018880208,306.4683526357015,-0.002589375711977482,8.52346317969932e-07,1.0519460042317708,-1.9040921926498413,0.13433456420898438
2014-05-24,94424.6689453125,306.27109209696454,-0.0024463124573230743,0.0,-0.9195892016092936,-0.9470650355021158,0.13004048665364584
2014-05-25,94432.197265625,306.14271608988446,-0.002070887014269829,0.0,-0.7334378560384115,-0.370103398958842,0.12694358825683594
2014-05-26,94572.42399088542,304.29777272542316,-0.0014925934374332428,3.876090039511837e-05,-1.1827583312988281,-0.11157262325286865,0.1251684824625651
2014-05-27,94564.96761067708,305.34714190165204,-0.0016598328948020935,5.24371862411499e-05,2.045185089111328,0.2738289435704549,0.12380917867024739
2014-05-28,94590.19710286458,305.5001735687256,-0.0016266275197267532,1.716613667213096e-06,0.5171426137288412,0.3208503723144531,0.12267239888509114
2014-05-29,94612.875,305.9227879842122,-0.0014844415709376335,8.52346317969932e-07,1.1320406595865886,1.0133898258209229,0.12149683634440105
2014-05-30,94501.35774739583,306.29160499572754,-0.0015053516253829002,5.731964665756095e-05,2.9971847534179688,-0.22919193903605142,0.12085660298665364
2014-05-31,94369.55810546875,307.02136103312176,-0.0015310226008296013,1.5533892110397574e-05,2.3227532704671225,-1.3959503173828125,0.12037213643391927
2014-06-01,94363.23893229167,307.2443428039551,-0.0015753274783492088,0.0002683470142983424,0.7497885624567667,-0.9079470237096151,0.12031873067220052
2014-06-02,94426.650390625,305.53212547302246,-0.0017787367105484009,0.0030534625053633135,0.03492418924967448,0.4434394836425781,0.14017677307128906
2014-06-03,94364.47639973958,304.52379926045734,-0.001876089721918106,0.0006385741073131612,1.4982020457585652,-0.5131638844807943,0.1527563730875651
2014-06-04,94267.82763671875,304.80975977579754,-0.0018634423613548279,0.0006483037146836068,2.050245920817057,0.33333508173624676,0.14999961853027344
2014-06-05,94169.30257161458,306.14350573221844,-0.0017331233248114586,2.1274452198127847e-05,1.9241752624511719,-0.5116114616394043,0.14409510294596353
2014-06-06,94089.72932942708,306.67630259195965,-0.0015762317925691605,2.8135394682493597e-05,3.4516194661458335,-0.8087323506673177,0.13681348164876303
2014-06-07,94034.86653645833,306.6293315887451,-0.0015444997698068619,0.00011023879051208496,4.525861740112305,-0.7365392843882242,0.1320629119873047
2014-06-08,94031.63037109375,305.29875564575195,-0.0014939513057470322,0.000826585292713844,4.2840010325113935,0.23775247732798258,0.1323553721110026
2014-06-09,94209.13427734375,302.86997350056964,-0.0013297926634550095,0.001633629202785869,5.445240656534831,1.1450936396916707,0.14481353759765625
2014-06-10,94293.197265625,304.42760531107587,-0.0017601391300559044,0.0006434857845256658,4.909224510192871,0.39113859335581463,0.14794095357259116
2014-06-11,94348.099609375,304.5034529368083,-0.0017732828855514526,0.0007000297306944958,5.072892506917317,0.11256027221679688,0.14542516072591147
2014-06-12,94347.1689453125,304.75522867838544,-0.0018478520214557648,0.0010883361101150513,4.841173807779948,-0.8388722737630209,0.14412625630696616
2014-06-13,94403.79736328125,302.6611328125,-0.001796673983335495,0.003974545001938168,4.608877817789714,-0.9417054653167725,0.16201019287109375
2014-06-14,94501.19482421875,301.7479559580485,-0.002335675060749054,0.0034857392309959323,4.098214467366536,-0.49834632873535156,0.19810994466145834
2014-06-15,94482.4423828125,302.2182051340739,-0.0019857529550790787,0.00023923814296722412,4.836738586425781,-0.26747294267018634,0.20148213704427084
2014-06-16,94408.81901041667,302.9794756571452,-0.002079365774989128,0.00021079182624816895,4.9833558400472,0.05488880475362142,0.18420028686523438
2014-06-17,94322.62158203125,303.4474239349365,-0.0018868688493967056,0.00017768058762612782,5.435835520426433,-0.04278290271759033,0.16994603474934897
2014-06-18,94249.94287109375,301.5310567220052,-0.0014902586117386818,0.00045403766330309736,5.413576761881511,0.9674587647120158,0.16010411580403647
2014-06-19,94236.73811848958,300.72106742858887,-0.0012650322169065475,0.0007304400205612183,5.529486974080403,0.9379880825678507,0.15615971883138022
2014-06-20,94326.11328125,301.45504570007324,-0.0011660177260637283,8.722623903167914e-05,5.274976094563802,0.15960478782653809,0.15488115946451822
2014-06-21,94531.72347005208,301.38159370422363,-0.0014754785224795341,0.0014512717724173285,5.240399678548177,0.3260577917098999,0.15521621704101562
2014-06-22,94633.84521484375,300.8920148213704,-0.0009348783642053604,0.0,5.512948354085286,0.22427070140838623,0.1547107696533203
2014-06-23,94482.19417317708,303.37574577331543,-0.0014126133173704147,0.0,5.626924514770508,-0.9999623696009318,0.14705530802408853
2014-06-24,94322.74544270833,304.1116186777751,-0.0013928776606917381,8.52346317969932e-07,5.167341232299805,-1.217421015103658,0.13956705729166666
2014-06-25,94381.64176432292,304.37143007914227,-0.0012501021847128868,2.1457672119140625e-06,4.476204554239909,-1.655535618464152,0.1338329315185547
2014-06-26,94568.6025390625,304.4256763458252,-0.0009938953444361687,8.183717625342979e-06,2.3101526896158853,-1.900444785753886,0.12966473897298178
2014-06-27,94686.83365885417,303.42873255411786,-0.000769798643887043,0.00012098550786276974,0.537896474202474,-0.9922002553939819,0.1274115244547526
2014-06-28,94680.94384765625,300.0242862701416,-0.0020340848714113235,0.010029691457646095,1.2220033009847004,-0.3440380096435547,0.1923853556315104
2014-06-29,94512.88655598958,301.8223361968994,-0.002307819202542305,0.0011424153125858538,2.2846075693766275,-0.38645227750142414,0.2330780029296875
2014-06-30,94464.86865234375,303.6815662384033,-0.002308785915374756,2.977664394165913e-06,3.357006072998047,-0.602258046468099,0.20735041300455728
2014-07-01,94567.20100911458,304.3958371480306,-0.0023129545152187347,8.083879947662354e-05,3.335238774617513,-1.1631594101587932,0.1846491495768229
2014-07-02,94543.51676432292,304.23642857869464,-0.001960890367627144,1.7384840077738772e-05,4.002513249715169,-1.1814331610997517,0.16736602783203125
2014-07-03,94373.87841796875,303.70924377441406,-0.0016641132533550262,2.2845678074645548e-05,4.456610361735026,-1.1811866362889607,0.15454737345377603
2014-07-04,94331.30192057292,302.2521324157715,-0.0014118105173110962,0.001026813318958375,4.035342534383138,-1.065564711888631,0.15016746520996094
2014-07-05,94409.65559895833,302.49416796366376,-0.001338958740234375,0.0009129606727533712,2.758509953816732,-0.6407413482666016,0.15436108907063803
2014-07-06,94528.98795572917,300.97905858357746,-0.0017737261950969696,0.016447842121067424,2.2081915537516275,-0.47161420186360675,0.2396825154622396
2014-07-07,94493.76692708333,300.11589368184406,-0.0030814260244369507,0.005426344275406336,3.594610850016276,-0.7612858215967814,0.3107503255208333
2014-07-08,94406.01611328125,299.0994758605957,-0.0035185199230909348,0.013162106275615315,4.135189056396484,-1.3246815204620361,0.3488381703694661
2014-07-09,94453.79703776042,296.98673820495605,-0.002684563398361206,0.015223771333694458,3.8007818857828775,-1.0812745094299316,0.3735338846842448
2014-07-10,94475.26057942708,297.98365147908527,-0.002944817766547203,0.008590847253799438,5.462966283162435,-0.15636698404947916,0.3598823547363281
2014-07-11,94452.84554036458,297.51256052652997,-0.003033054992556572,0.006225466728210449,6.6831430196762085,0.16063272953033447,0.3568166097005208
2014-07-12,94284.1484375,297.6802914937337,-0.002648642286658287,0.003979811072348127,6.358553965886434,-0.17839252948760986,0.3447914123535156
2014-07-13,94263.34798177083,297.5385494232178,-0.0030368883162736893,0.009593227505682478,5.237380345662435,-0.10792672634124756,0.3749841054280599
2014-07-14,94207.11767578125,297.42578379313153,-0.0026070326566696167,0.00445934903024181,5.660025278727214,0.3801727294921875,0.3649279276529948
2014-07-15,94215.98388671875,296.3656088511149,-0.002838483080267906,0.008720051095906456,5.516075770060222,1.1427968343098958,0.3768304189046224
2014-07-16,94295.29866536458,298.41451835632324,-0.003338497132062912,0.001180008053779602,6.113564809163411,1.9425309499104817,0.361880620320638
2014-07-17,94343.99039713542,298.9282690684001,-0.0023341234773397446,0.00031237602223654903,5.535622914632161,1.8012479543685913,0.3396002451578776
2014-07-18,94349.56331380208,299.0889841715495,-0.003592308610677719,0.003468155860900879,6.107139587402344,1.6015949249267578,0.33211517333984375
2014-07-19,94376.77376302083,297.8567523956299,-0.0032690856605768204,0.005813011527056489,6.487199783325195,1.0953860680262248,0.34833399454752606
2014-07-20,94429.85888671875,296.97933705647785,-0.0024304725229740143,0.004900461899637776,6.280834197998047,0.4899338483810425,0.3610496520996094
2014-07-21,94335.00569661458,297.1701424916585,-0.002814030274748802,0.004505392117152951,6.668626149495442,0.20156554381052652,0.35476112365722656
2014-07-22,94286.22721354167,295.60319964090985,-0.0025618448853492737,0.013752537965672218,6.095794598261516,0.520348866780599,0.3957843780517578
2014-07-23,94376.21842447917,296.61255900065106,-0.0028573498129844666,0.0032191425561904907,6.095704396565755,1.2108510732650757,0.37722015380859375
2014-07-24,94539.73942057292,298.2796001434326,-0.003443019464612007,0.0014432072638896898,5.374643961588542,0.7949269612630209,0.35660552978515625
2014-07-25,94650.21061197917,298.7446689605713,-0.0037810448557138443,0.0009403761095541086,4.829482396443685,0.232488751411438,0.33629735310872394
2014-07-26,94701.96077473958,299.11263783772785,-0.003738006576895714,0.0017474472521712414,4.610703150431315,-0.48708446820576984,0.3225104014078776
2014-07-27,94619.51188151042,297.1921151479085,-0.002669770270586014,0.019312494993204865,5.271467924118042,-0.5646671851476034,0.3560924530029297
2014-07-28,94384.77229817708,295.87247403462726,-0.0027924589812755585,0.014548271894454956,6.239942312240601,-0.17909089724222818,0.41222699483235675
2014-07-29,94387.95768229167,296.5312207539876,-0.003646979108452797,0.016800805926322937,5.85511843363444,0.38372230529785156,0.4178028106689453
2014-07-30,94388.51774088542,296.32692464192706,-0.0031816083937883377,0.01867067217826701,5.498314539591472,1.1362553437550862,0.4218495686848958
2014-07-31,94356.98453776042,298.1146430969238,-0.0026422813534736633,0.00032173800354939885,5.2900390625,1.2353369394938152,0.388552983601888
2014-08-01,94389.21728515625,298.88741811116535,-0.0031681451946496964,0.0018729813273239415,5.162000020345052,1.0318756103515625,0.3729896545410156
2014-08-02,94446.18391927083,298.96959431966144,-0.003506176173686981,0.0002838551997115246,6.185381571451823,0.5349146525065104,0.3531990051269531
2014-08-03,94359.51546223958,298.93824577331543,-0.003481924533843994,0.0001994311809490057,6.312333424886067,0.4359678427378337,0.3336232503255208
2014-08-04,94283.99755859375,297.5340887705485,-0.0030658049508929253,0.0050137042999303105,6.363684972127278,0.31348665555318195,0.3344688415527344
2014-08-05,94373.07503255208,297.54180844624835,-0.0030698897317051888,0.0020943674027762427,6.716719309488933,0.7033176422119141,0.3548450469970703
2014-08-06,94479.37679036458,298.5565611521403,-0.0034642107784748077,0.0006871819496154785,6.0761566162109375,0.7819360097249349,0.3343823750813802
2014-08-07,94490.35774739583,298.6503512064616,-0.0033226199448108673,0.00028985257790736796,5.375715891520183,0.7670669555664062,0.3162250518798828
2014-08-08,94534.70166015625,298.71109771728516,-0.003665536642074585,0.00029372419032824837,4.967947642008464,0.2902304331461589,0.2998059590657552
2014-08-09,94659.20638020833,298.8750108083089,-0.0037164371460676193,0.00019159913063049316,4.767701466878255,0.3478403488794963,0.2847455342610677
2014-08-10,94652.45377604167,299.3112087249756,-0.0037784408777952194,0.00022770762438995007,4.215442021687825,0.0818856954574585,0.270388921101888
2014-08-11,94587.40022786458,299.03822072347003,-0.0030057672411203384,0.0016601979732513428,3.8269850413004556,0.08768240610758464,0.26990000406901044
2014-08-12,94604.99186197917,299.4020004272461,-0.0035169068723917007,0.000544235110282898,4.208163579305013,-0.3203306198120117,0.264889399210612
2014-08-13,94687.3544921875,299.6237964630127,-0.003611067309975624,0.00015410780906677246,4.660392761230469,-0.8125096559524536,0.25203895568847656
2014-08-14,94728.62060546875,299.75684293111163,-0.0036501428112387657,1.1175870895385742e-05,4.673027674357097,-0.4906145731608073,0.23752530415852866
2014-08-15,94776.43017578125,299.4467964172363,-0.0032705236226320267,1.5786504889092612e-05,4.563263575236003,0.014930089314778646,0.22490692138671875
2014-08-16,94809.11555989583,298.9507255554199,-0.0023280493915081024,1.8065640347231238e-05,3.9377517700195312,0.019774119059244793,0.21612675984700522
2014-08-17,94772.10514322917,299.6881039937337,-0.0031868144869804382,0.0003896355628967285,2.5741047064463296,-0.6673373778661092,0.20876948038736978
2014-08-18,94835.96940104167,300.02744992574054,-0.0031269369646906853,0.0005467460003387714,0.846136728922526,-0.5106278657913208,0.2015514373779297
2014-08-19,94819.04085286458,300.594186147054,-0.0033615445718169212,0.000825202539942893,0.4923534393310547,0.09685913721720378,0.19704310099283853
2014-08-20,94664.77506510417,300.797181447347,-0.003658548928797245,0.0054378180482288485,-0.09861310323079427,0.42981886863708496,0.20177714029947916
2014-08-21,94525.62890625,299.90124384562176,-0.0033644353970885277,0.00717298686504364,-0.09659131368001302,0.6614798704783121,0.27308209737141925
2014-08-22,94577.16324869792,300.34527015686035,-0.003803313709795475,0.0001820445058910991,-1.8946278889973958,1.2122448285420735,0.294952392578125
2014-08-23,94649.10481770833,300.5589516957601,-0.004091489128768444,3.2901763916015625e-05,-1.9474722544352214,1.8237285614013672,0.2615063985188802
2014-08-24,94699.24365234375,300.43073145548504,-0.003705434501171112,0.005568742752075195,-0.3283990224202474,1.2708348830540974,0.2574259440104167
2014-08-25,94716.58642578125,299.54285939534503,-0.003709862008690834,0.009722614288325104,1.9720204671223958,0.44434964656829834,0.31700388590494794
2014-08-26,94639.12630208333,297.9094893137614,-0.0032827500253915787,0.014890918135620268,3.144878387451172,0.2631857792536418,0.34775733947753906
2014-08-27,94490.55159505208,295.8009026845296,-0.0019627707079052925,0.013290473818774018,3.860081354777018,-0.7315603892008463,0.3776772816975911
2014-08-28,94365.41943359375,295.7501932779948,-0.0018308116123080254,0.024845357683830116,3.3647632598876953,-1.621877670288086,0.4077905019124349
2014-08-29,94200.439453125,295.9342517852783,-0.0019253483042120934,0.03983657464618773,3.728412628173828,-0.8741077582041422,0.4247118631998698
2014-08-30,94073.951171875,295.75717480977374,-0.001850135624408722,0.040491022915773556,4.480588912963867,0.581592321395874,0.4286308288574219
2014-08-31,94007.87467447917,295.6919225056966,-0.002434040419757366,0.01856679572097164,5.044138590494792,1.3023711442947388,0.42583274841308594
2014-09-01,94142.5927734375,297.2475528717041,-0.0033125821501016617,0.0022819075338702532,5.5513350168863935,2.0178465843200684,0.4071063995361328
2014-09-02,94452.63557942708,298.4156545003255,-0.0037617161870002747,0.0004891996783840113,4.274062474568685,2.4992010593414307,0.384979248046875
2014-09-03,94651.26806640625,298.50504302978516,-0.0038016503676772118,0.00012391300094805047,3.8076356252034507,1.827448884646098,0.3664258321126302
2014-09-04,94678.06380208333,298.2341759999593,-0.003930406644940376,0.0006168536891095755,4.777692159016927,1.7985057830810547,0.3539422353108724
2014-09-05,94608.740234375,297.9694169362386,-0.004350605420768261,0.004917556047416838,5.529214859008789,0.4887940088907878,0.3578389485677083
2014-09-06,94483.74332682292,295.6191825866699,-0.002223721705377102,0.011735476118190036,4.799186706542969,-0.45965905984242755,0.40068944295247394
2014-09-07,94450.2294921875,295.36537106831867,-0.0025863945484161377,0.012105574001623154,6.227455774943034,-0.019953409830729168,0.41704559326171875
2014-09-08,94657.27620442708,297.25242551167804,-0.004413073882460594,0.0020665526390075684,4.817700703938802,1.1483416557312012,0.3957347869873047
2014-09-09,94711.572265625,297.7899360656738,-0.0038852039724588394,0.00044198334217071533,4.8937632242838545,0.6952982743581136,0.3778311411539714
2014-09-10,94736.74853515625,297.1236178080241,-0.003632260486483574,0.006654286384577546,4.109169642130534,0.29707245031992596,0.3848520914713542
2014-09-11,94840.09749348958,297.9364293416341,-0.0037378650158643723,0.0002949535846710205,3.656030019124349,-0.25756510098775226,0.37737083435058594
2014-09-12,94860.68977864583,298.475159962972,-0.003966404125094414,0.0004029750822951428,3.7269814809163413,-0.27223583062489826,0.35943603515625
2014-09-13,94739.5068359375,298.81034024556476,-0.00427517294883728,0.0007953256835548927,3.567001978556315,-0.7371634642283121,0.3473370869954427
2014-09-14,94689.97054036458,298.16977373758954,-0.003834780305624008,0.0031976048134083612,2.844435373942057,-1.1431210835774739,0.35204823811848956
2014-09-15,94578.55485026042,298.22460619608563,-0.003647357225418091,0.005080930088809055,2.7342891693115234,-1.971970558166504,0.3687756856282552
2014-09-16,94466.67822265625,297.64073244730633,-0.0032485593110322952,0.006412544923666275,3.2715651194254556,-2.084973772366842,0.38580958048502606
2014-09-17,94456.21500651042,298.49995104471844,-0.003581073135137558,0.0007133513688017956,3.2061049143473306,-2.5517375071843467,0.3655598958333333
2014-09-18,94603.5478515625,298.96195856730145,-0.0033794688060879707,0.0014917522668724814,2.7642103830973306,-2.3402884801228843,0.3569895426432292
2014-09-19,94621.49235026042,298.2244021097819,-0.0030518919229507446,0.005741518735760565,2.8464584350585938,-2.2092479467391968,0.37278111775716144
2014-09-20,94609.43294270833,297.91736157735187,-0.002887485548853874,0.0032241642475128174,3.0038235982259116,-1.7641766866048176,0.3756395975748698
2014-09-21,94717.66764322917,298.52592786153156,-0.003711760975420475,0.00017731994739733636,2.5413182576497397,-1.6781567335128784,0.35937754313151044
2014-09-22,94838.22005208333,299.35986137390137,-0.004671274684369564,2.136445345968241e-05,1.4348309834798176,-1.9420231580734253,0.33876673380533856
2014-09-23,94823.38004557292,299.1771361033122,-0.003624553792178631,0.002071655622785329,0.6276575724283854,-1.8223471244176228,0.333343505859375
2014-09-24,94872.99202473958,299.4171854654948,-0.004113907925784588,0.0005394548177264369,-0.8109842936197916,-1.2957382599512737,0.3298486073811849
2014-09-25,94957.57047526042,298.9152634938558,-0.00442090816795826,0.00012757750391756417,-1.3098907470703125,0.17783395449320474,0.3140112559000651
2014-09-26,95072.49658203125,298.9533920288086,-0.004160305485129356,0.0002942204752116595,-1.4243011474609375,0.13244120279947916,0.3010400136311849
2014-09-27,95137.85009765625,298.66751035054523,-0.0035574063658714294,0.0007872432470321655,-1.8998807271321614,0.32854334513346356,0.2938639322916667
2014-09-28,95172.3779296875,298.7784226735433,-0.003836400806903839,0.0006813049316392039,-1.9771741231282551,0.6268119812011719,0.2875245412190755
2014-09-29,95124.55143229167,298.6836802164714,-0.0038497615605592728,0.0005633890628473637,-1.6895097096761067,0.40549683570861816,0.28019142150878906
2014-09-30,95122.02718098958,299.21493848164874,-0.003740103915333748,0.00030877292147124535,-1.6229381561279297,0.34440040588378906,0.27126502990722656
2014-10-01,95139.46875,298.9180857340495,-0.0037159696221351624,0.00017535865816853402,-1.3781382242838542,-0.8157265981038412,0.2618217468261719
2014-10-02,95078.91227213542,299.6078446706136,-0.004166662693023682,2.02493339998e-05,-1.1375109354654949,-0.9038861592610677,0.25033315022786456
2014-10-03,95019.94124348958,299.3502833048503,-0.004023807123303413,1.2740492707052908e-05,-0.5377222696940104,-0.28216107686360675,0.23885790506998697
2014-10-04,95048.8115234375,300.25017801920575,-0.0036681238561868668,1.1834502288365911e-05,-0.06675243377685547,-0.4125843048095703,0.22904650370279947
2014-10-05,95080.72428385417,300.7327410380046,-0.003961261361837387,9.785294525954669e-05,-0.41138776143391925,-0.650390625,0.21986897786458334
2014-10-06,94998.69807942708,299.692351659139,-0.0038490407168865204,0.002990806102729948,-0.26196034749348956,-0.37496403853098553,0.2163689931233724
2014-10-07,94845.76204427083,298.7859643300374,-0.0036447662860155106,0.0006061524151732556,-1.2710742950439453,0.24589701493581137,0.23772112528483072
2014-10-08,94894.19938151042,298.93135833740234,-0.003336716443300247,0.0006792956146632889,-1.3268890380859375,0.5502309004465739,0.2307561238606771
2014-10-09,94866.61083984375,299.2415720621745,-0.003174377605319023,0.0015768885611464611,-0.4916375478108724,-0.4681129455566406,0.22767512003580728
2014-10-10,94718.97574869792,300.37448183695477,-0.003887709230184555,0.00037925572968333654,0.36889394124348956,-2.36348025004069,0.22451337178548178
2014-10-11,94563.82698567708,300.5387783050537,-0.003915645182132721,8.639405581334358e-05,1.0017941792805989,-3.6683113177617392,0.21224212646484375
2014-10-12,94400.23665364583,300.7678565979004,-0.004992127418518066,7.703304290274104e-05,3.0789947509765625,-4.08822758992513,0.19812583923339844
2014-10-13,94513.21028645833,300.74186452229816,-0.0037459563463926315,8.583068797918258e-07,2.976973215738932,0.03157615661621094,0.18527094523111978
2014-10-14,94925.02408854167,300.9969940185547,-0.0037531964480876923,7.265021395141957e-06,-0.46990521748860675,0.7900034189224243,0.1757965087890625
2014-10-15,95182.27099609375,299.8437582651774,-0.0029769334942102432,0.0003180503845214844,-2.4782702128092446,1.3609015146891277,0.17092577616373697
2014-10-16,95191.16520182292,299.7594706217448,-0.003208337351679802,0.001692430717866955,-2.4232260386149087,0.66595991452535,0.17740821838378906
2014-10-17,95165.47493489583,299.7017428080241,-0.003344760276377201,0.0018721954154727882,-2.161757787068685,0.7472432057062784,0.18777020772298178
2014-10-18,95135.30224609375,298.2664960225423,-0.0029281415045261383,0.002632319927215576,-1.5540796915690105,0.35982004801432294,0.20586331685384116
2014-10-19,95129.24837239583,298.7543074289958,-0.0031304610893130302,0.000699383020219102,-2.086301803588867,0.6701920827229818,0.21149190266927084
2014-10-20,95211.25927734375,298.8527234395345,-0.0037314090877771378,2.3603438421559986e-06,-2.7058995564778647,0.6479523976643881,0.19997469584147134
2014-10-21,95313.44075520833,299.2323246002197,-0.0030036931857466698,0.00013150274753570557,-2.769475301106771,0.4130058288574219,0.18842506408691406
2014-10-22,95327.49658203125,298.7104784647624,-0.0026331711560487747,0.0006079554557345546,-2.498032251993815,0.2746766408284505,0.1824162801106771
2014-10-23,95239.91520182292,298.95044898986816,-0.0028501758351922035,0.00018970966328879513,-2.322843551635742,0.3680890401204427,0.17650540669759116
2014-10-24,95132.30891927083,299.515832901001,-0.0028515802696347237,0.00018674433221121944,-2.4719295501708984,0.7995949983596802,0.16863250732421875
2014-10-25,95154.84228515625,295.9417502085368,-0.0024795150384306908,0.052494424367978354,-1.7692718505859375,-0.8444360097249349,0.30005963643391925
2014-10-26,95294.95572916667,293.3335768381755,-0.0014453623443841934,0.061230612730753364,-1.6007944742838542,-2.1400458017985025,0.42446645100911456
2014-10-27,95301.65934244792,294.86867968241376,-0.0022091902792453766,0.0007865279912948608,-0.5187765757242838,-1.7637157440185547,0.39838536580403644
2014-10-28,95226.17154947917,295.15476926167804,-0.0037533417344093323,0.0,-1.3499832153320312,-2.0582517782847085,0.3745320638020833
2014-10-29,95253.62255859375,294.93847910563153,-0.004461727105081081,8.52346317969932e-07,-1.6790154774983723,-2.0529491901397705,0.3542976379394531
2014-10-30,95180.6611328125,295.14899317423504,-0.004277605563402176,8.52346317969932e-07,-1.7868194580078125,-1.6637145678202312,0.337466557820638
2014-10-31,95142.38704427083,295.66215387980145,-0.004151735454797745,4.410743663640915e-07,-1.4128354390462239,-1.4541486104329426,0.322967529296875
2014-11-01,95166.02701822917,295.97253290812176,-0.003192785196006298,1.3075811580165464e-06,-1.4817797342936199,-1.2230839331944783,0.31186548868815106
2014-11-02,95242.37076822917,296.85311698913574,-0.003884449601173401,0.0,-1.8222586313883464,-1.720892349878947,0.3004983266194661
2014-11-03,95216.556640625,296.25789578755695,-0.004233784973621368,8.553265615773853e-07,-1.652016321818034,-2.1825459798177085,0.28698285420735675
2014-11-04,95188.59798177083,296.42107582092285,-0.004086349159479141,1.2813263197131164e-06,-0.7901210784912109,-2.109755516052246,0.27463722229003906
2014-11-05,95199.66715494792,296.57007153828937,-0.004088473506271839,4.261732051702438e-07,-0.03171126047770182,-2.469551761945089,0.2629191080729167
2014-11-06,95088.43538411458,297.6095396677653,-0.003573596477508545,1.719593893056981e-06,-0.2836469014485677,-1.3215646743774414,0.25248082478841144
2014-11-07,95142.94889322917,296.7347933451335,-0.004023312591016293,1.2874602361989673e-06,-1.4887504577636719,-2.043982148170471,0.24204126993815103
2014-11-08,95171.31966145833,296.2115955352783,-0.00395454466342926,1.7212013858625141e-06,-1.7683270772298176,-2.1778685251871743,0.2311712900797526
2014-11-09,95204.279296875,295.9462076822917,-0.002225402742624283,0.009305165590717479,-1.2642836968104045,-1.6432557503382366,0.26237742106119794
2014-11-10,95156.20491536458,296.4747994740804,-0.0018966719508171082,0.0007942497729231945,-2.159266630808512,0.38914064566294354,0.32369740804036456
2014-11-11,95164.10530598958,297.2561734517415,-0.003027590923011303,2.0948708879586775e-05,-2.1576620737711587,1.0955055554707844,0.29758771260579425
2014-11-12,95207.03955078125,296.9243647257487,-0.0025575226172804832,0.001722830533879005,-2.2761446634928384,0.08919660250345866,0.2887420654296875
2014-11-13,95337.6015625,295.45688184102374,-0.0018239561468362808,0.005187273025512695,-3.2286148071289062,0.8168903191884359,0.3133474985758464
2014-11-14,95399.53352864583,296.3534647623698,-0.0024247877299785614,0.006391936539689169,-1.9294560352961223,0.8923321564992269,0.34282557169596356
2014-11-15,95290.56998697917,297.06771024068195,-0.0027334587648510933,0.0005444467066695324,-1.608102798461914,0.2673916419347127,0.3324209849039714
2014-11-16,95268.560546875,296.77795855204266,-0.0028703371062874794,0.0002790719269682995,-1.250491460164388,0.753536581993103,0.3095620473225911
2014-11-17,95296.98616536458,297.35664558410645,-0.002836494706571102,0.0005586487214372937,-1.3392690022786458,-0.11736762523651123,0.29480234781901044
2014-11-18,95413.14860026042,296.9690405527751,-0.002586519345641136,0.0006287723778655163,-1.9256432851155598,-0.05111523469289144,0.2867298126220703
2014-11-19,95378.53352864583,296.52427864074707,-0.00253354012966156,0.0007280955911141973,-1.6186262369155884,-0.04043149948120117,0.2807305653889974
2014-11-20,95313.02994791667,295.63216908772785,-0.003139559179544449,3.2067297865978617e-06,-1.5176887512207031,-0.408977746963501,0.26918983459472656
2014-11-21,95267.97932942708,295.46165974934894,-0.0032991208136081696,1.7046928064701206e-06,-1.6316871643066406,-0.022886276245117188,0.25579579671223956
2014-11-22,95204.84977213542,295.9025007883708,-0.00314389169216156,1.7225741544280027e-06,-1.710842768351237,0.0527341365814209,0.2441584269205729
2014-11-23,95224.74104817708,295.7975737253825,-0.0030090156942605972,1.6929069488469395e-06,-1.9957809448242188,-0.18047380447387695,0.23378944396972656
2014-11-24,95285.15934244792,295.0196336110433,-0.0028903773054480553,3.431471668591257e-06,-2.126997629801432,-0.5516699155171713,0.22469139099121094
2014-11-25,95241.09928385417,294.3073279062907,-0.002927694469690323,-1.0982148523908108e-08,-1.9470933278401692,-0.8863454262415568,0.2163092295328776
2014-11-26,95066.61588541667,294.4929313659668,-0.0031149424612522125,4.410743663640915e-07,-1.8077321449915569,-0.8459360202153524,0.20789082845052084
2014-11-27,95108.43294270833,294.434773127238,-0.0028679650276899338,4.351138045421976e-07,-1.9781100749969482,-0.5073897043863932,0.20016988118489584
2014-11-28,95193.19661458333,294.8990529378255,-0.0026850681751966476,8.553265615773853e-07,-1.8525555928548176,-0.2767322063446045,0.19337590535481772
2014-11-29,95187.51416015625,295.39436467488605,-0.0027400273829698563,0.0,-1.8725426991780598,-1.2308927774429321,0.18697230021158853
2014-11-30,95218.62565104167,295.1557248433431,-0.002806512638926506,4.351138045421976e-07,-1.965248743693034,-1.615063230196635,0.1806354522705078
2014-12-01,95216.64013671875,295.2099304199219,-0.0027254577726125717,8.70227722771233e-07,-2.1614373524983725,-1.1545834143956502,0.17453956604003906
2014-12-02,95293.49837239583,295.0538895924886,-0.002517267130315304,1.69873245070562e-06,-1.7848370869954426,-0.9579760233561198,0.16931660970052084
2014-12-03,95267.59147135417,295.23792775472003,-0.0024921074509620667,0.0,-1.2719109853108723,-1.5251776377360027,0.16467157999674478
2014-12-04,95290.62727864583,294.79691886901855,-0.0025585517287254333,0.0,-2.0537598927815757,-1.4208927154541016,0.16026814778645834
2014-12-05,95335.49283854167,294.5290921529134,-0.002312224358320236,4.351138045421976e-07,-2.05816650390625,-0.6876343091328939,0.15637334187825522
2014-12-06,95300.27408854167,294.4156837463379,-0.0021255211904644966,0.0,-2.043521245320638,-0.5396258036295573,0.15316454569498697
2014-12-07,95253.53645833333,295.06647936503094,-0.0020713917911052704,8.52346317969932e-07,-1.7319087982177734,-0.2328516642252604,0.1502526601155599
2014-12-08,95265.83203125,295.7832253774007,-0.0020141620188951492,8.642672355563263e-07,-1.9398829142252605,0.3736167748769124,0.14757156372070312
2014-12-09,95350.15608723958,296.26111157735187,-0.0017873123288154602,4.2319288695580326e-07,-2.186951835950216,0.8507302602132162,0.14524459838867188
2014-12-10,95297.17203776042,296.2367680867513,-0.0017794566228985786,2.14830464528859e-06,-2.037994146347046,1.3661518096923828,0.14330355326334634
2014-12-11,95309.8212890625,295.3051007588704,-0.0009652059525251389,3.724098195334591e-05,-1.9758832454681396,1.2900829315185547,0.14245478312174478
2014-12-12,95370.28792317708,294.71233495076496,-0.0013357726857066154,0.002205535794928437,-2.2908143599828086,1.183172067006429,0.15627288818359375
2014-12-13,95417.79996744792,294.15236790974933,-0.0012674350291490555,0.0015629649162178794,-1.8996734221776326,1.9168914953867595,0.17074267069498697
2014-12-14,95346.28401692708,295.5264314015706,-0.0017803153023123741,8.523463748133508e-07,-1.7812150319417317,1.8132432301839192,0.16906166076660156
2014-12-15,95353.18863932292,296.13661511739093,-0.0017262725159525871,1.7270445823669434e-05,-1.1114991505940754,-0.2586282094319661,0.163604736328125
2014-12-16,95477.77701822917,295.16897710164386,-0.0016154991462826729,2.0659923961829918e-05,-1.9314510822296143,-2.249055862426758,0.15933736165364584
2014-12-17,95504.7568359375,293.0512943267822,-0.001978376880288124,1.272585450351471e-06,-1.7564837137858074,-2.5606988271077475,0.15471204121907553
2014-12-18,95566.11376953125,293.1455198923747,-0.0019013835117220879,1.7261631342080364e-06,-2.115553538004557,-1.4119478861490886,0.15050188700358072
2014-12-19,95611.59602864583,292.7861982981364,-0.0018366863951086998,8.583068797918258e-07,-2.0669813553492227,-1.2782941659291585,0.1468372344970703
2014-12-20,95406.98828125,292.03987948099774,-0.0017653284594416618,4.410743663640915e-07,-1.4961287180582683,-0.901222308476766,0.1437403361002604
2014-12-21,95260.91455078125,292.22096570332843,-0.0016649868339300156,1.2874602930423862e-06,-1.9508771498998005,-0.47734423478444415,0.14113998413085938
2014-12-22,95253.87874348958,292.5378945668538,-0.001557573676109314,2.1530555613935576e-06,-2.1549275716145835,0.830204447110494,0.13897196451822916
2014-12-23,95335.13248697917,293.10297203063965,-0.0015236083418130875,-2.9802322387695312e-08,-1.8552672068277996,1.0677932500839233,0.13705062866210938
2014-12-24,95458.01692708333,293.15357208251953,-0.0014928057789802551,2.1347895540202444e-06,-2.0104608138402305,0.03238081932067871,0.13525263468424478
2014-12-25,95397.54117838542,293.2109832763672,-0.0015394371002912521,3.884846648816165e-06,-1.6444425980250041,-0.6876305739084879,0.13368352254231772
2014-12-26,95247.4931640625,292.98535029093426,-0.00161055289208889,8.519932279682507e-07,-1.7340443929036458,-1.8939870198567708,0.13221168518066406
2014-12-27,95314.25406901042,292.4661121368408,-0.0014996016398072243,0.0,-2.00883420308431,-1.674414078394572,0.1309515635172526
2014-12-28,95309.65592447917,292.8409372965495,-0.0015013795346021652,8.553265615773853e-07,-1.9027024904886882,-1.1436758438746135,0.1298046112060547
2014-12-29,95091.36751302083,294.0568453470866,-0.0014420012012124062,8.52346317969932e-07,-2.009033203125,-0.8531168699264526,0.1287225087483724
2014-12-30,94866.27620442708,295.40077718098956,-0.0013789040967822075,4.351138045421976e-07,-2.0414346059163413,0.3653414249420166,0.12776819864908853
2015-01-01,94919.21565755208,296.4314212799072,-0.0010991739109158516,0.00044201008677191567,-0.09441479047139485,1.9237054189046223,0.12774085998535156
2015-01-02,95166.12565104167,296.02195994059247,-0.0011480636894702911,0.001417850784548591,-0.5527706940968832,1.657609502474467,0.1337254842122396
2015-01-03,95262.1640625,295.23394266764325,-0.001765664666891098,0.003922561948115799,-0.6695698499679565,0.3735822041829427,0.1680596669514974
2015-01-04,95368.79768880208,294.5331503550212,-0.001204201951622963,0.000873856860152955,-1.0881649653116863,-1.6023244857788086,0.17892837524414062
2015-01-05,95329.96175130208,294.95202763875324,-0.0016822181642055511,2.5932927201210987e-06,-1.4698110024134319,-1.9813837607701619,0.17395782470703125
2015-01-06,95328.63427734375,294.5391254425049,-0.0017608804628252983,3.875782567774877e-06,-0.6505306561787924,-1.5563655694325764,0.16647656758626303
2015-01-07,95248.99495442708,295.03322982788086,-0.0017489856109023094,2.5674787025309342e-06,-0.2377654711405436,-0.3951740264892578,0.1596196492513021
2015-01-08,95364.28304036458,294.29492568969727,-0.0017455965280532837,2.171231585634814e-06,-0.668328603108724,-1.5016822814941406,0.1534881591796875
2015-01-09,95508.07991536458,292.5253162384033,-0.0018134526908397675,8.523463748133508e-07,-1.0274731715520222,-2.019112984339396,0.14798800150553384
2015-01-10,95507.0859375,292.01976521809894,-0.001722073182463646,8.619472282589413e-07,-1.3714386224746704,-1.7830870151519775,0.1435216267903646
2015-01-11,95467.49739583333,292.1475353240967,-0.0016685780137777328,0.0,-1.6994202136993408,-1.6181440750757854,0.13972155253092447
2015-01-12,95419.431640625,292.3816337585449,-0.00156470388174057,1.7106532936850272e-06,-1.6945048967997234,-1.0588020086288452,0.13655853271484375
2015-01-13,95296.02555338542,293.034428914388,-0.0014842543751001358,2.593116903426562e-06,-1.936317006746928,-0.5348960161209106,0.13397598266601562
2015-01-14,95285.41080729167,293.74572499593097,-0.0014275582507252693,8.574369871894305e-07,-1.8444563547770183,0.9156990051269531,0.13169225056966147
2015-01-15,95349.814453125,293.97905413309735,-0.0012856489047408104,4.351138045421976e-07,-2.463007847468058,0.4687722524007161,0.1298039754231771
2015-01-16,95397.64290364583,294.069730758667,-0.001414986327290535,0.0,-1.7183996836344402,-0.4182618459065755,0.12816683451334634
2015-01-17,95437.07047526042,294.01880836486816,-0.0014721769839525223,1.7046927496267017e-06,-2.029996474583944,-0.8451964060465494,0.1266803741455078
2015-01-18,95415.76888020833,294.36812527974445,-0.0014186883345246315,8.523464316567697e-07,-1.8684711456298828,-0.2657110293706258,0.1254405975341797
2015-01-19,95392.49235026042,294.69838841756183,-0.0012069176882505417,4.291483080010039e-07,-2.648369471232096,0.7479954163233439,0.12448946634928386
2015-01-20,95512.24137369792,295.22792053222656,-0.0009371377527713776,2.144962316208421e-06,-2.4104844331741333,1.846260706583659,0.12383651733398438
2015-01-21,95665.13248697917,294.79599444071454,-0.0009047519415616989,4.351138045421976e-07,-2.6240991353988647,1.719896952311198,0.12332407633463542
2015-01-22,95575.9658203125,294.8855749766032,-0.0010956451296806335,8.52346317969932e-07,-2.2477633158365884,1.9628478288650513,0.12282562255859375
2015-01-23,95390.65657552083,295.0274848937988,-0.001099858433008194,0.0,-2.425869623819987,1.5378036499023438,0.12233543395996094
2015-01-24,95454.80517578125,295.26513544718426,-0.0011620409786701202,0.0,-2.466662565867106,1.7130572001139324,0.12189420064290364
2015-01-25,95541.35791015625,295.1637439727783,-0.0012642638757824898,8.52346317969932e-07,-2.585983912150065,2.388845443725586,0.12148602803548177
2015-01-26,95456.13916015625,294.60786628723145,-0.0010766023769974709,0.0,-2.511964797973633,2.203132708867391,0.12117576599121094
2015-01-27,95349.99934895833,294.4491081237793,-0.0011924374848604202,1.7224398902726534e-06,-2.236771901448568,1.8305262327194214,0.12087440490722656
2015-01-28,95218.50618489583,294.67572593688965,-0.0011224616318941116,0.0,-2.385159413019816,1.6874046325683594,0.12061754862467448
2015-01-29,95351.69466145833,295.3639844258626,-0.0011065378785133362,1.2662422363973747e-06,-2.142171859741211,1.3455851872762044,0.12038167317708333
2015-01-30,95501.40250651042,295.4510669708252,-0.0009553134441375732,8.67603830556618e-07,-2.1040471394856772,-0.27397958437601727,0.1201324462890625
2015-01-31,95477.80712890625,295.2911968231201,-0.001103765331208706,8.583068797918258e-07,-2.434659957885742,-0.37766138712565106,0.11994361877441406
2015-02-01,95461.73811848958,295.47251828511554,-0.0010934341698884964,1.2843089507441618e-06,-1.968853751818339,0.8495489756266276,0.11976178487141927
2015-02-02,95592.12418619792,295.5480562845866,-0.001052146777510643,4.306435528178554e-06,-2.5747270981470742,1.7130711873372395,0.11955642700195312
2015-02-03,95784.23421223958,294.7360127766927,-0.001048903912305832,4.2945146105921594e-06,-2.4158743222554526,1.1343371868133545,0.11943626403808594
2015-02-04,95656.56136067708,295.48001289367676,-0.0011047497391700745,1.700385837466456e-06,-2.0578330357869468,0.7466899553934733,0.11933263142903645
2015-02-05,95492.90185546875,295.5992380777995,-0.0012020822614431381,1.2879575592705805e-06,-2.1099231243133545,1.2800581057866414,0.1192156473795573
2015-02-06,95471.13395182292,295.86695226033527,-0.0012675933539867401,0.0,-2.3128720919291177,1.5822397867838542,0.11908912658691406
2015-02-07,95353.28352864583,295.8638922373454,-0.0011868113651871681,1.2810099292437371e-06,-2.4536290566126504,2.210684855779012,0.11899185180664062
2015-02-08,95309.96272786458,296.1924304962158,-0.0010616090148687363,1.5017894838820212e-06,-2.111342112223307,2.4472242991129556,0.11892255147298177
2015-02-09,95398.94775390625,295.8579839070638,-0.0010475730523467064,4.085898297034873e-06,-2.9685139258702598,2.167273839314779,0.11887868245442708
2015-02-10,95439.80192057292,295.3057034810384,-0.0010154424235224724,0.0,-2.8245264689127603,1.9057750701904297,0.11882464090983073
2015-02-11,95378.36442057292,295.2266502380371,-0.0009952997788786888,1.3044640354564763e-06,-2.272308270136515,1.376495599746704,0.1185760498046875
2015-02-12,95262.29134114583,296.1770826975505,-0.0011230073869228363,1.2870751788796042e-06,-1.6150939067204793,1.9559032917022705,0.11852773030598958
2015-02-13,95192.23567708333,297.44150670369464,-0.0011508762836456299,8.642672923997452e-07,0.46739880243937176,0.1393962303797404,0.11848704020182292
2015-02-14,95129.52294921875,297.95567385355633,-0.0011572828516364098,1.7225742112714215e-06,-0.2284498612085978,-0.9408475160598755,0.11843490600585938
2015-02-15,95168.3056640625,298.30200322469074,-0.0012662634253501892,0.0,-0.3726094563802083,0.15857505798339844,0.11837704976399739
2015-02-16,95256.75276692708,298.126366297404,-0.0012389179319143295,4.351138045421976e-07,-0.6290982564290365,0.5645942687988281,0.11831855773925781
2015-02-17,95156.11897786458,298.7883078257243,-0.0012845629826188087,8.523463748133508e-07,0.017294645309448242,1.0790990193684895,0.11826769510904948
2015-02-18,95045.09781901042,299.0695006052653,-0.0012312531471252441,2.1477022187355033e-06,0.694997231165568,1.4408738613128662,0.11823336283365886
2015-02-19,95126.45654296875,298.4606132507324,-0.001039053313434124,8.523463748133508e-07,-1.2750049034754436,2.1300684611002603,0.11822700500488281
2015-02-20,95263.32356770833,297.82845942179364,-0.0009908787906169891,8.52346317969932e-07,-2.005577723185221,1.506826400756836,0.11821873982747395
2015-02-21,95279.5224609375,297.741553624471,-0.0009397529065608978,2.795457760385034e-06,-1.7187220255533855,0.5442530314127604,0.11822573343912761
2015-02-22,95325.73014322917,298.6461073557536,-0.001159127801656723,8.52346317969932e-07,-1.2390213012695312,0.27396655082702637,0.11820602416992188
2015-02-23,95307.24593098958,299.05141576131183,-0.001219114288687706,0.0,-1.5781192779541016,1.45145849386851,0.11817169189453125
2015-02-24,95135.90364583333,299.13500022888184,-0.001294533722102642,8.550630923309654e-07,-1.388548215230306,1.7827084461847942,0.11813672383626302
2015-02-25,95012.22688802083,299.2592124938965,-0.0013166731223464012,4.2319288695580326e-07,-0.3770027160644531,1.8834164937337239,0.11809666951497395
2015-02-26,94894.16064453125,299.5223585764567,-0.0012755068019032478,8.565258440285106e-07,-0.7796901067097982,2.142342726389567,0.11806360880533855
2015-02-27,94949.39485677083,299.2085418701172,-0.0011887559667229652,2.5719728000694886e-06,-0.40268635749816895,1.863899866739909,0.11805089314778645
2015-02-28,94943.68180338542,298.77192370096844,-0.0009280946105718613,9.028407220057488e-05,-2.075237274169922,3.1541824340820312,0.11817296346028645
2015-03-01,95018.96500651042,296.7964115142822,-0.0017983512952923775,0.011888927967618201,-0.27426719665527344,3.0071964263916016,0.15301895141601562
2015-03-02,95210.87434895833,296.7913417816162,-0.0021030567586421967,0.0035741955040862194,0.8908843994140625,1.3394927978515625,0.27931658426920575
2015-03-03,95093.69156901042,297.53867785135907,-0.002407480962574482,0.00017257332791587032,1.9278941949208577,-0.4316291809082031,0.2481231689453125
2015-03-04,95161.77555338542,296.65051142374676,-0.002394474111497402,1.275539318612573e-06,-0.7877763112386068,-1.6959630648295085,0.22093836466471353
2015-03-05,95224.44417317708,298.7341022491455,-0.0020563099533319473,1.4525651863550593e-05,-1.753517786661784,0.9614486694335938,0.20063209533691406
2015-03-06,95349.64453125,298.01472727457684,-0.0016339924186468124,0.0012018343637123508,-0.701873779296875,-0.14163164297739664,0.19234848022460938
2015-03-07,95283.3447265625,298.29075686136883,-0.0019339285790920258,0.0008015469765041416,-1.1879183451334636,0.7195374170939127,0.1889495849609375
2015-03-08,95313.11295572917,298.9325701395671,-0.0017932672053575516,0.00043945395708533397,-1.4601243336995442,1.388744831085205,0.1820240020751953
2015-03-09,95473.63509114583,298.76834297180176,-0.0017034206539392471,7.891273730820103e-05,-1.1019484202067058,-0.1282494862874349,0.17206827799479166
2015-03-10,95447.93489583333,298.66161918640137,-0.0017805937677621841,0.0014692425726821057,-1.376202901204427,0.15911046663920084,0.1692358652750651
2015-03-11,95436.92708333333,299.183146794637,-0.0022307708859443665,4.351138045421976e-07,-2.4434293111165366,0.8220925728480021,0.1663036346435547
2015-03-12,95418.05550130208,299.1535104115804,-0.0018870364874601364,1.284479992591514e-06,-2.4556700388590493,0.8555334409077963,0.15504137674967447
2015-03-13,95316.93212890625,300.22036425272626,-0.0018446296453475952,0.0,-2.194950739542643,1.4626013437906902,0.14630699157714844
2015-03-14,95319.69645182292,300.1055043538411,-0.0018537342548370361,1.2869489296463144e-06,-2.495091120402018,2.7426958878835044,0.1391913096110026
2015-03-15,95309.21630859375,299.8390630086263,-0.001452391967177391,1.0609625746837992e-06,-1.128125508626302,2.829859733581543,0.13424809773763022
2015-03-16,95334.08072916667,300.70187822977704,-0.0012563103809952736,1.9341705410624854e-06,-0.9987914164861044,1.8207410176595051,0.1305567423502604
2015-03-17,95189.98372395833,301.13684844970703,-0.001307174563407898,2.5815375579441024e-06,-0.43916066487630206,0.4514280954996745,0.1275501251220703
2015-03-18,95069.06640625,302.29184405008954,-0.0013766465708613396,3.4332275049564487e-06,-0.1216888427734375,-0.6040701071421305,0.12508074442545572
2015-03-19,95163.056640625,301.9688835144043,-0.0012790532782673836,8.52346317969932e-07,-2.1221605936686196,0.16543952624003092,0.12324206034342448
2015-03-20,95268.35498046875,302.29473241170246,-0.001409454271197319,4.261732051702438e-07,-1.9606215159098308,1.5049187342325847,0.12183125813802083
2015-03-21,95308.8564453125,302.7979564666748,-0.0012382296845316887,0.0,-1.4111056725184123,-0.04061965147654215,0.12074724833170573
2015-03-22,95183.10237630208,303.6188774108887,-0.0011673197150230408,1.7106532368416083e-06,-0.81944473584493,-0.8181769053141276,0.11996714274088542
2015-03-23,95035.48177083333,303.2163651784261,-0.0011742673814296722,2.1789142579109466e-06,-0.15246200561523438,-0.052370707194010414,0.11938985188802083
2015-03-24,94959.59635416667,303.4590587615967,-0.0012589478865265846,8.52346317969932e-07,-0.6529076894124349,0.2028521696726481,0.11896197001139323
2015-03-25,95089.22200520833,302.47616958618164,-0.0011562369763851166,0.0,-2.0424321492513022,1.1833086808522542,0.11867268880208333
2015-03-26,95268.56217447917,301.7912171681722,-0.0010454459115862846,1.2874602930423862e-06,-2.1803696950276694,1.6077653964360554,0.1184984842936198
2015-03-27,95256.50081380208,301.7625592549642,-0.0011054864153265953,3.0079122552706394e-06,-1.9742666880289714,1.6789713303248088,0.1183764139811198
2015-03-28,95097.181640625,301.94577089945477,-0.0010986924171447754,8.441895715805003e-07,-1.7108548482259114,1.2389516433080037,0.11826642354329427
2015-03-29,94980.94156901042,301.68154271443683,-0.0008968757465481758,6.034970283508301e-05,-0.5100714365641276,0.9958260854085287,0.11844317118326823
2015-03-30,95034.05989583333,300.86787668863934,-0.0007536150515079498,7.107555859420245e-05,-1.016256332397461,0.10411834716796875,0.11886533101399739
2015-03-31,95059.75048828125,301.1786244710286,-0.001097395084798336,0.00048527717581237084,-1.1847279866536458,1.1799068450927734,0.1209259033203125
2015-04-01,94963.57535807292,302.17723083496094,-0.0009250957518815994,5.649100205573632e-05,-0.6563377380371094,1.2477385600407918,0.12104606628417969
2015-04-02,94820.92740885417,302.920472462972,-0.0009106406942009926,1.2725591318485385e-06,0.5273920694986979,1.4202448924382527,0.12030092875162761
2015-04-03,94656.72721354167,303.6620737711589,-0.0011560656130313873,2.588175163964479e-06,0.9533271789550781,-0.2588786284128825,0.11960283915201823
2015-04-04,94561.03190104167,303.14044698079425,-0.0011719400063157082,8.52346317969932e-07,1.2727858225504558,-1.2043647766113281,0.1190630594889323
2015-04-05,94646.6806640625,303.20804023742676,-0.001148228533565998,4.351138045421976e-07,0.18106969197591147,-0.3223247130711873,0.11868222554524739
2015-04-06,94667.84700520833,303.6896616617839,-0.0010871263220906258,0.0001468062400817871,0.3829364776611328,1.5605076551437378,0.11900520324707031
2015-04-07,94777.45166015625,303.25577481587726,-0.0008953837677836418,2.4616718292236328e-05,-1.0849753618240356,2.148247798283895,0.11931737263997395
2015-04-08,94924.357421875,302.4179935455322,-0.0010175621137022972,0.00010906358085094325,-2.420750935872396,2.19656240940094,0.11951319376627605
2015-04-09,94995.080078125,302.29252942403156,-0.000910608097910881,3.896069608799735e-05,-1.7178510030110676,1.417632261912028,0.1195844014485677
2015-04-10,95000.36458333333,302.08544667561847,-0.0010485202074050903,0.001998007297515869,-0.19553057352701822,0.4865703582763672,0.1263097127278646
2015-04-11,95107.02473958333,299.3917293548584,-0.0015875138342380524,0.01676389574913628,-0.0546722412109375,-0.4413258234659831,0.1876532236735026
2015-04-12,95231.77360026042,296.9007403055827,-0.0027176588773727417,0.0032125396131164052,-0.9892889261245728,1.374890645345052,0.31723658243815106
2015-04-13,95171.29166666667,296.56958325703937,-0.0030236393213272095,0.007860902466745756,-0.03459040323893229,1.79563307762146,0.3068491617838542
2015-04-14,95078.42822265625,295.69223467508954,-0.002605549991130829,0.012252042367890681,-1.3561070760091145,1.7272281646728516,0.3443959554036458
2015-04-15,95175.6171875,297.3750356038411,-0.003186788409948349,0.0021322250365187756,-1.441907246907552,1.4794975519180298,0.3159955342610677
2015-04-16,95263.7265625,298.28041076660156,-0.0031805364415049553,0.00015563070763846554,-1.3365713755289714,0.703282634417216,0.28324317932128906
2015-04-17,95011.75634765625,298.95620981852215,-0.0031368527561426163,0.0008000016211440197,0.7592538197835287,-0.12196807066599528,0.2594114939371745
2015-04-18,94815.24137369792,301.00772794087726,-0.0038771536201238632,8.52346317969932e-07,-0.6838792165120443,0.7752252817153931,0.23616981506347656
2015-04-19,94860.34635416667,302.31294504801434,-0.003704521805047989,8.593316351834801e-07,-0.873620351155599,1.3487156629562378,0.210784912109375
2015-04-20,94985.10384114583,302.55600420633954,-0.0034630363807082176,0.0,-1.640999476114909,1.4359731276830037,0.1898937225341797
2015-04-21,94922.91796875,303.207909266154,-0.0033033061772584915,2.580881073299679e-06,-0.7585347493489584,1.9989865620930989,0.17251269022623697
2015-04-22,94815.69303385417,304.0747076670329,-0.0027925800532102585,8.2963704926442e-05,0.6296710968017578,0.9066866636276245,0.15924835205078125
2015-04-23,94868.29850260417,303.0307153065999,-0.002720307558774948,0.0014846175909042358,0.4269421895345052,0.7078529596328735,0.15545082092285156
2015-04-24,94860.32161458333,301.5853627522786,-0.002514934167265892,0.0009794712066195643,0.3218218485514323,0.9431041876475016,0.16100311279296875
2015-04-25,94814.16569010417,302.20916239420575,-0.002296674996614456,2.1088123276058468e-05,-0.47365697224934894,1.4424311717351277,0.1553961435953776
2015-04-26,94937.93229166667,302.085111618042,-0.002132488414645195,6.395876403075818e-05,-1.2442989349365234,1.9083768129348755,0.14699745178222656
2015-04-27,94988.3876953125,302.7433713277181,-0.0020233644172549248,7.411738909013366e-05,-0.3116607666015625,1.9066684246063232,0.14050420125325522
2015-04-28,94864.0498046875,304.2300974527995,-0.002028166316449642,3.4242868423461914e-05,1.9139785766601562,1.591644247372945,0.13515917460123697
2015-04-29,94761.01611328125,304.906452814738,-0.001957298256456852,2.8884410767204827e-05,1.1196632385253906,1.3964143594106038,0.1306616465250651
2015-04-30,94825.98372395833,304.730011622111,-0.001771487295627594,8.52346317969932e-07,1.1663653055826824,0.3732604185740153,0.12741788228352866
2015-05-01,94769.64680989583,304.82475026448566,-0.0017123594880104065,8.583068833445395e-07,-0.22165743509928384,0.42711782455444336,0.12484486897786458
2015-05-02,94748.30126953125,305.04115358988446,-0.0014959489926695824,0.0,0.19544474283854166,1.3050878047943115,0.12293179829915364
2015-05-03,94775.51513671875,304.5467643737793,-0.0013960255309939384,0.00020872071070243692,-0.5556233723958334,1.1353155374526978,0.12251218159993489
2015-05-04,94920.68538411458,302.97256787618,-0.0013008993119001389,0.00211954276284132,-1.0801436106363933,1.23249618212382,0.1363379160563151
2015-05-05,94823.77994791667,303.4988193511963,-0.001634545624256134,4.8801302909851074e-05,-0.9612846374511719,0.5289571285247803,0.1420313517252604
2015-05-06,94758.44694010417,303.5242335001628,-0.0018868744373321533,0.0010662913322221357,-0.9866708119710287,0.5251191457112631,0.14060211181640625
2015-05-07,94799.49283854167,304.3748327891032,-0.0017105154693126678,0.0002121806143691174,-0.44884363810221356,0.9216420650482178,0.13951873779296875
2015-05-08,94677.0751953125,305.30216217041016,-0.0015669623389840126,1.7195939108205494e-06,-0.20258204142252603,0.0585180918375651,0.13388506571451822
2015-05-09,94592.82926432292,305.6336606343587,-0.0012898212298750877,9.274482727050781e-05,-0.23818206787109375,1.0485289494196575,0.1295617421468099
2015-05-10,94675.81949869792,304.3575503031413,-0.0010468503460288048,0.0001558691262175671,-0.5324776967366537,0.9159487883249918,0.12748336791992188
2015-05-11,94798.04606119792,304.2030137379964,-0.0011266004294157028,0.0007391129473148794,-1.241903305053711,1.1395714282989502,0.13003985087076822
2015-05-12,94777.9833984375,303.64516830444336,-0.0012049730867147446,0.0010288655757904053,0.1324793497721354,0.5108382701873779,0.13684527079264322
2015-05-13,94764.78287760417,303.21638043721515,-0.0014258762821555138,0.0014821916817595593,-0.34844080607096356,0.1603107452392578,0.14606666564941406
2015-05-14,94839.41731770833,303.28666496276855,-0.001376008614897728,0.00021117329596975765,-1.6263405879338582,0.1999028523763021,0.14753278096516928
2015-05-15,94846.51774088542,302.5642255147298,-0.0015568844974040985,0.007056239247276608,-0.7464075485865275,0.4513104359308879,0.15480740865071616
2015-05-16,94666.09391276042,301.2132256825765,-0.0018612947314977646,0.0013142406940005458,-0.8059158722559611,0.6505103508631388,0.23193677266438803
2015-05-17,94490.11165364583,303.1606750488281,-0.0023918375372886658,0.00010603666305541992,-0.3040650685628255,0.6621659596761068,0.20717366536458334
2015-05-18,94470.19856770833,304.7813135782878,-0.002197122201323509,1.7434358596801758e-06,1.7501811981201172,0.7341736157735189,0.1847661336263021
2015-05-19,94434.87076822917,306.46687571207684,-0.0021878182888031006,2.581436433501949e-06,3.1136322021484375,0.06329794724782307,0.16603660583496094
2015-05-20,94475.41471354167,307.1587193806966,-0.0019339602440595627,1.716613667213096e-06,2.2937793731689453,-1.743969718615214,0.15099207560221353
2015-05-21,94472.27571614583,308.0946153004964,-0.0018086424097418785,8.612871624791296e-07,2.194901784261068,-1.5415966908137004,0.14032681783040366
2015-05-22,94477.10237630208,307.7865416208903,-0.001517442986369133,8.642673492431641e-07,3.3728135426839194,-0.7621696790059408,0.13293139139811197
2015-05-23,94502.74609375,307.309326171875,-0.0013944795355200768,0.00011247098444755466,3.854045867919922,-0.8030078808466593,0.12873140970865884
2015-05-24,94547.04052734375,306.568998336792,-0.0012065144255757332,8.583068797918258e-07,3.7096951802571616,-0.5706686576207479,0.12578137715657553
2015-05-25,94546.35123697917,306.61507479349774,-0.0010738521814346313,8.583068797918258e-07,3.867568333943685,-0.9505806763966879,0.12347412109375
2015-05-26,94545.21826171875,306.8620204925537,-0.0010294616222381592,0.0,3.007380167643229,-1.5870901743570964,0.12177022298177083
2015-05-27,94480.91373697917,307.4889450073242,-0.0010117478668689728,5.176663393058334e-05,2.0144129196802774,-1.4643044869105022,0.12080701192220052
2015-05-28,94437.08837890625,306.5651003519694,-0.0011226329952478409,0.00044011473655203304,2.498959024747213,-0.8624231417973837,0.12150955200195312
2015-05-29,94469.5029296875,307.14743359883624,-0.0009933924302458763,7.070899005157116e-05,1.9180552164713542,-1.5442755222320557,0.12216250101725261
2015-05-30,94494.4638671875,307.01501019795734,-0.0009088888764381409,4.1744112877495354e-05,1.4288431803385417,-1.4887097279230754,0.12118593851725261
2015-05-31,94374.49983723958,306.8333206176758,-0.0010464992374181747,0.00032529234886169434,1.4643395741780598,-0.008122444152832031,0.12119738260904948
2015-06-01,94452.18391927083,303.99274889628094,-0.000975562259554863,0.001177215576170454,2.1353467305501304,0.2525045871734619,0.12818590799967447
2015-06-02,94540.97151692708,304.2504202524821,-0.0011134976521134377,0.0006099462509041587,1.728546142578125,-0.31876862049102783,0.13446044921875
2015-06-03,94514.16373697917,303.61695035298663,-0.0012654652819037437,0.00137119889258841,-0.29533958435058594,0.21934962272644043,0.14066759745279947
2015-06-04,94580.26302083333,303.3862870534261,-0.0014808829873800278,0.001768261194229126,-0.2584737141927083,0.9977829853693644,0.14827346801757812
2015-06-05,94608.62190755208,303.00612386067706,-0.0015929844230413437,0.0012011975049972534,1.3637428283691406,-0.007597525914510091,0.1576849619547526
2015-06-06,94580.1748046875,302.1933759053548,-0.0014026286080479622,0.0029315331651105225,1.1433404286702473,0.5005340576171875,0.16252899169921875
2015-06-07,94581.05875651042,300.9939727783203,-0.001880025491118431,0.0032616109368177604,2.523702621459961,1.004983901977539,0.1998621622721354
2015-06-08,94618.71647135417,302.0925827026367,-0.00218234583735466,0.0011775821446349255,2.9324728647867837,1.2616088390350342,0.20094871520996094
2015-06-09,94646.5693359375,301.7300211588542,-0.00140366330742836,7.060170179329361e-05,3.7243321736653647,-0.07657519976298015,0.1916179656982422
2015-06-10,94549.18587239583,302.2672653198242,-0.0017761671915650368,0.0027484774588515393,2.6418660481770835,-0.7284069856007894,0.1933765411376953
2015-06-11,94510.14925130208,302.68235778808594,-0.0023563671857118607,0.005107381939886579,2.8161595662434897,-0.8131387631098429,0.20770708719889322
2015-06-12,94550.12858072917,300.12930552164715,-0.0022546211257576942,0.014342263340950012,2.8947347005208335,-0.12711167335510254,0.2962226867675781
2015-06-13,94475.21744791667,299.46262550354004,-0.00260878074914217,0.008372554303281987,3.3150545756022134,0.6347644726435343,0.3390553792317708
2015-06-14,94411.42317708333,298.53127606709796,-0.002776890993118286,0.0033488519918734028,4.39294970035553,0.33996033668518066,0.3186683654785156
2015-06-15,94403.54638671875,297.71165657043457,-0.002599971368908882,0.004909425973778525,4.603844563166301,-0.9658311605453491,0.3185437520345052
2015-06-16,94342.91357421875,298.93012682596844,-0.002159964293241501,0.0011849105358692213,4.538665135701497,-1.262740929921468,0.2965373992919922
2015-06-17,94207.4912109375,298.64045906066895,-0.0026228763163089752,0.009186962246893415,4.782302220662435,-1.2242422898610432,0.3049793243408203
2015-06-18,94219.17431640625,297.85966936747235,-0.003130180761218071,0.015117901563542091,5.543519337972005,-0.7342357635498047,0.3684469858805339
2015-06-19,94169.21240234375,298.2711124420166,-0.0034756213426589966,0.009595572948398967,6.558135350545247,-0.4774466355641683,0.3742777506510417
2015-06-20,94068.0224609375,296.9636395772298,-0.0035789702087640762,0.016961997747330315,6.904089609781901,0.6689869165420532,0.39103953043619794
2015-06-21,94054.32454427083,296.2441171010335,-0.003155779093503952,0.02640897035598755,6.902743021647136,2.0373282035191855,0.4183998107910156
2015-06-22,94219.60042317708,298.42184893290204,-0.0028741415590047836,0.002620786428451538,6.104791005452474,1.8539937337239583,0.3928356170654297
2015-06-23,94345.65559895833,299.66395314534503,-0.0037750089541077614,0.006169795989990234,5.342421213785808,2.7566657066345215,0.36992772420247394
2015-06-24,94419.54215494792,299.78115463256836,-0.0036711320281028748,0.0013498663902282715,5.993660608927409,2.589967966079712,0.37435658772786456
2015-06-25,94363.62662760417,299.9116045633952,-0.0032936502248048782,0.0003114819525649182,6.691919326782227,1.7393853664398193,0.34504127502441406
2015-06-26,94370.5390625,300.01855659484863,-0.003611273132264614,0.00029002130037270035,6.629818598429362,0.319841464360555,0.3240610758463542
2015-06-27,94479.45963541667,299.7844403584798,-0.003335774876177311,0.00027097761631011963,5.274358749389648,-0.09670670827229817,0.3063240051269531
2015-06-28,94705.044921875,300.117919921875,-0.003952300176024437,4.470348358154297e-07,4.067077000935872,-0.05515623092651367,0.28766441345214844
2015-06-29,94771.61490885417,300.444122950236,-0.003504127264022827,0.0003140270709991455,3.4348789850870767,0.3088972568511963,0.2722187042236328
2015-06-30,94765.19401041667,300.65258026123047,-0.003587234765291214,0.0002200692892024847,3.7765045960744223,0.43720610936482746,0.25846417744954425
2015-07-01,94811.79899088542,300.36527760823566,-0.0035520829260349274,0.0004071146249771118,3.9360773960749307,0.2581116358439128,0.24426396687825522
2015-07-02,94788.9345703125,300.3292821248372,-0.002776768058538437,0.0002934277057633494,3.5212828318277993,-0.09614872932434082,0.23613993326822916
2015-07-03,94766.45621744792,301.3012212117513,-0.0031014345586299896,3.5095214741431846e-05,4.271969318389893,-0.588218887646993,0.2252025604248047
2015-07-04,94676.05550130208,301.80248832702637,-0.004033353179693222,4.351138613856165e-07,4.9713694254557295,-1.0472577412923176,0.2099736531575521
2015-07-05,94545.76969401042,301.7455946604411,-0.003812633454799652,1.7262714209209662e-06,5.3739363352457685,-1.1559169292449951,0.1949183146158854
2015-07-06,94480.02018229167,301.80358695983887,-0.003437042236328125,8.549754966225009e-07,5.806164423624675,-0.6257327397664388,0.1825567881266276
2015-07-07,94426.25927734375,301.43381754557294,-0.002544540911912918,0.00024859905232688106,5.810178558031718,-0.18405616283416748,0.17493247985839844
2015-07-08,94514.59928385417,301.74195353190106,-0.00271584652364254,0.0006195038556029431,5.747758944829305,-0.48443631331125897,0.17062759399414062
2015-07-09,94449.39371744792,302.12277030944824,-0.002324555069208145,0.0001335382461320478,6.077503840128581,-0.9843032360076904,0.16499710083007812
2015-07-10,94278.88997395833,301.0107135772705,-0.0018114503473043442,0.00061608254909018,5.9484100341796875,-0.28086280822753906,0.1629638671875
2015-07-11,94402.99886067708,301.09113057454425,-0.0016191303730010986,2.2256374336393492e-05,5.246875762939453,0.29968710740407306,0.16034634908040366
2015-07-12,94536.40690104167,302.03665415445965,-0.0023120325058698654,2.6273727371517452e-05,4.105184555053711,-0.41393176714579266,0.1548773447672526
2015-07-13,94498.12353515625,302.1940161387126,-0.0022893529385328293,0.000648015737510832,2.470586140950521,-0.6659234364827474,0.1517461140950521
2015-07-14,94353.55354817708,301.7631251017253,-0.002393493428826332,0.005651637911682883,2.697758992513021,-0.6923513015111288,0.1777032216389974
2015-07-15,94207.23665364583,301.09736315409344,-0.002570454031229019,0.0005225032567750532,4.085865020751953,0.7164570093154907,0.21156819661458334
2015-07-16,94142.36051432292,302.4835122426351,-0.0029404424130916595,2.7149915581503592e-05,4.671446482340495,0.31693828105926514,0.1951147715250651
2015-07-17,94233.232421875,301.34789784749347,-0.0028976229950785637,0.0014582335948034597,5.1318098704020185,0.7057872613271078,0.18427658081054688
2015-07-18,94296.44108072917,301.8354263305664,-0.0024791033938527107,0.0006012499331973231,5.167409896850586,-0.4242706298828125,0.1841131846110026
2015-07-19,94311.1279296875,300.37264760335285,-0.0028114095330238342,0.006880521774291992,5.166038513183594,-0.4635029633839925,0.2141869862874349
2015-07-20,94268.21956380208,300.30247179667157,-0.002764252945780754,0.0011493742465518153,4.98857843875885,-0.2727044423421224,0.24441973368326822
2015-07-21,94326.67561848958,300.62193552652997,-0.002423240803182125,0.0003689616918514105,4.967274785041809,0.5019068717956543,0.22814051310221353
2015-07-22,94401.71712239583,299.14437039693195,-0.002529430203139782,0.004651618003833846,3.7496153513590493,0.8887442747751871,0.23983128865559897
2015-07-23,94517.44921875,300.18872833251953,-0.0029898257926106453,0.0024628043174743652,3.9021148681640625,1.5371692180633545,0.2485529581705729
2015-07-24,94610.20035807292,300.2802543640137,-0.0028769252821803093,0.0016753643751030722,4.246402104695638,1.4839049180348713,0.24311256408691406
2015-07-25,94548.50602213542,300.4312381744385,-0.002899663522839546,0.00042991638179046276,5.144858042399089,0.7759090662002563,0.23238054911295572
2015-07-26,94618.67854817708,299.94264030456543,-0.0023426618427038193,0.002744664486158399,4.713258743286133,0.8017378250757853,0.23454729715983072
2015-07-27,94718.17496744792,300.74414443969727,-0.0025819744914770126,1.0758638381958008e-05,5.250534693400065,0.2602373758951823,0.22797012329101562
2015-07-28,94748.775390625,301.2971719106038,-0.0030939020216464996,7.59844709463664e-06,5.431437174479167,0.32250531514485675,0.20588366190592447
2015-07-29,94716.29947916667,300.76399993896484,-0.002442031167447567,1.1104933378192072e-05,5.759710947672526,-0.14207077026367188,0.18805885314941406
2015-07-30,94730.44108072917,299.84190622965497,-0.0015510758385062218,7.949874219548292e-05,4.677145640055339,-0.48695818583170575,0.17731221516927084
2015-07-31,94710.88216145833,299.7855745951335,-0.002166958525776863,0.0019480615853808558,4.201942443847656,-0.9274781545003256,0.17699114481608072
2015-08-01,94792.7705078125,301.0126266479492,-0.0022368747740983963,0.00019314630844746716,3.3592726389567056,-1.2683072884877522,0.1784661610921224
2015-08-02,94734.46647135417,301.5110441843669,-0.002064637839794159,0.00017193445313523625,3.004786173502604,-1.6178607940673828,0.16798909505208334
2015-08-03,94610.138671875,301.2394542694092,-0.0017948299646377563,0.0002280798598413014,4.25755246480306,-1.3607672452926636,0.16043599446614584
2015-08-04,94522.05550130208,299.945213953654,-0.0015161968767642975,0.00034571623569945586,4.965434114138286,-0.32837645212809247,0.15558433532714844
2015-08-05,94487.2529296875,299.2677065531413,-0.001407083123922348,0.00032566487789154053,5.549434343973796,0.03970464070638021,0.15281359354654947
2015-08-06,94431.72298177083,299.0658137003581,-0.0017872806638479233,0.0015171110629239593,4.8243668874104815,-0.10563913981119792,0.15435791015625
2015-08-07,94445.40364583333,299.46945254007977,-0.001850523054599762,0.004252329468727112,4.593972524007161,-0.8701095581054688,0.1692352294921875
2015-08-08,94449.00162760417,298.9870236714681,-0.0020532943308353424,0.007616937160491943,3.5820000966389975,-1.094011942545573,0.22194035847981772
2015-08-09,94309.11295572917,299.006877263387,-0.0019643064588308334,0.0011292994022369385,2.8059686024983725,-0.9678715864817301,0.2699286142985026
2015-08-10,94344.22672526042,298.5904992421468,-0.0024411845952272415,0.006344947805985157,3.198073069254557,-0.748740037282308,0.28626124064127606
2015-08-11,94511.62467447917,297.9355640411377,-0.002797100692987442,0.023337188362972938,3.726346969604492,-0.9947540760040283,0.3500264485677083
2015-08-12,94541.78694661458,296.25805346171063,-0.0019961660727858543,0.014775723218917847,4.05084228515625,-0.260379433631897,0.386691411336263
2015-08-13,94536.53971354167,297.42053604125977,-0.0030961008742451668,0.00425390899181366,4.276142120361328,0.04344495137532552,0.36623255411783856
2015-08-14,94565.09635416667,299.30487124125165,-0.0036896392703056335,0.0009069949387594534,3.8359298706054688,-0.041025797526041664,0.3290729522705078
2015-08-15,94709.345703125,299.80755043029785,-0.0035513117909431458,0.0002965182065963745,3.7112929026285806,-0.16524028778076172,0.3062642415364583
2015-08-16,94785.7255859375,298.9803937276204,-0.0025627892464399338,0.0006982713936736218,3.183283487955729,-0.2059637705485026,0.292208989461263
2015-08-17,94734.31591796875,299.89573351542157,-0.0032179756090044975,0.001049402356045448,1.5912551879882812,0.5142542123794556,0.28199323018391925
2015-08-18,94835.43505859375,299.8910261789958,-0.003243095241487026,0.0009495168923763231,0.6645310719807943,1.16655437151591,0.2741406758626302
2015-08-19,94891.06917317708,299.9045518239339,-0.003265589475631714,0.00678601861000061,0.6543388366699219,1.033937652905782,0.29238255818684894
2015-08-20,94876.33072916667,298.9881699879964,-0.002846378833055496,0.005290329456215659,2.0644938151041665,0.5561888615290324,0.3369407653808594
2015-08-21,94822.14664713542,298.42684745788574,-0.0028604455292224884,0.0018447786569595337,3.3221918741861978,-0.12172571818033855,0.33061790466308594
2015-08-22,94677.19205729167,299.1042073567708,-0.0036105774343013763,0.0003542304039001465,3.592217763264974,-0.7179095347722372,0.3035469055175781
2015-08-23,94690.17301432292,299.69256083170575,-0.0037265364080667496,0.00012327134608725032,3.5484530131022134,-0.8879441817601522,0.2799231211344401
2015-08-24,94761.35774739583,299.7888412475586,-0.0035849828273057938,0.00022231340403777722,3.4438313643137612,-1.495849609375,0.25935808817545575
2015-08-25,94673.75227864583,300.022647857666,-0.0035687386989593506,0.0003078906884184107,3.6584039529164634,-1.6248722076416016,0.24250284830729166
2015-08-26,94546.95670572917,299.59081649780273,-0.0029212385416030884,0.00031780033759076787,3.126061757405599,-1.4055862426757812,0.22964859008789062
2015-08-27,94529.47444661458,298.8158715565999,-0.002722976729273796,0.0028163135051713084,3.0104478200276694,-1.2595882415771484,0.23711585998535156
2015-08-28,94602.55403645833,297.81876373291016,-0.0028070323169231415,0.011335030198097229,4.084133148193359,-0.6786607106526693,0.2990684509277344
2015-08-29,94614.59391276042,298.4158000946045,-0.0027975812554359436,0.0014881074427535168,4.2781982421875,-0.4338538646697998,0.3252709706624349
2015-08-30,94672.71630859375,299.54177983601886,-0.0030701030045747757,0.0007481515407512518,3.7084681193033853,-0.12160368760426839,0.2950121561686198
2015-08-31,94752.626953125,300.2230536142985,-0.0034624263644218445,5.069182458328214e-05,3.3852316538492837,-0.571865955988566,0.2702534993489583
2015-09-01,94686.34391276042,300.0493755340576,-0.003068476915359497,0.0002565015738582588,2.7534592946370444,-0.16758477687835693,0.2505442301432292
2015-09-02,94686.20247395833,299.7528127034505,-0.003213050775229931,0.0005636095999648205,1.753604253133138,-0.2930630048116048,0.23659133911132812
2015-09-03,94845.18277994792,300.5133171081543,-0.0032363785430788994,0.0002662241458892822,0.6024023691813151,1.1487292846043904,0.2224578857421875
2015-09-04,95064.17545572917,301.0697708129883,-0.0034024063497781754,0.0011658251284529797,0.23088773091634116,1.163593053817749,0.21043014526367188
2015-09-05,95046.65413411458,300.34074719746906,-0.0036381594836711884,0.005483111739238211,0.4269752502441406,0.4697125355402629,0.22178268432617188
2015-09-06,94965.43131510417,299.1591688791911,-0.003146491013467312,0.01512877643108368,1.5695476531982422,-0.004972974459330241,0.31451161702473956
2015-09-07,94940.79329427083,298.320073445638,-0.00300753116607666,0.00783681869506836,1.8138620058695476,0.015202641487121582,0.3517297108968099
2015-09-08,94909.64111328125,298.2608534495036,-0.0038184504956007004,0.006385693449260543,1.9316202799479167,0.5090368588765463,0.3502960205078125
2015-09-09,94886.53743489583,297.90423583984375,-0.0033390894532203674,0.008031388113693083,1.7790838877360027,0.2809704939524333,0.35986900329589844
2015-09-10,94835.93863932292,298.240031560262,-0.003609156236052513,0.007511728302119991,0.9139016469319662,-0.708277424176534,0.3648834228515625
2015-09-11,94758.16064453125,298.41401354471844,-0.0037667173892259598,0.011186239123350816,1.6652882893880208,-0.7287375926971436,0.3705158233642578
2015-09-12,94784.54134114583,297.3236331939697,-0.002737525850534439,0.0067758596341427335,3.5907090504964194,-0.30014316240946454,0.3897533416748047
2015-09-13,94791.9814453125,297.66128476460773,-0.0029274960979819298,0.013597759604429882,3.4364547729492188,-0.6196009318033854,0.3875579833984375
2015-09-14,94634.8837890625,297.3255551656087,-0.0030730105936527252,0.01063868540978774,3.677706003189087,-0.9923165639241537,0.39730262756347656
2015-09-15,94494.65966796875,297.2375666300456,-0.00248067919164896,0.0036607474088619085,3.871975223223368,-0.9749488830566406,0.3850879669189453
2015-09-16,94311.71256510417,297.2356828053792,-0.0025991015136241913,0.008434647321699629,4.545508702596028,-0.7992457946141561,0.39681752522786456
2015-09-17,94229.82356770833,298.2748629252116,-0.0031077824532985687,0.002239599823951721,4.867550532023112,0.3610178629557292,0.3850720723470052
2015-09-18,94426.32877604167,299.4733028411865,-0.003830794245004654,0.0006124796125845933,3.127234776814779,1.5973021189371746,0.3563925425211589
2015-09-19,94535.97705078125,299.1656430562337,-0.0035251695662736893,4.892349238616589e-05,2.954275131225586,0.5426457722981771,0.3351828257242839
2015-09-20,94583.61637369792,298.50598017374676,-0.0026088636368513107,2.0831823348999023e-05,2.833730697631836,0.7234851916631063,0.3200263977050781
2015-09-21,94685.20979817708,298.8541673024495,-0.004027717746794224,0.0001122951256320448,2.911165237426758,0.9419815142949423,0.3029499053955078
2015-09-22,94828.41292317708,298.95182100931805,-0.004287636838853359,1.711924255687336e-06,2.645806630452474,0.6198667685190836,0.2840003967285156
2015-09-23,94934.65706380208,300.1169013977051,-0.00442622322589159,0.0,2.145348866780599,-0.31035931905110675,0.26548512776692706
2015-09-24,94860.53776041667,300.6080805460612,-0.0038156677037477493,0.0001168344827533474,1.2019386291503906,-0.9822995265324911,0.24986712137858072
2015-09-25,94774.79085286458,300.1892999013265,-0.003575490787625313,0.0016567707061767578,0.5573552449544271,-0.4192358652750651,0.24368667602539062
2015-09-26,94822.72233072917,299.3439076741536,-0.003230184316635132,0.0018277615308761597,1.0704015096028645,-0.7660482327143351,0.2504596710205078
2015-09-27,94815.85904947917,299.4109312693278,-0.00438438355922699,3.453508043094189e-06,0.2950083414713542,-1.918439229329427,0.24090703328450522
2015-09-28,94807.11897786458,298.96420733133954,-0.0031908834353089333,6.629094968957361e-05,-1.3280181884765625,-1.5252799987792969,0.2256596883138021
2015-09-29,94882.52425130208,298.9286352793376,-0.0029007773846387863,0.001268509030239784,-1.965039571126302,-0.2863470713297526,0.21992810567220053
2015-09-30,95007.40250651042,299.05911382039386,-0.0029132571071386337,0.0006731331347396008,-2.185154596964518,0.4637344678243001,0.21767743428548178
2015-10-01,95110.99348958333,297.6827843983968,-0.002074611373245716,0.0032740235328674316,-2.0221869150797525,0.8183269500732422,0.23501078287760416
2015-10-02,95117.18831380208,298.40293566385907,-0.002431584522128105,0.005905941128730774,-0.17121060689290366,0.5562305450439453,0.2760581970214844
2015-10-03,95079.42643229167,298.8413543701172,-0.003270675428211689,0.008844837546234885,1.6869932810465496,-0.6044298807779948,0.32393519083658856
2015-10-04,95031.28515625,298.6959870656331,-0.0031911442056298256,0.0075032711029052734,0.8574040730794271,-0.6909140348434448,0.3479169209798177
2015-10-05,94935.0625,299.11161613464355,-0.003461715765297413,0.00119258761395713,-0.9056326548258463,-0.5861191749572754,0.3252684275309245
2015-10-06,94871.58251953125,299.32749303181964,-0.004201788455247879,0.00015297532081604004,-0.9296824137369791,-0.4810771942138672,0.29387855529785156
2015-10-07,94911.99755859375,299.71497344970703,-0.004429187625646591,4.351138045421976e-07,-0.7347253163655599,-0.61741042137146,0.26617177327473956
2015-10-08,94883.6376953125,299.4921938578288,-0.004158466123044491,4.261732051702438e-07,0.1300175984700521,0.05404790242513021,0.2434558868408203
2015-10-09,94825.46272786458,300.97168286641437,-0.004030119627714157,4.261732051702438e-07,2.112728754679362,0.20279248555501303,0.22411473592122397
2015-10-10,94940.78466796875,300.93606821695965,-0.003541611135005951,1.2087821858131065e-05,2.135072708129883,0.32031575838724774,0.20798746744791666
2015-10-11,95119.70524088542,299.7992966969808,-0.003118511289358139,0.0037040054797330413,1.446902592976888,0.216412623723348,0.22184244791666666
2015-10-12,95156.05305989583,301.05975977579754,-0.00373100396245718,1.904666419250134e-05,-0.4775625864664714,-0.34733208020528156,0.22344144185384116
2015-10-13,95166.49788411458,301.4573459625244,-0.003547889180481434,0.0,-1.3295777638753254,0.02508588631947835,0.2058391571044922
2015-10-14,95190.05094401042,301.35388374328613,-0.0031418297439813614,0.0,-0.9414545694986979,0.09218029181162517,0.19151433308919272
2015-10-15,95153.48160807292,301.1452941894531,-0.003127867355942726,8.583068797918258e-07,-0.9943691889444987,-0.1341120402018229,0.17932001749674478
2015-10-16,95230.87418619792,300.54684893290204,-0.0028945263475179672,0.00046528727426675687,-1.879860560099284,0.31924184163411456,0.17085838317871094
2015-10-17,95269.09375,300.0985584259033,-0.0025999024510383606,0.0010924746376872463,-2.0771299997965493,0.4460938771565755,0.17018254597981772
2015-10-18,95339.88720703125,300.2717088063558,-0.0025611277669668198,0.0006311237812042236,-1.8731886545817058,0.4006722768147786,0.1689281463623047
2015-10-19,95251.56998697917,300.5292269388835,-0.002683918923139572,2.41696834564209e-05,-1.8086090882619221,0.08591659863789876,0.16243998209635416
2015-10-20,95074.3173828125,300.99546813964844,-0.0029320474714040756,8.523463748133508e-07,-1.8041890462239583,0.4490343729654948,0.15361849466959634
2015-10-21,95066.96435546875,301.1347541809082,-0.002649197354912758,8.52346317969932e-07,-2.009108225504557,0.5918223063151041,0.14638837178548178
2015-10-22,95129.67415364583,301.26109949747723,-0.0024414341896772385,4.351138045421976e-07,-2.012637456258138,0.5298608938852946,0.14089075724283853
2015-10-23,95146.74723307292,300.9831911722819,-0.0020529842004179955,0.0,-1.8653875986735027,0.5269108613332113,0.13676134745279947
2015-10-24,95131.67561848958,300.889258702596,-0.0018775351345539093,1.9711256015852996e-05,-2.4850152333577475,0.6702105204264323,0.13373692830403647
2015-10-25,95263.29231770833,299.97285652160645,-0.001672106795012951,2.102851857443966e-05,-2.6121641794840493,1.3140519460042317,0.13146209716796875
2015-10-26,95316.3984375,299.4406458536784,-0.001804238185286522,2.2009015083312988e-05,-2.5603761672973633,0.43372011184692383,0.12960052490234375
2015-10-27,95257.28206380208,299.5584487915039,-0.001840204931795597,0.0,-2.271238327026367,0.7137282292048136,0.12774149576822916
2015-10-28,95242.50927734375,298.5914662679036,-0.0015710322186350822,0.000608786940574646,-2.401004155476888,1.8645649751027424,0.1279773712158203
2015-10-29,95180.91064453125,298.46971066792804,-0.00179977435618639,0.002579677104847633,-1.9527061382929485,0.8824770450592041,0.14194424947102866
2015-10-30,95108.53743489583,298.71954409281415,-0.0017656665295362473,0.000571089982884132,-1.9541066487630208,-0.9194395542144775,0.15240478515625
2015-10-31,95075.70133463542,298.93127632141113,-0.0017453795298933983,1.4781950881115336e-06,-2.2477544148763022,-1.4145574569702148,0.1474609375
2015-11-01,95138.94905598958,299.11562792460126,-0.0016006669029593468,0.0,-1.8922411600748699,-1.4576836427052815,0.14194297790527344
2015-11-02,95226.30924479167,299.5317751566569,-0.0015946365892887115,1.968051661904724e-05,-1.5541915893554688,0.11552882194519043,0.13740666707356772
2015-11-03,95233.37776692708,300.28154945373535,-0.0013065757229924202,0.00017496347426870784,-1.6049855550130208,-0.2986571391423543,0.13451830546061197
2015-11-04,95200.21012369792,299.939453125,-0.0014285361394286156,0.0001335233449886175,-1.8425706227620442,-0.4814782937367757,0.13330777486165366
2015-11-05,95182.4013671875,299.39979553222656,-0.0012954622507095337,1.8504260879126377e-05,-1.8417008717854817,0.14478778839111328,0.1308765411376953
2015-11-06,95122.64078776042,299.56450843811035,-0.001262802630662918,1.2993367271008083e-05,-2.081205368041992,0.10093438625335693,0.12892532348632812
2015-11-07,95211.40901692708,299.43968772888184,-0.0012644091621041298,0.0,-2.680398941040039,0.2243801752726237,0.12715975443522134
2015-11-08,95241.5166015625,299.0468521118164,-0.001340179704129696,0.0,-2.8912073771158853,-0.14739354451497397,0.12556775410970053
2015-11-09,95133.82145182292,298.15118471781415,-0.001253749243915081,0.0,-2.817989985148112,-0.7975635528564453,0.12428474426269531
2015-11-10,95058.5107421875,297.1493485768636,-0.00083870068192482,2.0998716252051963e-05,-3.2527408599853516,-0.6369945605595907,0.12349192301432292
2015-11-11,95166.45654296875,298.3302593231201,-0.0010961061343550682,1.725212143810495e-06,-2.903547922770182,-0.8885594209035238,0.12281417846679688
2015-11-12,95338.10221354167,298.3993892669678,-0.0010801563039422035,1.3053416410002683e-06,-2.2950941721598306,-0.6329720417658488,0.12201754252115886
2015-11-13,95309.22233072917,298.5624993642171,-0.0011940859258174896,2.135568024641543e-06,-1.904197057088216,-1.4099284013112385,0.12133280436197917
2015-11-14,95119.4677734375,298.1549491882324,-0.0010415883734822273,1.7166162820103636e-06,-2.561183293660482,-0.621699849764506,0.12078158060709636
2015-11-15,95052.63346354167,298.74951489766437,-0.0009278347715735435,0.00018715823944148724,-2.4332163333892822,-0.3930089871088664,0.12070910135904948
2015-11-16,95062.50162760417,295.69366455078125,-0.0008888095617294312,0.0011361122130324475,-2.280755360921224,-0.2652270396550496,0.12604840596516928
2015-11-17,95014.57307942708,296.7344570159912,-0.0008121654391288757,1.935064784674978e-05,-3.0315259297688804,-1.3292357126871746,0.12948735555013022
2015-11-18,95143.52669270833,297.40318234761554,-0.0010491451248526573,3.4123659133911133e-06,-2.4799505869547525,-2.1450989643732705,0.12790362040201822
2015-11-19,95222.09651692708,297.3183650970459,-0.0007525207474827766,3.718733787039241e-05,-3.489159266153971,-0.16156323750813803,0.1265875498453776
2015-11-20,95248.47802734375,296.40642166137695,-0.00037631113082170486,0.00029787421226501465,-2.7970046997070312,0.6986656188964844,0.12755139668782553
2015-11-21,95199.3583984375,297.9479637145996,-0.0006197085604071617,1.4364718481374439e-05,-2.7532730102539062,1.7058680057525635,0.127349853515625
2015-11-22,95211.33626302083,298.3169943491618,-0.0007656393572688103,1.3053417156072555e-06,-2.669672648111979,1.7210040092468262,0.12616602579752603
2015-11-23,95282.04329427083,298.39230219523114,-0.0007787412032485008,3.160536289215088e-05,-2.3236211140950522,1.9147402445475261,0.1250629425048828
2015-11-24,95272.09309895833,297.9364236195882,-0.000597379170358181,0.00028019547461966,-1.6694679260253906,0.9443435668945312,0.12583223978678384
2015-11-25,95243.54248046875,297.9770030975342,-0.0008013732731342316,0.0,-1.815691630045573,0.7525752782821655,0.1255054473876953
2015-11-26,95196.16959635417,297.8955326080322,-0.0008609825745224953,4.2915326048387215e-06,-1.2685585021972656,1.0363636016845703,0.12434196472167969
2015-11-27,95083.83414713542,298.7174987792969,-0.0008717747405171394,1.2887764455626893e-06,-1.2204399108886719,1.6440404256184895,0.12325731913248698
2015-11-28,95339.37646484375,298.27649180094403,-0.0008465982973575592,2.1472691855706216e-06,-2.4670095841089883,1.8960425059000652,0.12239392598470052
2015-11-29,95452.787109375,297.96904309590656,-0.0007939813658595085,1.725511481254216e-06,-3.1524208386739097,1.2657502889633179,0.12176195780436198
2015-11-30,95473.89208984375,294.2473672231038,-0.001711169257760048,0.010643637180294263,-1.5327192942301433,0.32404692967732746,0.20667648315429688
2015-12-01,95304.25667317708,297.0197016398112,-0.0014777285978198051,0.0001214742660522461,-2.1737664540608725,1.1611747741699219,0.23073895772298178
2015-12-02,95343.59619140625,296.34915351867676,-0.0013602711260318756,4.736185070441934e-05,-2.2295913696289062,1.533425013224284,0.21413548787434897
2015-12-03,95304.74267578125,296.9050286610921,-0.0016456125304102898,0.0,-1.8668708801269531,0.7676115036010742,0.19824345906575522
2015-12-04,95279.61604817708,297.68750953674316,-0.0015632230788469315,8.523463748133508e-07,-1.9013601144154866,0.16404918829600015,0.18418184916178384
2015-12-05,95315.51057942708,297.3119748433431,-0.0014654910191893578,0.0,-2.265639623006185,0.47095636526743573,0.17228190104166666
2015-12-06,95354.23909505208,296.5782661437988,-0.001161438412964344,2.153605123567104e-06,-2.133845647176107,0.9979731241861979,0.16338221232096353
2015-12-07,95399.94026692708,297.0375754038493,-0.0011640386655926704,0.0,-1.8923943837483723,0.3783583641052246,0.1560204823811849
2015-12-08,95391.68001302083,297.0281098683675,-0.0011351210996508598,8.52346317969932e-07,-2.040674845377604,1.1553932825724285,0.14960352579752603
2015-12-09,95405.24853515625,296.4427998860677,-0.001053989864885807,1.7136334804490616e-06,-1.9311432441075642,1.79682723681132,0.1442712148030599
2015-12-10,95281.23323567708,297.2935682932536,-0.0009919768199324608,8.523463748133508e-07,-1.3407173156738281,1.8624027967453003,0.13989384969075522
2015-12-11,95095.19661458333,299.3164342244466,-0.0008850758895277977,0.0,-0.1439189910888672,2.050230383872986,0.13608423868815103
2015-12-12,95023.6123046875,300.2611910502116,-0.0008071810007095337,2.7495920278397534e-05,-0.15860748291015625,1.65775199731191,0.13302993774414062
2015-12-13,95109.42708333333,299.83938535054523,-0.0007576495409011841,9.486051692420006e-05,-1.073102315266927,1.7572279771169026,0.1309973398844401
2015-12-14,95161.7099609375,299.6720549265544,-0.0008302060887217522,4.174513605903485e-07,-1.4896787007649739,1.3887877861658733,0.1290130615234375
2015-12-15,95185.11409505208,299.2359625498454,-0.0008767656981945038,8.52346317969932e-07,-2.031522750854492,1.5220372676849365,0.126983642578125
2015-12-16,95207.85660807292,298.47131220499676,-0.0008666981011629105,2.5652271347098576e-06,-2.111476262410482,2.255168914794922,0.12542343139648438
2015-12-17,95202.275390625,297.5340887705485,-0.0008403975516557693,-8.864333267410984e-09,-1.8363787333170574,2.457911809285482,0.12421417236328125
2015-12-18,95310.404296875,297.95492617289227,-0.0007148608565330505,8.583068797918258e-07,-1.0883903503417969,1.2936776479085286,0.12318102518717448
2015-12-19,95483.54117838542,298.2535406748454,-0.000623517669737339,4.276633262634277e-06,-2.2607644399007163,1.4843167463938396,0.12237548828125
2015-12-20,95389.36832682292,298.3668867746989,-0.0006642201915383339,2.2351741790771484e-07,-1.6507612864176433,2.2871552308400473,0.1217053731282552
2015-12-21,95373.244140625,298.28261375427246,-0.0004788655787706375,8.10097571957158e-06,-0.43781471252441406,1.8425488471984863,0.12119420369466145
2015-12-22,95465.62434895833,298.6913948059082,-0.0005121873691678047,4.452392090570356e-07,-0.618007222811381,1.4370904366175334,0.12073516845703125
2015-12-23,95450.43343098958,298.74231910705566,-0.00044511351734399796,1.6868113448254007e-06,-0.31234415372212726,1.1528346538543701,0.12032063802083333
2015-12-24,95466.05305989583,298.39448165893555,-0.0006423816084861755,1.9252299239269632e-06,-0.2337659994761149,-1.7611020406087239,0.1199493408203125
2015-12-25,95606.29475911458,294.42717997233075,-0.0008560307323932648,8.52346317969932e-07,-1.5101524988810222,-2.8177146911621094,0.11961873372395833
2015-12-26,95649.73128255208,293.81453069051105,-0.0007181111723184586,8.52346317969932e-07,-1.4254341125488281,-1.6193548838297527,0.11936124165852864
2015-12-27,95717.36995442708,294.6961835225423,-0.000695468857884407,8.52346317969932e-07,-2.120690027872721,-1.379508415857951,0.1191393534342448
2015-12-28,95782.505859375,295.73367245992023,-0.0006302241235971451,8.52346317969932e-07,-2.243842442830404,-0.45267566045125324,0.11895688374837239
2015-12-29,95613.71988932292,296.74796358744305,-0.0006613004952669144,4.351138045421976e-07,-2.1841363509496055,-1.1718101501464844,0.11880238850911458
2015-12-30,95494.26416015625,297.20836448669434,-0.0006263125687837601,0.0,-2.1972579956054688,0.06581226984659831,0.11866188049316406
2016-01-01,95730.31119791667,296.9185740152995,-0.0005442304536700249,4.351138045421976e-07,-2.0412126382191977,1.0798407395680745,0.11846605936686198
2016-01-02,95674.71484375,296.94113477071124,-0.0005221609026193619,0.0,-0.8187617460886637,0.467521866162618,0.11838658650716145
2016-01-03,95533.69287109375,296.9122842152913,-0.0005355058237910271,0.0,-0.3258553743362427,0.23936617374420166,0.11831283569335938
2016-01-04,95604.28450520833,296.66362380981445,-0.0004827268421649933,0.0,-1.879354476928711,-0.034602085749308266,0.11826388041178386
2016-01-05,95506.44368489583,296.6170794169108,-0.0004905574023723602,1.704692635939864e-06,-1.7469984690348308,0.4088429609934489,0.11823527018229167
2016-01-06,95523.65413411458,296.2720305124919,-0.0005187559872865677,1.2874602361989673e-06,-1.8917496999104817,0.7140410741170248,0.11821746826171875
2016-01-07,95607.91341145833,295.9792397816976,-0.0005312161520123482,8.612871056357108e-07,-1.838369369506836,1.319953203201294,0.11819712320963542
2016-01-08,95528.39225260417,296.0963071187337,-0.0005386285483837128,8.52346317969932e-07,-1.4389686584472656,0.6757367451985677,0.11817296346028645
2016-01-09,95390.11995442708,296.46749687194824,-0.0005484120920300484,4.351138045421976e-07,-1.1415922244389851,0.9738049109776815,0.11814498901367188
2016-01-10,95495.548828125,296.45333925882977,-0.0005910340696573257,8.52346317969932e-07,-1.6769771575927734,0.9074484507242838,0.1181170145670573
2016-01-11,95481.63411458333,295.943546295166,-0.0005361791700124741,0.0,-1.5772060950597127,0.34687912464141846,0.11809921264648438
2016-01-12,95310.73177083333,295.83138847351074,-0.000530565157532692,0.0,-1.1695601145426433,0.17405231793721518,0.11807505289713542
2016-01-13,95246.6171875,296.47385660807294,-0.0005188556388020515,1.2799181376976776e-06,-1.3408533732096355,1.3030308087666829,0.11806106567382812
2016-01-14,95237.55208333333,296.6333827972412,-0.0005052834749221802,2.5549816768943856e-06,-2.0218637784322104,1.8580166101455688,0.11806170145670573
2016-01-15,95207.45198567708,295.991979598999,-0.0004336107522249222,8.728398483981437e-07,-2.00981076558431,1.9997213284174602,0.11808013916015625
2016-01-16,95122.1015625,296.6254412333171,-0.0004945807158946991,0.0,-1.910168965657552,2.0310611724853516,0.1180737813313802
2016-01-17,95081.12858072917,296.9457607269287,-0.0005214763805270195,4.410743663640915e-07,-1.5012652079264324,2.5300699869791665,0.11805661519368489
2016-01-18,95052.37858072917,296.3819179534912,-0.00040939822793006897,9.691715240478516e-05,-1.1567395528157551,2.656791170438131,0.11814435323079427
2016-01-19,95120.42106119792,295.4743874867757,-0.0007949108257889748,0.0014877170324325562,-0.14433797200520834,1.9535891215006511,0.12643305460611978
2016-01-20,95311.98714192708,293.72910753885907,-0.0006043985486030579,0.001667112112045288,-0.5119501749674479,-0.4027900695800781,0.14574432373046875
2016-01-21,95445.98014322917,294.58635902404785,-0.0008160630241036415,1.7046927496267017e-06,-1.914676030476888,-1.8530412515004475,0.1442438761393229
2016-01-22,95523.13395182292,294.52996317545575,-0.0008146008476614952,0.0,-2.31936244169871,-0.9269928932189941,0.13953336079915366
2016-01-23,95571.28401692708,295.3869260152181,-0.0007237875834107399,1.7046928064701206e-06,-1.8685806194941204,-0.31485501925150555,0.1355915069580078
2016-01-24,95496.45621744792,296.2504628499349,-0.00047492794692516327,6.738305046383175e-06,-1.2577799956003826,0.7686047951380411,0.13274065653483072
2016-01-25,95314.93896484375,296.31386439005536,-0.00047871842980384827,0.00019440054893493652,-1.123934030532837,1.9260725180308025,0.13167444864908853
2016-01-26,95260.29720052083,297.17281977335614,-0.0004902295768260956,1.4115895282884594e-05,-0.9796981811523438,2.2443083922068277,0.1301727294921875
2016-01-27,95252.29508463542,297.9571755727132,-0.0004572756588459015,6.049239061667322e-06,0.3913580576578776,1.0843016306559246,0.12844022115071616
2016-01-28,95321.76839192708,298.35963249206543,-0.000703122466802597,0.0,-0.4006462097167969,-1.384664535522461,0.12650744120279947
2016-01-29,95449.44514973958,297.7845039367676,-0.0006841979920864105,8.52346317969932e-07,-2.1904195149739585,-1.096064527829488,0.12467384338378906
2016-01-30,95409.11083984375,298.0959936777751,-0.0006209416314959526,8.523463748133508e-07,-1.5205767552057903,0.09065755208333333,0.12325668334960938
2016-01-31,95347.90266927083,299.0549551645915,-0.0006255768239498138,0.0,-0.5010249217351278,0.7754739125569662,0.12204424540201823
2016-02-01,95363.75227864583,299.79508272806805,-0.0006239432841539383,1.7210477949447522e-06,-0.49930445353190106,1.4889878034591675,0.12101809183756511
2016-02-02,95347.81184895833,299.8894329071045,-0.0006117504090070724,1.7195939108205494e-06,0.6095422108968099,0.05398297309875488,0.12023289998372395
2016-02-03,95293.85416666667,299.4477882385254,-0.000624610111117363,2.5689601557132846e-06,-0.32178624471028644,-0.7528039614359537,0.11964797973632812
2016-02-04,95294.13362630208,299.0079689025879,-0.0005707237869501114,8.727876661396294e-07,-1.4346338907877605,0.816204826037089,0.11922454833984375
2016-02-05,95235.14436848958,298.2459290822347,-0.0005374811589717865,4.351138045421976e-07,-1.9660614728927612,1.2676560878753662,0.11893208821614583
2016-02-06,95128.23063151042,298.656582514445,-0.0005712276324629784,8.52346317969932e-07,-2.004607081413269,2.326362212498983,0.11872673034667969
2016-02-07,95267.24593098958,299.20801162719727,-0.0004988554865121841,8.583069757150952e-07,-0.8121719360351562,1.8297972281773884,0.11855888366699219
2016-02-08,95231.7041015625,299.59990310668945,-0.00042160414159297943,8.52346317969932e-07,-1.8824055989583333,1.6150575478871663,0.11843299865722656
2016-02-09,95183.76041666667,300.20791180928546,-0.0003971606492996216,3.0249357223510742e-06,-1.5268636147181194,1.5080883105595906,0.11835225423177083
2016-02-10,95072.1982421875,300.4365291595459,-0.0005552861839532852,8.52346317969932e-07,0.04673969745635986,2.6288623412450156,0.11825942993164062
2016-02-11,95045.44303385417,300.36494700113934,-0.0004605017602443695,8.583068833445395e-07,1.1840848922729492,1.45979638894399,0.11819267272949219
2016-02-12,95054.09749348958,300.21641540527344,-0.0004300680011510849,0.0,-0.18068981170654297,2.2003515164057412,0.11815325419108073
2016-02-13,95126.57698567708,300.0017770131429,-0.0004400555044412613,2.5796225600061007e-06,-0.3359883626302083,2.2868334452311196,0.11812146504720052
2016-02-14,95223.85237630208,299.6302909851074,-0.0005243085324764252,0.0,-2.0747083028157554,2.4220972855885825,0.11810302734375
2016-02-15,95326.52180989583,298.8498007456462,-0.0007219072431325912,2.9938573788967915e-06,-2.9657154083251953,2.450348893801371,0.11807505289713542
2016-02-16,95402.71223958333,298.13544909159344,-0.000560421496629715,8.625621603641775e-07,-2.8297812143961587,2.4849268595377603,0.11806805928548177
2016-02-17,95436.27311197917,298.1297467549642,-0.0006361324340105057,8.52346317969932e-07,-2.848212401072184,1.9674288431803386,0.11805534362792969
2016-02-18,95428.58512369792,298.3481725056966,-0.0006099212914705276,0.0,-2.712390899658203,1.853505531946818,0.11802927652994792
2016-02-19,95468.2265625,298.9266535441081,-0.0005935020744800568,8.523463748133508e-07,-2.104438145955404,1.7366553942362468,0.11800575256347656
2016-02-20,95368.56315104167,300.3315086364746,-0.0005573295056819916,8.523463748133508e-07,-1.5209763844807942,1.4678786993026733,0.11797714233398438
2016-02-21,95245.7451171875,301.83105087280273,-0.0005573872476816177,3.443003151915036e-06,-0.6488869984944662,1.6898789008458455,0.11794598897298177
2016-02-22,95264.1259765625,302.4402395884196,-0.0005204668268561363,1.7061179846677987e-06,-0.43612035115559894,2.040420889854431,0.1179351806640625
2016-02-23,95118.64925130208,302.1905040740967,-0.0005615931004285812,0.0,-1.500200907389323,2.4857282638549805,0.11791483561197917
2016-02-24,95054.57112630208,301.346684773763,-0.00048579461872577667,1.7046927496267017e-06,-0.450137456258138,2.770812749862671,0.11791356404622395
2016-02-25,95177.15641276042,301.145720799764,-0.00043336767703294754,8.583068833445395e-07,-1.6614309946695964,2.389704942703247,0.11791928609212239
2016-02-26,95363.119140625,299.7639497121175,-0.00038833729922771454,0.00011321798557872853,-2.2245721419652305,2.30436102549235,0.1184247334798177
2016-02-27,95477.1728515625,299.65293820699054,-0.00042212381958961487,5.561113255225791e-06,-2.248605728149414,1.5801539421081543,0.11871782938639323
2016-02-28,95572.02262369792,299.8151162465413,-0.0005357703194022179,0.0004620140648512461,-1.9802252451578777,1.0062357981999714,0.12078158060709636
2016-02-29,95511.46077473958,300.61230850219727,-0.0006445208564400673,0.0003988921641280285,-2.445237477620443,1.3317258755366008,0.12290509541829427
2016-03-01,95359.00618489583,300.80221366882324,-0.0005812402814626694,3.2712213283048186e-05,-1.4762458801269531,1.393655260403951,0.12394142150878906
2016-03-02,95431.43440755208,299.5686569213867,-0.0007544755935668945,0.0018257051706314087,-1.3092403411865234,0.22788612047831217,0.13223139444986978
2016-03-03,95440.43050130208,300.1372299194336,-0.0009819604456424713,0.00028096503643837423,-1.8629194895426433,0.5577768484751383,0.14020474751790366
2016-03-04,95311.43815104167,300.1956195831299,-0.0009760074317455292,0.0015266996661011945,-1.1643723249435425,-0.150201678276062,0.1453113555908203
2016-03-05,95180.24527994792,300.45758628845215,-0.0011729001998901367,0.0020461976528167725,-0.992972731590271,0.7885794639587402,0.16237767537434897
2016-03-06,95126.22037760417,301.23316192626953,-0.0017590159550309181,1.716613667213096e-06,-2.56713859240214,2.04110848903656,0.16133689880371094
2016-03-07,95079.5615234375,300.53439966837567,-0.0014480948448181152,0.0,-2.2600733439127603,2.414846181869507,0.14926592508951822
2016-03-08,95037.37809244792,301.0995724995931,-0.0011846935376524925,2.587142773791129e-06,-1.6761048634847004,2.1477595965067544,0.14048004150390625
2016-03-09,95111.109375,301.75049018859863,-0.0008741598576307297,8.52346317969932e-07,-1.4495608011881511,1.3191246191660564,0.13443946838378906
2016-03-10,95162.5595703125,302.73668734232587,-0.0008813757449388504,1.7106532368416083e-06,-2.1973438262939453,1.6391955614089966,0.12998135884602866
2016-03-11,95178.69889322917,303.25217056274414,-0.0008426802232861519,1.7195939108205494e-06,-2.2763277689615884,1.6833388010660808,0.12662315368652344
2016-03-12,95021.93912760417,303.16251881917316,-0.0008407635614275932,2.9916868697910104e-06,-1.7190049489339192,2.865386207898458,0.12421989440917969
2016-03-13,95023.7685546875,302.8583628336589,-0.0005470328032970428,2.332925796011409e-05,-0.07908272743225098,1.2000759840011597,0.12253316243489583
2016-03-14,95072.14192708333,301.2773208618164,-0.0007864087820053101,0.0005328297615001532,-1.3426443735758464,1.4419325590133667,0.12399546305338542
2016-03-15,95068.3779296875,300.7449315388997,-0.0006934981793165207,0.0006772756576083339,-1.8028316497802734,2.2523027261098227,0.12653287251790366
2016-03-16,95008.60026041667,302.573486328125,-0.0006611282005906105,2.974271769318193e-06,-0.6825618743896484,2.0300002892812095,0.12688891092936197
2016-03-17,95056.36653645833,303.2573407491048,-0.0006720535457134247,1.2317748883106105e-05,0.5514570871988932,2.066463510195414,0.12462997436523438
2016-03-18,94967.611328125,304.21774673461914,-0.0006508724763989449,1.9107562820863677e-06,0.05783780415852865,1.6778043905893962,0.12277412414550781
2016-03-19,95039.59195963542,304.15465291341144,-0.0006347354501485825,4.717403645315699e-05,0.32560304800669354,0.18705852826436362,0.12150065104166667
2016-03-20,95060.27115885417,304.4434534708659,-0.000749773345887661,8.52346317969932e-07,0.1294104258219401,-2.1334309577941895,0.12049102783203125
2016-03-21,94926.11197916667,304.2471917470296,-0.0008029583841562271,0.0,1.1237881978352864,-1.865720272064209,0.11955451965332031
2016-03-22,94848.203125,303.9768072764079,-0.0008226986974477768,2.568703166616615e-06,-0.6998475392659506,-1.9219623406728108,0.11891619364420573
2016-03-23,94967.87809244792,304.1373774210612,-0.0006182147189974785,8.555832096135418e-07,-2.3590710957845054,0.23119640350341797,0.11854171752929688
2016-03-24,95164.66259765625,304.10136858622235,-0.0005876701325178146,1.7167781152238604e-06,-1.958870569864909,0.8577452898025513,0.11831982930501302
2016-03-25,95219.8271484375,303.9916756947835,-0.0006361473351716995,8.713729471310216e-07,-1.7591260274251301,1.5382556517918904,0.11816088358561198
2016-03-26,95150.427734375,304.07222175598145,-0.0006432868540287018,0.0,-1.675301233927409,2.057213465372721,0.11806106567382812
2016-03-27,95122.18277994792,303.9330425262451,-0.0006424197927117348,1.7285346984863281e-06,-1.4441388448079426,2.0525408188501992,0.1179962158203125
2016-03-28,95203.09781901042,302.3179365793864,-0.000623675063252449,4.279613494873047e-05,-2.2174930572509766,2.0332048734029136,0.1181322733561198
2016-03-29,95172.14876302083,303.5142758687337,-0.0005592834204435349,2.4333596229553223e-05,-0.5900236765543619,1.89920179049174,0.1182708740234375
2016-03-30,95171.84928385417,303.3951981862386,-0.0006314609199762344,0.0006022155284313158,-0.3705635070800781,1.9601202805836995,0.1208038330078125
2016-03-31,95024.81608072917,303.4241148630778,-0.0007399022579193115,0.00031065294990639813,-0.024840672810872395,2.0644431114196777,0.12455240885416667
2016-04-01,94903.52376302083,304.03311983744305,-0.0006789080798625946,8.523463748133508e-07,-0.768042246500651,1.4528916676839192,0.12379391988118489
2016-04-02,94977.49365234375,304.8433583577474,-0.0006171399727463722,1.2830261084673111e-06,-0.4663232167561849,1.6639923652013142,0.12190437316894531
2016-04-03,95042.69563802083,305.2071590423584,-0.0005908794701099396,3.0326843159400596e-05,-0.5276368459065756,1.5451613664627075,0.12069320678710938
2016-04-04,94897.55696614583,305.4492588043213,-0.0005940534174442291,1.7250062516183107e-05,-0.7261714935302734,1.6114317973454793,0.11992835998535156
2016-04-05,94942.70914713542,304.22815259297687,-0.000542590394616127,1.3369321720801963e-05,-0.9104455312093099,0.3041070302327474,0.11939112345377605
2016-04-06,94983.05647786458,304.5176779429118,-0.0007243212312459946,1.7046927496267017e-06,-1.4290968577067058,1.4914517005284627,0.1189117431640625
2016-04-07,94931.94303385417,304.62761942545575,-0.0007080361247062683,8.52346317969932e-07,-1.7608826955159504,1.208537220954895,0.11850992838541667
2016-04-08,94923.1083984375,304.07199478149414,-0.000715969130396843,1.739649633236695e-06,-2.155055363972982,2.2123048305511475,0.11827150980631511
2016-04-09,95015.10302734375,303.8809591929118,-0.0007261186838150024,8.583068833445395e-07,-2.2946294148763022,2.681652625401815,0.1181348164876302
2016-04-10,95044.06070963542,304.6909923553467,-0.0006367899477481842,1.7148383335552353e-06,-1.4675496419270833,2.2073466380437217,0.1180407206217448
2016-04-11,94910.57275390625,305.90103340148926,-0.0006004748865962029,0.0,-0.3864390055338542,1.6498908996582031,0.11795234680175781
2016-04-12,94752.23697916667,306.4463939666748,-0.0005913665518164635,4.3560817175603006e-07,0.1867497762044271,1.1005807717641194,0.11786333719889323
2016-04-13,94583.8369140625,307.1688353220622,-0.0005477694794535637,0.0,0.5662212371826172,0.046173095703125,0.11780357360839844
2016-04-14,94719.93977864583,306.07350730895996,-0.00044730212539434433,5.750743298449379e-05,-1.8394756317138672,1.2443580627441406,0.11800320943196614
2016-04-15,94815.64957682292,306.4970232645671,-0.0004992038011550903,8.52346317969932e-07,-1.1901473999023438,1.8630612691243489,0.11809603373209636
2016-04-16,94752.04215494792,306.87037022908527,-0.000544494017958641,1.764297564932349e-06,-0.30879080295562744,2.4136791229248047,0.11799875895182292
2016-04-17,94712.17659505208,306.8055197397868,-0.0005469117313623428,2.5574585720278264e-06,-0.6618895928064982,2.2097625732421875,0.11794662475585938
2016-04-18,94823.03694661458,305.35335604349774,-0.0007284292951226234,0.00042201982915912595,-1.648297627766927,1.718594233194987,0.1197191874186198
2016-04-19,94880.28336588542,305.0800139109294,-0.0007740892469882965,0.0,-2.2399190266927085,2.0469156901041665,0.12029075622558594
2016-04-20,94925.24397786458,306.1346829732259,-0.000661926344037056,8.52346317969932e-07,-1.4730396270751953,2.0134607950846353,0.11942863464355469
2016-04-21,94739.96402994792,307.3505096435547,-0.0005446253344416618,8.583068833445395e-07,0.642815907796224,1.854156255722046,0.11885452270507812
2016-04-22,94597.10807291667,308.9075349171956,-0.0007778694853186607,8.52346317969932e-07,2.5289312998453775,-1.2752903302510579,0.11844762166341145
2016-04-23,94514.32047526042,307.20583152770996,-0.0008054347708821297,1.7046927496267017e-06,2.6023597717285156,-1.8775910536448162,0.11819203694661458
2016-04-24,94480.51318359375,307.458709081014,-0.0006341813132166862,0.0,1.5316416422526042,-0.9414448340733846,0.11803944905598958
2016-04-25,94613.43229166667,307.452330271403,-0.0006177667528390884,0.0,-0.5975303649902344,0.07480049133300781,0.11791102091471355
2016-04-26,94814.67252604167,306.3921496073405,-0.0009036296978592873,0.002872350723919226,-1.748120625813802,2.1540719668070474,0.13791529337565103
2016-04-27,94764.994140625,306.3383534749349,-0.0013798950240015984,3.7668636196031e-05,-1.2135028839111328,2.0779423316319785,0.14494005839029947
2016-04-28,94723.69694010417,306.6667366027832,-0.0011038659140467644,6.452827108205383e-06,-0.9936739603678385,1.9506442944208782,0.13600858052571616
2016-04-29,94784.99202473958,307.4382692972819,-0.0010036518797278404,3.981590270996094e-05,-0.5186271667480469,1.9841532309850056,0.13013394673665366
2016-04-30,94804.88411458333,306.42368507385254,-0.0011339327320456505,0.0017296373844146729,0.3573233286539714,0.7979709307352701,0.1362298329671224
2016-05-01,94718.80485026042,306.6204020182292,-0.0013693924993276596,0.000656488537686073,0.5804716746012369,1.5042760372161865,0.14182599385579428
2016-05-02,94722.20833333333,306.42543093363446,-0.0014694621786475182,0.002845501899514602,0.07274373372395833,1.27898112932841,0.15443038940429688
2016-05-03,94763.16129557292,304.84209632873535,-0.0018665706738829613,0.0022415220737457275,-0.6401284535725912,1.5410709381103516,0.1723168690999349
2016-05-04,94799.82438151042,303.4995969136556,-0.0018347576260566711,0.001917266845701704,0.2739785512288411,1.7618859608968098,0.18110529581705728
2016-05-05,94842.2978515625,303.847380956014,-0.0020454926416277885,0.0028451746101723074,-0.19884427388509116,1.0719871520996094,0.17931238810221353
2016-05-06,94856.25325520833,302.1367022196452,-0.0018924912437796593,0.00043523013152935164,-0.8291339874267578,1.6203638712565105,0.19012832641601562
2016-05-07,94816.71175130208,303.3460636138916,-0.001770145259797573,0.00015479326248168945,-1.083099365234375,1.198055108388265,0.1727778116861979
2016-05-08,94907.37760416667,303.2708511352539,-0.001590559259057045,0.0021706759929607244,-1.195452372233073,1.6385395129521687,0.17529805501302084
2016-05-09,94896.50651041667,302.3663965861003,-0.0020192572847008705,0.00405651330947876,-0.8466097513834635,0.9994324048360189,0.19237899780273438
2016-05-10,94905.90266927083,302.9369290669759,-0.0022680601105093956,0.0024189352989196777,0.13064702351888022,1.0441652933756511,0.20936139424641928
2016-05-11,94780.83072916667,303.67870140075684,-0.0022825421765446663,0.0011046230792999268,0.3489952087402344,1.211865782737732,0.20619583129882812
2016-05-12,94602.17268880208,305.2563947041829,-0.0022735735401511192,0.00013581216325064815,-0.028203328450520832,0.7500124375025431,0.1873016357421875
2016-05-13,94606.26171875,306.3763618469238,-0.0019455431029200554,0.00023782588908716207,-0.08731651306152344,0.7883350849151611,0.1660792032877604
2016-05-14,94713.05159505208,306.50659306844074,-0.0016986522823572159,4.7469141577494156e-05,-0.832968274752299,0.8076735337575277,0.15183893839518228
2016-05-15,94727.27522786458,305.56993166605633,-0.0013110088184475899,0.000258028507232666,-0.6737041473388672,1.8503836790720622,0.1422754923502604
2016-05-16,94532.20833333333,305.1751988728841,-0.0011138301342725754,3.419220447042903e-05,-1.668854792912801,2.0666404167811074,0.13577906290690103
2016-05-17,94366.94059244792,304.31685129801434,-0.0008362708613276482,1.716613724056515e-06,-1.719626744588216,1.8619848092397053,0.13074429829915366
2016-05-18,94231.77490234375,303.157719930013,-0.0006888238713145256,0.0003458261489868164,-1.2254136403401692,0.9613450765609741,0.12923685709635416
2016-05-19,94156.60758463542,302.21467208862305,-0.0009648595005273819,0.0016044378280639648,1.4267234802246094,1.26806640625,0.13329505920410156
2016-05-20,94155.73079427083,304.02184677124023,-0.0013637151569128036,0.0006780207156111828,5.020454406738281,1.0262996753056843,0.14139238993326822
2016-05-21,94347.02522786458,306.31824429829913,-0.0011736275628209114,1.7951596664289582e-05,5.030968983968099,-0.712182362874349,0.13713773091634116
2016-05-22,94481.38509114583,306.60679308573407,-0.0011352617293596268,8.612869173418858e-07,4.7843170166015625,-0.7294121185938517,0.13132031758626303
2016-05-23,94562.89762369792,306.5274066925049,-0.0009485445916652679,0.0,5.144769668579102,-1.2141342957814534,0.1272761027018229
2016-05-24,94494.47509765625,306.57444953918457,-0.0007088873535394669,1.734815214149421e-06,3.789158503214518,-1.515916347503662,0.12451680501302083
2016-05-25,94471.05794270833,306.50148900349933,-0.0007325261831283569,2.5502094445073453e-06,4.389532089233398,-0.9670982360839844,0.12260246276855469
2016-05-26,94539.19498697917,306.9158757527669,-0.0006446409970521927,0.0,3.916239579518636,-0.7324496905008951,0.1211687723795573
2016-05-27,94598.68196614583,306.81238047281903,-0.0005975216627120972,4.306435585021973e-06,3.6520954370498657,-1.1710545619328816,0.12016677856445312
2016-05-28,94567.08512369792,306.4737008412679,-0.0005567381158471107,4.659891118308224e-05,3.116103490193685,-0.4554373423258464,0.11965624491373698
2016-05-29,94515.08805338542,305.9263979593913,-0.000597488135099411,1.2040138244628906e-05,3.8243516286214194,-0.44669651985168457,0.11934407552083333
2016-05-30,94492.64371744792,306.03187624613446,-0.0005413126200437546,8.927285671234131e-05,2.787875493367513,-0.8884125153223673,0.11913617451985677
2016-05-31,94605.6142578125,305.6109371185303,-0.0007119160145521164,0.0005028724669386975,2.574694355328878,-0.9951605002085367,0.12110837300618489
2016-06-01,94584.4609375,305.97867647806805,-0.0009043756872415543,0.0008744180202029384,2.4119922717412314,-0.666087786356608,0.12402153015136719
2016-06-02,94575.43343098958,303.9608840942383,-0.0007090810686349869,0.00042809844012481335,3.1291681925455728,-0.5854372183481852,0.12952232360839844
2016-06-03,94479.10693359375,304.41537539164227,-0.000932399183511734,0.0060294896363188855,1.65936279296875,-0.6327285766601562,0.14246241251627603
2016-06-04,94468.50081380208,302.2651958465576,-0.001904323697090149,0.018656215071644056,3.215570052464803,-0.32869529724121094,0.23516464233398438
2016-06-05,94522.3759765625,299.8943570454915,-0.002277778461575508,0.016774771681468792,1.496511697769165,0.4688597122828166,0.3507836659749349
2016-06-06,94531.95865885417,299.3330383300781,-0.0026031574234366417,0.021704221085958153,2.088857054710388,0.4267001152038574,0.3742682139078776
2016-06-07,94516.56608072917,299.0591049194336,-0.0032368218526244164,0.016899931430717885,2.412160873413086,0.7927469809850057,0.3947683970133464
2016-06-08,94469.79638671875,300.2344106038411,-0.002922334708273411,0.00018131732940673828,3.260681668917338,0.5207525094350179,0.3684895833333333
2016-06-09,94510.78857421875,300.5150375366211,-0.0039327312260866165,0.004354804754257202,2.952614982922872,0.5148692528406779,0.355404535929362
2016-06-10,94529.54215494792,300.2604268391927,-0.0038566701114177704,0.004340556216675395,3.025895436604818,0.2935555775960286,0.3587913513183594
2016-06-11,94595.38313802083,299.98406473795575,-0.003394419327378273,0.0042049405801876105,4.850545247395833,-0.012786110242207846,0.3606484731038411
2016-06-12,94596.91975911458,300.1696268717448,-0.0031523844227194786,0.000438410293384095,4.997426350911458,0.1515705188115438,0.3378531138102214
2016-06-13,94606.48860677083,300.3440456390381,-0.0028397822752594948,0.0005778104067175605,5.299488703409831,0.19925383726755777,0.3196086883544922
2016-06-14,94519.95849609375,301.4581076304118,-0.004361385479569435,0.0,5.474174499511719,-0.03908693790435791,0.2946033477783203
2016-06-15,94437.46842447917,301.3241729736328,-0.004120012745261192,1.7285345847994904e-06,5.623856902122498,0.1247406800587972,0.27041880289713544
2016-06-16,94345.74951171875,301.6744893391927,-0.003990514203906059,2.1567265093835886e-06,5.051825205485026,0.22373414039611816,0.24961471557617188
2016-06-17,94297.38834635417,301.79418690999347,-0.0037278812378644943,0.0027969777583507494,3.8275655110677085,-0.5862642526626587,0.23406600952148438
2016-06-18,94373.546875,297.9161790211995,-0.0029567480087280273,0.021052283803214777,3.0820706685384116,-0.8053597211837769,0.34850502014160156
2016-06-19,94310.96598307292,297.1399733225505,-0.0017483560368418694,0.013080584795034156,1.796347935994466,0.2651300032933553,0.395748774210612
2016-06-20,94319.865234375,298.819388071696,-0.002823743037879467,0.0004193335771560669,1.5452772776285808,2.656223773956299,0.3558146158854167
2016-06-21,94406.3583984375,299.4694760640462,-0.003499746322631836,0.001496788859356002,1.8526369730631511,2.29303773244222,0.3369344075520833
2016-06-22,94515.22835286458,300.04930114746094,-0.0031589437276124954,0.0006549984215666882,2.5044244130452475,0.6452099879582723,0.32388877868652344
2016-06-23,94487.859375,300.42222849527997,-0.0037376610562205315,0.0017482042312053636,4.008787790934245,0.40990952650705975,0.3108501434326172
2016-06-24,94402.17805989583,299.9460913340251,-0.0036229128018021584,0.0028520643710407967,3.7062244415283203,-0.17668704191843668,0.3061644236246745
2016-06-25,94489.47867838542,299.24216715494794,-0.003705761395394802,0.004430124163683047,4.832356770833333,-0.30302155017852783,0.3271433512369792
2016-06-26,94467.57893880208,298.1863142649333,-0.0029243826866149902,0.006930375099177155,5.076791127522786,-0.24814132849375406,0.3425394694010417
2016-06-27,94304.77294921875,298.1319986979167,-0.0030320631340146065,0.005060240626338697,4.6045074462890625,-0.1990817387898763,0.3544088999430339
2016-06-28,94239.66080729167,297.3611405690511,-0.0032321102917194366,0.018351823091506958,5.689278284708659,-0.14961743354797363,0.39252789815266925
2016-06-29,94253.2734375,296.5316518147786,-0.0027982285246253014,0.031885092874517795,5.881706873575847,-0.09190980593363444,0.41898155212402344
2016-06-30,94299.12565104167,297.0763301849365,-0.003185773268342018,0.0117197185754776,6.311656951904297,-0.6061862309773763,0.4141832987467448
2016-07-01,94260.43684895833,297.24820772806805,-0.003682345151901245,0.02694129634570075,5.621340433756511,0.0928329626719157,0.4248816172281901
2016-07-02,94326.81591796875,297.8966801961263,-0.0030205566436052322,0.01208591759200317,5.535528182983398,0.8041449785232544,0.41442616780598956
2016-07-03,94425.90657552083,298.58373896280926,-0.002711838111281395,0.0022126615046431652,5.302583694458008,1.2278408606847127,0.3896166483561198
2016-07-04,94449.22444661458,299.1044724782308,-0.00319032184779644,0.0017970442771861883,5.3103071848551435,0.9375540415445963,0.37506866455078125
2016-07-05,94402.1435546875,298.53179295857746,-0.0036260923370718956,0.005152210593223572,5.70872688293457,0.7778326670328776,0.37801233927408856
2016-07-06,94388.052734375,298.32545789082843,-0.003264320082962513,0.001437896490092072,5.583723704020183,0.6867637634277344,0.36754926045735675
2016-07-07,94400.9990234375,298.1510257720947,-0.002267533913254738,0.00021397922517962797,6.275903701782227,0.22331682840983072,0.35136985778808594
2016-07-08,94253.70768229167,297.7267436981201,-0.0035670530050992966,0.009051486062048753,6.588321050008138,0.2121098836263021,0.3611602783203125
2016-07-09,94201.23649088542,296.49154726664227,-0.004094372503459454,0.01587456464767456,6.751096089680989,0.92218017578125,0.410308837890625
2016-07-10,94173.08024088542,296.19590822855633,-0.003185449168086052,0.03294132649898529,7.083122253417969,0.9510932366053263,0.42443211873372394
2016-07-11,94201.18798828125,296.04445775349933,-0.003097476437687874,0.026106107234852516,6.698198954264323,1.175498127937317,0.42375628153483075
2016-07-12,94397.49365234375,298.28524843851727,-0.003245892934501171,0.0014679312705538905,5.809685389200847,1.1378809213638306,0.39784876505533856
2016-07-13,94463.99202473958,299.0255533854167,-0.0037271007895469666,0.0007881166661150019,5.140744527180989,0.875856359799703,0.3784904479980469
2016-07-14,94480.4580078125,299.27154541015625,-0.003840983845293522,6.957650180083874e-05,4.288995742797852,0.44162142276763916,0.3608226776123047
2016-07-15,94520.03206380208,299.64290555318195,-0.004278519190847874,2.8789043426513672e-05,3.83544921875,0.3999748229980469,0.3443196614583333
2016-07-16,94692.68115234375,298.9783172607422,-0.0033608321100473404,9.78708267211914e-05,3.006415049235026,1.0205974578857422,0.33236122131347656
2016-07-17,94840.63899739583,299.09544372558594,-0.0028851227834820747,3.883242601432357e-05,2.985515594482422,0.9943466186523438,0.32341639200846356
2016-07-18,94789.81640625,298.63031514485675,-0.0034930212423205376,0.004732525348515537,3.435366948445638,-0.19137954711914062,0.3336658477783203
2016-07-19,94745.35709635417,296.99926567077637,-0.002973734401166439,0.008574336767196655,4.252661387125651,-0.5592891772588094,0.37705357869466144
2016-07-20,94605.93798828125,297.0432243347168,-0.003164066933095455,0.008624383807180891,3.893479665120443,-0.7254753112792969,0.39640553792317706
2016-07-21,94501.91943359375,297.41646003723145,-0.002249232493340969,0.0026609301567077637,3.8556986252466836,-1.0535028378168743,0.3771565755208333
2016-07-22,94436.75130208333,296.73846371968585,-0.0017459094524383545,0.0012949168681757328,3.948462168375651,-0.4150894482930501,0.37868690490722656
2016-07-23,94439.49593098958,297.4771728515625,-0.002487693913280964,0.001697453855740605,3.493971506754557,-0.3231014013290405,0.36557642618815106
2016-07-24,94464.04069010417,297.37805048624676,-0.0022383294999599457,0.005663886666297913,2.4507726033528647,0.2549992799758911,0.3820781707763672
2016-07-25,94518.56852213542,298.23426246643066,-0.003302169032394886,0.013153312849453869,1.4741274515787761,0.37631507714589435,0.3999786376953125
2016-07-26,94570.89029947917,298.3774642944336,-0.0032793590798974037,0.00835736393918296,0.630926767985026,1.1920324961344402,0.4067223866780599
2016-07-27,94638.47314453125,297.8567689259847,-0.003314816392958164,0.011888131499290466,0.3633416493733724,1.6462213198343914,0.4147198994954427
2016-07-28,94598.26302083333,298.1609357198079,-0.0034165922552347183,0.01230303943157196,1.3988370498021443,0.6069326798121134,0.4153448740641276
2016-07-29,94513.3125,297.78625233968097,-0.003374814987182617,0.009810712900616636,2.547525405883789,-0.15739436944325766,0.41233062744140625
2016-07-30,94500.61360677083,297.5628433227539,-0.0035003628581762314,0.00969188809394339,3.386297861735026,0.0388866662979126,0.4117501576741536
2016-07-31,94574.23583984375,296.483252843221,-0.0029859598726034164,0.014487797021711657,4.710212707519531,0.21113046010335287,0.4184436798095703
2016-08-01,94425.93880208333,296.15603828430176,-0.00329611636698246,0.013200540206980804,6.399269739786784,0.6102181275685629,0.4235827128092448
2016-08-02,94165.03255208333,297.0935529073079,-0.003838897682726383,0.009654741055232563,7.2663529713948565,0.5759905179341634,0.41155751546223956
2016-08-03,94227.01302083333,296.34620666503906,-0.0027434686198830605,0.0124193556586647,6.374831517537435,0.7877629995346069,0.42035166422526044
2016-08-04,94325.73258463542,297.125981648763,-0.0029754620045423508,0.004761805626987581,5.830074310302734,0.8274253209431967,0.4145666758219401
2016-08-05,94342.09635416667,298.0176315307617,-0.0040468452498316765,0.002435314655201637,6.575001398722331,0.9783657789230347,0.39847691853841144
2016-08-06,94404.10758463542,297.82638867696124,-0.0034536458551883698,0.002838897704975807,5.939362208048503,1.0229731798171997,0.3978557586669922
2016-08-07,94570.39827473958,298.1129627227783,-0.0037943897768855095,0.001194790005683899,5.754759470621745,0.8591337203979492,0.38433837890625
2016-08-08,94645.94612630208,298.414031346639,-0.0035964250564575195,0.0005627022901535383,5.247689565022786,0.7383150259653727,0.3739083607991536
2016-08-09,94619.36295572917,298.39669863382977,-0.003781767562031746,0.00022239503636001245,5.51101811726888,0.9127832253774008,0.36170514424641925
2016-08-10,94692.99430338542,298.4643026987712,-0.003788162022829056,0.00025364160537222347,5.36323610941569,0.786588191986084,0.35102208455403644
2016-08-11,94788.61149088542,298.673734664917,-0.003937289118766785,0.00024263262745805037,4.893650054931641,0.32464027404785156,0.34089914957682294
2016-08-12,94707.68961588542,298.7494633992513,-0.003956116735935211,0.0006149232387429038,4.7994028727213545,-0.07311312357584636,0.3326365152994792
2016-08-13,94584.8984375,298.65808868408203,-0.003868463449180126,0.0015478670597026678,4.9646867116292315,-0.3622964223225911,0.3304894765218099
2016-08-14,94538.58154296875,298.69068145751953,-0.003652801737189293,0.00024795810725208867,5.221721649169922,-0.423514723777771,0.3220354715983073
2016-08-15,94461.14339192708,298.6008307139079,-0.0038741426542401314,0.0006520118614616877,5.822031656901042,-0.9470502932866415,0.31355921427408856
2016-08-16,94365.51041666667,298.40132268269855,-0.0037657078355550766,0.0008967726400896936,6.02767817179362,-1.3533270756403606,0.30780283610026044
2016-08-17,94368.87320963542,298.3975124359131,-0.003655489534139633,0.0004485613590077264,5.163676579793294,-1.0162205696105957,0.2999560038248698
2016-08-18,94456.35660807292,298.3834393819173,-0.003748868592083454,0.0003794312476657069,4.98826789855957,-0.3356666564941406,0.29167620340983075
2016-08-19,94493.42887369792,298.3408953348796,-0.0037029562518000603,0.00012030601500967464,4.390474955240886,-0.07477696736653645,0.28240076700846356
2016-08-20,94526.7353515625,298.59389877319336,-0.0045465873554348946,1.196677396819723e-05,3.7024307250976562,0.654577891031901,0.27063751220703125
2016-08-21,94602.79671223958,299.19850222269696,-0.004011903889477253,0.0002458035945842596,3.7555567423502603,0.5137036641438802,0.2608833312988281
2016-08-22,94654.177734375,299.17825508117676,-0.0035473760217428207,0.00010781855133146223,3.7623348236083984,0.21943084398905435,0.2524121602376302
2016-08-23,94593.69905598958,299.2192687988281,-0.003631172701716423,0.0004145205020904541,4.178601582845052,0.5535993576049805,0.24674161275227866
2016-08-24,94544.03287760417,299.57075691223145,-0.0037642857059836388,0.00048056542863150753,3.518264134724935,-0.11411575476328532,0.24155489603678384
2016-08-25,94618.22802734375,299.0514907836914,-0.002985871396958828,0.0026270538568446966,2.718801498413086,-0.89994744459788,0.25248273213704425
2016-08-26,94573.40983072917,299.9119294484456,-0.003792126663029194,0.0009487624196680144,2.625143051147461,-1.1878989537556965,0.2572778065999349
2016-08-27,94599.34554036458,298.97197850545246,-0.0031768707558512688,0.004084461927408967,2.609633127848307,-0.6688969930013021,0.2613900502522786
2016-08-28,94649.58675130208,298.5848967234294,-0.003309476189315319,0.0027585089206354496,2.8312069177627563,-0.38320350646972656,0.29637718200683594
2016-08-29,94528.12467447917,298.53872044881183,-0.0031452160328626633,0.011277192831034455,2.4782625834147134,-0.9701890150705973,0.3283042907714844
2016-08-30,94481.6396484375,297.5047492980957,-0.002068445086479187,0.008412159888507631,2.5384915669759116,-1.240468184153239,0.37549781799316406
2016-08-31,94577.53548177083,296.5960807800293,-0.0022524846717715263,0.029336625337595734,2.718940099080404,-0.826077381769816,0.4019018809000651
2016-09-01,94675.36393229167,297.9199682871501,-0.0032984474673867226,0.002437466382975373,3.2177505493164062,0.10044205188751221,0.4001299540201823
2016-09-02,94656.39388020833,298.39301745096844,-0.004031511023640633,0.0018531560896803967,3.928467035293579,0.18289971351623535,0.38427734375
2016-09-03,94685.85595703125,297.8084348042806,-0.0032225269824266434,0.001715642311307164,3.6434913873672485,-0.09421571095784505,0.37691497802734375
2016-09-04,94838.02392578125,297.99708557128906,-0.003430388867855072,8.94010066936346e-05,3.5470123291015625,-0.5319708188374838,0.3615315755208333
2016-09-05,94890.98990885417,297.764949798584,-0.0049904100596904755,8.52346317969932e-07,3.569072723388672,-1.114329735438029,0.34171803792317706
2016-09-06,94906.01399739583,297.6186892191569,-0.004777403548359871,2.5853514671325684e-05,3.4084911346435547,-1.37016757329305,0.32445398966471356
2016-09-07,94813.06575520833,297.53752517700195,-0.0043160272762179375,0.00021001477364279708,3.2246220906575522,-1.470806876818339,0.3115234375
2016-09-08,94836.41357421875,298.26203473409015,-0.004038969054818153,0.00024826124536048155,3.0615309874216714,-1.788783033688863,0.30061785380045575
2016-09-09,94835.85416666667,298.2116641998291,-0.0034463368356227875,0.005080232792238348,2.824876149495443,-2.4343213637669883,0.299343744913737
2016-09-10,94757.31494140625,296.38168780008954,-0.0021976474672555923,0.03215855360031128,3.1355837980906167,-1.8001734415690105,0.41217295328776044
2016-09-11,94643.12679036458,296.1255594889323,-0.002096777781844139,0.0138561798123078,2.9299290974934897,-1.7848275502522786,0.42096900939941406
2016-09-12,94600.71695963542,296.28996149698895,-0.0030617471784353256,0.012031097439887617,3.227604548136393,-2.7412938674290976,0.42011451721191406
2016-09-13,94609.27897135417,295.36935806274414,-0.002112976275384426,0.03624989390362998,2.6953741709391275,-1.9901409149169922,0.42757097880045575
2016-09-14,94522.1904296875,296.0329926808675,-0.0013641081750392914,0.022370636463165283,1.6127681732177734,-1.7800242106119792,0.42786916097005206
2016-09-15,94461.90543619792,296.2474822998047,-0.0019297786056995392,0.009403660893440247,1.7615725199381511,-0.5606375535329183,0.4242401123046875
2016-09-16,94449.79915364583,297.15271377563477,-0.0027653276920318604,0.004874232411339108,2.8755315144856772,0.5457183122634888,0.4180431365966797
2016-09-17,94539.91324869792,296.6490370432536,-0.0020047752186656,0.0012945457094133417,3.9471937815348306,1.353797475496928,0.4074516296386719
2016-09-18,94697.40901692708,297.60155359903973,-0.003325042314827442,0.0010472536087036133,4.599780400594075,1.0263725121815999,0.3953571319580078
2016-09-19,94681.52587890625,297.82636642456055,-0.0034270603209733963,0.0005560487506954814,4.525248209635417,-0.7957472403844198,0.3843180338541667
2016-09-20,94595.31917317708,296.84234555562335,-0.003237379714846611,0.00661721174634522,4.015326817830403,-1.461802879969279,0.39476585388183594
2016-09-21,94596.5869140625,296.0674705505371,-0.0016516316682100296,0.017103523015975952,2.6520207722981772,-1.5258289178212483,0.42164166768391925
2016-09-22,94546.46875,296.03051312764484,-0.001491905190050602,0.028499258364149682,3.104845881462097,-1.7597147623697917,0.42702992757161456
2016-09-23,94298.26139322917,295.5321044921875,-0.0009548990055918694,0.03430589770533743,2.3326009114583335,-1.087410608927409,0.4295724232991536
2016-09-24,94189.19059244792,295.6039930979411,-0.00105219054967165,0.009210109710636516,2.961421330769857,-1.1135231256484985,0.4264335632324219
2016-09-25,94347.20979817708,296.3947976430257,-0.0019766055047512054,0.006192147092008327,3.5269699096679688,-1.3266518115997314,0.4215844472249349
2016-09-26,94574.4091796875,297.1382420857747,-0.0021776771172881126,0.013209015130996704,2.4483184814453125,-1.5329930384953816,0.42231114705403644
2016-09-27,94655.82698567708,297.2912832895915,-0.0025474466383457184,0.007566124200820923,2.5169760386149087,-1.3949970801671345,0.4207623799641927
2016-09-28,94558.52750651042,298.9229024251302,-0.003561575897037983,0.0008642256259463466,2.2704950968424478,-1.8133646249771118,0.40677452087402344
2016-09-29,94515.13785807292,298.9697831471761,-0.0037031499668955803,0.0005901753902435303,2.8446083068847656,-1.7055426041285198,0.3933951059977214
2016-09-30,94477.83121744792,298.0405133565267,-0.0034860484302043915,0.0020304322242736816,2.9138031005859375,-1.1823204358418782,0.3858146667480469
2016-10-01,94579.10286458333,296.3307132720947,-0.0023751789703965187,0.01752685010433197,3.0111192067464194,0.6348509391148885,0.4179083506266276
2016-10-02,94792.79427083333,297.2224826812744,-0.0032660095021128654,0.0025407999752928845,2.28572146097819,1.5345808267593384,0.4102306365966797
2016-10-03,94830.19873046875,297.59690348307294,-0.004237260669469833,0.00013401828380210645,2.2999394734700522,1.4773850838343303,0.39273325602213544
2016-10-04,94845.32080078125,297.62134234110516,-0.003420487977564335,0.00015880167484283447,3.008642832438151,0.5398279031117758,0.38031450907389325
2016-10-05,94777.76318359375,297.68789609273273,-0.003927856683731079,0.0001372158527033207,3.8921807607014975,-0.7274532318115234,0.36827723185221356
2016-10-06,94811.96630859375,297.81723658243817,-0.0031321346759796143,0.0007227212190059618,3.176345189412435,-0.8055572907129923,0.36259015401204425
2016-10-07,94792.28385416667,298.07203610738117,-0.0037101805210113525,0.0023310512303851283,2.8495794932047525,-0.8965232372283936,0.3578325907389323
2016-10-08,94823.73404947917,296.84773381551105,-0.0026603098958730698,0.01986739337371546,3.4991372426350913,-0.05501647790273031,0.40749486287434894
2016-10-09,94772.34554036458,297.4838047027588,-0.0031612981110811234,0.007804390787896409,4.0526123046875,-0.31677500406901044,0.41770172119140625
2016-10-10,94773.15576171875,298.5664653778076,-0.003947712481021881,0.0005574792622837776,2.611419677734375,-1.4483267466227214,0.39845848083496094
2016-10-11,94838.18587239583,298.6790771484375,-0.0035195443779230118,0.0008758322301218868,1.3443603515625,-1.7782402833302815,0.3856576283772786
2016-10-12,94874.33919270833,297.83938280741376,-0.004645214416086674,2.139757668828679e-06,-0.16618792215983072,-2.05508283774058,0.37046051025390625
2016-10-13,94988.5126953125,297.2809206644694,-0.004667007364332676,8.553265615773853e-07,-1.0170180002848308,-1.6437530914942424,0.3560110727945964
2016-10-14,95053.41145833333,296.61965624491376,-0.004901668056845665,0.0,-1.0480103492736816,-1.687769611676534,0.34244728088378906
2016-10-15,95093.15120442708,296.97338549296063,-0.004680609330534935,1.7100825289162458e-06,-0.9047374725341797,-1.1720945437749226,0.3299204508463542
2016-10-16,95117.85286458333,296.34258397420246,-0.0044940803200006485,8.642672923997452e-07,-0.5405572255452474,-1.3217141230901082,0.3184496561686198
2016-10-17,95031.44596354167,296.47253163655597,-0.004699889570474625,4.261732087229575e-07,-0.4507935841878255,-1.8395004272460938,0.30710601806640625
2016-10-18,94951.35335286458,296.4039618174235,-0.004568783566355705,0.0,-0.3814093271891276,-1.8483766317367554,0.29601478576660156
2016-10-19,94866.57096354167,296.4884427388509,-0.004520297050476074,8.52346317969932e-07,-0.23014958699544272,-1.8589389324188232,0.28548431396484375
2016-10-20,94807.52962239583,296.37537511189777,-0.004409018903970718,0.0,-0.1256122589111328,-1.6984122196833293,0.2756296793619792
2016-10-21,94924.18733723958,296.369592666626,-0.004356127232313156,0.0,-0.26976648966471356,-1.5877844492594402,0.2661081949869792
2016-10-22,95056.71061197917,296.69641431172687,-0.004205673933029175,8.52346317969932e-07,-0.7344111601511637,-1.5153251091639202,0.257171630859375
2016-10-23,95074.44254557292,296.6368242899577,-0.004149151034653187,8.52346317969932e-07,-0.07513809204101562,-1.2405560811360676,0.24849255879720053
2016-10-24,95012.64485677083,297.19907251993817,-0.0040396833792328835,8.52346317969932e-07,0.3170146942138672,-1.4520978927612305,0.2400843302408854
2016-10-25,94975.79508463542,296.59361457824707,-0.0037960782647132874,0.0,0.2650146484375,-2.2201828956604004,0.232574462890625
2016-10-26,95061.10367838542,296.43911298116046,-0.0040750401094555855,0.0,-0.5030282338460287,-2.3222681681315103,0.22466659545898438
2016-10-27,95157.28678385417,296.2660160064697,-0.004061145707964897,8.52346317969932e-07,-0.45651880900065106,-2.808241526285807,0.21679306030273438
2016-10-28,95072.9208984375,297.45568529764813,-0.0033964598551392555,8.595229807895066e-07,-1.1460278828938801,-2.0844054222106934,0.2098242441813151
2016-10-29,95111.09749348958,297.04650433858234,-0.002113744616508484,0.00040896534909506954,-1.040079116821289,-1.2922256787618,0.20786285400390625
2016-10-30,95220.7109375,296.9072621663411,-0.002523220144212246,0.001341658852652472,-2.0558338165283203,-0.4885629018147786,0.21461105346679688
2016-10-31,95386.001953125,296.2392915089925,-0.002315310761332512,0.006946548623091076,-1.423062006632487,-0.3433961470921834,0.2765941619873047
2016-11-01,95258.75927734375,297.2919864654541,-0.003724966198205948,2.5928019908860733e-06,-1.1501477559407551,-2.077021280924479,0.2746594746907552
2016-11-02,95218.86669921875,297.15417925516766,-0.0037827370688319206,4.410743663640915e-07,-0.9223747253417969,-2.327399571736654,0.2555135091145833
2016-11-03,95170.65755208333,297.49011548360187,-0.0036161625757813454,0.0,-0.6346810658772787,-2.5340694586435952,0.2398077646891276
2016-11-04,94973.3837890625,296.9663600921631,-0.003826769068837166,0.0,1.1526343027750652,-2.650136947631836,0.22606786092122397
2016-11-05,94908.96940104167,296.6924699147542,-0.0030401628464460373,8.642673492431641e-07,0.427273432413737,-2.258055329322815,0.2150859832763672
2016-11-06,95128.90543619792,296.34573300679523,-0.0028650453314185143,5.8466196055206865e-05,-0.22852643330891928,-2.171371261278788,0.20720291137695312
2016-11-07,95255.66748046875,294.81629371643066,-0.0037982556968927383,4.414210579284372e-07,-0.7821127573649088,-2.5174595514933267,0.1982599894205729
2016-11-08,95314.43522135417,295.2293332417806,-0.0035647395998239517,2.5808803911786526e-06,-1.3776384989420574,-1.0060361226399739,0.18961143493652344
2016-11-09,95354.15364583333,295.19693692525226,-0.0032338853925466537,1.2993812106287805e-06,-0.7526823679606119,-1.1786797841389973,0.18257268269856772
2016-11-10,95275.27425130208,294.17339579264325,-0.003238954581320286,2.5676852146716556e-06,-0.7906271616617838,-1.7014737923940022,0.17633819580078125
2016-11-11,95251.83382161458,294.5381787618001,-0.003115038387477398,8.655407555124839e-07,-1.581064224243164,-1.3820929527282715,0.17071914672851562
2016-11-12,95345.69417317708,295.0951404571533,-0.002796386368572712,8.52346317969932e-07,-1.9098389943440754,-0.18207677205403647,0.16585985819498697
2016-11-13,95413.33723958333,296.32995223999023,-0.002544105052947998,8.553265615773853e-07,-2.024211883544922,0.303256352742513,0.16195805867513022
2016-11-14,95332.74886067708,297.32323201497394,-0.0019064731895923615,0.00015525519847869873,-1.7801163991292317,0.427077849706014,0.15999603271484375
2016-11-15,95293.32975260417,296.85394223531085,-0.0020343363285064697,0.0022601139954758764,-1.4555023511250813,0.10482343037923177,0.17214647928873697
2016-11-16,95336.54801432292,296.96032333374023,-0.002678406424820423,2.5802955860854127e-06,-1.6477721532185872,-1.6676851908365886,0.17780303955078125
2016-11-17,95356.31282552083,296.5664641062419,-0.0025900062173604965,0.0,-1.720198432604472,-1.7554976145426433,0.1710643768310547
2016-11-18,95242.40608723958,295.2749951680501,-0.002826244570314884,0.0,-1.5120107730229695,-2.1149443785349527,0.16489855448404947
2016-11-19,95148.08935546875,294.69332949320477,-0.002685070037841797,0.0,-1.601702372233073,-1.2056166330973308,0.15943209330240884
2016-11-20,95194.20426432292,294.75390815734863,-0.002507273107767105,0.0,-1.5812416076660156,-0.6687704722086588,0.15510114034016928
2016-11-21,95207.1396484375,295.0651289621989,-0.0024478156119585037,1.263999251932546e-06,-1.4385795593261719,-0.8313992818196615,0.1513849894205729
2016-11-22,95177.51643880208,294.89952850341797,-0.0024786461144685745,3.0228700893530913e-06,-1.3974043528238933,-1.304986874262492,0.14809226989746094
2016-11-23,95173.17171223958,295.20580609639484,-0.0024359114468097687,-1.192074705613777e-08,-1.6638094584147136,-0.6015646855036417,0.14507611592610678
2016-11-24,95223.71354166667,294.6235942840576,-0.0022783493623137474,1.7069325508600741e-06,-1.7287317911783855,-1.1683794657389324,0.14261690775553384
2016-11-25,95171.11604817708,294.61233647664386,-0.002378758043050766,0.0,-1.3865814208984375,-1.8150304158528645,0.1403509775797526
2016-11-26,95254.57747395833,294.86333719889325,-0.002326950430870056,8.52346317969932e-07,-0.9507662455240885,-1.7807807922363281,0.1381982167561849
2016-11-27,95227.1796875,295.46852111816406,-0.002289854921400547,8.52346317969932e-07,-0.37185414632161456,-2.220656633377075,0.13626543680826822
2016-11-28,95250.302734375,295.4140218098958,-0.002259382978081703,1.7262897813452582e-06,-0.9451287587483724,-2.2081082661946616,0.13457870483398438
2016-11-29,95301.93668619792,295.45787111918133,-0.0021663419902324677,1.2874602930423862e-06,-1.1507797241210938,-1.8081525166829426,0.13304011027018228
2016-11-30,95347.14322916667,295.1811917622884,-0.0019110692664980888,1.2814998058274796e-06,-1.577706019083659,-1.0822970072428386,0.1317596435546875
2016-12-01,95282.2919921875,295.730806350708,-0.0018242783844470978,4.2915343101412873e-07,-1.7362085978190105,-1.7732417186101277,0.1308263142903646
2016-12-02,95325.45963541667,296.77520688374835,-0.0015623494982719421,0.002810338139454416,-2.444251378377279,-0.06782070795694987,0.13330523173014322
2016-12-03,95474.70882161458,296.60822105407715,-0.0015263333916664124,0.0008339732884792284,-2.462977727254232,0.4550865888595581,0.17226791381835938
2016-12-04,95503.90266927083,296.5578606923421,-0.0014312602579593658,0.0005788952112197876,-1.9338747660319011,0.06167781352996826,0.1699962615966797
2016-12-05,95384.48990885417,295.5423412322998,-0.002136699855327606,4.678964614868164e-06,-1.208964506785075,-2.0136294762293496,0.16543706258138022
2016-12-06,95346.8369140625,294.3177630106608,-0.0019880663603544235,8.523463748133508e-07,-1.8262488047281902,-0.9801788330078125,0.15886433919270834
2016-12-07,95333.06917317708,294.4788595835368,-0.0019404087215662003,1.2848341270910169e-06,-1.2529730796813965,-1.4101385672887166,0.15355491638183594
2016-12-08,95253.99967447917,293.7687454223633,-0.0019763894379138947,1.7122915210165957e-06,0.013202230135599772,-2.125210682551066,0.14877827962239584
2016-12-09,95120.61979166667,293.1384449005127,-0.001900182105600834,1.2964009101779084e-06,0.09006245930989583,-2.2123042345046997,0.14479891459147134
2016-12-10,95056.66097005208,293.1920846303304,-0.0018551619723439217,-5.960487214906607e-09,-0.3756478627522786,-2.605224053064982,0.14144134521484375
2016-12-11,94988.19026692708,294.90830993652344,-0.0018287207931280136,4.351138045421976e-07,-0.5477994283040365,-2.8838286797205606,0.1385014851888021
2016-12-12,94999.0029296875,296.46557299296063,-0.0015840297564864159,7.855580088289571e-05,-2.019200325012207,-2.381249705950419,0.1363213857014974
2016-12-13,95084.10514322917,295.7798824310303,-0.0010227346792817116,0.0015634306109859608,-3.3323457638422647,0.5411020914713541,0.14041264851888022
2016-12-14,95269.34440104167,294.8635082244873,-0.0017786361277103424,0.00415185093868331,-2.2264969746271768,0.4573475917180379,0.17579778035481772
2016-12-15,95350.36409505208,296.1534786224365,-0.0014666225761175156,0.00019275546073416194,-1.9779436190923054,0.23775800069173178,0.1825129191080729
2016-12-16,95465.43489583333,296.04151280721027,-0.0014560651034116745,1.8072128113999497e-05,-1.5033940474192302,0.2612851858139038,0.1761480967203776
2016-12-17,95426.66080729167,295.36015637715656,-0.002038845792412758,0.0,-1.2803484201431274,-1.7474278608957927,0.16867574055989584
2016-12-18,95446.48893229167,294.2695198059082,-0.0020318496972322464,8.52346317969932e-07,-1.497762680053711,-1.8480627139409382,0.16123644510904947
2016-12-19,95426.05550130208,293.329132715861,-0.001899844966828823,0.0,-1.2380910317103069,-1.4465883175532024,0.15484046936035156
2016-12-20,95415.20865885417,293.4098205566406,-0.0017480384558439255,0.0,-1.3052978515625,-0.5704949696858724,0.1497211456298828
2016-12-21,95437.57926432292,293.5486125946045,-0.0017756670713424683,3.004074017098901e-06,-0.19550959269205728,-1.740933100382487,0.14543660481770834
2016-12-22,95340.59586588542,293.8820222218831,-0.0017463387921452522,4.351138045421976e-07,-0.3188165028889974,-2.203941980997721,0.14157613118489584
2016-12-23,95178.65869140625,293.87537638346356,-0.0017174948006868362,8.52346317969932e-07,-0.39926032225290936,-2.252973953882853,0.1383209228515625
2016-12-24,95082.81917317708,293.82699330647785,-0.0016458742320537567,4.351138045421976e-07,-1.6765092213948567,-0.23112634817759195,0.13565699259440103
2016-12-25,95213.63020833333,293.92626508076984,-0.0015056431293487549,4.351138613856165e-07,-1.5046535730361938,0.796646237373352,0.13341204325358072
2016-12-26,95304.72542317708,294.8474826812744,-0.0014740359038114548,0.0,-1.4801038106282551,-1.4684220552444458,0.1315460205078125
2016-12-27,95332.76448567708,293.4480520884196,-0.0016023442149162292,1.2874602361989673e-06,-1.7000560760498047,-1.8894240458806355,0.1298243204752604
2016-12-28,95371.58333333333,293.1562023162842,-0.001362314447760582,8.52346317969932e-07,-1.8435624440511067,0.17323875427246094,0.12838236490885416
2016-12-29,95402.73128255208,293.86487833658856,-0.0011353883892297745,0.0,-1.9723370869954426,0.23035430908203125,0.12742487589518228
2016-12-30,95408.84879557292,294.64032491048175,-0.0012068552896380424,8.612870487922919e-07,-1.7509628931681316,0.6750055948893229,0.12657864888509116
2017-01-01,95335.41959635417,295.3292357126872,-0.0013267705217003822,1.2876149639851064e-06,-1.551595687866211,1.3015668789545696,0.12488238016764323
2017-01-02,95386.21891276042,295.672368367513,-0.0012975968420505524,1.7099776528084476e-06,-0.7124334971110026,0.1870491902033488,0.12409019470214844
2017-01-03,95366.1298828125,294.6353276570638,-0.001332744024693966,1.2844800494349329e-06,0.15963939825693765,-2.0339698791503906,0.12345314025878906
2017-01-04,95340.9345703125,293.6587257385254,-0.0013471953570842743,4.351138045421976e-07,-0.7530926068623861,-1.5984283288319905,0.12284596761067708
2017-01-05,95273.10725911458,293.5306205749512,-0.0013240315020084381,8.52346317969932e-07,-1.226885716120402,-1.3987579345703125,0.12233606974283855
2017-01-06,95206.69401041667,293.77282015482587,-0.0013393200933933258,1.7264198959310306e-06,-1.3188169797261555,0.3919048309326172,0.12187385559082031
2017-01-07,95020.42643229167,294.8930416107178,-0.0012713298201560974,4.351138045421976e-07,-0.92123015721639,1.866114656130473,0.12143580118815105
2017-01-08,95019.92203776042,295.24827575683594,-0.001076195389032364,4.351138045421976e-07,-1.6562964121500652,1.657111684481303,0.12114779154459636
2017-01-09,95047.140625,295.45634333292645,-0.0011046789586544037,1.2917521985400526e-06,-1.2698421478271484,1.7738440036773682,0.12090492248535156
2017-01-10,95125.62272135417,295.62320645650226,-0.0010070130228996277,1.292447961986909e-06,0.36683332920074463,-0.7744540373484293,0.12069193522135417
2017-01-11,95187.96175130208,294.5006612141927,-0.001138073392212391,2.5779008296922257e-06,-0.5967350800832113,-1.6914542118708293,0.12047894795735677
2017-01-12,95155.30712890625,293.6865628560384,-0.0011657178401947021,-5.960430371487746e-09,-1.6679278214772542,-1.044942855834961,0.12028185526529948
2017-01-13,95186.11100260417,294.1702302296956,-0.00106795784085989,1.2883065778623859e-06,-2.442100763320923,-0.23561795552571616,0.12011082967122395
2017-01-14,95359.37858072917,294.8180923461914,-0.0008813925087451935,3.0109927138255443e-06,-2.3628273010253906,0.5225760142008463,0.12001291910807292
2017-01-15,95459.64664713542,294.8707580566406,-0.0009518489241600037,8.672474791637796e-07,-2.192348082860311,0.3082934617996216,0.11992327372233073
2017-01-16,95417.24788411458,294.90459632873535,-0.0011954251676797867,8.52346317969932e-07,-1.7936467329661052,-0.5096340179443359,0.11980056762695312
2017-01-17,95392.45703125,295.16162427266437,-0.0011153826490044594,4.351138045421976e-07,-2.3494999408721924,0.9133609135945638,0.11966133117675781
2017-01-18,95575.29150390625,294.7524522145589,-0.001138264313340187,4.351138613856165e-07,-2.5358512004216514,1.4683380126953125,0.11956024169921875
2017-01-19,95599.34977213542,293.9971179962158,-0.0009674103930592537,4.351138045421976e-07,-2.218323270479838,1.0260952313741047,0.11949412027994792
2017-01-20,95554.3603515625,294.49588267008465,-0.0011025583371520042,8.52346317969932e-07,-2.109544118245443,0.6247101227442423,0.11941019694010417
2017-01-21,95637.16487630208,295.5642445882161,-0.0011531766504049301,0.0,-2.3153692881266275,1.124104102452596,0.11931355794270833
2017-01-22,95661.73388671875,296.443323135376,-0.0011663781479001045,1.2814997489840607e-06,-1.7086474100748699,0.9957606395085653,0.11919848124186198
2017-01-23,95603.2216796875,296.5390167236328,-0.0010728836059570312,1.7188884271490679e-06,-2.061175584793091,-0.30273739496866864,0.11911964416503906
2017-01-24,95561.74365234375,295.7162634531657,-0.0011052116751670837,8.623470080237894e-07,-2.310415029525757,0.12644211451212564,0.11906242370605469
2017-01-25,95581.38346354167,295.90870984395343,-0.0010656453669071198,0.0,-2.2110562721888223,1.1480379104614258,0.11899503072102864
2017-01-26,95501.36669921875,294.5990358988444,-0.0007188953459262848,0.0008052468298842541,-1.9445027907689412,1.3955894311269124,0.12161890665690105
2017-01-27,95398.58805338542,295.73562812805176,-0.0012614931911230087,0.0,-1.8314519723256428,1.1495015223821003,0.12528101603190103
2017-01-28,95396.81966145833,296.45264371236163,-0.0010507823899388313,0.0,-1.7622979482014973,-1.2607706387837727,0.12409019470214844
2017-01-29,95447.43603515625,296.15562947591144,-0.0013000750914216042,8.612871056357108e-07,-1.3689041137695312,-1.3876319726308186,0.1231066385904948
2017-01-30,95333.52018229167,295.8283697764079,-0.0013183141127228737,4.410743663640915e-07,-1.4610474904378254,0.5630313555399576,0.12219810485839844
2017-01-31,95284.46321614583,296.7304464975993,-0.0012664785608649254,2.1424416836168803e-06,-1.104225794474284,1.0582406123479207,0.12147204081217448
2017-02-01,95336.40413411458,297.55783716837567,-0.001224352978169918,8.583068833445395e-07,-1.8291041056315105,1.381495992342631,0.1208813985188802
2017-02-02,95481.3828125,297.1976572672526,-0.001122649759054184,1.27641748903784e-06,-2.106810291608175,1.401529312133789,0.12042617797851562
2017-02-03,95432.50537109375,296.885212580363,-0.0011695511639118195,1.2886303011327982e-06,-1.773871620496114,-0.15665205319722494,0.12006187438964844
2017-02-04,95290.84130859375,296.96675237019855,-0.0011938493698835373,3.003680831170641e-06,-1.6720284223556519,0.5969329675038656,0.11976178487141927
2017-02-05,95258.22623697917,296.7107041676839,-0.0011957641690969467,2.0857441995758563e-08,-1.168505311012268,1.345213492711385,0.11949221293131511
2017-02-06,95232.28564453125,297.71570777893066,-0.0012008845806121826,4.351138045421976e-07,-0.383602499961853,0.3915221293767293,0.11922518412272136
2017-02-07,95246.19889322917,297.93569882710773,-0.001198410987854004,2.1517276422855502e-06,-1.3718128204345703,-0.3438987731933594,0.11901537577311198
2017-02-08,95289.74983723958,297.773001352946,-0.001212429255247116,4.231928301123844e-07,-1.6867078145345051,0.3660875956217448,0.11884752909342448
2017-02-09,95201.05729166667,298.20362027486163,-0.0012701284140348434,8.52346317969932e-07,-0.9640655517578125,1.137959321339925,0.11869176228841145
2017-02-10,95122.99886067708,298.1749922434489,-0.0012724269181489944,0.0,-1.8557262420654297,1.7963965733846028,0.11857032775878906
2017-02-11,95248.7783203125,297.58355649312335,-0.0012589935213327408,8.583068797918258e-07,-2.518489956855774,2.444166898727417,0.11848767598470052
2017-02-12,95486.00748697917,296.0874195098877,-0.0010293405503034592,4.3600401156140833e-07,-2.63488761583964,1.7877343098322551,0.11844380696614583
2017-02-13,95657.89208984375,296.1533851623535,-0.0009458549320697784,2.1427867977763526e-06,-2.616002400716146,1.4803235530853271,0.11842854817708333
2017-02-14,95764.80419921875,297.0244369506836,-0.0009348588064312935,4.35456684044766e-07,-2.3015076319376626,0.28658167521158856,0.11840756734212239
2017-02-15,95737.9189453125,297.11681175231934,-0.0010240636765956879,0.0,-2.2297648588816323,0.6129137674967448,0.11837259928385417
2017-02-16,95529.98421223958,297.3338902791341,-0.0010921070352196693,2.5849129201560572e-06,-1.6267656485239665,-0.4762120246887207,0.11833000183105469
2017-02-17,95449.39029947917,297.4445234934489,-0.0011030817404389381,2.5749205860847724e-06,-2.007039030392965,-0.45208219687143963,0.11830647786458333
2017-02-18,95471.0029296875,297.9804089864095,-0.0011189449578523636,8.52346317969932e-07,-1.3995062510172527,-0.48130667209625244,0.11828041076660156
2017-02-19,95290.11279296875,298.81483968098956,-0.0012065228074789047,1.7106532368416083e-06,0.15784871578216553,-1.7522811889648438,0.11824289957682292
2017-02-20,94965.35416666667,299.5769437154134,-0.0012878365814685822,0.0,1.1027896404266357,-0.7639738321304321,0.11818122863769531
2017-02-21,94945.40250651042,300.17467562357587,-0.0012895464897155762,1.7040207467289292e-06,0.6172949473063151,0.09858449300130208,0.11813036600748698
2017-02-22,95077.03483072917,300.31352106730145,-0.0012496113777160645,0.0,0.8543408711751302,-0.15686543782552084,0.11809412638346355
2017-02-23,95207.10172526042,300.883513768514,-0.001275656744837761,1.293420723413874e-06,-0.06952985127766927,-0.6001447439193726,0.11805661519368489
2017-02-24,95305.548828125,300.3103777567546,-0.001265835016965866,0.0,-0.9313907623291016,-1.6981292565663655,0.1180280049641927
2017-02-25,95282.55908203125,298.65773582458496,-0.0013026902452111244,3.424286660447251e-06,-1.3960949182510376,-1.8239682515462239,0.11802419026692708
2017-02-26,95132.27457682292,298.7107569376628,-0.0013214647769927979,1.293420723413874e-06,-1.8471240997314453,-1.5079028606414795,0.11802291870117188
2017-02-27,95248.08626302083,298.821143468221,-0.001175273209810257,4.261732051702438e-07,-1.8541914621988933,0.34410572052001953,0.11801592508951823
2017-02-28,95259.22639973958,299.91061274210614,-0.0012162355706095695,8.70227722771233e-07,-1.3101634979248047,-1.264185110727946,0.11800893147786458
2017-03-01,95178.78385416667,299.51697476704913,-0.0011938214302062988,1.7225742112714215e-06,-1.9669520060221355,0.8078155120213827,0.11799240112304688
2017-03-02,95051.49625651042,299.43551381429035,-0.001218412071466446,1.716613724056515e-06,-1.8294425805409749,2.0006399949391684,0.1179949442545573
2017-03-03,94839.81901041667,299.4459571838379,-0.0013583693653345108,2.5765960458556947e-06,-2.1213130950927734,2.3497825066248574,0.11800575256347656
2017-03-04,94798.923828125,299.4174410502116,-0.0010227598249912262,0.0,-0.11703936258951823,1.9358069499333699,0.11798922220865886
2017-03-05,94768.78662109375,300.29283142089844,-0.0007853275164961815,1.7303228275977744e-05,-0.2845751444498698,1.7191816965738933,0.11803309122721355
2017-03-06,94745.732421875,300.7280025482178,-0.0008465461432933807,2.1417990865302272e-06,-1.097115198771159,1.9497996966044109,0.1180432637532552
2017-03-07,94728.29703776042,300.2308044433594,-0.0009179580956697464,0.0003629326820373535,-0.3419087727864583,2.7072161038716636,0.11986351013183594
2017-03-08,94729.67496744792,300.5893274943034,-0.0010784845799207687,2.9802322387695312e-06,0.7888024648030599,0.8544508616129557,0.12010892232259114
2017-03-09,94698.89729817708,300.6071554819743,-0.0008961893618106842,5.9217214584350586e-05,-0.15130170186360678,1.3209877014160156,0.11978785196940105
2017-03-10,94702.62532552083,300.6197986602783,-0.0016225213184952736,0.001004415704016992,2.6299968957901,1.0281944274902344,0.12710189819335938
2017-03-11,94951.7529296875,298.84629249572754,-0.001420111395418644,-4.47494130639825e-09,2.654332915941874,-0.6127910614013672,0.1253382364908854
2017-03-12,95053.03873697917,298.5307076772054,-0.0012817028909921646,4.351138045421976e-07,-0.31386534372965497,-1.7518118222554524,0.12336413065592448
2017-03-13,95067.697265625,300.27856763203937,-0.0010817283764481544,0.0,-1.413139820098877,0.6037445465723673,0.12188466389973958
2017-03-14,95131.68115234375,300.2354208628337,-0.0007934011518955231,5.3399801174691675e-05,-2.095000982284546,1.1519603729248047,0.12117640177408855
2017-03-15,95177.03580729167,299.46115748087567,-0.0008760392665863037,0.0008152819556812574,-1.7763322194417317,1.7994673649470012,0.12253506978352864
2017-03-16,95111.70930989583,299.65717760721844,-0.0019233878701925278,0.005426843791894953,0.5492709477742513,0.4936428864796956,0.18255297342936197
2017-03-17,95013.45979817708,299.70612080891925,-0.0017286045476794243,0.00017590820789337158,0.736853281656901,-0.057296951611836754,0.17878405253092447
2017-03-18,95075.56510416667,300.7203617095947,-0.00205431692302227,1.726374421195942e-06,0.8438720703125,-1.078272859255473,0.16492907206217447
2017-03-19,95090.16731770833,301.1407292683919,-0.0017194831743836403,1.2666736211031093e-06,0.968841552734375,-0.9344341357549032,0.15307108561197916
2017-03-20,95101.00406901042,300.8007176717122,-0.0018018092960119247,8.523463748133508e-07,-0.7100900014241537,-2.3832995096842446,0.14408747355143228
2017-03-21,95225.75374348958,300.8036651611328,-0.0016130739822983742,8.583068797918258e-07,-1.482505162556966,-1.1110389232635498,0.13707415262858072
2017-03-22,95148.90852864583,300.3249518076579,-0.0014270246028900146,8.52346317969932e-07,-1.2020327250162761,0.41447516282399494,0.1320794423421224
2017-03-23,95062.37369791667,302.04635938008624,-0.001445733942091465,0.0,-1.1817035675048828,1.2787718772888184,0.12822341918945312
2017-03-24,95027.0673828125,303.1137631734212,-0.001395239494740963,8.52346317969932e-07,-0.5308519999186198,1.474355975786845,0.12531534830729166
2017-03-25,95047.70279947917,303.67951011657715,-0.0013466691598296165,1.7082966792258958e-06,-0.04953336715698242,1.0500067472457886,0.12311999003092448
2017-03-26,95076.52994791667,303.89269574483234,-0.0013188011944293976,2.9994251349307888e-06,-0.8565457661946615,0.8426052729288737,0.12154769897460938
2017-03-27,95121.4111328125,303.60962804158527,-0.0012681586667895317,4.380933091852057e-07,-1.2218818664550781,1.3366585969924927,0.12046496073404948
2017-03-28,95089.0498046875,303.7177282969157,-0.0011569671332836151,8.52346317969932e-07,-1.0880114237467449,1.402742624282837,0.11968549092610677
2017-03-29,95013.15055338542,304.2385896046956,-0.0011947322636842728,1.7225742112714215e-06,-0.7708307902018229,1.5120369990666707,0.11914952596028645
2017-03-30,95048.44287109375,303.9963372548421,-0.0010921359062194824,0.0,-0.3460170825322469,1.5424371560414631,0.11876932779947917
2017-03-31,95067.5615234375,304.69625663757324,-0.001267661340534687,1.2904405366498395e-06,-1.1157134373982747,1.6250044504801433,0.11848958333333333
2017-04-01,94923.60546875,304.9679889678955,-0.0011289417743682861,0.0,0.6154593626658121,1.774194558461507,0.11829821268717448
2017-04-02,94837.22932942708,304.7740821838379,-0.001269669272005558,0.000413468480019219,0.30719371636708576,1.8436177571614583,0.11994361877441406
2017-04-03,94913.92610677083,304.07835960388184,-0.0013514785096049309,0.000657945871296306,-0.8508752187093099,1.8843523661295574,0.12391916910807292
2017-04-04,94951.89339192708,303.9572982788086,-0.0010688044130802155,2.2927736495148565e-05,-0.5827865600585938,1.6287953058878581,0.12454986572265625
2017-04-05,94867.54069010417,302.7333634694417,-0.001202968880534172,0.0014819762127444847,0.003800074259440104,1.6825284560521443,0.13257471720377603
2017-04-06,94782.595703125,304.3950252532959,-0.0015083439648151398,1.7881575331557542e-08,-0.8891290028889974,1.3086048762003581,0.13516362508138022
2017-04-07,94830.29150390625,304.27090072631836,-0.001216905191540718,9.288191785117306e-05,0.16015752156575522,1.3066830237706502,0.13083394368489584
2017-04-08,94884.43115234375,304.4069258371989,-0.0012474041432142258,9.760260468283377e-06,-0.8369693756103516,0.18007540702819824,0.12762451171875
2017-04-09,94831.96598307292,304.5069980621338,-0.0012904219329357147,6.232559680441341e-05,-1.021932601928711,0.9023425976435343,0.12503814697265625
2017-04-10,94784.47265625,304.40296745300293,-0.0011909157037734985,8.523463748133508e-07,-0.6082623799641927,-0.4570818742116292,0.1230481465657552
2017-04-11,94839.52913411458,304.4041887919108,-0.0014374228194355965,0.0,-1.2906653086344402,-1.548114538192749,0.12145169576009114
2017-04-12,94877.44986979167,303.18774223327637,-0.0013747718185186386,1.7296105170316878e-06,-0.7507972717285156,-0.5204774538675944,0.12025705973307292
2017-04-13,94849.36751302083,304.0594647725423,-0.0013564713299274445,1.7068520037355484e-06,-0.6495399475097656,0.8304367860158285,0.11941019694010417
2017-04-14,94737.29410807292,304.1601092020671,-0.0011372026056051254,1.7101491494031507e-06,-0.24590301513671875,1.664953589439392,0.11886850992838542
2017-04-15,94557.66585286458,304.9345302581787,-0.0011602463200688362,8.52346317969932e-07,0.7960974375406901,0.9204788605372111,0.1185315450032552
2017-04-16,94547.44694010417,305.56145604451496,-0.0012305527925491333,0.0,1.6366736094156902,-0.19580074151357016,0.1182874043782552
2017-04-17,94656.40380859375,305.88192494710285,-0.0012745913118124008,2.5808803911786526e-06,0.368679682413737,-0.7346217632293701,0.11812464396158855
2017-04-18,94684.00520833333,305.62744839986163,-0.0010390421375632286,4.410743663640915e-07,-0.5077431996663412,0.0313258171081543,0.1180280049641927
2017-04-19,94645.86751302083,305.70391845703125,-0.0009946785867214203,2.148747341834678e-06,0.10828399658203125,1.3646504878997803,0.11795743306477864
2017-04-20,94638.17008463542,305.7723611195882,-0.0010344646871089935,8.583068797918258e-07,-0.10063362121582031,0.2749602794647217,0.11789321899414062
2017-04-21,94662.36246744792,305.8744831085205,-0.0010761460289359093,1.7246679817617405e-06,0.5330696105957031,-0.17248467604319254,0.11784172058105469
2017-04-22,94695.15755208333,305.5636450449626,-0.0011527426540851593,0.0,2.0582911173502603,-2.046830336252848,0.11780103047688802
2017-04-23,94738.03043619792,305.26421610514325,-0.0011242497712373734,4.261732051702438e-07,1.5176340738932292,-1.6885814666748047,0.11775525410970052
2017-04-24,94796.05078125,305.2442804972331,-0.001066136173903942,1.7225742112714215e-06,1.2299569447835286,-1.9733174641927083,0.11771583557128906
2017-04-25,94797.02620442708,305.1870473225911,-0.0010592695325613022,8.70227722771233e-07,0.8040739695231119,-0.9478168487548828,0.11767768859863281
2017-04-26,94820.55061848958,305.7432549794515,-0.0009746011346578598,6.837469436504762e-05,0.7180347442626953,0.3338136672973633,0.11787923177083333
2017-04-27,94904.93391927083,305.3574988047282,-0.0009510088711977005,1.934170654749323e-06,0.25772539774576825,0.39390305678049725,0.11807314554850261
2017-04-28,94872.90592447917,304.79584821065265,-0.0012482348829507828,0.0016528546809126965,1.079455057779948,1.1613986094792683,0.12815221150716147
2017-04-29,94927.16455078125,304.63938967386883,-0.0014356281608343124,0.0005368292331695557,1.2934773763020833,0.3417506217956543,0.13509559631347656
2017-04-30,94868.69173177083,303.9061686197917,-0.0014910418540239334,0.0012733787298202515,0.5650838216145834,0.7266571124394735,0.13922754923502603
2017-05-01,94949.732421875,303.0170199076335,-0.0013220245018601418,0.00017842948432189587,-0.9950815836588541,1.3885033925374348,0.13886642456054688
2017-05-02,95020.16682942708,303.3631420135498,-0.0011351751163601875,0.0001593886174191539,-1.3158931732177734,1.631426493326823,0.13446617126464844
2017-05-03,94990.93359375,303.9559504191081,-0.0010593961924314499,0.00010925570859399159,-1.337445576985677,1.4213752746582031,0.13112958272298178
2017-05-04,94962.44270833333,305.14458656311035,-0.0011094771325588226,6.04391097525081e-06,-1.3382759094238281,1.1235295136769612,0.12776501973470053
2017-05-05,94927.08854166667,305.8466059366862,-0.0013213884085416794,0.0009269118309020996,-0.7963943481445312,0.6810646454493204,0.12941424051920572
2017-05-06,94999.23209635417,305.616413752238,-0.0014412328600883484,0.0007916258026057221,-0.023180643717447918,1.4454290866851807,0.13332557678222656
2017-05-07,94986.45328776042,305.09473609924316,-0.0013157371431589127,0.0006335331748346107,0.20256741841634116,1.101272424062093,0.13492393493652344
2017-05-08,94851.17415364583,304.7870724995931,-0.0014436691999435425,0.001366347074508667,0.6328595479329427,0.8291904528935751,0.13912073771158853
2017-05-09,94740.82112630208,305.30224863688153,-0.001710524782538414,0.0005561739487234263,-1.1078009208043416,0.7313125530878702,0.14173253377278647
2017-05-10,94792.30110677083,304.4799009958903,-0.0014662668108940125,0.001049283759719799,-1.150443474451701,1.3393229643503826,0.14342435201009116
2017-05-11,94882.52750651042,303.7513828277588,-0.0013511180877685547,0.00032763779108790914,-1.4409624735514324,1.2623371680577595,0.1423517862955729
2017-05-12,94820.67041015625,304.81752332051593,-0.0012876521795988083,2.0068884072799165e-05,-1.855489730834961,1.168183445930481,0.1366246541341146
2017-05-13,94687.1572265625,305.85856374104816,-0.0011187810450792313,9.465217544857296e-06,-0.5958302815755209,1.2225020329157512,0.13115692138671875
2017-05-14,94566.10416666667,306.53468132019043,-0.001470867544412613,0.0017833113670349121,1.691244125366211,0.8072616656621298,0.1379871368408203
2017-05-15,94466.81005859375,307.1169064839681,-0.0015751272439956665,0.00010669231414794922,3.0230865478515625,-0.5950035651524862,0.1399205525716146
2017-05-16,94372.2060546875,307.6948413848877,-0.0013047605752944946,8.523463748133508e-07,2.1593844095865884,-1.3736915985743205,0.1332683563232422
2017-05-17,94456.81331380208,306.9050757090251,-0.0012467149645090103,0.0002313554286956787,2.555688222249349,-1.2383654912312825,0.12942822774251303
2017-05-18,94546.38216145833,307.3166255950928,-0.0011992324143648148,8.589028482219874e-06,2.0811373392740884,-0.9757537047068278,0.12671470642089844
2017-05-19,94614.23274739583,307.8384761810303,-0.0011653006076812744,5.149841303619951e-06,2.332759221394857,-1.4982699155807495,0.12366676330566406
2017-05-20,94487.90950520833,306.960210164388,-0.0011121276766061783,2.1755695378544715e-06,1.467803955078125,-1.9515520334243774,0.12156740824381511
2017-05-21,94443.84993489583,307.24194018046063,-0.0010067196562886238,0.0,1.1306311289469402,-0.8561708529790243,0.12024561564127605
2017-05-22,94548.21858723958,307.00211270650226,-0.0009621893987059593,1.4901161193847656e-08,0.7316315968831381,-0.9547139406204224,0.11939684549967448
2017-05-23,94532.74739583333,307.3580182393392,-0.0009170304983854294,0.0,0.9555428822835287,-1.2104487816492717,0.11885134379069011
2017-05-24,94415.29833984375,307.74986267089844,-0.0008973274379968643,8.553265615773853e-07,0.9079825083414713,-0.27705514430999756,0.11847686767578125
2017-05-25,94369.55777994792,307.1049060821533,-0.0009837085381150246,0.0005132439675890055,-0.0057722727457682295,0.5231377283732096,0.12049484252929688
2017-05-26,94364.80485026042,306.7434024810791,-0.0009757336229085922,0.0005381107330322266,0.6977024078369141,-0.12196234862009685,0.12346204121907552
2017-05-27,94343.08902994792,305.1900513966878,-0.0013916296884417534,0.003137984871859345,2.1851584116617837,-0.6862717866897583,0.13867759704589844
2017-05-28,94300.89876302083,305.68948618570965,-0.0017438912764191628,0.00029643642464449727,3.1805547078450522,-0.7441420555114746,0.15300750732421875
2017-05-29,94226.0966796875,305.8830674489339,-0.0015829894691705704,3.086924552775372e-05,4.522345860799153,-0.9139578342437744,0.14378929138183594
2017-05-30,94229.60367838542,305.0719699859619,-0.0013251164928078651,3.9803981735531124e-05,5.328299840291341,-0.29770060380299884,0.1365502675374349
2017-05-31,94317.33756510417,304.8510348002116,-0.00102926604449749,0.00010800361633300781,3.4428831736246743,1.3533167441685994,0.13206609090169272
2017-06-01,94370.89599609375,305.1337375640869,-0.0008503943681716919,0.00010230839245650714,1.0252037048339844,1.4211651881535847,0.1291783650716146
2017-06-02,94456.85139973958,305.9412390391032,-0.0011277766898274422,0.0009086906908919445,0.6432069142659506,1.1103527148564656,0.12913640340169272
2017-06-03,94535.71663411458,304.77403322855633,-0.0015256376937031746,0.007057505845978085,2.607041676839193,0.4850812753041585,0.1551380157470703
2017-06-04,94549.55045572917,303.3901793162028,-0.0016918573528528214,1.5842914535824093e-05,3.3000414768854776,-0.6378661791483561,0.20766512552897134
2017-06-05,94567.30159505208,302.70337359110516,-0.0025174152106046677,0.016745235836367556,3.3538711071014404,-0.9659402370452881,0.23497772216796875
2017-06-06,94638.08219401042,300.51635424296063,-0.0029580015689134598,0.008786100149052345,3.3046544392903647,-1.4135139385859172,0.3401527404785156
2017-06-07,94685.26399739583,299.5655453999837,-0.0034844009205698967,0.00834272503846023,3.8685302734375,-1.6976128021876018,0.34450213114420575
2017-06-08,94536.42415364583,299.7799599965413,-0.002400844357907772,0.001106953620819695,4.2944990793863935,-1.9578932523727417,0.3025042215983073
2017-06-09,94403.83935546875,300.763370513916,-0.002763223834335804,0.0010083407576075842,3.711815516153971,-1.1071799198786418,0.2741527557373047
2017-06-10,94344.26888020833,299.16250864664715,-0.0024375561624765396,0.011037367582275692,3.066270192464193,-0.2897787094116211,0.3179238637288411
2017-06-11,94332.04150390625,298.53253237406415,-0.0024922173470258713,0.006163120269775391,3.555872599283854,0.9596356550852457,0.3445231119791667
2017-06-12,94323.93082682292,298.7815640767415,-0.0028508445248007774,0.00713964104642173,3.711257298787435,1.4592185417811077,0.3483327229817708
2017-06-13,94350.27913411458,296.65902519226074,-0.0018855147063732147,0.0350135505199205,3.8137079874674478,0.8791167736053467,0.4017588297526042
2017-06-14,94566.6015625,298.4411703745524,-0.002657412551343441,0.012617146968750603,3.5484720865885415,-0.5123723347981771,0.40614064534505206
2017-06-15,94590.00895182292,298.5803591410319,-0.0030497005209326744,0.013920345902437958,3.0316766103108725,-0.1344165802001953,0.40621058146158856
2017-06-16,94581.28694661458,297.7293643951416,-0.001886715181171894,0.002255904076605475,2.5860684712727866,0.2518501281738281,0.3871173858642578
2017-06-17,94540.2373046875,298.39428393046063,-0.0034126099199056625,0.008501523733137617,2.447257320086161,-0.5028241475423177,0.3899269104003906
2017-06-18,94503.00520833333,298.3863894144694,-0.0028649521991610527,0.03603985905647278,3.0609874725341797,-0.2933871348698934,0.4100392659505208
2017-06-19,94471.65755208333,297.3295612335205,-0.002240486443042755,0.016869500505379165,3.6422595977783203,0.3136577606201172,0.4198964436848958
2017-06-20,94504.43912760417,298.9566542307536,-0.002972269430756569,0.0016753971575553805,4.527451197306315,0.23601075013478598,0.3911577860514323
2017-06-21,94549.74055989583,299.9109077453613,-0.0041945818811655045,0.00017067790031433105,4.617236455281575,0.3112328847249349,0.36312611897786456
2017-06-22,94574.47265625,300.30762481689453,-0.004412110894918442,0.00010857582077505867,4.747049331665039,-0.3077220916748047,0.33894920349121094
2017-06-23,94473.92317708333,299.5229727427165,-0.0033051492646336555,0.003961884975428376,4.686001459757487,-0.40722668170928955,0.3452466328938802
2017-06-24,94246.90152994792,299.6270217895508,-0.003668729215860367,0.0013879598148491823,4.715508222579956,0.04762415091196696,0.34061241149902344
2017-06-25,94188.54134114583,298.66294797261554,-0.0036002639681100845,0.0060204606494949076,4.679860432942708,1.066344420115153,0.3449242909749349
2017-06-26,94324.84423828125,297.70760854085285,-0.0031154118478298187,0.005295947374179377,5.064184188842773,1.0745617151260376,0.3648274739583333
2017-06-27,94402.67626953125,297.91685167948407,-0.0031573586165905,0.00459657609462738,5.057769139607747,1.073507308959961,0.3682409922281901
2017-06-28,94456.67447916667,298.46617698669434,-0.002576921135187149,0.0009889617579688093,5.430171966552734,1.500321904818217,0.35471471150716144
2017-06-29,94431.2646484375,298.96545600891113,-0.0028137369081377983,0.0016901985914259399,5.535211563110352,0.9815824429194132,0.3414529164632161
2017-06-30,94354.03206380208,299.6844889322917,-0.003412901423871517,0.002148926258087158,5.767386754353841,0.504884680112203,0.3370838165283203
2017-07-01,94368.78792317708,299.4056510925293,-0.0031180549412965775,0.000421114228231545,5.499949137369792,0.9898410638173422,0.32445526123046875
2017-07-02,94437.95133463542,299.76428667704266,-0.0031346986070275307,0.0004920065402984619,5.22597058614095,0.8946279287338257,0.30814552307128906
2017-07-03,94551.7265625,299.6841106414795,-0.0031270962208509445,0.0009636580944061279,5.055838267008464,0.46668752034505206,0.29961585998535156
2017-07-04,94562.61800130208,299.6602045694987,-0.003361283801496029,0.00026854872703552246,5.5601456960042315,-0.06434794267018636,0.2896607716878255
2017-07-05,94576.80354817708,299.52426465352374,-0.003244229592382908,0.0004908158821876896,5.183743794759114,-0.18856112162272134,0.2771282196044922
2017-07-06,94580.87060546875,298.46317927042645,-0.002801761031150818,0.005332562327396317,4.196930567423503,-0.2319482167561849,0.29881858825683594
2017-07-07,94633.86328125,299.0878766377767,-0.0034341085702180862,0.003910389542568282,3.9656092325846353,-0.8129483064015707,0.3117198944091797
2017-07-08,94570.46142578125,299.4227155049642,-0.003639528527855873,0.0012438027041525856,3.791969100634257,-0.7485504547754923,0.3222891489664714
2017-07-09,94602.515625,299.0056489308675,-0.003092215396463871,0.012637168169021606,3.1603775024414062,0.002770026524861654,0.3526770273844401
2017-07-10,94673.88232421875,299.3902816772461,-0.003866055980324745,0.0051950812339782715,3.3606185913085938,-0.32083360354105633,0.36214256286621094
2017-07-11,94667.30533854167,298.3532937367757,-0.0029860995709896088,0.003120237588859709,3.7202542622884116,-0.5924098889032999,0.3605950673421224
2017-07-12,94599.78971354167,298.24217987060547,-0.0023955684155225754,0.002135846018706644,4.29499880472819,-0.5194040934244791,0.3433615366617839
2017-07-13,94475.92333984375,297.9296995798747,-0.0031777117401361465,0.0072661236775388716,4.852237701416016,0.18619143962860107,0.3617210388183594
2017-07-14,94443.65299479167,298.09324010213214,-0.003156464546918869,0.006659015893092146,5.116782506306966,0.3979374170303345,0.3785387674967448
2017-07-15,94470.5791015625,298.69391441345215,-0.0030916202813386917,0.00186350345484243,5.286751429239909,0.08294252554575603,0.3613198598225911
2017-07-16,94412.9677734375,297.1476764678955,-0.0024724993854761124,0.005061548947821848,5.2914174397786455,-0.0907575289408366,0.35881296793619794
2017-07-17,94303.57535807292,295.8638776143392,-0.0024254657328128815,0.04088986814021567,5.203284581502278,-0.3769272565841675,0.41805775960286456
2017-07-18,94208.5615234375,295.67873700459796,-0.002722339704632759,0.04122950434611994,6.353333791097005,0.44045786062876385,0.4280408223470052
2017-07-19,94157.27587890625,296.8301525115967,-0.0029501933604478836,0.013974606990814209,5.749732335408528,1.3255381186803181,0.41960398356119794
2017-07-20,94241.84749348958,298.6393299102783,-0.0029608532786369324,0.0025126516811724287,5.627342859903972,2.248124440511068,0.4007689158121745
2017-07-21,94382.42561848958,299.4458923339844,-0.003958450630307198,0.0005686283111572266,5.713523228963216,2.075725555419922,0.37932395935058594
2017-07-22,94448.91373697917,299.51391792297363,-0.004068493843078613,0.0004035711287428967,5.745174407958984,1.501234531402588,0.3624865214029948
2017-07-23,94496.93961588542,298.9296766916911,-0.0038545038551092148,8.133053779602051e-05,5.83016840616862,1.5976629257202148,0.3472970326741536
2017-07-24,94485.68896484375,298.7313588460286,-0.003703259862959385,0.00015734434117575802,5.781852722167969,1.1528452237447102,0.3345864613850911
2017-07-25,94408.33821614583,299.15415064493817,-0.0036577964201569557,0.000209870934384071,5.346490859985352,0.33131420612335205,0.3240833282470703
2017-07-26,94464.22054036458,299.0053704579671,-0.0036088377237319946,0.0003897696732337863,5.157686233520508,0.3591117858886719,0.3148949940999349
2017-07-27,94563.79264322917,298.79729143778485,-0.0038201790302991867,0.001017242670059204,4.642500559488933,0.3149001995722453,0.30794525146484375
2017-07-28,94692.17757161458,298.9626356760661,-0.0032576341181993484,0.0004097700117995373,4.427298863728841,0.5082817077636719,0.3026390075683594
2017-07-29,94752.40055338542,299.1670385996501,-0.0037422385066747665,0.001333928108181226,3.865558624267578,-0.16411026318868002,0.2986011505126953
2017-07-30,94690.12190755208,299.6719334920247,-0.0039907097816467285,0.0001357734203288885,3.5562095642089844,-0.8892997105916342,0.2903296152750651
2017-07-31,94691.33235677083,299.9668604532878,-0.0040739960968494415,0.00018622875213480938,3.4999205271402993,-0.625237782796224,0.27724583943684894
2017-08-01,94728.45052083333,300.2040545145671,-0.00415797159075737,0.00012425073947497367,3.657257080078125,-0.643218477567037,0.2645721435546875
2017-08-02,94712.98404947917,300.1909815470378,-0.004001440480351448,0.00015980303277274288,4.032031377156575,-0.6893343528111776,0.253268559773763
2017-08-03,94551.96647135417,299.3812084197998,-0.0037813568487763405,0.000619509816164765,4.705624898274739,0.1347130537033081,0.24571990966796875
2017-08-04,94351.88557942708,298.8760395050049,-0.002992532216012478,0.001980423927307129,3.9666856129964194,-0.3323976993560791,0.25084559122721356
2017-08-05,94369.13151041667,299.12665430704754,-0.0026679951697587967,0.0008522570133209229,3.5862159729003906,-1.1728510856628418,0.24967575073242188
2017-08-06,94393.15478515625,299.39683024088544,-0.0031980257481336594,0.0002508401870677801,2.967421849568685,-1.0002437432607014,0.2451305389404297
2017-08-07,94495.94710286458,299.31532796223956,-0.0030675027519464493,0.0017414242029190063,2.528501510620117,-0.299868901570638,0.24292310078938803
2017-08-08,94577.8662109375,298.7766571044922,-0.0027416348457336426,0.0039820075035095215,2.0558223724365234,-0.3321526845296224,0.25327491760253906
2017-08-09,94649.73258463542,297.27706082661945,-0.0021402984857559204,0.004867988824742042,2.684292475382487,0.537842869758606,0.31482823689778644
2017-08-10,94652.05078125,298.5444087982178,-0.0030642934143543243,0.0020554160987558134,3.2860418955485025,0.2031631867090861,0.3059349060058594
2017-08-11,94689.7294921875,298.6502151489258,-0.0034765414893627167,0.00193747878074646,3.292598088582357,-0.17937819163004556,0.3029212951660156
2017-08-12,94745.80061848958,298.59675216674805,-0.0030928757041692734,0.0010867416858673096,2.941860834757487,-0.2734299103418986,0.2935708363850911
2017-08-13,94858.83365885417,298.187692006429,-0.0023175645619630814,0.0012116372584500823,3.0831381479899087,0.15181605021158853,0.28739039103190106
2017-08-14,94930.62581380208,298.2393321990967,-0.00302791316062212,0.0010218173265457153,2.0833778381347656,-0.9233127037684122,0.2827676137288411
2017-08-15,94766.07340494792,298.5893185933431,-0.00319751538336277,0.009063816070522535,2.4341907501220703,-0.6600488424301147,0.3210442860921224
2017-08-16,94585.63167317708,298.3835029602051,-0.002924734726548195,0.0075278330861010545,2.664584477742513,-0.46171073118845624,0.35941632588704425
2017-08-17,94366.28385416667,298.4107971191406,-0.002788952551782131,0.005293267965271298,2.7384109497070312,-0.9511145750681559,0.359524408976237
2017-08-18,94264.88151041667,296.8846327463786,-0.0026887524873018265,0.013867438918168773,3.6413548787434897,-1.357483943303426,0.37580299377441406
2017-08-19,94192.87223307292,296.01515769958496,-0.0026832688599824905,0.0561986118555069,5.276462395985921,-0.4387236436208089,0.41685231526692706
2017-08-20,94211.76123046875,295.3174171447754,-0.0026665907353162766,0.0319560170173645,5.462807337443034,1.1978233257929485,0.42038536071777344
2017-08-21,94309.54459635417,297.60055351257324,-0.003255787305533886,0.0027748674153258435,2.857489267985026,1.494183858235677,0.39981651306152344
2017-08-22,94452.86865234375,298.27668889363605,-0.003983933478593826,0.002505779266357422,2.6896794637044272,0.24835777282714844,0.3946984608968099
2017-08-23,94562.28873697917,299.00503730773926,-0.004013877362012863,0.00033195316791534424,2.9384485880533853,-0.8855603535970052,0.3773536682128906
2017-08-24,94490.65934244792,298.12273534138996,-0.0031079966574907303,0.014631643891334534,3.0486043294270835,-1.0153045654296875,0.3975531260172526
2017-08-25,94308.42203776042,297.35119883219403,-0.00274844653904438,0.003898578882115089,3.7945454915364585,-0.9034415483474731,0.4034099578857422
2017-08-26,94166.02311197917,297.601614634196,-0.0032748356461524963,0.00326693058013916,4.134204546610515,-0.969529390335083,0.39646339416503906
2017-08-27,94063.67724609375,297.27601941426593,-0.0022665569558739662,0.015201279520987043,3.5130831003189087,-0.6315834919611613,0.41048558553059894
2017-08-28,93987.97347005208,296.3648376464844,-0.002220376394689083,0.029842068868845217,3.955671230951945,1.0606321096420288,0.42404937744140625
2017-08-29,94167.30192057292,297.25381088256836,-0.0035674525424838066,0.009147427362165672,3.568394343058268,2.660269101460775,0.4212767283121745
2017-08-30,94576.45296223958,299.0153153737386,-0.004026019014418125,0.0004075974225870027,3.6005884806315103,1.331935445467631,0.3994452158610026
2017-08-31,94776.54654947917,298.71259180704754,-0.00436457060277462,0.00017751753330230713,3.5221080780029297,0.06284014383951823,0.3825035095214844
2017-09-01,94779.49886067708,298.97558403015137,-0.004698997363448143,7.471442222595215e-05,2.5327574412027993,-0.8022956848144531,0.3674615224202474
2017-09-02,94754.955078125,299.12525939941406,-0.0043667955324053764,0.000441929697899468,2.3786341349283853,0.06483201185862224,0.3561395009358724
2017-09-03,94785.84700520833,299.1951262156169,-0.004160176031291485,0.0013239234686466261,1.9834912618001301,-0.005649050076802571,0.3514976501464844
2017-09-04,94822.49381510417,299.01668039957684,-0.0038435179740190506,0.003511712723650362,1.5430138905843098,-1.1942914326985676,0.3607858022054036
2017-09-05,94760.50374348958,299.51865577697754,-0.003771989606320858,0.0017205119132945867,1.6836102803548176,-1.4281272888183594,0.3600273132324219
2017-09-06,94709.19970703125,298.35963185628253,-0.002416198141872883,0.0069931805132910085,0.6075515747070312,-1.1790485382080078,0.37136268615722656
2017-09-07,94695.26513671875,298.6423002878825,-0.003960663452744484,0.005689895152954705,-0.8151874542236328,-0.3148943583170573,0.39249293009440106
2017-09-08,94721.1640625,299.05172602335614,-0.0039781127125024796,0.0011200696229920482,-0.589599609375,0.7660090128580729,0.3778247833251953
2017-09-09,94686.42529296875,299.4392770131429,-0.004243507981300354,0.0009317994117736816,-0.9609165191650391,1.612134297688802,0.36328697204589844
2017-09-10,94745.38623046875,299.28074582417804,-0.004656432196497917,5.02467155456543e-05,-1.829617182413737,1.2628320058186848,0.3468170166015625
2017-09-11,94846.32877604167,299.2649148305257,-0.004126366227865219,0.0005620370390033713,-2.7761837244033813,1.3224589029947917,0.3354225158691406
2017-09-12,94897.76285807292,299.60351244608563,-0.004148220643401146,0.0005190521478652954,-1.6326497395833333,1.5583224693934123,0.3271668752034505
2017-09-13,94854.65608723958,299.4620539347331,-0.004197184927761555,0.0036840438842773438,-0.1563421885172526,0.8914426565170288,0.3279794057210286
2017-09-14,94768.4833984375,298.6566352844238,-0.0036027003079652786,0.002442157267978473,1.6216837565104167,0.4973710775375366,0.3480345408121745
2017-09-15,94640.54654947917,298.3201560974121,-0.003974687308073044,0.001260572671885285,2.7717984517415366,0.1766948699951172,0.3372637430826823
2017-09-16,94555.08577473958,298.6152928670247,-0.003908583894371986,0.0040550410746504895,2.323749542236328,0.5565595229466757,0.341244379679362
2017-09-17,94588.8447265625,297.80892690022785,-0.0032629091292619705,0.007065623998641968,3.416195551554362,0.4955337842305501,0.3711058298746745
2017-09-18,94675.24072265625,297.19173367818195,-0.002713383175432682,0.0015454083679742325,5.158400853474935,0.8534606695175171,0.3613293965657552
2017-09-19,94554.02327473958,297.81926981608075,-0.0034617483615875244,0.007592550606034365,5.245288213094075,1.235610802968343,0.3740501403808594
2017-09-20,94490.37467447917,297.7501691182454,-0.002585180103778839,0.0002639293670654297,5.077957391738892,1.296377142270406,0.363125483194987
2017-09-21,94550.64664713542,297.15297826131183,-0.0031756404787302017,0.0016567409038543701,4.678057352701823,0.8725583155949911,0.35417620340983075
2017-09-22,94759.0419921875,297.72085253397626,-0.0030886325985193253,0.0021366055522662464,2.7729307810465493,-0.38738759358723956,0.35540008544921875
2017-09-23,94909.24544270833,298.4035008748372,-0.003701319918036461,0.002775251865386963,1.1266028086344402,-0.6560249328613281,0.35563913981119794
2017-09-24,94841.17626953125,299.19593302408856,-0.0038497410714626312,0.0005763769149211839,0.998895009358724,-1.5225048065185547,0.3479970296223958
2017-09-25,94671.12955729167,299.1501757303874,-0.0035429149866104126,0.0023160457610060803,0.9824784596761068,-1.7807841300964355,0.3412895202636719
2017-09-26,94677.46305338542,299.3326873779297,-0.0038613388314843178,0.0018945932388305664,0.21460787455240884,-1.7507282495498657,0.338839848836263
2017-09-27,94671.56640625,299.0404249827067,-0.0033008595928549767,0.004539176821708679,0.1607666015625,-1.5022576252619426,0.35140037536621094
2017-09-28,94601.60091145833,297.873982111613,-0.0029261112213134766,0.024957467383728726,-0.017182032267252605,-0.8139088948567709,0.3985411326090495
2017-09-29,94643.15022786458,298.06200472513837,-0.0030772602185606956,0.012246770085994285,0.567132314046224,-0.5652607282002767,0.40844090779622394
2017-09-30,94783.46305338542,298.332909266154,-0.0033243028447031975,0.01062165200715981,0.9419733683268229,-0.5524247487386068,0.40933672587076825
2017-10-01,94737.44694010417,298.71434529622394,-0.003748903051018715,0.009762212634086609,0.706244150797526,-0.020706812540690105,0.4073607126871745
2017-10-02,94667.70231119792,298.0158290863037,-0.0032219476997852325,0.012551058341387034,0.20691935221354166,-0.2986224095026652,0.41397984822591144
2017-10-03,94733.03434244792,297.8001181284587,-0.002891695126891136,0.018903875350872568,0.11561965942382812,-0.5880961815516154,0.4205392201741536
2017-10-04,94730.46028645833,298.60510063171387,-0.0032798154279589653,0.0026866426666174448,-0.6151358286539713,-0.8453871409098307,0.40402666727701825
2017-10-05,94664.11979166667,297.1971486409505,-0.0026021022349596024,0.009733724594013893,-1.1211306254069011,-0.19677440325419107,0.41715367635091144
2017-10-06,94676.18489583333,297.52235476175946,-0.0029958412051200867,0.0043184399604747625,-1.4194488525390625,-0.5213869015375773,0.412139892578125
2017-10-07,94662.623046875,297.52634302775067,-0.0028497781604528427,0.008067065477366242,-0.9722366333007812,0.587874968846639,0.41109275817871094
2017-10-08,94645.57438151042,297.7985954284668,-0.0025838520377874374,0.00851269677241362,-0.3541863759358724,1.369720220565796,0.41240882873535156
2017-10-09,94625.64827473958,297.6680507659912,-0.0029378626495599747,0.014937085092459057,-0.3190186818440755,1.3618781963984172,0.4170220692952474
2017-10-10,94582.23779296875,297.64987564086914,-0.0030774977058172226,0.005183878540890419,-0.2622222900390625,1.002129077911377,0.4175027211507161
2017-10-11,94661.04915364583,297.2437521616618,-0.0026508327573537827,0.008117079734802246,-0.10951423645019531,0.9275286197662354,0.415530522664388
2017-10-12,94680.82649739583,298.0695997873942,-0.0032009994611144066,0.00451868732722005,0.4233716328938802,0.24709256490071616,0.4107125600179036
2017-10-13,94611.67301432292,297.91067632039386,-0.0028205877169966698,0.0028323773546503617,0.5767173767089844,0.1017138163248698,0.4084936777750651
2017-10-14,94614.88525390625,297.9693438212077,-0.0029626023024320602,0.006768295168871674,0.7443732023239136,-0.18871752421061197,0.40923817952473956
2017-10-15,94731.17936197917,297.7853463490804,-0.003171958029270172,0.012148544192314148,1.037857214609782,-0.6036093235015869,0.4167601267496745
2017-10-16,94738.80354817708,298.6264470418294,-0.0045036692172288895,3.652572621604122e-05,-0.018148263295491535,-1.9760264952977498,0.40167681376139325
2017-10-17,94710.05094401042,298.58202807108563,-0.004818189889192581,1.2904405934932583e-06,0.825286865234375,-2.3051795959472656,0.3829835255940755
2017-10-18,94678.48421223958,297.93079630533856,-0.005283769220113754,1.7367148075209116e-06,0.7147019704182943,-2.4066988627115884,0.3667335510253906
2017-10-19,94660.93212890625,297.7213325500488,-0.004739181138575077,8.52346317969932e-07,1.6286881764729817,-1.5197815895080566,0.35287221272786456
2017-10-20,94774.19547526042,298.4706853230794,-0.004405681975185871,0.0,2.5269203186035156,0.08074386914571126,0.341433842976888
2017-10-21,94832.36962890625,298.2772267659505,-0.0031254999339580536,0.00021654665465575818,2.57802947362264,0.47912025451660156,0.33438555399576825
2017-10-22,94900.07194010417,298.04081598917645,-0.0032622497528791428,0.0048697810062776625,2.295344273249308,-0.26851844787597656,0.3532218933105469
2017-10-23,95017.00602213542,298.64300028483075,-0.0033647464588284492,0.0008779942988326184,0.17811397711435953,-1.0665512084960938,0.3549722035725911
2017-10-24,95205.5888671875,298.35376993815106,-0.003786899149417877,0.00021691918362876095,-1.3227653503417969,-0.7338053385416666,0.3402519226074219
2017-10-25,95342.8359375,297.78265317281085,-0.0034319814294576645,0.000796973705291748,-1.7867266337076824,-0.20644823710123697,0.3314971923828125
2017-10-26,95351.91764322917,297.06457773844403,-0.003275744616985321,0.0003190934658050537,-1.707126299540202,0.3950618505477905,0.3244730631510417
2017-10-27,95250.580078125,297.4315935770671,-0.004169600084424019,8.52346317969932e-07,-1.1394659678141277,0.08089439074198405,0.3129291534423828
2017-10-28,95267.21500651042,296.73702176411945,-0.0032244250178337097,0.0002126634120891424,-0.7337566216786703,-1.0201123555501301,0.30498186747233075
2017-10-29,95355.87711588542,295.88700103759766,-0.003996340557932854,1.5099701400345111e-06,-1.78602933883667,-1.0564117431640625,0.2955792744954427
2017-10-30,95286.86702473958,296.0575949350993,-0.004243611358106136,1.7059697370314097e-06,-1.6543572743733723,-1.915905753771464,0.284939448038737
2017-10-31,95197.2578125,295.8030478159587,-0.004221618175506592,2.9801867640344426e-09,-2.0713539123535156,-1.1539166768391926,0.2743873596191406
2017-11-01,95249.85107421875,295.6381956736247,-0.004172148182988167,8.523463748133508e-07,-1.7880467971165974,-1.6052889426549275,0.2646299997965495
2017-11-02,95171.2685546875,295.1396490732829,-0.004117392003536224,4.261732051702438e-07,-1.3072643280029297,-2.2807772159576416,0.2551460266113281
2017-11-03,95094.4462890625,294.9120623270671,-0.00372445210814476,0.0,-1.8083044687906902,-2.117321014404297,0.24715805053710938
2017-11-04,95152.57942708333,296.1619580586751,-0.003650881350040436,2.1691254801226023e-06,-2.3748722076416016,-1.3935592969258626,0.2397149403889974
2017-11-05,95197.99853515625,296.7116470336914,-0.0034939758479595184,2.5796589397941716e-06,-2.239182154337565,-1.0368760426839192,0.23224703470865884
2017-11-06,95242.94840494792,296.2633234659831,-0.003645464777946472,8.629914596269828e-07,-1.8170948028564453,-1.2431364059448242,0.22515042622884116
2017-11-07,95250.78938802083,296.20543098449707,-0.003198474645614624,8.550231704873568e-07,-1.3664429982503254,-0.7690631151199341,0.21908124287923178
2017-11-08,95239.41520182292,295.71596399943036,-0.0034126266837120056,0.0,-1.6519451141357422,-1.039682388305664,0.21327908833821616
2017-11-09,95146.33121744792,295.65378252665204,-0.0034817345440387726,8.583068797918258e-07,-1.741350809733073,-1.3528849283854167,0.20694923400878906
2017-11-10,95169.9111328125,295.04187965393066,-0.003386647440493107,0.0,-1.518124024073283,-1.6546789805094402,0.20084063212076822
2017-11-11,95136.46923828125,294.8155829111735,-0.0034700771793723106,8.608301982349076e-07,-1.4257745742797852,-2.2360708316167197,0.19480323791503906
2017-11-12,94971.7900390625,295.5330047607422,-0.0031068753451108932,8.52346317969932e-07,-1.0428263346354167,-2.1335007747014365,0.18944485982259116
2017-11-13,94853.11116536458,296.4564011891683,-0.0031444821506738663,0.0,-0.7678910493850708,-2.1056456565856934,0.1841424306233724
2017-11-14,94788.02587890625,297.59470558166504,-0.002574726939201355,7.361173629760742e-06,-0.6707820892333984,-2.233428160349528,0.18011156717936197
2017-11-15,94794.7587890625,297.98377927144367,-0.0027235737070441246,5.620717900001182e-06,0.1786645253499349,-3.175036867459615,0.1764246622721354
2017-11-16,94876.68668619792,297.91591199239093,-0.002736467868089676,2.1636486735587823e-06,-0.394805908203125,-3.113871375719706,0.1726964314778646
2017-11-17,94949.4169921875,297.74474207560223,-0.002708711661398411,8.555893487027788e-07,-0.838836669921875,-1.9153268734614055,0.1690082550048828
2017-11-18,95065.31005859375,298.32423210144043,-0.0023292871192097664,2.4195961941586575e-05,-0.9876705010732015,-1.0040890375773113,0.16612815856933594
2017-11-19,95192.68636067708,297.66138140360516,-0.0018800152465701103,0.00014673769464934594,-1.5852470397949219,-0.6081239779790243,0.16490681966145834
2017-11-20,95218.1279296875,298.15296300252277,-0.0022819843143224716,0.00013105571269989014,-1.785739262898763,-0.24281160036722818,0.1638202667236328
2017-11-21,95148.7119140625,298.1952870686849,-0.0020639095455408096,0.00033027231683036007,-1.8556531270345051,0.7261753082275391,0.1635615030924479
2017-11-22,95109.02962239583,298.5899187723796,-0.0026184851303696632,1.7940998077392578e-05,-1.2862154642740886,0.7614797751108805,0.16120783487955728
2017-11-23,95075.72770182292,298.8011468251546,-0.0025348560884594917,3.37533975880433e-06,0.08962631225585938,-0.6568615436553955,0.1578210194905599
2017-11-24,95219.12255859375,298.3756745656331,-0.0023604314774274826,3.2506027309864294e-06,-0.9650230407714844,-1.4695180257161458,0.15487353006998697
2017-11-25,95328.74544270833,296.7667121887207,-0.002722940407693386,1.2934207802572928e-06,-1.9188397725423176,-1.0529574553171794,0.1517333984375
2017-11-26,95372.78515625,295.6845232645671,-0.0024438155815005302,0.0,-1.8349446058273315,-0.4986686706542969,0.14923667907714844
2017-11-27,95236.53743489583,295.31571706136066,-0.0025344938039779663,4.261732087229575e-07,-1.3929589589436848,-0.6971468130747477,0.1468652089436849
2017-11-28,95265.87923177083,295.2479616800944,-0.0025522857904434204,2.148747398678097e-06,-1.8781451384226482,-0.18594574928283691,0.1446386973063151
2017-11-29,95338.26497395833,295.0767199198405,-0.00221190694719553,8.642672923997452e-07,-2.3121258020401,0.7317080497741699,0.14275550842285156
2017-11-30,95235.90983072917,295.43083063761395,-0.0021638162434101105,8.583068833445395e-07,-2.2509212493896484,0.15837017695109049,0.1411304473876953
2017-12-01,95163.82161458333,295.7032464345296,-0.0019947467371821404,0.0,-2.7454910278320312,0.5500620206197103,0.13975207010904947
2017-12-02,95291.65299479167,294.2508379618327,-0.0017899712547659874,0.0,-2.789343476295471,0.9172849257787069,0.1386744181315104
2017-12-03,95293.75146484375,294.33318583170575,-0.001977287232875824,1.704692635939864e-06,-2.5098769664764404,0.7626691261927286,0.13758087158203125
2017-12-04,95138.22005208333,294.73125712076825,-0.0019429177045822144,4.351138613856165e-07,-2.582526524861654,1.3870892524719238,0.1365184783935547
2017-12-05,95037.02262369792,295.20871607462567,-0.001803036779165268,4.351138045421976e-07,-2.519287109375,1.8918692270914714,0.1355444590250651
2017-12-06,95040.7607421875,295.8324654897054,-0.0017634499818086624,8.583068051848386e-07,-1.6607341766357422,1.3066759904225667,0.13457616170247397
2017-12-07,95043.421875,296.509375890096,-0.0019398210570216179,1.2814998058274796e-06,-1.3038760821024578,-1.1277032295862834,0.13347689310709634
2017-12-08,95052.02278645833,296.7904739379883,-0.002109359949827194,8.576423056183557e-07,-1.1304187774658203,-2.722714106241862,0.13235600789388022
2017-12-09,95149.52783203125,296.2796274820964,-0.001965823583304882,0.0,-1.6729895273844402,-2.216511925061544,0.13131268819173178
2017-12-10,95278.89322916667,295.0576527913411,-0.0020110709592700005,8.52346317969932e-07,-1.2552846272786458,-1.6677260398864746,0.13036028544108072
2017-12-11,95322.19938151042,294.93371327718097,-0.0019843634217977524,8.52346317969932e-07,-0.5491650899251302,-0.7270207007726034,0.12949498494466147
2017-12-12,95329.74055989583,295.87764803568524,-0.001940615475177765,1.2949859069522063e-06,-1.3503863016764324,0.6400413910547892,0.1286493937174479
2017-12-13,95338.07958984375,296.871784845988,-0.0017165224999189377,4.2967508306901436e-07,-1.7884635925292969,0.8595116933186849,0.12796783447265625
2017-12-14,95410.52652994792,296.92671902974445,-0.0017074085772037506,1.7337082454105257e-06,-2.247097651163737,0.7818251450856527,0.12736002604166666
2017-12-15,95547.26741536458,295.39914321899414,-0.001517442986369133,2.175569534301758e-06,-2.275749842325846,0.327991247177124,0.12686920166015625
2017-12-16,95615.03727213542,295.52916208902997,-0.001530192792415619,8.788795753389422e-07,-2.382382074991862,0.13608980178833008,0.12654685974121094
2017-12-17,95666.88525390625,295.12147013346356,-0.001648062840104103,1.7186317791129113e-06,-2.07264773050944,-0.7078983386357626,0.12620035807291666
2017-12-18,95658.10367838542,294.97621726989746,-0.0016090106219053268,4.261732087229575e-07,-2.1558111111323037,-1.8032997449239094,0.12584495544433594
2017-12-19,95589.96370442708,293.8293991088867,-0.0017326697707176208,4.410743663640915e-07,-2.073012034098307,-1.4870890776316326,0.12545331319173178
2017-12-20,95638.900390625,293.50032234191895,-0.001634303480386734,0.0,-1.9492656389872234,-0.6724268595377604,0.1250934600830078
2017-12-21,95612.53987630208,293.8249225616455,-0.001489296555519104,0.0,-1.644449234008789,-0.22066688537597656,0.12478256225585938
2017-12-22,95460.59684244792,294.079132715861,-0.0015627490356564522,2.567504509443097e-06,-1.697353998819987,-1.2476783593495686,0.12449264526367188
2017-12-23,95273.59651692708,294.3523184458415,-0.0014746347442269325,2.564683484251873e-06,-1.9303340911865234,-0.5783495505650839,0.12417793273925781
2017-12-24,95277.20231119792,294.33675384521484,-0.0012636007741093636,0.0,-1.833621899286906,0.8812598387400309,0.12392743428548177
2017-12-25,95348.70686848958,294.9726136525472,-0.0014505041763186455,2.1565725205618946e-06,-1.576768159866333,-0.3739839792251587,0.12365277608235677
2017-12-26,95419.78580729167,294.0555610656738,-0.001611456274986267,4.1203333012163057e-07,-1.8132134278615315,-2.042686184247335,0.12334378560384114
2017-12-27,95355.00699869792,293.46287027994794,-0.0016000252217054367,1.7367486293551337e-06,-1.9196866353352864,-1.0128765106201172,0.12300809224446614
2017-12-28,95330.0341796875,293.5844548543294,-0.0014834702014923096,8.344265438609e-07,-2.2238553365071616,0.30469640096028644,0.12273534138997395
2017-12-29,95386.68717447917,293.3552888234456,-0.001325748860836029,8.52346317969932e-07,-2.2225265502929688,1.0289268493652344,0.12251599629720052
2017-12-30,95314.80485026042,294.01761054992676,-0.0013080742210149765,8.52346317969932e-07,-1.8641724189122517,0.72579026222229,0.12225151062011719
2018-01-01,94958.32275390625,295.71503321329754,-0.0013212747871875763,4.261732051702438e-07,-0.2348457177480062,-0.8994162480036417,0.12179756164550781
2018-01-02,95024.2197265625,295.5671189626058,-0.0013548284769058228,8.52346317969932e-07,-1.5184745788574219,-0.37220390637715656,0.12153116861979167
2018-01-03,95193.31494140625,295.33750279744464,-0.001256437972187996,8.583068797918258e-07,-1.6182607014973958,-0.2655353943506877,0.1213239034016927
2018-01-04,95265.83870442708,294.0045928955078,-0.0013201888650655746,1.2755393754559918e-06,-1.8125267028808594,-0.33199437459309894,0.12112998962402344
2018-01-05,95115.65201822917,294.2961171468099,-0.0014071278274059296,2.57373812928563e-06,-1.800545374552409,-0.3336542050043742,0.1209551493326823
2018-01-06,95091.64274088542,294.1248086293538,-0.0013468805700540543,8.603067271906184e-07,-1.3997077941894531,0.2963034311930339,0.12078094482421875
2018-01-07,95153.77408854167,294.45471636454266,-0.0013088956475257874,1.7225738702109084e-06,-1.6511726379394531,0.3927484353383382,0.12062454223632812
2018-01-08,95310.06461588542,293.842046101888,-0.0012458311393857002,1.7116101389547111e-06,-2.4261500040690103,0.2721956968307495,0.12051645914713542
2018-01-09,95486.3740234375,294.25743103027344,-0.0010416721925139427,4.351138045421976e-07,-2.020016352335612,0.03653653462727865,0.12045033772786458
2018-01-10,95501.75130208333,295.5153611501058,-0.0011335359886288643,8.463859444418631e-07,-2.286374847094218,-0.05854606628417969,0.12036387125651042
2018-01-11,95416.396484375,296.71429379781085,-0.0011849310249090195,4.351138045421976e-07,-1.3728065093358357,-0.5615020195643107,0.12024815877278645
2018-01-12,95353.46061197917,296.8704299926758,-0.0013433843851089478,4.351138045421976e-07,-1.6195042133331299,-0.7507201035817465,0.12007649739583333
2018-01-13,95316.10026041667,296.85594431559247,-0.0014123804867267609,4.351138045421976e-07,-1.9542433420817058,-1.3935591379801433,0.11992136637369792
2018-01-14,95357.13623046875,297.40783945719403,-0.0014160163700580597,0.0,-2.047860066095988,0.24879010518391928,0.11975797017415364
2018-01-15,95300.42757161458,297.7814947764079,-0.001087971031665802,8.422136204444541e-06,-1.1783407926559448,-0.3848692576090495,0.11969248453776042
2018-01-16,95206.173828125,296.80214436848956,-0.0013485252857208252,4.351138045421976e-07,-1.5993900299072266,-1.0293165842692058,0.11960029602050781
2018-01-17,95226.79085286458,296.1354859670003,-0.0013737520202994347,0.0,-2.0160770416259766,-0.40700022379557294,0.11947568257649739
2018-01-18,95277.17936197917,295.45714378356934,-0.0013137739151716232,1.7195939108205494e-06,-2.068474451700846,-0.9060030778249105,0.11939811706542969
2018-01-19,95327.55989583333,294.65465545654297,-0.0013635260984301567,8.534627795597771e-07,-1.4342797597249348,-1.254091699918111,0.1193250020345052
2018-01-20,95250.27001953125,294.6320164998372,-0.0013011619448661804,0.0,-1.3313916524251301,-0.17032198111216226,0.11923662821451823
2018-01-21,95162.33203125,294.8176447550456,-0.001234646886587143,0.0,-1.8489691416422527,0.5190901358922323,0.11916605631510417
2018-01-22,95065.41064453125,294.6649881998698,-0.001167241483926773,4.351138045421976e-07,-1.6320632298787434,1.1868534088134766,0.11909866333007812
2018-01-23,95014.22542317708,294.9491380055745,-0.0010823365300893784,1.7180493045998446e-06,-0.3881797790527344,1.4445176521937053,0.11906051635742188
2018-01-24,95004.24186197917,295.6930446624756,-0.001148574985563755,1.2844800494349329e-06,0.8689961830774943,-1.5744457244873047,0.11902681986490886
2018-01-25,95014.89078776042,295.367914835612,-0.0012540556490421295,8.582565556025656e-07,-0.24692336718241373,-1.7987194061279297,0.11897087097167969
2018-01-26,95072.01969401042,294.65177218119305,-0.0012665651738643646,0.0,-1.2302394310633342,-0.9309151967366537,0.1188977559407552
2018-01-27,95113.29134114583,295.3068103790283,-0.0011863131076097488,0.0,-1.6825758616129558,0.15357975165049234,0.11883799235026042
2018-01-28,95220.02734375,295.6551869710286,-0.0011467263102531433,1.7046927496267017e-06,-1.8592268625895183,0.4846056302388509,0.11879221598307292
2018-01-29,95358.05924479167,295.11352666219074,-0.001178540289402008,1.788146164471982e-08,-2.155447999636332,-0.10390535990397136,0.1187578837076823
2018-01-30,95366.76888020833,295.04444821675617,-0.0012806672602891922,1.2943312412971864e-06,-1.6438275575637817,-0.9271471500396729,0.11872291564941406
2018-01-31,95379.65283203125,296.01694933573407,-0.0012989342212677002,8.52346317969932e-07,-1.1213398774464924,-0.75722336769104,0.11867904663085938
2018-02-01,95310.70296223958,296.7855103810628,-0.0012924084439873695,1.2872037586930674e-06,-1.4801209767659504,-0.9655667543411255,0.11863390604654948
2018-02-02,95215.61311848958,296.6844660441081,-0.001329849474132061,1.309886613398703e-06,-1.4328320821126301,0.43837547302246094,0.11858240763346355
2018-02-03,95269.44222005208,295.97584025065106,-0.001313803717494011,0.0,-1.6783777872721355,1.6125794649124146,0.11852645874023438
2018-02-04,95310.68391927083,295.8434480031331,-0.00130356103181839,0.0,-1.7541866302490234,1.4250047604242961,0.11847813924153645
2018-02-05,95480.423828125,295.61098607381183,-0.0012091407552361488,1.2784407203980663e-06,-1.8494701385498047,1.3881855010986328,0.11845461527506511
2018-02-06,95391.36865234375,295.8896369934082,-0.0011657923460006714,4.351138045421976e-07,-2.1406012773513794,0.9049590031305949,0.11844189961751302
2018-02-07,95288.43391927083,296.2503293355306,-0.0006393557414412498,9.700655937194824e-06,-0.07178922494252522,0.810309092203776,0.11847750345865886
2018-02-08,95119.14029947917,297.7546977996826,-0.0011507729068398476,1.7195939676639682e-06,0.7668972015380859,0.39479955037434894,0.1184857686360677
2018-02-09,95134.01904296875,298.13877932230633,-0.0010827817022800446,0.0,0.7233867645263672,-0.7849817276000977,0.11842600504557292
2018-02-10,95275.11995442708,297.9984874725342,-0.0007776161655783653,2.0101666450500488e-05,-1.6746662457784016,1.313353141148885,0.11848958333333333
2018-02-11,95346.673828125,297.6654408772786,-0.0010314136743545532,4.444420337179622e-05,-2.4707815249760947,2.883249282836914,0.11874071756998698
2018-02-12,95521.68782552083,297.30799229939777,-0.0009863004088401794,1.2844800835409842e-05,-2.173813501993815,2.409327189127604,0.11887105305989583
2018-02-13,95647.0751953125,297.17479451497394,-0.0010202918201684952,1.016855230773217e-05,-2.0860265096028647,1.503247857093811,0.11882082621256511
2018-02-14,95711.8583984375,296.820894241333,-0.001092584803700447,1.7288033973272832e-06,-2.558466593424479,0.2253704071044922,0.11875089009602864
2018-02-15,95716.5078125,297.1215108235677,-0.0010751774534583092,1.724342268971668e-06,-1.8708877563476562,-1.0769596099853516,0.11865488688151042
2018-02-16,95523.21549479167,297.17137209574383,-0.0012013819068670273,8.556250463698234e-07,-0.8028998374938965,-1.5861879189809163,0.11855697631835938
2018-02-17,95167.83186848958,297.6010907491048,-0.0012698210775852203,2.5836693566816393e-06,-1.0088239113489788,-0.7091899315516154,0.1184552510579427
2018-02-18,95112.45377604167,298.3169199625651,-0.0012750951573252678,8.52346317969932e-07,-1.3888139327367146,0.8848685820897421,0.11837450663248698
2018-02-19,95159.59065755208,298.666348139445,-0.0011103339493274689,1.7195939676639682e-06,-1.551303227742513,1.5436141888300579,0.11831347147623698
2018-02-20,95131.61214192708,298.9797643025716,-0.0010634874925017357,1.281500033201155e-06,-1.141213099161784,1.1402379671732585,0.11827786763509114
2018-02-21,95053.78157552083,299.08451716105145,-0.0010334327816963196,8.583068833445395e-07,-1.296030044555664,0.9329827626546224,0.1182403564453125
2018-02-22,95037.56005859375,299.00214195251465,-0.0010120831429958344,1.282021415249801e-06,-1.209704081217448,0.7328993479410807,0.11821365356445312
2018-02-23,95112.37369791667,299.02638181050617,-0.0012877145782113075,8.523463748133508e-07,-1.9772040049235027,1.80800465742747,0.11818567911783855
2018-02-24,95316.32600911458,298.31256103515625,-0.0012846766039729118,0.0,-2.643690745035807,1.637442906697591,0.11815834045410156
2018-02-25,95319.34879557292,297.91705958048504,-0.0013148682191967964,0.0,-2.115377426147461,1.3222030401229858,0.11813036600748698
2018-02-26,95200.52669270833,299.2534097035726,-0.0013323025777935982,1.7046928064701206e-06,-1.3790411949157715,1.206048846244812,0.11809730529785156
2018-02-27,95135.56184895833,300.10835520426434,-0.0012102052569389343,1.7175140101244324e-06,-1.6214720408121746,0.20663797855377197,0.11807759602864583
2018-02-28,95100.78548177083,300.10854085286456,-0.001317744143307209,8.523463748133508e-07,-1.194480260213216,0.27919896443684894,0.11805089314778645
2018-03-01,95067.39095052083,300.1639289855957,-0.001370226964354515,8.52346317969932e-07,-0.3154741923014323,0.9581584930419922,0.1180267333984375
2018-03-02,95003.88362630208,300.8526662190755,-0.001381714828312397,1.2874602930423862e-06,-0.2386652628580729,1.1437732378641765,0.1179974873860677
2018-03-03,94935.74527994792,301.0118579864502,-0.0013653943315148354,8.523463748133508e-07,0.9191076755523682,1.5789764722188313,0.11797714233398438
2018-03-04,94920.75439453125,301.5754865010579,-0.0013775378465652466,0.0,0.1341069539388021,2.226552208264669,0.11795488993326823
2018-03-05,95033.23763020833,301.56956736246747,-0.0014180392026901245,4.261732051702438e-07,-0.9760360717773438,2.4078981081644693,0.1179339090983073
2018-03-06,95075.87809244792,301.32984987894696,-0.0014020539820194244,0.0,-1.2245838244756062,1.9489211638768513,0.11790847778320312
2018-03-07,95068.50179036458,301.3372039794922,-0.0013898136094212532,0.0,-1.6316788991292317,2.2740712563196817,0.11789131164550781
2018-03-08,95109.10921223958,301.3135115305583,-0.0013619251549243927,1.7046927496267017e-06,-1.535896937052409,2.0496259530385337,0.11787668863932292
2018-03-09,95115.86604817708,301.4510637919108,-0.0012594889849424362,4.4107423491368536e-07,-1.4226977030436199,1.648379643758138,0.11786905924479167
2018-03-10,95117.84944661458,301.7563826243083,-0.001144949346780777,0.0,-1.7587649027506511,0.6702264149983724,0.11785634358723958
2018-03-11,95195.74837239583,301.01490529378253,-0.0010046269744634628,2.1376763470470905e-06,-1.8155778249104817,1.2594294548034668,0.11785125732421875
2018-03-12,95190.6259765625,301.40636253356934,-0.0012069344520568848,0.0,-1.7933133443196614,1.6251622041066487,0.11785252888997395
2018-03-13,95128.1884765625,301.69258944193524,-0.0012184297665953636,1.2846412005274033e-06,-1.4956893920898438,1.4365946054458618,0.11784426371256511
2018-03-14,95000.06852213542,302.9855550130208,-0.001246822066605091,0.0,-1.3998641967773438,2.0476490259170532,0.11783027648925781
2018-03-15,94956.98111979167,302.13945960998535,-0.000800304114818573,2.99995099339867e-06,0.5277462005615234,1.6649462381998699,0.11782773335774739
2018-03-16,95042.14436848958,297.67905616760254,-0.001210961490869522,0.005036923165789631,-1.9003429412841797,-2.1752328475316367,0.13344510396321616
2018-03-17,95085.35139973958,297.31380462646484,-0.0013454612344503403,0.00019946694374084473,-1.9148546854654949,1.1679929097493489,0.1725927988688151
2018-03-18,95141.1650390625,299.7076536814372,-0.0016994550824165344,1.284479992591514e-06,-1.9669500986735027,1.2603729963302612,0.1616236368815104
2018-03-19,95209.72884114583,300.88356590270996,-0.0017559779807925224,1.7374292156091542e-06,-1.1914869944254558,1.6842650572458904,0.15085411071777344
2018-03-20,95049.51529947917,302.09085337320965,-0.0015925895422697067,0.0,-0.10912680625915527,1.8972667853037517,0.14203516642252603
2018-03-21,94934.65218098958,302.3792947133382,-0.0013207932934165,1.4930963061488e-06,1.7893714904785156,1.7112686236699421,0.1359882354736328
2018-03-22,94801.85465494792,303.04658190409344,-0.0015289578586816788,2.5774953655854915e-06,0.9737911224365234,-2.4398860931396484,0.13127772013346353
2018-03-23,94871.38541666667,302.3131758371989,-0.0014988873153924942,0.0,0.03639348347981771,-1.0484015146891277,0.12761370340983072
2018-03-24,95046.53011067708,302.74018478393555,-0.0013731699436903,1.716613724056515e-06,-0.5614337921142578,0.022335608800252277,0.12478574117024739
2018-03-25,95232.16682942708,302.48998578389484,-0.0012661078944802284,1.7117357060669747e-06,-1.8266461690266926,0.7563842137654623,0.1228497823079427
2018-03-26,95169.0966796875,303.091500600179,-0.0012229271233081818,8.52346317969932e-07,-0.8291568756103516,0.6031379699707031,0.12145169576009114
2018-03-27,94996.64469401042,303.7375628153483,-0.0013519618660211563,1.721674323107436e-06,-0.13523038228352866,1.2904974619547527,0.12032763163248698
2018-03-28,94890.68668619792,304.0212809244792,-0.0012241601943969727,1.5656382856832352e-09,1.0282516479492188,1.5768081347147624,0.11954752604166667
2018-03-29,94832.84163411458,304.312260945638,-0.0012388499453663826,2.1442140223371098e-06,0.2214959462483724,0.723972757657369,0.11903889973958333
2018-03-30,94793.81559244792,303.75924428304035,-0.0011380473151803017,1.2934207802572928e-06,-0.2780234018961589,1.4641999403635662,0.11869303385416667
2018-03-31,94764.45654296875,303.4850393931071,-0.0011053085327148438,5.183003122510854e-05,-0.7655744949976603,2.1237599849700928,0.1186536153157552
2018-04-01,94840.9921875,301.32201131184894,-0.0012790272012352943,0.0025191344356017,-1.0563856760660808,1.8372119665145874,0.13514391581217447
2018-04-02,94908.8583984375,301.80250358581543,-0.001436375081539154,0.00012156665320617321,-0.16977310180664062,2.11469296614329,0.14410845438639322
2018-04-03,94858.44986979167,302.4456208546956,-0.0014186054468154907,1.2069940567016602e-05,-0.3938821156819661,1.5386323928833008,0.13780530293782553
2018-04-04,94744.26611328125,302.15954717000324,-0.0014547556638717651,0.0007500529288222424,-0.4602366288503011,1.4362878799438477,0.13666788736979166
2018-04-05,94686.38330078125,302.5752646128337,-0.0015123989433050156,0.0009219825266768567,-0.2579471667607625,1.5195051034291585,0.1398169199625651
2018-04-06,94862.09212239583,300.8951193491618,-0.0015458539128303528,0.003488823771419902,0.8839632670084635,1.0322559674580891,0.1637579600016276
2018-04-07,94982.02083333333,299.67659759521484,-0.001886162906885147,0.004862755537033081,-0.8722883860270182,1.0623809893925984,0.2109076182047526
2018-04-08,95068.92350260417,300.1377353668213,-0.0023356545716524124,0.0006496813746252883,-1.3795579274495442,1.4667143821716309,0.21588134765625
2018-04-09,95047.36995442708,300.98172760009766,-0.0024066176265478134,4.8284084527949744e-05,-1.4422022501627605,1.3284939924875896,0.19519360860188803
2018-04-10,94943.75472005208,300.8684565226237,-0.0019675353541970253,5.168020715018429e-05,-1.6882381439208984,1.1201740503311157,0.1770648956298828
2018-04-11,94923.9033203125,301.29737091064453,-0.0018997816368937492,0.00044773817052146114,-0.5394719441731771,0.9612230062484741,0.16495958964029947
2018-04-12,94851.92122395833,302.4143002827962,-0.0018527088686823845,0.00011671859380157912,-0.5673268636067709,0.9739425579706827,0.15515454610188803
2018-04-13,94907.08984375,302.52348136901855,-0.001616266556084156,0.00011813554419859429,-1.4205697377522786,1.2779560089111328,0.14607683817545572
2018-04-14,94881.08544921875,302.83964411417645,-0.0013037342578172684,1.800060272216797e-05,-0.9019171396891276,1.0304533243179321,0.13956578572591147
2018-04-15,94962.52180989583,302.37146695454913,-0.001205376349389553,0.00020392239076727492,-1.134298324584961,1.2589102586110432,0.13558514912923178
2018-04-16,94994.72037760417,303.75129890441895,-0.0013652760535478592,0.00014482989416819692,-1.1553274790445964,0.6503299474716187,0.13217798868815103
2018-04-17,95033.10091145833,304.67268053690594,-0.001335451379418373,1.793503760794124e-05,-0.7387440999348959,0.8015173673629761,0.12876192728678384
2018-04-18,94876.42985026042,305.03796831766766,-0.0013024816289544106,1.7136335372924805e-06,0.8414732615152994,-0.28237136205037433,0.12569109598795572
2018-04-19,94664.57552083333,305.34080696105957,-0.001378512941300869,5.128979637447628e-06,1.5609639485677083,0.7971558570861816,0.12330436706542969
2018-04-20,94682.6181640625,305.556915918986,-0.0013798503205180168,2.148747398678097e-06,1.1594171524047852,-0.38098498185475665,0.12156232198079427
2018-04-21,94720.15397135417,305.13453992207843,-0.0012664012610912323,1.2765194696839899e-06,-0.776664654413859,-0.43628021081288654,0.12040074666341145
2018-04-22,94788.44563802083,304.9877993265788,-0.000994918867945671,1.2233853340148926e-05,0.3642724355061849,1.27649982770284,0.11969820658365886
2018-04-23,94775.61588541667,305.76180839538574,-0.0010761683806777,4.276633262634277e-06,0.21064313252766928,1.5219707489013672,0.11915524800618489
2018-04-24,94773.68831380208,304.9028714497884,-0.001100132241845131,1.2546777270472376e-06,-0.6493542989095052,1.2420673370361328,0.1187299092610677
2018-04-25,94701.69677734375,304.85375849405926,-0.0009774575009942055,1.7207987070833042e-06,-1.0244496663411458,1.8755861918131511,0.11847686767578125
2018-04-26,94708.16780598958,304.5874614715576,-0.0010919095948338509,0.0007635145125846066,-0.5030485788981119,1.425386945406596,0.12262153625488281
2018-04-27,94837.0419921875,304.84018580118817,-0.001217222772538662,1.3782523978989047e-05,-0.8191070556640625,1.5032798449198406,0.12446530659993489
2018-04-28,94869.62337239583,304.6669165293376,-0.0011153053492307663,-7.890605502325343e-09,0.5243263244628906,1.8396830558776855,0.12245368957519531
2018-04-29,94630.92366536458,305.99213727315265,-0.001143353059887886,1.7227186503987468e-06,1.266244888305664,1.499959389368693,0.12100919087727864
2018-04-30,94540.65380859375,307.0155169169108,-0.0012669935822486877,4.351138613856165e-07,0.6894499460856119,-0.30673718452453613,0.11991246541341145
2018-05-01,94644.68489583333,305.88027572631836,-0.0010453499853610992,8.523463748133508e-07,-1.270923097928365,0.673433780670166,0.11916224161783855
2018-05-02,94693.99918619792,305.0662212371826,-0.001172773540019989,0.0007554769514968029,-1.2318223317464192,1.6542658408482869,0.12171173095703125
2018-05-03,94815.32958984375,303.5000909169515,-0.0010920129716396332,0.0005851864813735119,-1.342419942220052,2.0083561340967813,0.1267242431640625
2018-05-04,94866.7724609375,303.5648943583171,-0.0010369159281253815,8.522272099753536e-05,-0.761145273844401,1.7433211008707683,0.12705675760904947
2018-05-05,94878.45361328125,304.5767529805501,-0.0009985892102122307,3.4239970432281552e-06,-0.3698266347249349,1.7391929626464844,0.12457784016927083
2018-05-06,94891.65218098958,305.0886681874593,-0.0009443666785955429,4.279613392554893e-06,0.6018549601236979,1.9874388376871746,0.1226806640625
2018-05-07,94725.76139322917,305.86581293741864,-0.0009536091238260269,3.4230662890877284e-06,0.4563306172688802,0.4033368428548177,0.12120882670084636
2018-05-08,94637.49235026042,306.3839791615804,-0.000978337600827217,1.0028481483459473e-05,0.3375867207845052,1.0555646022160847,0.12014198303222656
2018-05-09,94760.0322265625,305.43629964192706,-0.0010444605723023415,0.0001450181007385254,-0.5671532948811849,1.4391928911209106,0.11997286478678386
2018-05-10,94864.8291015625,305.44812329610187,-0.0009828796610236168,0.0001296043395981883,-0.124359130859375,0.8295869827270508,0.12026659647623698
2018-05-11,94738.11653645833,305.71127065022785,-0.0010001324117183685,0.00016781418696609762,1.1299610137939453,0.8524481455485026,0.12064361572265625
2018-05-12,94722.42789713542,304.84318351745605,-0.00128924660384655,0.0020014941692352295,1.6445000966389973,0.37768205006917316,0.13301531473795572
2018-05-13,94738.38802083333,303.91137568155926,-0.0015648463740944862,0.001562461256980896,0.3046455383300781,0.6388211250305176,0.1484088897705078
2018-05-14,94751.2822265625,304.14396540323895,-0.0017376495525240898,0.0008101046084334484,0.17526372273763022,1.375203053156535,0.15170669555664062
2018-05-15,94665.61409505208,303.6432075500488,-0.0016186218708753586,0.0008709430694580078,1.3505840301513672,1.3695626258850098,0.15047391255696616
2018-05-16,94600.52132161458,304.2637011210124,-0.0014062141999602318,4.174430932835094e-05,0.759848395983378,1.1290289163589478,0.1449565887451172
2018-05-17,94585.64990234375,304.20467948913574,-0.0016251672059297562,0.0012144267558369393,0.3768157958984375,1.2426594495773315,0.14347330729166666
2018-05-18,94549.23876953125,303.77028973897296,-0.0015809880569577217,0.0014944255350997082,1.5763587951660156,0.8175090948740641,0.15023676554361978
2018-05-19,94426.35953776042,306.3417288462321,-0.0018439553678035736,0.0,0.8720995585123698,0.2730673948923747,0.14777247111002603
2018-05-20,94471.56770833333,305.85429763793945,-0.0014937594532966614,0.00012921690940359554,0.7242094675699869,1.4733538627624512,0.1387793223063151
2018-05-21,94558.28238932292,305.2667744954427,-0.0013713007792830467,0.0002982580891170983,-0.11672147115071614,1.794460415840149,0.13414319356282553
2018-05-22,94554.45930989583,305.46959749857587,-0.0012727901339530945,0.0004487523279976813,0.21396319071451822,1.030388633410136,0.13235791524251303
2018-05-23,94521.73111979167,304.9904982248942,-0.0011592255905270576,0.0003870666026273284,0.21351941426595053,1.2067877451578777,0.13175837198893228
2018-05-24,94442.94205729167,304.49875895182294,-0.0012660250067710876,0.0019540131092021795,0.5657469431559244,0.9781857331593832,0.14235814412434897
2018-05-25,94381.58935546875,305.8501485188802,-0.0018833773210644722,0.000991836136432056,-1.1681327819824219,1.3084004322687786,0.15002822875976562
2018-05-26,94431.09619140625,305.2952200571696,-0.0016435673460364342,0.00022031789114862477,-1.386609395345052,1.4711411794026692,0.1456324259440104
2018-05-27,94393.5947265625,305.39164543151855,-0.0013392884284257889,6.586850884104933e-05,-0.9923731486002604,1.0767476558685303,0.13820266723632812
2018-05-28,94216.50406901042,306.2893149058024,-0.0013862773776054382,0.0005774050951004028,-0.3079541524251302,1.7419156630833943,0.13494046529134116
2018-05-29,94166.0361328125,306.53881708780926,-0.0013193394988775253,0.00027533599251228225,2.1876049041748047,-0.14548043409983316,0.13298861185709634
2018-05-30,94292.43033854167,305.77479362487793,-0.001400466077029705,0.001451945304779656,1.9380200703938801,-0.2650894323984782,0.13696734110514322
2018-05-31,94455.47265625,305.0611515045166,-0.0015079062432050705,0.0014220582114390368,1.2235132853190105,0.4346162478129069,0.14194170633951822
2018-06-01,94559.29182942708,302.26240666707355,-0.001607947051525116,0.013262704014778137,0.8799037933349609,0.9616396029790243,0.19038836161295572
2018-06-02,94600.6494140625,301.37626457214355,-0.002191442996263504,0.00044054686895833584,1.3432973225911458,-0.5219595432281494,0.2803529103597005
2018-06-03,94399.58642578125,302.38494936625165,-0.003193030133843422,0.0032179474826534715,2.5053393046061196,-0.5189571380615234,0.2536233266194661
2018-06-04,94292.900390625,303.218568166097,-0.0032816631719470024,0.0013538973743720817,2.249149958292643,-0.741547425587972,0.24515533447265625
2018-06-05,94410.43782552083,302.6694755554199,-0.002894297242164612,0.010755082619141376,1.91741943359375,-0.1192919413248698,0.26900291442871094
2018-06-06,94516.90266927083,301.5247859954834,-0.0031107347458601,0.01277058764458161,3.09095827738444,-0.31295013427734375,0.32221539815266925
2018-06-07,94367.28515625,299.1189365386963,-0.003450768068432808,0.008773325552397182,3.8349533081054688,0.40163294474283856,0.356597900390625
2018-06-08,94184.82275390625,299.055949529012,-0.002287495881319046,0.0022724321049167884,3.648064295450846,0.274593989054362,0.3154042561848958
2018-06-09,94076.06819661458,299.07139523824054,-0.0030541270971298218,0.006419271230697632,4.855499903361003,-0.04158846537272135,0.31842803955078125
2018-06-10,94194.13444010417,299.02182324727374,-0.002668204717338085,0.003005097477284835,6.419244130452474,0.6222871144612631,0.3246955871582031
2018-06-11,94230.78694661458,300.0159041086833,-0.0026915278285741806,0.000758287851112982,6.362542470296224,0.09033862749735515,0.3051198323567708
2018-06-12,94275.72200520833,300.5576349894206,-0.0029238704591989517,0.0010692582758338176,6.221029281616211,0.49632052580515545,0.28434181213378906
2018-06-13,94347.80517578125,301.62366676330566,-0.003495369106531143,1.9985437290870323e-05,5.864856719970703,0.25844287872314453,0.26241302490234375
2018-06-14,94464.9619140625,301.02273114522296,-0.0029518166556954384,8.463859444418631e-07,5.185173670450847,0.20748484134674072,0.24042638142903647
2018-06-15,94550.52213541667,301.6048634847005,-0.003326859325170517,0.00033988775817306305,4.893332163492839,0.4245142936706543,0.22283617655436197
2018-06-16,94651.11181640625,301.5794022878011,-0.003127419389784336,0.0002182215452144476,5.128045399983724,-0.00642546017964681,0.20789782206217447
2018-06-17,94623.68912760417,300.9134890238444,-0.0027726273983716965,0.00037126541127463497,5.853912353515625,0.08657173315684001,0.1960430145263672
2018-06-18,94550.01839192708,299.61241912841797,-0.002124182879924774,0.0011552125215530396,5.541106541951497,0.7200236320495605,0.19346173604329428
2018-06-19,94452.14680989583,300.9148419698079,-0.0024631498381495476,0.0008082926273331736,4.236050287882487,1.2323277393976848,0.19113477071126303
2018-06-20,94405.85823567708,302.5560665130615,-0.0027690427377820015,0.00019481879881055875,2.905252456665039,1.5151887734731038,0.18161392211914062
2018-06-21,94388.20686848958,301.5724589029948,-0.0027563348412513733,0.004757151007652283,3.158023198445638,1.3040467898050945,0.19739723205566406
2018-06-22,94410.53092447917,298.68985303243,-0.002230467274785042,0.01866184175014496,2.631040573120117,-0.16304504871368408,0.3019307454427083
2018-06-23,94414.84798177083,297.88526153564453,-0.0024059200659394264,0.007746112346541878,3.338637669881185,0.33616483211517334,0.3640435536702474
2018-06-24,94463.859375,299.94641367594403,-0.0033779051154851913,9.51391544958824e-05,4.849555333455403,0.5007395346959432,0.31850560506184894
2018-06-25,94352.3251953125,299.78520075480145,-0.003133542835712433,0.0006979507288065179,5.8024749755859375,1.0231808423995972,0.2893301645914714
2018-06-26,94306.51350911458,299.1938190460205,-0.002688877284526825,0.0070417240995084285,5.401814142862956,0.7487571239471436,0.31719080607096356
2018-06-27,94256.65852864583,299.2357597351074,-0.002743363380432129,0.0012693325795112287,5.155124028523763,0.7777764002482096,0.31105613708496094
2018-06-28,94380.53873697917,298.31472142537433,-0.0021437257528305054,0.001047304272560723,4.325119654337565,1.2469995419184368,0.2983531951904297
2018-06-29,94469.54475911458,299.2469005584717,-0.002147423103451729,0.00038636613237486017,3.428619384765625,1.3509509960810344,0.2841453552246094
2018-06-30,94554.1552734375,300.22461191813153,-0.003077520988881588,0.00045665624082857903,3.579906463623047,0.5486341714859009,0.266873041788737
2018-07-01,94571.18782552083,300.5317325592041,-0.0028673112392425537,0.0001166666207268463,3.407311757405599,0.8644915421803793,0.24978510538736978
2018-07-02,94512.73567708333,300.58773612976074,-0.003104228526353836,0.00038218498218611785,4.231030782063802,0.7516895532608032,0.23331006368001303
2018-07-03,94578.0791015625,299.3621520996094,-0.0020152460783720016,0.0002413655523128,5.33738899230957,0.6096547444661459,0.22357495625813803
2018-07-04,94606.55110677083,299.5454794565837,-0.002118833363056183,0.0005291019672881703,5.869026184082031,0.8238815466562907,0.21611595153808594
2018-07-05,94545.47688802083,298.63174057006836,-0.0022215060889720917,0.007430380582718499,5.988333384195964,0.3305699825286865,0.22470855712890625
2018-07-06,94370.2890625,298.3903929392497,-0.002920081838965416,0.0031791868098594023,5.208881934483846,-0.5561754703521729,0.2933998107910156
2018-07-07,94235.470703125,297.0318794250488,-0.002401258796453476,0.011515031454678137,5.172619501749675,-0.6600564320882162,0.331576665242513
2018-07-08,94174.38232421875,296.4408384958903,-0.0030058491975069046,0.023570284247398376,5.321118036905925,-0.6176602045694987,0.3913745880126953
2018-07-09,94192.69156901042,295.90090624491376,-0.002678532153367996,0.028835001941217797,5.356622974077861,0.31764769554138184,0.4200782775878906
2018-07-10,94291.65787760417,296.8202673594157,-0.0033378954976797104,0.00995740294456482,5.589583079020183,0.6133522987365723,0.41327667236328125
2018-07-11,94282.7080078125,297.1627960205078,-0.00320996530354023,0.014333972334856782,5.95547358194987,0.5911076863606771,0.40581321716308594
2018-07-12,94233.52001953125,295.9242534637451,-0.0030784085392951965,0.014681735755971204,6.0557301839192705,0.7700417836507162,0.4191048940022786
2018-07-13,94220.15380859375,297.2236525217692,-0.003539232537150383,0.008553007154489478,5.96470324198405,0.3261710007985433,0.40721575419108075
2018-07-14,94119.38037109375,296.4727102915446,-0.0030475780367851257,0.01867000749609815,5.3220672607421875,0.4188472429911296,0.4192670186360677
2018-07-15,94024.34391276042,296.79579099019367,-0.0037219393998384476,0.014708334207529816,6.359291712443034,0.7677289644877116,0.41956520080566406
2018-07-16,94103.76888020833,296.6128724416097,-0.0029639992862939835,0.006444754028848365,6.909210205078125,0.9077156782150269,0.4107246398925781
2018-07-17,94214.22281901042,298.52601051330566,-0.0040678177028894424,0.002043047547338972,6.710353851318359,0.48991477489471436,0.3867657979329427
2018-07-18,94324.94694010417,298.941956837972,-0.0036384500563144684,0.0005850642919540405,6.169197082519531,0.19297377268473306,0.3642406463623047
2018-07-19,94318.09244791667,298.94995880126953,-0.0038779787719249725,0.000454782633038775,6.238454182942708,0.16424481074015299,0.34541765848795575
2018-07-20,94338.94986979167,296.79388491312665,-0.003690706565976143,0.015721368789570533,5.752827962239583,0.625176747639974,0.387600580851237
2018-07-21,94425.14680989583,297.2864996592204,-0.0028705913573503494,0.0034518928673676896,5.456197102864583,0.23860243956247965,0.39180246988932294
2018-07-22,94382.02571614583,297.87203280131024,-0.002814703620970249,0.00068558768919047,6.061960856119792,0.3202970027923584,0.3697083791097005
2018-07-23,94407.91748046875,298.4246241251628,-0.003180629573762417,0.0003429335496321073,5.319681803385417,0.7596619129180908,0.3526312510172526
2018-07-24,94565.84065755208,298.87072944641113,-0.0035679806023836136,0.001002689601136808,5.1986433664957685,0.5929403702418009,0.3399950663248698
2018-07-25,94577.9296875,299.1536394755046,-0.003795415163040161,0.00029490443125723687,5.312655131022136,0.2555477221806844,0.32579294840494794
2018-07-26,94629.37109375,298.4449005126953,-0.0033064354211091995,0.0004343266027149184,5.6300309499104815,0.3396372397740682,0.3128013610839844
2018-07-27,94587.65804036458,298.4526958465576,-0.0031610187143087387,0.0013512700795104138,5.409167607625325,0.6418002049128214,0.31043052673339844
2018-07-28,94509.8740234375,299.15333620707196,-0.003365069627761841,0.00040899728548993153,5.152374903361003,-0.0581208070119222,0.2995338439941406
2018-07-29,94487.53971354167,299.1668345133464,-0.00357675738632679,0.00010051727294424495,4.790740966796875,-0.5787293116251627,0.2864373524983724
2018-07-30,94483.07063802083,299.2749621073405,-0.00343344546854496,0.00029109418392181396,5.021926244099935,-0.1655665636062622,0.27485911051432294
2018-07-31,94527.60319010417,298.98266855875653,-0.00327411200851202,0.0005145013332317205,5.411875406901042,0.06989558537801106,0.2662817637125651
2018-08-01,94593.00748697917,298.88786697387695,-0.0031991424039006233,0.0006356328725765081,5.532639821370442,0.10129737854003906,0.2592913309733073
2018-08-02,94686.34814453125,299.41263071695965,-0.0034711938351392746,0.0007166504859874578,5.120036443074544,-0.4649391174316406,0.2521311442057292
2018-08-03,94732.59098307292,299.33356793721515,-0.003654179163277149,0.00050484538078166,5.266218185424805,-0.8920145034790039,0.2435614267985026
2018-08-04,94701.49983723958,298.9644069671631,-0.0031635062769055367,0.001131504774093628,5.377725601196289,-0.6798233985900879,0.24012629191080728
2018-08-05,94647.61979166667,299.2363986968994,-0.0034437961876392365,0.00083314459044459,5.5503896077473955,-0.9585663874944051,0.2368640899658203
2018-08-06,94480.76546223958,298.7800064086914,-0.0029812343418598175,0.0014457970856938118,5.999242782592773,-0.9463347991307577,0.23469416300455728
2018-08-07,94315.67757161458,298.50256093343097,-0.0030944570899009705,0.0027407628992932587,5.696783065795898,-0.7152583996454874,0.23250706990559897
2018-08-08,94367.57259114583,296.4602228800456,-0.002644449472427368,0.010066768811611837,4.821545918782552,0.4561996062596639,0.32949384053548175
2018-08-09,94607.8447265625,298.7776114145915,-0.0032039694488048553,0.0015266239643096924,5.053626378377278,-0.23533833026885986,0.3096612294514974
2018-08-10,94635.80110677083,298.0937557220459,-0.0035998765379190445,0.008861541748046875,5.535433451334636,-1.0952891906102498,0.316250483194987
2018-08-11,94437.0419921875,296.0416425069173,-0.003257768228650093,0.030782976746557722,6.145853042602539,-0.9476574659347534,0.4011421203613281
2018-08-12,94316.86100260417,296.20075543721515,-0.0027868039906024933,0.010513115521064265,6.138887405395508,-0.2746620178222656,0.4078826904296875
2018-08-13,94348.59733072917,296.9927272796631,-0.003915300592780113,0.0048909988075820365,6.055531183878581,0.43626030286153156,0.39327748616536456
2018-08-14,94246.09521484375,296.81328837076825,-0.0028184447437524796,0.010011658072471619,4.587745030721028,-1.0242709716161091,0.4047075907389323
2018-08-15,94147.94205729167,296.4763075510661,-0.0025362372398376465,0.018476499268103908,5.194901784261067,-1.0975082317988079,0.4207928975423177
2018-08-16,94007.37613932292,295.6354179382324,-0.002959085628390312,0.035862351393518566,7.068545659383138,0.3017514149347941,0.4259637196858724
2018-08-17,94183.796875,297.3965892791748,-0.0031592287123203278,0.0028336878399954912,5.951073964436849,0.2371260722478231,0.4051475524902344
2018-08-18,94290.9375,297.83288828531903,-0.0038524214178323746,0.005083720811530412,5.83470344543457,-0.7988013426462809,0.39552561442057294
2018-08-19,94300.89208984375,296.4254519144694,-0.0033682072535157204,0.030104219913482666,5.740362803141276,-1.2091513872146606,0.42281468709309894
2018-08-20,94345.53173828125,295.4394187927246,-0.002652549184858799,0.025515228509902954,6.367605209350586,-0.4356759389241536,0.4279346466064453
2018-08-21,94491.14420572917,296.60239283243817,-0.003216979093849659,0.005961921074117527,5.785089492797852,0.6296525398890177,0.4162457784016927
2018-08-22,94597.1240234375,298.1894251505534,-0.0037495624274015427,0.0018373519181409392,5.344214121500651,-0.0727469523747762,0.3972434997558594
2018-08-23,94648.54264322917,297.4985644022624,-0.002324683591723442,0.0003978461027145386,4.977221171061198,-0.4225105841954549,0.3917986551920573
2018-08-24,94621.12890625,298.12958399454754,-0.0034985654056072235,0.00012740492820739746,4.778097788492839,-1.0014845530192058,0.3770364125569661
2018-08-25,94589.78515625,297.90487543741864,-0.003339828923344612,0.0001465529203414917,4.997570037841797,-0.7122374375661215,0.36597569783528644
2018-08-26,94475.337890625,297.2215398152669,-0.0039076413959264755,0.007643657922699276,5.138730367024739,-0.40198107560475665,0.37464332580566406
2018-08-27,94470.98030598958,296.66917673746747,-0.0032555554062128067,0.0013388246297836304,4.924523671468099,-0.40943388144175213,0.38746388753255206
2018-08-28,94518.39957682292,297.3349380493164,-0.004141276702284813,0.0012936025856902233,4.536145528157552,-0.05129706859588623,0.3720213572184245
2018-08-29,94629.23942057292,298.0194441477458,-0.003935616463422775,6.232559680441341e-05,4.314910888671875,0.21103417873382568,0.3586241404215495
2018-08-30,94595.61393229167,298.40702565511066,-0.004538118839263916,5.94407320022583e-05,4.110715230305989,-0.6417260567347208,0.34368324279785156
2018-08-31,94657.47330729167,298.2867431640625,-0.004379432648420334,0.0009978771208238868,3.7799199422200522,-0.9587313334147135,0.33315594991048175
2018-09-01,94741.44368489583,297.9998041788737,-0.00369079876691103,0.00022312252986012027,4.234352747599284,-0.7209364573160807,0.32807477315266925
2018-09-02,94769.03743489583,298.1651891072591,-0.003960630856454372,0.00048553943634033203,4.440068960189819,-0.6154495080312093,0.3191293080647786
2018-09-03,94793.60970052083,298.20866203308105,-0.004126128740608692,0.00025396347041350964,4.292855580647786,-0.4523995717366536,0.3091004689534505
2018-09-04,94815.17171223958,298.3579521179199,-0.004356555640697479,4.3991208087845735e-05,4.343389511108398,-0.6293381452560425,0.29763158162434894
2018-09-05,94719.05029296875,298.14845212300617,-0.004109079018235207,4.138946532705745e-05,4.677853266398112,-0.7805639108022054,0.28651173909505206
2018-09-06,94611.47981770833,297.96834055582684,-0.0033045783638954163,0.00019244028680986958,4.735719680786133,-0.9942530393600464,0.2791913350423177
2018-09-07,94687.83821614583,297.8274606068929,-0.003563281148672104,0.00011859463029395556,4.370746612548828,-0.3621005217234294,0.2721487681070964
2018-09-08,94781.89615885417,297.4053084055583,-0.004423316568136215,8.642673492431641e-07,3.4372545878092446,0.06130822499593099,0.26178868611653644
2018-09-09,94908.63069661458,298.22879219055176,-0.003839777782559395,4.303312545061999e-05,2.175156911214193,-0.32762893040974933,0.2522754669189453
2018-09-10,95083.00927734375,298.9886703491211,-0.0037391111254692078,5.4210424309530936e-05,0.8636665344238281,-0.1916253169377645,0.24429702758789062
2018-09-11,95052.71956380208,299.616455078125,-0.003960181027650833,0.0009106636047313543,0.4941120147705078,-0.17742816607157388,0.23906326293945312
2018-09-12,94887.35416666667,298.6771183013916,-0.0034213121980428696,0.007054658280253534,1.1287860870361328,-0.1089777151743571,0.28023020426432294
2018-09-13,94816.77587890625,299.14597765604657,-0.003640543669462204,0.0008981853722502819,0.4894866943359375,-0.3804721434911092,0.3035837809244792
2018-09-14,94902.94173177083,299.52697626749676,-0.0036892928183078766,0.0003478825092315674,-0.07027308146158855,-0.44454928239186603,0.28551483154296875
2018-09-15,94899.25553385417,299.4360694885254,-0.0037216506898403168,0.00045605897902945003,0.7333939870198568,-1.4970197677612305,0.27106793721516925
2018-09-16,94714.3203125,299.79151280721027,-0.004107467830181122,0.0002754032611846924,1.5062198638916016,-2.1903171141942344,0.2566763559977214
2018-09-17,94680.06673177083,298.50340525309247,-0.003483446314930916,0.004244282841682434,2.0696194966634116,-1.6165924469629924,0.26675669352213544
2018-09-18,94696.95670572917,298.2677714029948,-0.0037882179021835327,0.007752886414493787,2.1799933115641275,-1.683996597925822,0.3116766611735026
2018-09-19,94608.5732421875,297.85254796346027,-0.003077342174947262,0.008922183513636384,2.46232541402181,-1.7288004557291667,0.3585039774576823
2018-09-20,94414.3642578125,298.2712707519531,-0.003591470420360565,0.009224817156791687,2.4930636088053384,-1.435305913289388,0.36203638712565106
2018-09-21,94462.7353515625,296.49182510375977,-0.0022875573486089706,0.0131758451461792,3.645329157511393,1.1680725415547688,0.4021294911702474
2018-09-22,94898.61442057292,298.05381838480633,-0.004250264726579189,0.0003711283206939697,1.5731067657470703,2.0679319302241006,0.36577733357747394
2018-09-23,95134.10807291667,298.6444911956787,-0.004309145733714104,2.696572119020857e-05,-0.07321421305338542,1.514966567357381,0.3438396453857422
2018-09-24,95107.01774088542,298.71749114990234,-0.004072803072631359,0.0021092498690791217,0.4794851938883464,1.3636212746302288,0.3363946278889974
2018-09-25,94965.8623046875,298.8396809895833,-0.003983110189437866,0.002573898991123258,0.810736338297526,-0.38523828983306885,0.34042803446451825
2018-09-26,94911.88802083333,298.23353640238446,-0.0035311169922351837,0.002738657593681637,-0.25986162821451825,-0.5465373992919922,0.3512674967447917
2018-09-27,94918.61832682292,298.61765416463214,-0.0038299793377518654,0.0026556201902394605,-1.021069844563802,0.1480229695638021,0.3456255594889323
2018-09-28,94976.56429036458,298.68382517496747,-0.0036600884050130844,0.0037768393754618046,-1.4897467295328777,-0.022366841634114582,0.3525396982828776
2018-09-29,95028.75797526042,299.28481674194336,-0.003939785063266754,0.002237875144942336,-0.9169648488362631,-0.33685747782389325,0.34789403279622394
2018-09-30,94974.02360026042,299.0204900105794,-0.0038103703409433365,0.0037970311952513214,-1.3516343434651692,-0.46319739023844403,0.34778912862141925
2018-10-01,95008.76546223958,298.71683502197266,-0.0037128347903490067,0.003530636429786682,-1.686846653620402,0.1080097754796346,0.35294850667317706
2018-10-02,95068.48372395833,299.15335845947266,-0.004349555820226669,0.00014949711857070724,-1.7620048522949219,0.6605904897054037,0.3363939921061198
2018-10-03,95035.34602864583,299.38603083292645,-0.004410367459058762,0.00010997056955375228,-1.699972152709961,0.46137988567352295,0.31372515360514325
2018-10-04,95060.62353515625,299.03876940409344,-0.00425261165946722,0.0001900196075439453,-2.1874027252197266,0.5765446821848551,0.29708607991536456
2018-10-05,95104.79801432292,298.58354568481445,-0.004732755944132805,3.893549205713498e-06,-2.6065521240234375,0.4768604040145874,0.28119468688964844
2018-10-06,95093.09944661458,298.9402090708415,-0.004209911450743675,9.748245645369025e-05,-2.2030677795410156,0.18703067302703857,0.26720746358235675
2018-10-07,95028.99527994792,299.1516405741374,-0.00372316874563694,0.00024621486659270886,-2.018136978149414,-0.015839894612630207,0.25719261169433594
2018-10-08,94947.91861979167,298.83669153849286,-0.003919374197721481,0.00015439987182119808,-1.5775896708170574,-1.2963194847106934,0.2475719451904297
2018-10-09,94857.11393229167,299.13511339823407,-0.004451420158147812,8.583068797918258e-07,-0.5727831522623698,-2.2503997087478638,0.2352447509765625
2018-10-10,94734.70263671875,299.17015711466473,-0.004350387491285801,3.0149360554787563e-06,0.9270159403483073,-2.8697725931803384,0.22309176127115884
2018-10-11,94704.25325520833,299.51636123657227,-0.004653800278902054,8.583068797918258e-07,1.5140730539957683,-3.273349126180013,0.21024449666341147
2018-10-12,94895.38134765625,299.32572682698566,-0.004139911383390427,8.52346317969932e-07,-0.16121419270833334,-1.9023914337158203,0.19897079467773438
2018-10-13,95085.46077473958,299.268274307251,-0.0035563288256525993,4.3213367462158203e-07,-0.759606679280599,-1.5716355641682942,0.19063695271809897
2018-10-14,95173.443359375,299.5068016052246,-0.0035940278321504593,0.0,-1.1265881856282551,-1.0439319610595703,0.18296368916829428
2018-10-15,95253.60498046875,299.5231075286865,-0.003036205656826496,3.4996867174896806e-05,-1.7548999786376953,-0.27568991978963214,0.17670567830403647
2018-10-16,95276.09407552083,298.33284695943195,-0.0028578098863363266,0.009591984748794857,-1.16607666015625,0.8231290181477865,0.22735087076822916
2018-10-17,95187.19352213542,297.5995635986328,-0.0027231313288211823,0.007354828715222084,0.13282330830891928,0.5918765068054199,0.31453831990559894
2018-10-18,95175.51220703125,297.06546147664386,-0.002617442049086094,0.008995430471713917,-0.19116910298665366,0.5022748311360677,0.34786224365234375
2018-10-19,95233.92447916667,298.0886821746826,-0.004160421900451183,2.4497509002685547e-05,-1.8439744313557942,0.22964795430501303,0.31773122151692706
2018-10-20,95323.03531901042,298.88084411621094,-0.0038909129798412323,4.3803453444013485e-05,-1.6867940425872803,0.4626973072687785,0.2868245442708333
2018-10-21,95334.46549479167,299.2383969624837,-0.003683144226670265,4.7001242535316123e-05,-1.3318965832392375,0.3033008575439453,0.2658977508544922
2018-10-22,95254.52018229167,299.5938720703125,-0.003826707601547241,0.0001125037670135498,-0.8758465051651001,0.08087793986002605,0.24874051411946616
2018-10-23,95261.39583333333,299.77059110005695,-0.003545425832271576,0.00014398694037254245,-0.41504351298014325,-0.4185263315836589,0.2345714569091797
2018-10-24,95270.74007161458,299.33725992838544,-0.00290684774518013,8.414089679220638e-05,-0.9800065358479818,-0.33146079381306964,0.22426859537760416
2018-10-25,95392.30354817708,298.8200791676839,-0.0034622009843587875,1.2836421774409246e-06,-1.5373083750406902,-0.3402998447418213,0.21315511067708334
2018-10-26,95443.53238932292,298.47874132792157,-0.0039892736822366714,0.0,-2.011500676472982,-0.5675433874130249,0.20090738932291666
2018-10-27,95403.91227213542,297.8043632507324,-0.003923247568309307,1.2814997489840607e-06,-1.4476604461669922,-1.6883762677510579,0.1894677480061849
2018-10-28,95280.79069010417,297.6245536804199,-0.003906221129000187,4.351138045421976e-07,-1.9471410115559895,-2.631553848584493,0.1789569854736328
2018-10-29,95145.78011067708,296.77160390218097,-0.003636370413005352,8.525721000296471e-07,-1.3904349009195964,-2.9944636027018228,0.17002487182617188
2018-10-30,95125.76090494792,297.1674410502116,-0.003312733955681324,8.583068797918258e-07,-1.673322041829427,-2.3657456239064536,0.1627051035563151
2018-10-31,95151.1630859375,297.483455657959,-0.00312929879873991,1.7089562334149377e-06,-2.0720467567443848,-1.4865329662958782,0.15663464864095053
2018-11-01,95184.57145182292,297.92733573913574,-0.001874585635960102,0.0001231312750746838,-1.9056072235107422,0.36238543192545575,0.15359942118326822
2018-11-02,95184.72867838542,298.25989532470703,-0.002035303972661495,0.0008136481046676636,-2.3963541984558105,0.7167949676513672,0.15361467997233072
2018-11-03,95269.81624348958,298.67860730489093,-0.0020557325333356857,0.0002277702092783329,-2.404374440511068,1.3401241302490234,0.15592066446940103
2018-11-04,95275.20849609375,298.6246159871419,-0.0021252939477562904,0.00017883181561728634,-2.2378752628962197,1.161303202311198,0.15331586201985678
2018-11-05,95257.80712890625,298.89835421244305,-0.002146199345588684,7.295906533499874e-05,-1.287000020345052,0.7167415618896484,0.15016301472981772
2018-11-06,95270.6650390625,299.57575607299805,-0.002322675660252571,4.042983044882931e-05,-1.8382155100504558,0.10774064064025879,0.14670626322428384
2018-11-07,95280.9287109375,299.84230613708496,-0.002292148768901825,6.6787004016077844e-06,-1.790885289510091,0.27564048767089844,0.1432641347249349
2018-11-08,95215.84244791667,299.0532906850179,-0.0021919114515185356,3.575086589080456e-05,-1.877087910970052,0.34098180135091144,0.14035860697428384
2018-11-09,95150.38671875,298.79007657368976,-0.002489685080945492,0.0,-1.7375068664550781,-0.4597458044687907,0.13753509521484375
2018-11-10,95204.40397135417,298.82573318481445,-0.0026134122163057327,1.2844800849620697e-06,-1.6031776269276936,-1.1529304186503093,0.13471666971842447
2018-11-11,95253.02587890625,297.4417018890381,-0.0026574255898594856,8.523463748133508e-07,-1.3196525573730469,-2.02023712793986,0.1322301228841146
2018-11-12,95147.34065755208,296.4528452555339,-0.0025286786258220673,8.677103551235632e-07,-1.2115580240885417,-2.374622344970703,0.13017654418945312
2018-11-13,94999.84456380208,296.69688479105633,-0.0023103896528482437,0.0,-0.8602450688680013,-2.2361863056818643,0.12860234578450522
2018-11-14,95053.67301432292,297.1517804463704,-0.0021568257361650467,2.1558819298661547e-06,-1.516683022181193,-1.4286450544993083,0.12732760111490884
2018-11-15,95202.97981770833,298.27189445495605,-0.002098439261317253,8.424994462075119e-07,-2.1416019996007285,-1.5381230115890503,0.12627855936686197
2018-11-16,95223.23714192708,298.9413299560547,-0.0015421640127897263,2.655684937735714e-05,-2.1823644638061523,0.7056685288747152,0.12544949849446616
2018-11-17,95180.58675130208,298.62743695576984,-0.0014378316700458527,0.001306951614026275,-1.9013474782307942,0.9349998633066813,0.12989234924316406
2018-11-18,95243.92578125,298.59884452819824,-0.0018999725580215454,0.001641132859560912,-2.0966796875,1.2375770807266235,0.1402581532796224
2018-11-19,95385.82763671875,298.52301088968915,-0.001514337956905365,0.0003071039914175344,-2.00926144917806,0.9114149808883667,0.14598401387532553
2018-11-20,95398.33219401042,298.6405881245931,-0.0016760099679231644,0.00021298527707358517,-2.0617828369140625,0.22593474388122559,0.1439202626546224
2018-11-21,95380.13623046875,298.1724370320638,-0.001760902814567089,8.493661880493164e-07,-2.4756698608398438,-0.14652093251546225,0.14061546325683594
2018-11-22,95492.59212239583,296.94138463338214,-0.001678435131907463,8.52346317969932e-07,-2.542942682902018,1.3286702235539753,0.13742446899414062
2018-11-23,95581.30777994792,297.458454767863,-0.0016173571348190308,0.0,-1.3958415985107422,0.3545948664347331,0.13463592529296875
2018-11-24,95556.66829427083,297.59735043843585,-0.0018440885469317436,0.0,-1.915096918741862,-1.2471102873484294,0.1322040557861328
2018-11-25,95449.93489583333,296.68020248413086,-0.0018514329567551613,0.0,-1.7970301310221355,-1.6294843753178914,0.12993494669596353
2018-11-26,95322.21044921875,295.83742332458496,-0.0017731981351971626,8.52346317969932e-07,-1.9746284484863281,-1.063716729482015,0.12813313802083334
2018-11-27,95409.9287109375,295.7702871958415,-0.0015312060713768005,0.0,-2.264061609903971,0.43829822540283203,0.12677828470865884
2018-11-28,95461.09716796875,295.6364281972249,-0.0014285380020737648,2.59550813552778e-06,-2.2698796590169272,0.7799299955368042,0.12572224934895834
2018-11-29,95543.84586588542,295.9631265004476,-0.0013228394091129303,1.7106531799981894e-06,-1.7134954929351807,-0.04665374755859375,0.12481117248535156
2018-11-30,95474.40836588542,296.1705913543701,-0.0014488501474261284,2.580881073299679e-06,-1.784854253133138,-0.7927611668904623,0.1239776611328125
2018-12-01,95279.92529296875,296.0175183614095,-0.0013281125575304031,0.0,-2.039269129435221,-0.25203263759613037,0.12326240539550781
2018-12-02,95189.8193359375,295.9386386871338,-0.0012082681059837341,0.0,-2.1798267364501953,0.5535920461018881,0.12268702189127605
2018-12-03,95267.80647786458,296.3558406829834,-0.0010869670659303665,0.0,-2.415254592895508,0.4763132731119792,0.12212626139322917
2018-12-04,95356.09798177083,297.0616257985433,-0.0008326033130288124,0.00024377703666189632,-2.237499237060547,1.3483047485351562,0.12215296427408855
2018-12-05,95242.9169921875,297.27729352315265,-0.0009547444060444832,0.0003043711185455322,-1.4242108662923176,1.0018138885498047,0.12488683064778645
2018-12-06,95184.95589192708,296.7642765045166,-0.001031322404742241,0.0008827781807667634,-1.4043617248535156,1.018637975056966,0.12927691141764322
2018-12-07,95201.166015625,297.8448543548584,-0.0011239498853683472,0.00018442571155219412,-1.5862889687220256,1.2934913635253906,0.1312707265218099
2018-12-08,95268.28206380208,297.4222761789958,-0.001125287264585495,0.00024560093879699707,-1.5082628726959229,1.0993115107218425,0.13099225362141928
2018-12-09,95164.41650390625,297.7027816772461,-0.0010664230212569237,0.00025646686543723263,-1.3869250218073528,1.6306219498316448,0.1308892567952474
2018-12-10,95154.02197265625,296.7334550221761,-0.0008525382727384567,0.0003387928009033203,-0.4234078725179036,2.0225743452707925,0.13213284810384116
2018-12-11,95219.40445963542,296.78195635477704,-0.0010127285495400429,0.000582575798034668,-0.46143531799316406,0.8207354545593262,0.13448524475097656
2018-12-12,95272.10709635417,297.3999500274658,-0.0010116342455148697,0.0001214742660522461,-1.4093564351399739,0.7528294722239176,0.13385518391927084
2018-12-13,95411.275390625,295.59074783325195,-0.0011141486465930939,0.0010938925048549208,-1.7758038838704426,-0.09274665514628093,0.13695907592773438
2018-12-14,95510.49544270833,294.3975423177083,-0.0008775461465120316,0.0005108786888854411,-1.8004488547643025,-1.4550120830535889,0.1411895751953125
2018-12-15,95482.68050130208,295.44345474243164,-0.0012720134109258652,3.885328760588891e-05,-2.4059452215830484,-2.527514378229777,0.1408850351969401
2018-12-16,95412.08837890625,293.5554205576579,-0.0009598145261406898,2.151481908185815e-06,-1.4285356203715007,-3.258920947710673,0.13821029663085938
2018-12-17,95243.36165364583,291.6140371958415,-0.0008498430252075195,0.0008256942032858205,0.8991732597351074,-4.191544890403748,0.138946533203125
2018-12-18,95432.41455078125,291.92601839701337,-0.0007131984457373619,4.4438242809974327e-05,-0.9990959167480469,-3.6097240447998047,0.14119338989257812
2018-12-19,95500.19173177083,292.8041127522786,-0.0007537472993135452,5.161762237548828e-05,-2.163794199625651,-1.2618640263875325,0.13953399658203125
2018-12-20,95426.32747395833,293.7673848470052,-0.0006889700889587402,2.0238757031165733e-05,-1.8296502431233723,-0.053989688555399575,0.13775253295898438
2018-12-21,95352.93098958333,294.97462526957196,-0.0009513720870018005,2.994645683429553e-06,-0.8551082611083984,-0.577733556429545,0.13562138875325522
2018-12-22,95379.18375651042,295.2657527923584,-0.0010053087025880814,8.583068797918258e-07,-1.7206560770670574,-0.3091367483139038,0.13334528605143228
2018-12-23,95411.35123697917,295.3977686564128,-0.0009570345282554626,8.672475360071985e-07,-1.862080971399943,-0.3817538420359294,0.13144874572753906
2018-12-24,95393.42024739583,295.53735478719074,-0.0010648667812347412,8.52346317969932e-07,-1.5286365747451782,-0.3739933172861735,0.12970479329427084
2018-12-25,95300.61962890625,296.9003842671712,-0.0012048576027154922,8.553266184208042e-07,-1.586413582166036,0.5809849898020426,0.12792460123697916
2018-12-26,95217.13313802083,297.32458178202313,-0.0008945316076278687,3.0189752564524497e-06,-0.24419275919596353,1.429104248682658,0.12653414408365884
2018-12-27,95245.52962239583,295.5592791239421,-0.0010915650054812431,2.977251938318659e-06,0.666158397992452,-2.3731524546941123,0.125457763671875
2018-12-28,95338.72509765625,292.80260848999023,-0.00119851715862751,2.574955942691304e-06,-0.9094483852386475,-2.2987764279047647,0.12435595194498698
2018-12-29,95558.25618489583,292.1542720794678,-0.0010737720876932144,2.14835205269992e-06,-1.643136978149414,-1.6633631388346355,0.12350145975748698
2018-12-30,95708.24381510417,292.0092970530192,-0.0010043568909168243,1.7241968066628033e-06,-1.8332546552022297,-1.1321372985839844,0.1228014628092448
2019-01-01,95730.8916015625,293.0392354329427,-0.001062549650669098,0.0,-2.02358341217041,-0.48465673128763836,0.12158648173014323
2019-01-02,95735.73225911458,293.93078295389813,-0.0009987810626626015,8.52346317969932e-07,-1.6073308388392131,0.7543379465738932,0.12108484903971355
2019-01-03,95750.43343098958,294.75853792826337,-0.0010298816487193108,0.0,-1.3995096286137898,0.012954036394755045,0.12062899271647136
2019-01-04,95682.80582682292,294.6309617360433,-0.0009261183440685272,8.52346317969932e-07,-2.3596812884012857,0.7761384646097819,0.12027613321940105
2019-01-05,95529.10221354167,294.6902955373128,-0.0009105969220399857,0.0,-1.7533664306004841,1.416385293006897,0.1199963887532552
2019-01-06,95402.49625651042,295.0888926188151,-0.0008763279765844345,1.716613724056515e-06,-1.9263722101847331,1.35210120677948,0.11964607238769531
2019-01-07,95378.57975260417,295.05774243672687,-0.0008947513997554779,2.5765862687876506e-06,-0.9004351298014323,-1.1726893583933513,0.11945788065592448
2019-01-08,95416.16666666667,293.55581347147626,-0.0009391522035002708,8.52346317969932e-07,-0.7431894938151041,-1.9005121787389119,0.11929512023925781
2019-01-09,95399.42220052083,293.98008664449054,-0.001017572358250618,4.2319288695580326e-07,-1.187710444132487,-1.1670626799265544,0.11913553873697917
2019-01-10,95386.79020182292,294.1516399383545,-0.0009670881554484367,1.3094172572891694e-06,-2.0600337982177734,-0.019121805826822918,0.11899439493815105
2019-01-11,95433.02067057292,294.89451662699383,-0.0008460721001029015,3.850966265872557e-06,-1.7189451853434246,1.146584192911784,0.11879603068033855
2019-01-12,95414.66845703125,295.30282974243164,-0.0008480353280901909,0.0,-2.0756092071533203,1.6156450907389324,0.11864980061848958
2019-01-13,95448.52425130208,295.1329708099365,-0.0007976405322551727,8.583068797918258e-07,-2.1613401571909585,1.4308723608652751,0.1186052958170573
2019-01-14,95420.83479817708,295.45659764607746,-0.0008386624976992607,1.293269178859191e-06,-2.1065521240234375,0.5235845247904459,0.11857795715332031
2019-01-15,95487.19270833333,295.3344732920329,-0.0008183233439922333,0.0,-1.8652528127034504,-1.0598665873209636,0.1185455322265625
2019-01-16,95448.43668619792,294.74910736083984,-0.0008721407502889633,8.583068620282575e-07,-1.9243263800938923,-0.512292226155599,0.11850420633951823
2019-01-17,95325.74186197917,294.9783191680908,-0.0008838493376970291,4.2319288695580326e-07,-1.7539227803548176,-0.13246917724609375,0.11846224466959636
2019-01-18,95371.59700520833,295.5561923980713,-0.0008916277438402176,2.574336008365208e-06,-1.7374254862467449,-0.37245551745096844,0.11842282613118489
2019-01-19,95489.12809244792,294.92068036397296,-0.00083170086145401,8.52346317969932e-07,-1.9112383524576824,-0.1918496290842692,0.11839993794759114
2019-01-20,95511.56966145833,295.8640079498291,-0.0008726483210921288,8.52346317969932e-07,-1.9351806640625,0.6002418200174967,0.11837514241536458
2019-01-21,95370.47102864583,295.95982297261554,-0.0009171143174171448,1.7046927496267017e-06,-1.7336673736572266,2.197991689046224,0.11834780375162761
2019-01-22,95348.95572916667,295.63473574320477,-0.0009539201855659485,0.0,-1.6580151319503784,2.4818270603815713,0.11832936604817708
2019-01-23,95335.7421875,295.9684193929036,-0.0008002687245607376,1.7106532368416083e-06,-1.3158412377039592,1.474313735961914,0.11830711364746094
2019-01-24,95316.12906901042,297.16604804992676,-0.0007045436650514603,2.996151465595176e-06,-1.202472408612569,1.831936518351237,0.11829630533854167
2019-01-25,95279.64485677083,296.65528933207196,-0.000690242275595665,0.0002745682307363495,-0.9947945276896158,2.4742093483606973,0.1190032958984375
2019-01-26,95407.67854817708,294.7357749938965,-0.0010196734219789505,0.004423938146715045,-1.2409000396728516,0.4100042978922526,0.14211209615071616
2019-01-27,95526.10009765625,291.50969250996906,-0.0013890843838453293,0.018240037560417477,-1.316769282023112,-2.3075409730275473,0.2752571105957031
2019-01-28,95617.52360026042,291.99892171223956,-0.0015847645699977875,0.0005866088883976772,-1.9291578928629558,-2.130758802096049,0.3040313720703125
2019-01-29,95652.32259114583,291.25233268737793,-0.002327647991478443,1.7109082932620368e-06,-1.5010746320088704,-2.056986411412557,0.266879399617513
2019-01-30,95591.00113932292,291.27600415547687,-0.002306576818227768,0.0,-1.7278534173965454,-0.6203378438949585,0.24067115783691406
2019-01-31,95506.7529296875,292.6267604827881,-0.0015618707984685898,9.447336196899414e-06,-2.147522489229838,1.6426080862681072,0.22309303283691406
2019-02-01,95457.14046223958,293.98815155029297,-0.001718941144645214,1.0246038414152281e-05,-1.9610335032145183,1.4525801340738933,0.2096538543701172
2019-02-02,95381.55240885417,294.23398844401044,-0.0018329890444874763,0.0,-2.2665882110595703,0.9456696112950643,0.1967290242513021
2019-02-03,95571.04752604167,294.4269142150879,-0.0015521999448537827,0.0,-2.451720118522644,1.1371808846791585,0.18579864501953125
2019-02-04,95698.43489583333,295.4133981068929,-0.0015671439468860626,1.714922575501987e-06,-2.2456932067871094,1.574610710144043,0.17644119262695312
2019-02-05,95564.205078125,295.94567998250324,-0.0017632553353905678,4.351138045421976e-07,-1.7757517496744792,0.8615458408991495,0.16716766357421875
2019-02-06,95256.6005859375,297.18340428670246,-0.001678304746747017,4.351138045421976e-07,-1.6943553686141968,1.795609474182129,0.15883700052897134
2019-02-07,95231.76204427083,298.0007731119792,-0.0015593869611620903,1.0116190424014349e-05,-0.7596717675526937,2.7653451760609946,0.15164947509765625
2019-02-08,95315.71842447917,296.32555834452313,-0.0011821985244750977,0.0002259304685594543,0.06067657470703125,-0.46603723367055255,0.14767773946126303
2019-02-09,95470.62255859375,294.6989606221517,-0.0015680938959121704,8.583068833445395e-07,-1.2843189239501953,-2.097655455271403,0.14394760131835938
2019-02-10,95544.79964192708,296.1047426859538,-0.0014874525368213654,4.351138045421976e-07,-2.220766067504883,-0.3324769337972005,0.13928985595703125
2019-02-11,95595.29427083333,296.56175867716473,-0.0008258316665887833,8.568763723815209e-05,-2.4321187337239585,1.4447523752848308,0.1368230183919271
2019-02-12,95723.71858723958,296.3945566813151,-0.001231389120221138,2.0179152386390342e-05,-2.5423100789388022,1.3249683380126953,0.13471539815266928
2019-02-13,95662.34228515625,296.7376365661621,-0.0012201089411973953,0.0,-2.0037244160970054,1.3866221110026042,0.1321277618408203
2019-02-14,95361.34619140625,298.4109541575114,-0.0013267099857330322,8.553265615773853e-07,-1.6515757242838542,2.257155736287435,0.12980079650878906
2019-02-15,95300.11344401042,298.8290596008301,-0.0011388491839170456,9.228587140341915e-05,-0.22071393330891928,2.5524739424387612,0.12816619873046875
2019-02-16,95270.86393229167,298.7599792480469,-0.0011550523340702057,1.2546776702038187e-06,0.2584679921468099,0.603705088297526,0.12684504191080728
2019-02-17,95141.75569661458,298.47669347127277,-0.0011452492326498032,1.8805265426635742e-05,0.6968949635823568,0.30878408749898273,0.12548001607259116
2019-02-18,95066.53922526042,298.82193183898926,-0.0010827183723449707,2.5659798552624125e-06,-1.7651888529459636,0.6964727242787679,0.12417984008789062
2019-02-19,95251.70361328125,299.9038651784261,-0.0010936632752418518,5.499124523566934e-05,-2.045974095662435,1.707253138224284,0.12335522969563802
2019-02-20,95508.92220052083,299.4320697784424,-0.0010340791195631027,1.7523765336591168e-06,-2.6295032501220703,2.034947315851847,0.12269910176595052
2019-02-21,95601.9296875,299.8686072031657,-0.0012407265603542328,1.6961233200163406e-06,-1.898856480916341,1.8922558625539143,0.1218554178873698
2019-02-22,95377.82161458333,301.1240431467692,-0.001217760145664215,1.7228238675670582e-06,-1.1746584574381511,1.1294972101847331,0.12102572123209636
2019-02-23,95171.19156901042,301.8959267934163,-0.0013344455510377884,7.712014394201105e-05,-0.2577196756998698,1.0973448753356934,0.12054379781087239
2019-02-24,95008.70084635417,301.9990692138672,-0.001337970606982708,1.7105289771279786e-06,0.5970013936360677,2.003878593444824,0.12020556131998698
2019-02-25,94934.86344401042,300.923973719279,-0.0012733237817883492,8.52346317969932e-07,1.4745782216389973,1.4011732737223308,0.11967786153157552
2019-02-26,94857.47639973958,300.01140213012695,-0.001116907224059105,2.5702528319015983e-06,0.21486385663350424,-0.05709278583526611,0.11929766337076823
2019-02-27,94840.21158854167,299.17320823669434,-0.0008728597313165665,1.1165211731167801e-05,0.3933080832163493,0.5873743693033854,0.11909802754720052
2019-02-28,95004.30729166667,298.58921241760254,-0.0009444411844015121,0.00013193786139709118,-0.639984130859375,-0.8513018687566122,0.11962699890136719
2019-03-01,95060.29329427083,299.2209135691325,-0.0008156737312674522,0.00011590123176574707,-2.401980717976888,1.498056173324585,0.11966514587402344
2019-03-02,95132.74772135417,299.3981355031331,-0.0008156755939126015,5.6850910084449424e-05,-2.6346251169840493,2.6205309629440308,0.11985270182291667
2019-03-03,95008.19059244792,300.2111956278483,-0.0007812315598130226,4.738569259643555e-06,-0.37052663167317706,2.1879101196924844,0.11954625447591145
2019-03-04,94784.60921223958,301.6113796234131,-0.0010152487084269524,1.7046927496267017e-06,1.9853577613830566,1.638534704844157,0.11920547485351562
2019-03-05,94820.80061848958,300.5738042195638,-0.0010590525344014168,0.0,1.9483699798583984,-0.9279013474782308,0.11889203389485677
2019-03-06,94908.03889973958,299.98368072509766,-0.0011440785601735115,4.384993417261285e-07,0.8482780456542969,-1.5671228965123494,0.11863644917805989
2019-03-07,94944.04703776042,299.5282395680745,-0.001064026728272438,0.0,-1.1257311503092449,-0.9374653100967407,0.11844380696614583
2019-03-08,95138.21223958333,300.59269460042316,-0.0009224181994795799,8.52346317969932e-07,-1.1224104563395183,-0.09465758005777995,0.11830711364746094
2019-03-09,95179.43912760417,301.23842430114746,-0.0008405661210417747,1.7195939108205494e-06,0.3448762098948161,1.355128010114034,0.11823654174804688
2019-03-10,95197.8916015625,301.5665645599365,-0.000857100822031498,2.138374497917539e-06,-0.17561785380045572,1.3251129388809204,0.11818377176920573
2019-03-11,95242.18212890625,302.0353660583496,-0.0008309446275234222,3.0339183467731345e-06,-0.8944454193115234,2.095050811767578,0.1181475321451823
2019-03-12,95258.19482421875,302.149258295695,-0.0008770870044827461,4.185351585306307e-07,-0.382815678914388,1.9966059525807698,0.11811447143554688
2019-03-13,95291.025390625,302.0228354136149,-0.0009899558499455452,0.0,-0.40492669741312665,2.7517617543538413,0.11807632446289062
2019-03-14,95253.02457682292,302.35875447591144,-0.0010139718651771545,1.2806197560166765e-06,0.12543193499247232,2.332042694091797,0.11803690592447917
2019-03-15,95256.70100911458,302.53332710266113,-0.0010966900736093521,2.5888119239425578e-06,-0.6448230743408203,2.2181071043014526,0.11800320943196614
2019-03-16,95249.892578125,302.22725041707355,-0.0011567845940589905,1.7106532936850272e-06,-2.1087671915690103,2.9685699144999185,0.11797777811686198
2019-03-17,95198.62190755208,301.7788333892822,-0.0010399222373962402,1.78813479578821e-08,-1.7454338073730469,2.8364905516306558,0.11795806884765625
2019-03-18,95143.09651692708,300.9851188659668,-0.0010126866400241852,1.7046928064701206e-06,-1.4097092946370442,2.057676911354065,0.1179364522298177
2019-03-19,94952.36263020833,301.5546118418376,-0.0007822252810001373,2.1517276422855502e-06,-0.2766761779785156,2.236299196879069,0.11793835957845052
2019-03-20,94975.9169921875,301.57408650716144,-0.0007227510213851929,2.355292394895514e-06,-1.012081782023112,2.9500705003738403,0.1179491678873698
2019-03-21,95103.02864583333,301.7740224202474,-0.0007807053625583649,2.1044280629212153e-07,-0.6599388122558594,2.8112356662750244,0.11795552571614583
2019-03-22,95147.41031901042,302.27590878804523,-0.0007983585819602013,1.7210263081324229e-06,-0.2558714548746745,1.5474437077840169,0.11794598897298177
2019-03-23,95102.60270182292,302.94229825337726,-0.0008862251415848732,0.00026449532197148073,-1.2985795338948567,0.9529806772867838,0.11906178792317708
2019-03-24,95052.29280598958,303.26057116190594,-0.0008248705416917801,4.0961870581668336e-05,-1.721946080525716,0.947906494140625,0.11988766988118489
2019-03-25,95080.29703776042,303.11324246724445,-0.0009323805570602417,0.0,-1.8428988059361775,1.1401479244232178,0.11947886149088542
2019-03-26,95152.51481119792,303.5247217814128,-0.0009593022987246513,0.0,-0.7777144114176432,1.522976279258728,0.11896832784016927
2019-03-27,95248.42122395833,303.5385335286458,-0.0008784011006355286,1.2814997489840607e-06,-0.06690025329589844,1.5791229804356892,0.11862818400065105
2019-03-28,95111.60725911458,303.8745714823405,-0.0009371405467391014,0.0,-0.6827462514241537,1.082888921101888,0.11838658650716145
2019-03-29,94974.783203125,304.063923517863,-0.0010066414251923561,2.151657099602744e-06,-1.0905920664469402,0.6116663614908854,0.11820348103841145
2019-03-30,94929.86930338542,304.6946506500244,-0.0010107457637786865,8.318719437738764e-07,-0.5039912064870199,1.7333213488260906,0.11808458964029948
2019-03-31,94934.90218098958,304.8280601501465,-0.0010176636278629303,3.199279308319092e-05,2.2867743174235025,1.2399670282999675,0.11810684204101562
2019-04-01,94940.04361979167,304.6825434366862,-0.0009833313524723053,3.1857679800850747e-06,0.20611445109049478,0.9655712048212687,0.118133544921875
2019-04-02,94908.77522786458,304.4501202901204,-0.0010113315656781197,0.0002295498679245611,-0.5865186055501302,2.226870894432068,0.11879285176595052
2019-04-03,95025.09342447917,303.1755250295003,-0.0008660294115543365,0.00014613866795798458,-1.6142438252766926,1.7173741658528645,0.12006123860677083
2019-04-04,95110.98616536458,303.5838400522868,-0.0009183231741189957,8.067786689025525e-05,-0.4313653310139974,1.7195059458414714,0.12034988403320312
2019-04-05,95109.19547526042,303.97811063130695,-0.0010757800191640854,0.00032901162597909206,0.2674674987792969,1.0168960094451904,0.12092145284016927
2019-04-06,95005.88623046875,304.16224161783856,-0.001010684296488762,6.028341658748104e-06,1.2291609446207683,1.0084507862726848,0.12114334106445312
2019-04-07,94903.46044921875,303.9747193654378,-0.0009469892829656601,3.681045592429655e-05,0.963799794514974,1.409624497095744,0.12024879455566406
2019-04-08,94863.20068359375,302.9601936340332,-0.0010733064264059067,0.001447317225995448,0.2846520741780599,2.276224056879679,0.12905756632486978
2019-04-09,94942.19270833333,302.852684656779,-0.0013691242784261703,0.0019134023996407734,-0.30043601989746094,2.1771018505096436,0.1451892852783203
2019-04-10,95005.81966145833,302.6553020477295,-0.0018330886960029602,0.0026157230137755505,-0.08870188395182292,1.2195810874303181,0.16101710001627603
2019-04-11,94894.41715494792,303.7822729746501,-0.0020287930965423584,0.00017377599465362437,0.7230796813964844,1.366300066312154,0.16360092163085938
2019-04-12,94910.50651041667,303.7304941813151,-0.001752176322042942,0.00015019774436808575,0.3811422983805339,1.1082377831141155,0.15075302124023438
2019-04-13,94940.30387369792,304.1418037414551,-0.0015196837484836578,0.00012262463559409298,-1.0073407491048176,1.2049572865168254,0.14188385009765625
2019-04-14,94954.822265625,304.1083297729492,-0.001287863589823246,8.42213626128796e-06,-0.6012948354085287,1.0952463547388713,0.13515599568684897
2019-04-15,94935.00211588542,304.2483507792155,-0.0011997735127806664,0.0,0.05557568868001302,1.2734536329905193,0.1300970713297526
2019-04-16,94908.37141927083,304.0492464701335,-0.0012292172759771347,8.536268865100283e-07,-0.9029432932535807,1.5088528394699097,0.1263147989908854
2019-04-17,94936.67301432292,304.2093054453532,-0.0009135203436017036,8.52346317969932e-07,0.08177884419759114,0.8181260426839193,0.12378692626953125
2019-04-18,94899.01529947917,303.6753896077474,-0.0007609594613313675,7.532208712746069e-06,-1.1479301452636719,1.3545175393422444,0.12212308247884114
2019-04-19,94809.3310546875,302.55194664001465,-0.000941266305744648,0.0009395161610541436,-1.1528568267822266,1.9712577660878499,0.1266937255859375
2019-04-20,94658.3984375,303.4699109395345,-0.000926801934838295,4.222974905587762e-05,-0.3343187967936198,2.3407822450002036,0.12862205505371094
2019-04-21,94632.16162109375,303.88168780008954,-0.0009143706411123276,9.358525267089135e-05,0.3641363779703776,1.8096282879511516,0.1265570322672526
2019-04-22,94723.71321614583,303.89418093363446,-0.000948767177760601,0.00013511180873138073,-0.9861615498860677,0.9883987903594971,0.12493133544921875
2019-04-23,94895.626953125,303.69398244222003,-0.0008820565417408943,2.1937489407264366e-05,-0.7808354695638021,0.639358917872111,0.12324142456054688
2019-04-24,94908.43050130208,304.63242530822754,-0.000999273732304573,0.0,-1.5178279876708984,1.4051044782002766,0.12161763509114583
2019-04-25,94843.03076171875,305.61413701375324,-0.0009543448686599731,8.583068797918258e-07,-0.7783851623535156,1.3323935270309448,0.12032000223795573
2019-04-26,94746.48893229167,306.16693623860675,-0.0008785305544734001,0.0,-0.4227002461751302,1.3605910936991374,0.11942672729492188
2019-04-27,94719.06591796875,306.5404415130615,-0.0008043916895985603,8.642673492431641e-07,-0.2959067026774089,1.1381354729334514,0.11884816487630208
2019-04-28,94696.52506510417,306.5831705729167,-0.0008316989988088608,8.459853802378348e-06,-0.40613047281901044,1.8539679447809856,0.11852455139160156
2019-04-29,94664.8369140625,306.77181752522785,-0.0008378122001886368,1.8242848682348267e-05,-0.14230219523111978,1.7018934488296509,0.11836624145507812
2019-04-30,94516.48356119792,306.5347150166829,-0.0009247716516256332,0.00047478969611347566,1.0813929239908855,0.574038028717041,0.120147705078125
2019-05-01,94347.88069661458,306.4890130360921,-0.000919826328754425,8.52346317969932e-07,-0.11634508768717448,-0.47446409861246747,0.12122344970703125
2019-05-02,94318.85872395833,306.8457743326823,-0.001127311959862709,1.7106532936850272e-06,3.1975879669189453,-1.6625289916992188,0.12012608846028645
2019-05-03,94540.77099609375,305.86256217956543,-0.0011167004704475403,1.2994059943594038e-06,3.9728145599365234,-0.2822882334391276,0.11934407552083333
2019-05-04,94828.48307291667,305.0880654652913,-0.0008495114743709564,4.351138045421976e-07,3.479290008544922,-0.011245171229044596,0.11885388692220052
2019-05-05,94901.68147786458,305.7318979899089,-0.0008140886202454567,0.0,2.3846092224121094,-1.56248140335083,0.11852327982584636
2019-05-06,94716.46061197917,306.63045438130695,-0.0007258690893650055,8.523463748133508e-07,1.3162720998128254,-1.5084285736083984,0.11829249064127605
2019-05-07,94631.73046875,307.1151434580485,-0.0006505800411105156,0.0,0.43130938212076825,-0.4454711278279622,0.11812909444173177
2019-05-08,94631.36897786458,307.3596890767415,-0.0008280277252197266,8.52346317969932e-07,1.637468973795573,-1.9776811997095745,0.11801783243815105
2019-05-09,94598.35970052083,306.9498799641927,-0.0007771756500005722,8.583068797918258e-07,1.860268274943034,-2.3330223162968955,0.11794090270996094
2019-05-10,94663.56103515625,306.984078725179,-0.0006867628544569016,3.424795579576312e-06,0.20373026529947916,-1.4460203250249226,0.11788177490234375
2019-05-11,94772.75032552083,306.42707443237305,-0.0006346181035041809,1.531839370727539e-05,-0.46425437927246094,-0.06937384605407715,0.11790911356608073
2019-05-12,94711.71728515625,305.7943458557129,-0.0007318221032619476,0.00021376013745566524,-0.20111783345540366,0.6634792486826578,0.11887741088867188
2019-05-13,94640.78889973958,306.15909131368,-0.0007196385413408279,1.026988019248165e-05,0.4583282470703125,1.0598110755284627,0.11905988057454427
2019-05-14,94635.78824869792,306.26492245992023,-0.0007636472582817078,8.845329283246883e-06,0.22367350260416666,0.3033793767293294,0.11865425109863281
2019-05-15,94741.08675130208,306.40982309977215,-0.0007895119488239288,7.09533691356512e-05,-0.04891840616861979,0.8363853693008423,0.11859448750813802
2019-05-16,94823.53580729167,306.6372712453206,-0.0007534706965088844,1.1938810246192588e-05,0.7588138580322266,-0.08016939957936604,0.11860148111979167
2019-05-17,94793.25553385417,306.4496930440267,-0.0007343143224716187,0.0,0.3625863393147786,-0.0919715166091919,0.11832046508789062
2019-05-18,94721.1728515625,307.183157602946,-0.0008017374202609062,8.523463748133508e-07,0.3604939778645833,-1.3627269665400188,0.11812591552734375
2019-05-19,94751.05745442708,307.38306617736816,-0.0007917080074548721,8.553445240977453e-07,-0.529998779296875,0.17802695433298746,0.11800066630045573
2019-05-20,94790.38199869792,306.6523577372233,-0.0006891163066029549,9.040185517505961e-05,-0.7388267517089844,0.9447188774744669,0.11831728617350261
2019-05-21,94762.69694010417,306.8617884318034,-0.0007108990103006363,4.892647162435537e-05,0.12269210815429688,1.8222007751464844,0.11849339803059895
2019-05-22,94679.44710286458,306.8091100056966,-0.0009576817974448204,0.0008790284395168158,0.2720419565836589,0.8091036876042684,0.12305259704589844
2019-05-23,94678.88818359375,306.7288570404053,-0.0009733326733112335,0.00024798711325502154,0.4075469970703125,1.4927557309468586,0.12599054972330728
2019-05-24,94666.18912760417,306.82314682006836,-0.001125602051615715,0.0006712377071380615,1.3165289560953777,0.5571492513020834,0.1274236043294271
2019-05-25,94532.35416666667,307.31820424397785,-0.0010878043249249458,9.45022184701827e-05,1.346173604329427,-0.27207573254903156,0.1276117960611979
2019-05-26,94449.44710286458,308.292137781779,-0.0009389789775013924,1.7212094576279924e-06,1.426431655883789,-0.43637390931447345,0.12478001912434895
2019-05-27,94434.82877604167,308.56579971313477,-0.0009721359238028526,-5.1022652769461274e-09,1.854550043741862,-0.45143429438273114,0.1223767598470052
2019-05-28,94387.72900390625,308.556676864624,-0.0009169159457087517,2.139806667855737e-06,0.1439971923828125,-0.41469279925028485,0.12069638570149739
2019-05-29,94342.62190755208,308.22899500528973,-0.0008256034925580025,2.1398067815425748e-06,-0.3884531656901042,0.019085367520650227,0.11963335673014323
2019-05-30,94367.93050130208,306.5308920542399,-0.0009452765807509422,0.000877318916366221,-0.1865380605061849,1.292354702949524,0.12391090393066406
2019-05-31,94439.59375,307.06360117594403,-0.0008680513128638268,5.4877996433333465e-05,-0.2787221272786458,1.8693495988845825,0.12573750813802084
2019-06-01,94523.22233072917,306.2674306233724,-0.0007647629827260971,8.834600441787188e-05,1.6248213450113933,-0.018784602483113606,0.12400754292805989
2019-06-02,94459.7626953125,306.98392995198566,-0.001107778400182724,0.000753396749530566,1.012835184733073,1.4894837935765584,0.12603378295898438
2019-06-03,94474.61979166667,304.55216153462726,-0.0012143077328801155,0.004677468538279328,2.497861862182617,0.38347001870473224,0.16272608439127603
2019-06-04,94455.85091145833,305.49067370096844,-0.0020224973559379578,0.0002791881561279297,1.373922348022461,0.2786845366160075,0.1725330352783203
2019-06-05,94393.23893229167,306.89282989501953,-0.0017599202692508698,0.0001245439052581787,1.1280564467112224,-0.08054276307423909,0.15689404805501303
2019-06-06,94447.80126953125,305.72336260477704,-0.001579277217388153,0.0013704426480671827,1.9332897265752156,0.8516085942586263,0.15413792928059897
2019-06-07,94463.14013671875,305.95660336812335,-0.001560961827635765,0.0003143025613780992,1.936075210571289,0.2356745402018229,0.15101496378580728
2019-06-08,94448.77734375,305.1093114217122,-0.00128908921033144,0.0018611550331115723,1.9825579325358074,-1.048214316368103,0.14557838439941406
2019-06-09,94375.51936848958,304.26170285542804,-0.002036469988524914,0.019110926985735688,2.3311964670817056,0.2291259765625,0.21915245056152344
2019-06-10,94346.16780598958,303.88895988464355,-0.0034435344859957695,0.00020666718472739376,3.1123269399007163,1.212961196899414,0.29352442423502606
2019-06-11,94361.5283203125,303.7219886779785,-0.0034240316599607468,0.00027799684340834574,3.719170888264974,2.331791559855143,0.2468134562174479
2019-06-12,94402.43587239583,303.3478355407715,-0.0028049396350979805,2.110811657018985e-06,4.928233464558919,2.227656682332357,0.2169640858968099
2019-06-13,94531.279296875,302.1981779734294,-0.002021477557718754,0.00010235607624053955,4.7279052734375,1.22332763671875,0.19699668884277344
2019-06-14,94476.82779947917,303.07923380533856,-0.0021876227110624313,0.00013312995423575558,5.012636184692383,1.1352684497833252,0.18168004353841147
2019-06-15,94541.69791666667,304.2376537322998,-0.002147296443581581,1.716613775215592e-05,5.110653559366862,0.13933602968851724,0.16692543029785156
2019-06-16,94589.07747395833,304.63050015767413,-0.0019104145467281342,1.7225742325877036e-06,5.077676137288411,-0.2245743672053019,0.15442657470703125
2019-06-17,94591.03564453125,304.3565553029378,-0.0015080571174621582,2.3510787912073283e-05,4.833882371584575,-0.37919358412424725,0.14554913838704428
2019-06-18,94455.49723307292,304.8990027109782,-0.0015688594430685043,1.7135021153080743e-06,4.390124638875325,0.7077304522196451,0.13861846923828125
2019-06-19,94380.51513671875,304.2743117014567,-0.0012952415272593498,0.00014595985408050183,4.681614915529887,0.3074536720911662,0.1340484619140625
2019-06-20,94431.81070963542,302.5297317504883,-0.0016668923199176788,0.0070101976393743826,3.235426584879557,-0.21497821807861328,0.16506640116373697
2019-06-21,94377.22347005208,300.6359920501709,-0.002364378422498703,0.012735790014176018,2.836449305216471,0.3847403923670451,0.24382718404134116
2019-06-22,94350.15804036458,298.75014305114746,-0.002644144929945469,0.0096607506275177,3.2725906372070312,-0.31195831298828125,0.3468405405680339
2019-06-23,94351.54801432292,299.26511065165204,-0.0027077021077275276,0.012031509446671862,1.2802880605061848,0.5303091605504354,0.34586524963378906
2019-06-24,94472.39925130208,300.203919728597,-0.0029891738668084145,0.004934506888730539,0.3611462910970052,1.0474554697672527,0.3258851369222005
2019-06-25,94555.56966145833,300.53128306070965,-0.0031430162489414215,0.006413158774364547,1.7812061309814453,0.9912052154541016,0.341311772664388
2019-06-26,94527.16341145833,300.6173718770345,-0.0030863843858242035,0.0016418546438217163,3.974564870198568,0.9513834317525228,0.32785797119140625
2019-06-27,94402.70524088542,300.9635753631592,-0.0036094514653086662,0.0003521740436553955,5.08537228902181,0.6441930135091146,0.29413414001464844
2019-06-28,94389.38916015625,300.0518627166748,-0.0035351598635315895,0.006157660484308991,5.832070668538411,0.4992432991663615,0.2823651631673177
2019-06-29,94364.94710286458,296.9470615386963,-0.0034300703555345535,0.015803627922309715,5.496107737223308,0.8800139824549357,0.3737538655598958
2019-06-30,94359.33740234375,297.42957496643066,-0.002905169501900673,0.005440905890736758,5.521121978759766,-0.20361455281575522,0.36214764912923175
2019-07-01,94305.55159505208,297.2311541239421,-0.002866990864276886,0.015136572718574826,4.319292068481445,-0.08832359313964844,0.39091936747233075
2019-07-02,94330.37646484375,297.410743077596,-0.002112913876771927,0.005352288484573364,4.992688496907552,0.16393597920735678,0.38148053487141925
2019-07-03,94381.04541015625,297.8455619812012,-0.001978367567062378,0.0017441511154174805,5.225603739420573,1.2239391009012859,0.37319374084472656
2019-07-04,94316.65169270833,299.542786916097,-0.0035019349306821823,0.0011287778615951538,5.9974517822265625,1.3342994848887126,0.3479328155517578
2019-07-05,94236.92138671875,298.5308036804199,-0.0027614515274763107,0.006251940131164702,6.1018021901448565,1.2459464470545452,0.3619759877522786
2019-07-06,94293.25651041667,298.83521779378253,-0.00308424886316061,0.0016458353753705524,6.461121877034505,1.7210754950841267,0.3506418863932292
2019-07-07,94413.1240234375,298.8524564107259,-0.0025334442034363747,0.0015112936495711438,6.070426305135091,1.4844541549682617,0.3382740020751953
2019-07-08,94483.3310546875,299.6187973022461,-0.003541279584169388,0.0014577656984329224,6.125946680704753,1.4490376313527424,0.32175636291503906
2019-07-09,94479.04329427083,299.19684410095215,-0.003201688639819622,0.001327866315836701,5.749756495157878,1.486188252766927,0.31437428792317706
2019-07-10,94476.92887369792,298.99354616800946,-0.0032128114253282547,0.004844655155977762,5.7565460205078125,1.581155776977539,0.3236840565999349
2019-07-11,94681.71028645833,298.3998883565267,-0.00337840523570776,0.00458000837727468,5.366843978563945,0.720479687054952,0.3396415710449219
2019-07-12,94795.16243489583,299.51733843485516,-0.003307138569653034,0.00021820068349143185,4.509875218073527,0.684721032778422,0.3257153828938802
2019-07-13,94798.69661458333,299.82804616292316,-0.003236616961658001,0.0011481642723083496,4.319202105204265,0.46643559137980145,0.30454063415527344
2019-07-14,94669.11116536458,300.33472696940106,-0.003592786379158497,9.974241256216487e-05,4.433103124300639,0.14549040794372559,0.2866249084472656
2019-07-15,94570.24820963542,300.4107780456543,-0.003573806956410408,0.0009831637144088745,4.3498960336049395,-0.23513285319010416,0.27013397216796875
2019-07-16,94607.04850260417,300.8197135925293,-0.0035966243594884872,0.00029113590716178805,3.8526604572931924,-0.7204540967941284,0.2569662729899089
2019-07-17,94492.92366536458,301.3993097941081,-0.0035049989819526672,0.0003394542300725334,3.0553590854008994,-1.5152369340260823,0.24049822489420572
2019-07-18,94328.2353515625,301.1357599894206,-0.003493162803351879,0.0018443465232849121,2.1602840423583984,-1.391471266746521,0.23093032836914062
2019-07-19,94274.81022135417,298.87425231933594,-0.0021098116412758827,0.00816061496726661,2.022911707560221,-0.5239336093266805,0.272885004679362
2019-07-20,94285.435546875,298.79848607381183,-0.0025828275829553604,0.0023548334835936657,2.0019823710123696,0.6223243872324625,0.3188953399658203
2019-07-21,94316.138671875,299.7803160349528,-0.002934446558356285,0.00717715620993431,0.756943146387736,2.5326353708902993,0.31563758850097656
2019-07-22,94314.15608723958,299.4812723795573,-0.003025621175765991,0.005775192379946503,1.4595235188802083,2.2069390614827475,0.3467750549316406
2019-07-23,94366.95279947917,299.80499776204425,-0.003118066117167473,0.0008859217165877453,2.7217432657877603,1.826923092206319,0.32701683044433594
2019-07-24,94490.34521484375,299.73536618550617,-0.0034741349518299103,0.003309750877317441,4.555779774983724,0.9883829752604166,0.3140137990315755
2019-07-25,94552.41878255208,299.24522590637207,-0.003435400314629078,0.005596333742118986,5.225780487060547,-0.034049669901529946,0.3253091176350911
2019-07-26,94513.14013671875,296.80558013916016,-0.003222355619072914,0.014434188604354858,5.298206329345703,0.9674243927001953,0.3710562388102214
2019-07-27,94420.73470052083,296.3693389892578,-0.0028982646763324738,0.011036767525013147,6.625830968221028,0.6574708620707194,0.3831926981608073
2019-07-28,94403.55078125,295.8411280314128,-0.0028221309185028076,0.023126959800720215,5.908308664957683,0.44143835703531903,0.4179363250732422
2019-07-29,94422.38444010417,295.8484350840251,-0.002326173707842827,0.024470859765983732,5.395374298095703,1.7771958112716675,0.42496363321940106
2019-07-30,94552.62467447917,297.03197479248047,-0.002595936879515648,0.002138140797512733,6.283120473225911,1.6447924772898357,0.40083885192871094
2019-07-31,94604.93619791667,298.3425229390462,-0.0036836201325058937,0.001488049701606542,6.011903127034505,0.9737736384073893,0.37537701924641925
2019-08-01,94544.80387369792,297.118195215861,-0.0033417213708162308,0.012197980435701083,6.374003728230794,0.840918223063151,0.39102427164713544
2019-08-02,94441.8037109375,295.52722867329913,-0.0031407270580530167,0.040384644269938264,6.687156677246094,1.8202106555302937,0.4234453837076823
2019-08-03,94493.66569010417,295.7500769297282,-0.0035818982869386673,0.012987226247787476,7.006472269694011,2.145176728566488,0.4204546610514323
2019-08-04,94370.29720052083,296.7124080657959,-0.0029721353203058243,0.015881448984146118,6.327399571736653,1.814526637395223,0.4166189829508464
2019-08-05,94268.24690755208,296.7100893656413,-0.002376038581132889,0.0022693812847087713,6.601823170979817,1.0272205670674641,0.40444056193033856
2019-08-06,94190.52766927083,296.3928864796956,-0.002792075276374817,0.012945085763931274,6.352393468221028,0.4493929147720337,0.4152304331461589
2019-08-07,94066.56331380208,296.2966664632161,-0.0035396702587604523,0.014929451737657473,7.189483006795247,0.7669854164123535,0.419711430867513
2019-08-08,94012.30224609375,297.5241451263428,-0.002929072827100754,0.003923797607416901,6.3692474365234375,1.4026025931040447,0.40953954060872394
2019-08-09,94304.26920572917,297.8152650197347,-0.003226388245820999,0.002941036224342497,5.749128341674805,2.4632962544759116,0.39479827880859375
2019-08-10,94458.34114583333,298.7238190968831,-0.0034986697137355804,0.00015464664585351784,5.7146860758463545,0.8992544809977213,0.37712669372558594
2019-08-11,94493.95963541667,298.66443061828613,-0.0035345740616321564,0.0005488220600682325,5.213916142781575,-0.45358022054036456,0.3613287607828776
2019-08-12,94472.04703776042,298.7582149505615,-0.003560032695531845,0.0011978536844203802,4.353101094563802,-0.8125888903935751,0.3527971903483073
2019-08-13,94506.54573567708,298.27742767333984,-0.0029322709888219833,0.0024309486149718396,4.170518080393474,-0.12309328715006511,0.35187530517578125
2019-08-14,94620.25699869792,298.53653717041016,-0.0035106129944324493,0.0008166134357452393,4.205085714658101,0.21294848124186197,0.3474051157633464
2019-08-15,94688.640625,299.16669273376465,-0.0038911066949367523,0.0006719827651977539,4.0580488840738935,0.2745836178461711,0.3351122538248698
2019-08-16,94642.71142578125,299.60099093119305,-0.004271749407052994,0.00016551613807180843,4.151360193888347,-0.17182795206705728,0.31990623474121094
2019-08-17,94638.00553385417,299.500696182251,-0.003944750875234604,0.0009204745292663574,3.0874303181966147,-0.7333348592122396,0.3079217274983724
2019-08-18,94759.04736328125,298.3888473510742,-0.003269726410508156,0.005604416131973267,2.8226515452067056,-0.5440597534179688,0.33308156331380206
2019-08-19,94763.92317708333,299.0348370869954,-0.0036838743835687637,0.00861068069934845,2.467527389526367,-0.8936102787653605,0.3613452911376953
2019-08-20,94681.16585286458,299.2137915293376,-0.003909028135240078,0.002139563810445111,2.7623507181803384,-1.601091782251994,0.3555145263671875
2019-08-21,94619.50455729167,297.79151089986163,-0.0030902130529284477,0.01271909010715433,3.8042380015055337,-1.2202869653701782,0.3846416473388672
2019-08-22,94575.13395182292,298.0400282541911,-0.0037247184664011,0.0032444894313812256,3.6632989247639975,-1.0615196228027344,0.3874702453613281
2019-08-23,94627.41715494792,297.19183985392254,-0.002125117927789688,0.0025565101859683637,4.06930414835612,-0.38210491339365643,0.3793875376383464
2019-08-24,94605.45735677083,298.7538197835286,-0.004216767847537994,0.0003071174861766224,4.548081080118815,-0.49448633193969727,0.35976409912109375
2019-08-25,94539.33968098958,298.39885393778485,-0.003841664642095566,0.0007433482911096689,4.284112930297852,0.017405390739440918,0.3443031311035156
2019-08-26,94527.28645833333,298.2905152638753,-0.003592235967516899,0.0003515362738539807,4.378023783365886,0.5788733164469401,0.33402125040690106
2019-08-27,94530.30826822917,298.7173875172933,-0.0047540441155433655,4.095090957889624e-06,4.053740620613098,0.9016304016113281,0.3169027964274089
2019-08-28,94620.56591796875,298.8931420644124,-0.004389533773064613,2.562108250003803e-06,3.5480804443359375,0.8713093598683676,0.30121103922526044
2019-08-29,94573.68587239583,299.37048085530597,-0.003908701241016388,0.0013717433029114545,3.0583998362223306,-0.021395444869995117,0.2932586669921875
2019-08-30,94372.98388671875,298.6773598988851,-0.003719145432114601,0.009044240269190595,4.10166613260905,-0.17799341678619385,0.3330281575520833
2019-08-31,94310.67757161458,296.61735343933105,-0.0028602536767721176,0.013657133427045665,4.498522440592448,0.22706222534179688,0.3833465576171875
2019-09-01,94492.12060546875,296.0008093516032,-0.0021053794771432877,0.016505393385784828,4.322081883748372,0.8173910776774088,0.41472943623860675
2019-09-02,94557.14208984375,296.4366455078125,-0.002147415652871132,0.0044940590858004725,4.19886589050293,0.05118560791015625,0.4058551788330078
2019-09-03,94444.10139973958,296.4659144083659,-0.00300028920173645,0.015765488147735596,4.870805104573567,0.12269210815429688,0.41646766662597656
2019-09-04,94306.29996744792,296.22657521565753,-0.0029288697987794876,0.018251740932459626,5.031195322672526,0.7494238615036011,0.42514483133951825
2019-09-05,94270.19417317708,297.9317544301351,-0.0036369413137435913,0.002388203144050749,6.2177073160807295,0.9188042481740316,0.4059486389160156
2019-09-06,94292.99072265625,297.31686782836914,-0.003368847072124481,0.005487276290864429,6.346483866373698,0.6494444211324056,0.4012381235758464
2019-09-07,94402.73258463542,296.90031814575195,-0.002707280218601227,0.013555288314819336,5.9664732615153,1.0180162191390991,0.41747283935546875
2019-09-08,94513.82698567708,297.81117820739746,-0.0029108133167028427,0.0021106094121883245,5.684411366780599,0.9771982828776041,0.40206464131673175
2019-09-09,94489.12841796875,298.72341283162433,-0.004035319201648235,0.0015590190887451172,5.372003555297852,1.3028926849365234,0.38635889689127606
2019-09-10,94566.45524088542,298.5192222595215,-0.003571641631424427,0.0005712300538966986,4.805081049601237,1.399148941040039,0.3739115397135417
2019-09-11,94736.55940755208,298.4136842091878,-0.0030820295214653015,0.0002650320529937744,4.472983678181966,0.5910842816034952,0.3636156717936198
2019-09-12,94827.68798828125,297.90693283081055,-0.0032910387963056564,0.0010314464568068615,4.413654963175456,0.5139007568359375,0.3547515869140625
2019-09-13,94850.67138671875,297.90297508239746,-0.002793261781334877,0.0005971640348434448,4.186283111572266,0.9080607096354166,0.3514963785807292
2019-09-14,94826.72184244792,298.2623354593913,-0.003656321205198765,0.0022010684012343518,3.6991024017333984,0.24984562397003174,0.35033226013183594
2019-09-15,94788.53352864583,298.6502170562744,-0.0038635730743408203,0.0011076033115386963,3.4498697916666665,-0.5517711639404297,0.34388160705566406
2019-09-16,94635.30810546875,298.3067321777344,-0.0033958852291107178,0.007808178663253784,2.9033451080322266,-1.0348873138427734,0.3676897684733073
2019-09-17,94598.90934244792,297.9501870473226,-0.002901419997215271,0.012583765813417358,1.9753618637720745,-0.8264452616373698,0.3949775695800781
2019-09-18,94654.28743489583,296.8087501525879,-0.0019153449684381485,0.03017018139362193,-0.15641621748606363,0.0740589698155721,0.42543284098307294
2019-09-19,94729.35074869792,296.97233390808105,-0.002771412953734398,0.014160752296447754,-0.7108586629231771,1.4665704170862834,0.42061106363932294
2019-09-20,94769.86376953125,297.4414755503337,-0.0033012349158525467,0.002015414833920204,2.2736638387044272,0.5676916837692261,0.4098517100016276
2019-09-21,94769.40592447917,298.148583094279,-0.003163788467645645,0.0034317970275878906,-0.05618095397949219,0.9528253873189291,0.4035326639811198
2019-09-22,94847.47184244792,298.1628170013428,-0.0032367389649152756,0.016393840312957764,0.12960370381673178,0.8631716171900431,0.41137250264485675
2019-09-23,94859.24235026042,297.94086265563965,-0.0030562449246644974,0.031426284097562984,0.484927495320638,-0.2969324191411336,0.4244677225748698
2019-09-24,94782.40250651042,297.4653828938802,-0.0028939712792634964,0.020553016662592682,-0.6856892903645834,0.36632347106933594,0.4264291127522786
2019-09-25,94946.599609375,297.1702569325765,-0.0025896085426211357,0.00478545129288932,-2.2658494313557944,2.1723843018213906,0.420504887898763
2019-09-26,95219.23486328125,297.3367519378662,-0.0033233938738703728,0.007117688655910115,-0.8542633056640625,2.637271761894226,0.41393788655598956
2019-09-27,95356.03157552083,297.9883683522542,-0.00371622946113348,0.0006092220544360316,0.6687170664469401,2.0215001106262207,0.40704790751139325
2019-09-28,95242.46614583333,297.9434305826823,-0.00344874057918787,0.0018015916958411538,0.5541923840840658,1.6314977010091145,0.39528656005859375
2019-09-29,95271.12109375,297.7771689097087,-0.003306504338979721,0.0025501251220703125,0.09527333577473958,1.7025521596272786,0.3968798319498698
2019-09-30,95194.6884765625,297.63175773620605,-0.003324367105960846,0.011672154068946838,0.21862284342447916,1.3329423268636067,0.406613032023112
2019-10-01,95149.06266276042,298.38333956400555,-0.0036140885204076767,0.0011205617470864127,1.132028579711914,0.9561825195948283,0.4004173278808594
2019-10-02,95130.74072265625,298.6399745941162,-0.004044638946652412,0.0005553747741942061,1.0078150431315105,0.09842975934346516,0.38637860616048175
2019-10-03,95103.50553385417,298.29590225219727,-0.0034063979983329773,0.0025089263915560878,0.8008734385172526,0.350643793741862,0.3840936024983724
2019-10-04,95057.60188802083,297.6216042836507,-0.003511822782456875,0.00783798098564148,1.4190044403076172,-0.4169864257176717,0.3979803721110026
2019-10-05,95023.181640625,297.8209031422933,-0.003638363443315029,0.0023840867297622026,-0.35295740763346356,0.21165510018666586,0.3997027079264323
2019-10-06,95074.89274088542,297.3960316975911,-0.0030377162620425224,0.00954379439343711,0.4010295867919922,-0.025136311848958332,0.4074268341064453
2019-10-07,95071.86002604167,297.44041697184247,-0.0036604981869459152,0.01294022798538208,0.32905832926432294,-0.4282568295796712,0.41390228271484375
2019-10-08,95033.85807291667,297.5606810251872,-0.0030327429994940758,0.006147289276121626,-0.4077765146891276,-0.7979068756103516,0.4120858510335286
2019-10-09,95009.734375,297.3068269093831,-0.0030091330409049988,0.006319946211078786,-0.18514251708984375,-0.07822259267171223,0.41123072306315106
2019-10-10,95050.94710286458,297.0997568766276,-0.0032759327441453934,0.014254382252602227,-0.012477874755859375,0.4422902266184489,0.42015329996744794
2019-10-11,95046.638671875,296.99169603983563,-0.0025429874658584595,0.004154127836216048,-0.1414330800374349,0.2708825667699178,0.4159291585286458
2019-10-12,95120.02913411458,296.9817587534587,-0.0026410240679979324,0.009522928874559966,-0.37536875406901044,0.5646654764811198,0.4209098815917969
2019-10-13,95184.27685546875,297.14120356241864,-0.0028582746163010597,0.01100667953159018,-0.04981191953023275,-0.4103307326634725,0.41958045959472656
2019-10-14,95201.115234375,297.7131061553955,-0.0034716771915555,0.003442758321760664,-1.5821730295817058,-0.6398513714472452,0.41071828206380206
2019-10-15,95202.67073567708,297.58517901102704,-0.0035685990005731583,0.0015729890143703074,-1.7120431264241536,-0.020055095354715984,0.40156809488932294
2019-10-16,95207.39990234375,296.64172108968097,-0.0025577936321496964,0.00832719504832724,-1.468575159708659,0.11610706647237141,0.4059454600016276
2019-10-17,95209.11946614583,296.3935197194417,-0.002123836427927017,0.0037299498769698403,-2.0369962056477866,0.573005755742391,0.408230463663737
2019-10-18,95200.47151692708,296.7560221354167,-0.003151155076920986,0.0023043766402679466,-2.5879294077555337,0.9427613814671835,0.4025522867838542
2019-10-19,95235.51871744792,296.5012461344401,-0.0027640117332339287,0.0031158566474864813,-2.5167414347330728,0.3711700439453125,0.4002513885498047
2019-10-20,95194.69759114583,296.38372294108075,-0.002473548986017704,0.00854374766345245,-1.812008539835612,0.4196799596150716,0.4106884002685547
2019-10-21,95068.93570963542,296.2030715942383,-0.0019131246954202652,0.004287034273147583,-1.9206453959147136,0.062416672706604004,0.4150269826253255
2019-10-22,94902.97151692708,297.24327723185223,-0.0029707839712500572,0.0012369380700079091,-0.6948877970377604,-0.4428684314092,0.40317662556966144
2019-10-23,94748.06038411458,296.6392472585042,-0.0023287953808903694,0.003534366944620615,1.5352301994959514,-1.2057466109593709,0.4028765360514323
2019-10-24,94853.51643880208,296.7043005625407,-0.0020109321922063828,0.0014730095863342285,2.2537100315093994,-0.07616142431894939,0.3966528574625651
2019-10-25,94906.52962239583,296.81214141845703,-0.002385832369327545,0.003153693675926661,-0.019326527913411457,1.5207627614339192,0.39573097229003906
2019-10-26,95054.87483723958,297.28946685791016,-0.0035323025658726692,0.001460045576095581,-0.26835886637369794,2.3629417419433594,0.3896910349527995
2019-10-27,95170.45426432292,296.8678385416667,-0.0027942638844251633,0.004671052098274231,-1.1642542680104573,1.3808749516805012,0.3982613881429036
2019-10-28,95186.21337890625,297.398006439209,-0.0030981525778770447,0.0018472582100912405,-2.055678049723307,0.4744216203689575,0.38989702860514325
2019-10-29,95247.56901041667,296.73288281758624,-0.00280133169144392,0.0038281321525523992,-2.198561986287435,0.3916195233662923,0.39630762736002606
2019-10-30,95199.70263671875,296.40346908569336,-0.0027970215305685997,0.01025557826125123,-2.1964085896809897,0.6979441245396932,0.4059766133626302
2019-10-31,95153.27783203125,296.21727561950684,-0.002337266691029072,0.006923854351043701,-2.3556176026662192,1.1670525868733723,0.41442235310872394
2019-11-01,95137.98567708333,296.7580273946126,-0.0027413684874773026,0.0029846608637740246,-1.5441337029139202,1.3249707221984863,0.4086729685465495
2019-11-02,95252.63997395833,297.1397253672282,-0.0031433142721652985,0.0019322335720062256,-1.4463424682617188,0.28910354773203534,0.39826711018880206
2019-11-03,95342.36246744792,297.1469148000081,-0.002946769818663597,0.007454872131347656,-0.35010846455891925,-0.6232800483703613,0.4040050506591797
2019-11-04,95302.21402994792,298.011869430542,-0.003854876384139061,0.0008723914622237317,-0.033276875813802086,-1.3746874729792278,0.3939584096272786
2019-11-05,95110.82063802083,297.98836580912274,-0.0037716012448072433,7.652938364799411e-05,-0.3470910390218099,-1.3541669050852458,0.3801981608072917
2019-11-06,94954.55452473958,297.7680746714274,-0.00341770239174366,0.00014263391494750977,-0.32332928975423175,-0.7001449664433798,0.3684571584065755
2019-11-07,94937.79345703125,297.6637268066406,-0.003454894758760929,7.520616054534912e-05,-0.4281762440999349,-0.6356772184371948,0.35805193583170575
2019-11-08,95037.33512369792,297.72952524820965,-0.0032038912177085876,0.0002506107090880505,-0.04276402791341146,-1.0223966042200725,0.3497975667317708
2019-11-09,95079.05029296875,297.2691173553467,-0.003445252776145935,0.0002569884061358607,0.31810760498046875,-1.847476323445638,0.34248797098795575
2019-11-10,95119.81689453125,296.7031014760335,-0.003943032585084438,8.52346317969932e-07,-0.982062021891276,-1.9231843153635662,0.33185450236002606
2019-11-11,95156.80517578125,296.46777025858563,-0.0032534729689359665,1.5878677420033682e-05,-1.8352972666422527,-0.7785498301188151,0.32317670186360675
2019-11-12,95271.74186197917,296.2677192687988,-0.003468593582510948,7.140636398617062e-06,-1.9650510152180989,-0.7749679088592529,0.31510035196940106
2019-11-13,95360.61930338542,295.8942076365153,-0.003148878924548626,9.495019912719727e-05,-2.0410709381103516,0.0003009637196858724,0.3079853057861328
2019-11-14,95363.13981119792,296.1709855397542,-0.0026842672377824783,0.000801604986008897,-1.9897658030192058,0.26545703411102295,0.304568608601888
2019-11-15,95315.72444661458,295.401860555013,-0.0015987176448106766,0.003431558609008789,-1.033089319864909,0.23210970560709634,0.332278569539388
2019-11-16,95297.82373046875,296.6211764017741,-0.0031443247571587563,8.52346317969932e-07,-1.4927247762680054,-0.8415286938349406,0.3245684305826823
2019-11-17,95321.66829427083,297.1535193125407,-0.0035957153886556625,3.8623808791271586e-06,-1.2624458074569702,-1.8598601818084717,0.30920982360839844
2019-11-18,95302.23974609375,296.93626467386883,-0.003570031374692917,0.0,-1.8963927427927654,-1.3062318166097004,0.29649798075358075
2019-11-19,95268.79182942708,296.43259302775067,-0.0023747775703668594,0.0004954636096954346,-1.1835619608561199,0.29448266824086505,0.2917925516764323
2019-11-20,95267.23958333333,296.20359166463214,-0.002433598041534424,0.0005407035350799561,-2.1045926411946616,0.6184479792912801,0.2904764811197917
2019-11-21,95399.13850911458,295.9915364583333,-0.002587304450571537,1.622736448325668e-05,-2.110068996747335,0.8176647822062174,0.2849718729654948
2019-11-22,95474.12125651042,295.7729721069336,-0.0031737936660647392,4.767818779782829e-06,-1.419303258260091,0.4680430094401042,0.27690696716308594
2019-11-23,95401.87906901042,295.64087867736816,-0.0030561741441488266,1.2814998058274796e-06,-1.4959766070048015,-0.5096472501754761,0.2689647674560547
2019-11-24,95360.86051432292,295.7259044647217,-0.002830461598932743,8.594906262260338e-07,-1.7942185401916504,0.5369275410970052,0.2623850504557292
2019-11-25,95331.42431640625,295.0362440745036,-0.003019215539097786,8.409547831433883e-07,-2.5445677439371743,1.0042930841445923,0.2556285858154297
2019-11-26,95284.57421875,294.69162050882977,-0.002689603716135025,4.172325134277344e-07,-2.495330810546875,1.0435519615809123,0.24972152709960938
2019-11-27,95304.61848958333,295.26570892333984,-0.0027492623776197433,8.144796709075308e-06,-2.404802600542704,0.5749848683675131,0.24425697326660156
2019-11-28,95322.05550130208,295.7932484944661,-0.0024493252858519554,8.672468538861722e-07,-2.268433451652527,1.0587574243545532,0.23933855692545572
2019-11-29,95326.07486979167,296.01888211568195,-0.0022693434730172157,1.937448968192257e-05,-2.0912081400553384,0.3299444516499837,0.23530960083007812
2019-11-30,95297.15641276042,296.55312220255536,-0.0024715978652238846,1.0967254638671875e-05,-2.078205108642578,0.9088929494222006,0.23096466064453125
2019-12-01,95387.31770833333,295.20963287353516,-0.002413448877632618,0.00903699994080398,-2.1474717458089194,1.8272923231124878,0.26859792073567706
2019-12-02,95391.90087890625,294.47578112284344,-0.001205391250550747,0.002662765979721371,-1.8391520182291667,0.5846484899520874,0.3254082997639974
2019-12-03,95420.82584635417,294.3273862202962,-0.001002475619316101,0.0005524963139578176,-2.063422520955404,0.6473388671875,0.32613563537597656
2019-12-04,95526.72233072917,295.01662572224933,-0.0020832186564803123,9.335577493629899e-05,-2.3101730346679688,1.024892807006836,0.3062947591145833
2019-12-05,95580.96354166667,294.7596015930176,-0.0020498130470514297,5.169212818145752e-05,-1.8414980570475261,0.24667119979858398,0.29261016845703125
2019-12-06,95518.41227213542,293.9499931335449,-0.0020209206268191338,0.0004344433546066284,-2.093698581059774,0.8477737108866373,0.2848358154296875
2019-12-07,95470.04524739583,294.9726339975993,-0.0028259167447686195,7.131695747375488e-05,-1.903690258661906,0.9228814840316772,0.2743854522705078
2019-12-08,95494.42919921875,295.0471076965332,-0.0019333679229021072,0.00036218762397766113,-1.8618377844492595,0.8345189889272054,0.2677472432454427
2019-12-09,95447.44938151042,295.1788908640544,-0.0020195720717310905,0.0007216662167479626,-2.057225545247396,0.6093423763910929,0.2659168243408203
2019-12-10,95297.06201171875,294.9859313964844,-0.002301291562616825,4.1425228118896484e-05,-1.4696807861328125,0.9417444864908854,0.25989723205566406
2019-12-11,95221.3603515625,294.8688456217448,-0.0024567479267716408,1.035329927390194e-05,-1.194663365681966,0.8216961224873861,0.2518011728922526
2019-12-12,95228.31575520833,294.9284489949544,-0.0023335833102464676,1.8993020052704424e-05,-1.8833996454874675,2.1436803340911865,0.2443561553955078
2019-12-13,95364.96923828125,295.5343755086263,-0.0023596175014972687,8.583068620282575e-07,-1.951790690422058,1.7772153218587239,0.23745409647623697
2019-12-14,95495.25472005208,295.33584276835126,-0.002297178842127323,8.827447800285881e-06,-2.1048609813054404,1.5233866373697917,0.23097991943359375
2019-12-15,95414.51123046875,294.8052215576172,-0.0022849030792713165,3.844499474325858e-06,-1.7994292577107747,1.6583640178044636,0.2251873016357422
2019-12-16,95424.50227864583,294.497553507487,-0.00231314729899168,5.543232020954747e-06,-2.114044189453125,0.956040620803833,0.2197545369466146
2019-12-17,95525.42757161458,294.0067653656006,-0.001905730925500393,3.241202171011537e-05,-2.2285690307617188,-0.32779709498087567,0.21559270222981772
2019-12-18,95559.41650390625,294.21757888793945,-0.0018179258331656456,0.00021541095273036603,-2.053714911142985,-0.5059897104899088,0.21340497334798178
2019-12-19,95392.98079427083,294.860013961792,-0.001835050992667675,0.00010298192501068115,-1.902290940284729,0.007038712501525879,0.21077664693196616
2019-12-20,95316.02962239583,294.8887761433919,-0.002439673990011215,4.351138045421976e-07,-1.4960947036743164,-0.03932885328928629,0.20595741271972656
2019-12-21,95311.74739583333,294.96955426534015,-0.0022997744381427765,2.086162567138672e-07,-1.9775693813959758,0.34089624881744385,0.2006689707438151
2019-12-22,95346.00504557292,294.87469482421875,-0.0018139425665140152,0.00012526214112540401,-2.2965968449910483,1.0788034598032634,0.19740931193033853
2019-12-23,95351.52473958333,294.2347240447998,-0.0020875921472907066,0.0,-2.305408477783203,1.6025910377502441,0.19383557637532553
2019-12-24,95435.30387369792,294.45924695332843,-0.002158746123313904,0.0,-2.338481903076172,1.4779917001724243,0.18956438700358072
2019-12-25,95361.25162760417,295.4387461344401,-0.0019810032099485397,1.2805010669580952e-06,-1.916427453358968,1.9022657871246338,0.18567276000976562
2019-12-26,95283.23079427083,295.9827823638916,-0.0016177687793970108,3.62396240234375e-05,-1.3691701889038086,0.7023148139317831,0.18282190958658853
2019-12-27,95243.36018880208,295.55049387613934,-0.0016477443277835846,0.0008530795573165051,-1.8434501886367798,-0.775678555170695,0.18512344360351562
2019-12-28,95348.66324869792,294.01154073079425,-0.001854056492447853,1.536607732077755e-05,-2.3779098987579346,-1.1717448234558105,0.1838219960530599
2019-12-29,95375.08870442708,293.9653180440267,-0.0018095159903168678,3.498792636946746e-05,-2.1726485888163247,0.5373075008392334,0.18039321899414062
2019-12-30,95332.75472005208,294.39217376708984,-0.0014600269496440887,0.00036434641862115313,-2.16358474890391,2.0393524169921875,0.17957560221354166
2020-01-01,95442.21012369792,295.1510893503825,-0.001393311657011509,0.00035548210138358627,-2.2462834119796753,2.8303521474202475,0.18423589070638022
2020-01-02,95483.01302083333,295.444180170695,-0.0015452997758984566,0.0028183132408798883,-1.7176082928975422,2.1729698181152344,0.1933307647705078
2020-01-03,95324.4580078125,295.5808811187744,-0.001908893696963787,0.0015890061854406667,0.010523080825805664,0.4487183888753255,0.2177880605061849
2020-01-04,95230.72054036458,295.03638394673663,-0.0016612056642770767,0.0004778659031217103,-1.191030224164327,-0.714042862256368,0.2179845174153646
2020-01-05,95375.11686197917,294.5785134633382,-0.0018155444413423538,8.209880201093256e-05,-2.2816573778788247,-1.9167855580647786,0.21257527669270834
2020-01-06,95522.2001953125,294.8586343129476,-0.0013174936175346375,0.0007161378859450451,-2.412291169166565,0.6896190643310547,0.20741907755533853
2020-01-07,95374.07340494792,295.18932914733887,-0.001378178596496582,0.00020973384380340576,-1.735214074452718,2.177614212036133,0.2090142567952474
2020-01-08,95255.20947265625,295.5337912241618,-0.0014906181022524834,0.0003717094659805298,-0.8586247762044271,2.6644605000813804,0.2061634063720703
2020-01-09,95297.18147786458,295.36951700846356,-0.0012174928560853004,0.0002781540155396556,-0.4203440348307292,-0.30173174540201825,0.20379066467285156
2020-01-10,95423.41878255208,294.1076151529948,-0.001395413652062416,8.36402177810669e-05,-2.3646519978841147,-0.8148790995279948,0.20009485880533853
2020-01-11,95473.412109375,294.27303250630695,-0.0022968631237745285,4.172325134277344e-07,-1.940682093302409,-0.8482036590576172,0.19340197245279947
2020-01-12,95302.08837890625,293.9774055480957,-0.002420984208583832,0.0,-1.374988357226054,-1.044984221458435,0.18552335103352866
2020-01-13,95150.87939453125,295.0501181284587,-0.002380169928073883,8.70227722771233e-07,-0.8175264994303385,0.25554537773132324,0.17841720581054688
2020-01-14,95169.04020182292,295.2572021484375,-0.0023225732147693634,0.0,-1.8362337748209636,1.4431336720784504,0.17194366455078125
2020-01-15,95218.82421875,294.4197540283203,-0.002208394929766655,1.9252299239269632e-06,-2.243602752685547,2.2203301191329956,0.16642634073893228
2020-01-16,95185.49918619792,294.71526463826496,-0.002174900844693184,1.7143987065537658e-06,-1.8725640376408894,2.4083848794301352,0.16166305541992188
2020-01-17,95242.77718098958,295.4716199239095,-0.0016808584332466125,3.985177039567134e-05,-1.3192439476648967,1.4792675971984863,0.15817642211914062
2020-01-18,95256.85042317708,296.26899846394855,-0.0016696862876415253,8.143442187247274e-06,-2.0226601362228394,1.8008668422698975,0.1552600860595703
2020-01-19,95322.78271484375,296.2849235534668,-0.0015012752264738083,0.00022177696217795528,-1.5608444213867188,1.1893553336461384,0.15374310811360678
2020-01-20,95412.8896484375,296.38136037190753,-0.0015161950141191483,5.9553980822357744e-05,-2.000028212865194,0.8432534535725912,0.15227190653483072
2020-01-21,95514.93294270833,296.27315457661945,-0.0018564695492386818,8.52346317969932e-07,-2.6834944089253745,1.7472540140151978,0.14963595072428384
2020-01-22,95541.4384765625,295.71303431193036,-0.002025187946856022,6.002409008942777e-06,-2.317171335220337,1.4147628545761108,0.14676475524902344
2020-01-23,95453.65152994792,295.67187690734863,-0.001966332085430622,1.7225740975845838e-06,-1.9782110850016277,0.8561776479085287,0.1440575917561849
2020-01-24,95393.54833984375,296.4971574147542,-0.00206614937633276,0.0,-2.1968587239583335,-0.026109695434570312,0.1415576934814453
2020-01-25,95326.53515625,296.74997901916504,-0.0019425582140684128,0.0,-1.2929852803548176,0.24313092231750488,0.13921737670898438
2020-01-26,95195.13362630208,297.5672295888265,-0.002097602002322674,3.4348916528870177e-06,-0.5903269449869791,0.05300013224283854,0.13690948486328125
2020-01-27,95083.43473307292,297.94258944193524,-0.002078928053379059,8.52346317969932e-07,-1.2112598419189453,2.145181655883789,0.1348292032877604
2020-01-28,95123.15543619792,297.99736913045246,-0.0018025310710072517,4.1890144416356634e-05,1.317068099975586,2.488378326098124,0.13325945536295572
2020-01-29,95255.00862630208,297.90568415323895,-0.0019207121804356575,6.844727977295406e-06,1.2626298268636067,0.06804609298706055,0.1319891611735026
2020-01-30,95208.45198567708,297.2213300069173,-0.0017844848334789276,7.071196949937075e-05,-0.5516480604807535,-0.8729966878890991,0.13093694051106772
2020-01-31,95100.17805989583,297.1132125854492,-0.0016861595213413239,2.551078694068565e-06,-2.059147040049235,1.221528172492981,0.12987200419108072
2020-02-01,95219.20670572917,297.2510166168213,-0.0016974415630102158,6.844449217169313e-06,-2.1210975646972656,1.7932230631510417,0.12891642252604166
2020-02-02,95434.38525390625,296.57410113016766,-0.0014449870213866234,0.0003205868617328633,-2.339390436808268,2.097574234008789,0.12973658243815103
2020-02-03,95364.6884765625,297.17032051086426,-0.0015206029638648033,6.872415497127804e-06,-2.316318949063619,2.0833307902018228,0.12903658548990884
2020-02-04,95227.59781901042,297.5088176727295,-0.0017719902098178864,5.188584339066438e-06,-1.7151012420654297,2.4853204091389975,0.12810262044270834
2020-02-05,95219.73453776042,297.616496404012,-0.0015923315659165382,8.52346317969932e-07,-0.930304209391276,1.5183197259902954,0.12717056274414062
2020-02-06,95140.0341796875,298.3203926086426,-0.0017983298748731613,1.3033928780714632e-06,-0.44855940341949463,2.09327495098114,0.1262995402018229
2020-02-07,95223.21956380208,297.7835941314697,-0.0015474017709493637,1.449882984161377e-05,0.20333226521809897,2.1392873922983804,0.12565104166666666
2020-02-08,95346.85367838542,295.83849970499676,-0.0019151587039232254,0.002602162957089149,-1.3926041920979817,0.07424354553222656,0.1368865966796875
2020-02-09,95521.00472005208,292.53817049662274,-0.0014591850340366364,0.00655113160610199,-2.612296223640442,-0.8368021647135416,0.19184303283691406
2020-02-10,95487.37369791667,294.4079875946045,-0.001756591722369194,0.00183790922164917,-2.849392573038737,0.9620838165283203,0.21997388203938803
2020-02-11,95542.26546223958,295.15901374816895,-0.0016091465950012207,0.0005736678837706677,-2.7694568634033203,1.2810408274332683,0.21987469991048178
2020-02-12,95613.16878255208,295.89033635457355,-0.0015556011348962784,0.00018750408941059504,-2.1543057759602866,0.5365233023961385,0.21106084187825522
2020-02-13,95435.52473958333,296.6363004048665,-0.0025143809616565704,0.0,-1.4991029103597004,-1.0825082461039226,0.19844500223795572
2020-02-14,95230.20882161458,296.7450720469157,-0.0025367941707372665,2.5749205860847724e-06,-0.6579310099283854,-0.5387198130289713,0.18524042765299478
2020-02-15,95239.00065104167,297.60716438293457,-0.0025245770812034607,8.583068833445395e-07,-1.3841663201649983,-0.14036313692728677,0.17374610900878906
2020-02-16,95376.65950520833,297.73025067647296,-0.002427695319056511,1.2868240446550772e-06,-2.268889307975769,0.022839864095052082,0.16354815165201822
2020-02-17,95430.900390625,297.828898747762,-0.0022839251905679703,8.52346317969932e-07,-1.963115890820821,-0.4232718149820964,0.15523338317871094
2020-02-18,95362.36344401042,296.98912556966144,-0.002412067726254463,0.0,-2.0897369384765625,-0.8758691151936849,0.14816792805989584
2020-02-19,95289.73209635417,297.49728266398114,-0.0020830733701586723,1.7195939108205494e-06,-1.9649607340494792,1.4605209827423096,0.14261372884114584
2020-02-20,95329.52945963542,297.26648267110187,-0.0018420601263642311,0.0,-2.442511240641276,2.161864002545675,0.13854853312174478
2020-02-21,95543.9853515625,296.574748357137,-0.0019093453884124756,8.523463748133508e-07,-2.5665372212727866,2.159028927485148,0.13525072733561197
2020-02-22,95562.07877604167,297.0597286224365,-0.0019314456731081009,8.52346317969932e-07,-2.290560801823934,1.6606487035751343,0.1323877970377604
2020-02-23,95408.43245442708,297.4896100362142,-0.001871456392109394,8.523463748133508e-07,-1.9072628021240234,2.2163283824920654,0.1299419403076172
2020-02-24,95100.52685546875,298.8510576883952,-0.0018883366137742996,2.5717307039485604e-06,-0.8890755971272787,2.6396281719207764,0.1278858184814453
2020-02-25,95085.19661458333,298.5069891611735,-0.0014474736526608467,0.00010607242575133569,0.1229035456975301,0.24385114510854086,0.12688191731770834
2020-02-26,95201.76139322917,297.8185291290283,-0.0015459880232810974,4.4456124271619046e-05,-2.01957639058431,-0.8831847508748373,0.1261164347330729
2020-02-27,95224.63362630208,297.7908140818278,-0.0019674720242619514,0.0,-2.306359608968099,-0.8565402428309122,0.12473869323730469
2020-02-28,95106.46435546875,297.69376945495605,-0.0014835745096206665,1.8048286335670127e-05,-2.318222681681315,1.1802446842193604,0.12372843424479167
2020-02-29,95083.8798828125,298.0447705586751,-0.001438673585653305,1.2658290756917268e-05,-1.8494014739990234,1.5728720426559448,0.12298138936360677
2020-03-01,95097.73274739583,298.56703758239746,-0.0016029030084609985,0.0009556442498706019,-1.3656787872314453,0.6378409067789713,0.12398719787597656
2020-03-02,95146.2158203125,297.34925905863446,-0.002163066528737545,0.006404715776341163,-0.13526789347330728,1.1477024952570598,0.20265579223632812
2020-03-03,95044.36116536458,298.3994541168213,-0.0021226564422249794,5.654512960973079e-05,0.5202217102050781,1.2544647852579753,0.19433021545410156
2020-03-04,94969.84114583333,298.90819422403973,-0.002612197771668434,7.76052474975586e-05,1.3778194586435955,0.5954902569452921,0.18031819661458334
2020-03-05,94878.10367838542,298.9006926218669,-0.002323620021343231,4.172325134277344e-07,0.1072084108988444,1.1545448700586955,0.16752751668294272
2020-03-06,94960.90234375,299.11897977193195,-0.001919800415635109,4.3594837183746904e-05,0.6708278656005859,2.4810845851898193,0.1584008534749349
2020-03-07,95133.7392578125,299.08084297180176,-0.0016944138333201408,6.661415096687051e-05,-0.3475786844889323,1.7356667121251423,0.15159098307291666
2020-03-08,95126.69645182292,298.86648495992023,-0.0015808399766683578,0.0009242269447895524,-1.9413611094156902,1.2201199134190877,0.14961115519205728
2020-03-09,95018.3515625,299.0077775319417,-0.0016977004706859589,0.0005379945039294398,-1.7764600118001301,1.4158426920572917,0.1518726348876953
2020-03-10,94975.4189453125,300.08189646402997,-0.0018865950405597687,8.74251127243042e-05,-1.058677037556966,2.2324949900309243,0.1473700205485026
2020-03-11,95046.48828125,299.897673924764,-0.0016309600323438644,0.0002720594405900556,-0.2618033091227214,2.15919558207194,0.14374605814615884
2020-03-12,95169.58219401042,299.72225189208984,-0.0015470236539840698,0.00017434656621162503,-0.9932696024576823,1.804714838663737,0.1407953898111979
2020-03-13,95144.46516927083,300.27062288920087,-0.0018413029611110687,0.0,-1.5234343608220418,2.653860410054525,0.13683191935221353
2020-03-14,95080.64583333333,300.3047180175781,-0.0017126724123954773,1.7046928064701206e-06,-1.1055138905843098,1.4957058429718018,0.13295427958170572
2020-03-15,95133.42252604167,299.5942300160726,-0.0016630981117486954,6.258487701416016e-07,-2.4606075286865234,1.2539730072021484,0.12986310323079428
2020-03-16,95238.80712890625,300.2592233022054,-0.0017000986263155937,0.0,-2.536661148071289,1.4678978125254314,0.12747701009114584
2020-03-17,95287.76285807292,301.2348117828369,-0.0018884874880313873,8.583068833445395e-07,-2.654449462890625,1.9265193144480388,0.1253948211669922
2020-03-18,95228.28629557292,301.4590492248535,-0.0017428938299417496,1.2872865795543476e-06,-0.3180292844772339,0.5648841857910156,0.12366676330566406
2020-03-19,95138.21305338542,299.12734031677246,-0.0017266906797885895,0.00550750792024246,-0.26987870534261066,0.7588737408320109,0.15865008036295572
2020-03-20,95039.96044921875,300.3573926289876,-0.00225931778550148,0.00030389137583597403,-1.052276611328125,2.1741082668304443,0.1823291778564453
2020-03-21,95043.91357421875,300.2310841878255,-0.0025362661108374596,1.715522500944644e-06,0.4087454477945964,0.44421080748240155,0.1685657501220703
2020-03-22,95092.38216145833,299.97114753723145,-0.0019027600064873695,4.664063453674316e-06,-1.481870969136556,1.046184817949931,0.15748278299967447
2020-03-23,95063.43017578125,300.1919085184733,-0.0017619524151086807,2.0939111607276573e-05,-1.7466735045115154,1.404835820198059,0.14939435323079428
2020-03-24,94940.25374348958,300.55792172749835,-0.0017342474311590195,0.0,-1.784528096516927,1.0029778480529785,0.1427459716796875
2020-03-25,94978.90608723958,300.9050769805908,-0.0017378376796841621,6.167590618133545e-05,-2.003756841023763,1.5374460617701213,0.1376489003499349
2020-03-26,95069.77067057292,301.1800765991211,-0.0018472131341695786,0.0,-1.932059605916341,0.8776994943618774,0.13332303365071616
2020-03-27,95172.71175130208,301.9556948343913,-0.0019850116223096848,0.0,-1.8380718231201172,2.2031224568684897,0.12947463989257812
2020-03-28,95029.79524739583,302.4902629852295,-0.0018067117780447006,8.553266184208042e-07,-1.0590476989746094,0.6832470099131266,0.1264317830403646
2020-03-29,94976.27555338542,302.9150250752767,-0.0016701994463801384,4.294514553748741e-06,-1.5001932779947917,0.7224744955698649,0.12429428100585938
2020-03-30,95053.01936848958,302.4409815470378,-0.0016542719677090645,5.185604095458984e-06,-1.699297587076823,0.987268328666687,0.12266731262207031
2020-03-31,95097.18815104167,302.4878692626953,-0.0016541685909032822,0.00010581721022617785,-0.45913251241048175,0.4293007055918376,0.12182044982910156
2020-04-01,95011.6455078125,303.1170139312744,-0.0015300866216421127,1.6987323760986328e-06,-0.2313365936279297,0.010847727457682291,0.12113889058430989
2020-04-02,94912.84993489583,303.3783264160156,-0.0014923792332410812,2.148747341834678e-06,-0.5906976064046224,0.8328730265299479,0.12029393513997395
2020-04-03,95008.38395182292,302.6821479797363,-0.0013803299516439438,8.53861422456248e-07,-1.5216789245605469,1.3573652903238933,0.11969947814941406
2020-04-04,95107.98209635417,301.6130593617757,-0.0013250429183244705,1.6131764652982383e-05,-2.042537053426107,1.4199908177057903,0.11938285827636719
2020-04-05,95136.55029296875,302.5904909769694,-0.0015541929751634598,8.52346317969932e-07,-1.5930086771647136,1.5458104610443115,0.11904335021972656
2020-04-06,95098.177734375,301.83218574523926,-0.0013130921870470047,0.0004594475030899048,-0.015937169392903645,0.9513880411783854,0.12046877543131511
2020-04-07,94972.33349609375,302.49814796447754,-0.0014800392091274261,0.00022386312474509396,1.0011800130208333,1.1126372814178467,0.12221209208170573
2020-04-08,95016.90869140625,301.9476903279622,-0.001782434992492199,0.002349916100399696,0.37022972106933594,1.1197853088378906,0.13645044962565103
2020-04-09,95040.58951822917,301.2297585805257,-0.0018750885501503944,0.00013969838619232178,-0.8029797871907552,1.5104992787043254,0.1448974609375
2020-04-10,95149.9560546875,301.55116335550946,-0.0018707625567913055,1.3006434187445848e-06,-1.6145305633544922,1.1916735172271729,0.13855425516764322
2020-04-11,95216.55387369792,302.1790631612142,-0.0018718158826231956,0.0,-1.7711092631022136,1.5399983723958333,0.1331958770751953
2020-04-12,95103.71207682292,302.66382598876953,-0.0017903437837958336,8.700347871126723e-05,-0.9789466857910156,1.2858435312906902,0.12944793701171875
2020-04-13,94978.69954427083,303.270455678304,-0.0017115715891122818,2.1457671550706436e-06,-0.4960072835286458,1.4727306365966797,0.12659263610839844
2020-04-14,95048.4287109375,303.2939821879069,-0.0016419906169176102,4.309415817260742e-05,-1.4060103098551433,1.7019297281901042,0.12433497111002605
2020-04-15,95040.85888671875,303.88661257425946,-0.0017379745841026306,8.583068797918258e-07,-1.2417856852213542,2.01123309135437,0.12251091003417969
2020-04-16,94908.61002604167,304.0028190612793,-0.0015706224367022514,8.583068833445395e-07,-0.020502090454101562,1.9254712263743083,0.12106831868489583
2020-04-17,94892.8896484375,304.200537999471,-0.0013852603733539581,1.0677355078314577e-05,0.20317904154459634,1.6668593088785808,0.12015279134114583
2020-04-18,94957.25455729167,303.57635434468585,-0.0014450084418058395,0.0007208548595940556,-0.2148125966389974,1.0949293772379558,0.12375640869140625
2020-04-19,94970.40218098958,303.0721861521403,-0.0014344258233904839,0.00020578503608703613,-1.2788378397623699,0.8501002788543701,0.1251684824625651
2020-04-20,94924.33984375,303.2848364512126,-0.001695249229669571,0.0012995445395880267,-0.8122297922770182,0.6746536095937093,0.1310405731201172
2020-04-21,94899.83821614583,303.62365468343097,-0.0014955401420593262,8.49664201041378e-06,0.9452940622965494,1.1421074867248535,0.13394546508789062
2020-04-22,94810.15413411458,303.85852813720703,-0.0014839377254247665,0.0,-0.1688715616861979,2.5003968874613443,0.1296850840250651
2020-04-23,94752.72965494792,304.7412389119466,-0.0014989320188760757,0.0,-0.04384295145670573,1.7245835463205974,0.12653605143229166
2020-04-24,94721.92496744792,304.0951182047526,-0.0012730872258543968,0.00020223259925344905,-0.2635072072347005,2.491875330607096,0.12521934509277344
2020-04-25,94736.32421875,304.39309883117676,-0.0013446379452943802,1.569390287059491e-05,-0.045154571533203125,-0.0758209228515625,0.12411435445149739
2020-04-26,94821.63053385417,303.84068361918133,-0.0012171966955065727,2.987682819366455e-05,-0.4350503285725911,1.7294451395670574,0.12268384297688802
2020-04-27,94928.83365885417,303.75768343607587,-0.0012882156297564507,3.814697265625e-06,-2.015925725301107,1.1478297710418701,0.12140591939290364
2020-04-28,94914.62076822917,302.6695810953776,-0.0010975701734423637,0.00021092593669891357,-1.967542012532552,1.3387374480565388,0.12143643697102864
2020-04-29,94914.49137369792,303.02125295003253,-0.0011351127177476883,0.00015158057203734643,-0.14666748046875,1.5335131486256917,0.12150255839029948
2020-04-30,94918.10758463542,304.31858889261883,-0.001252792775630951,8.761882845931268e-07,-0.7175935109456381,1.2926661968231201,0.12053934733072917
2020-05-01,94832.00081380208,304.31705411275226,-0.0013662613928318024,0.00042110085486868343,0.9378166198730469,0.20489120483398438,0.121551513671875
2020-05-02,94708.01236979167,304.89765040079754,-0.0012871455401182175,8.583068797918258e-07,0.7525990804036459,1.0434958934783936,0.12180519104003906
2020-05-03,94720.78059895833,305.4670747121175,-0.0013293810188770294,8.153915302955284e-06,0.6461645762125651,0.45603108406066895,0.12058512369791667
2020-05-04,94796.93359375,305.8526973724365,-0.001249600201845169,1.2004375435026304e-05,0.8596038818359375,1.7430118719736736,0.11972999572753906
2020-05-05,94752.14827473958,305.2856814066569,-0.0011442415416240692,8.976283993433753e-06,-0.1913782755533854,1.5906589825948079,0.11918195088704427
2020-05-06,94748.72867838542,305.2648696899414,-0.001184564083814621,0.0,-0.7407671610514323,1.7260124683380127,0.11874961853027344
2020-05-07,94820.91715494792,304.3846206665039,-0.001104237511754036,0.00019276142120361328,-1.0054588317871094,1.7816263834635417,0.11904589335123698
2020-05-08,94817.04931640625,304.96153895060223,-0.0010638777166604996,2.1398067424627243e-06,0.04913139343261719,1.7024332682291667,0.11944643656412761
2020-05-09,94822.05240885417,305.25675773620605,-0.0011815950274467468,0.0001436173915863037,-0.47142664591471356,1.3015333811442058,0.11922136942545573
2020-05-10,94905.67561848958,302.42105293273926,-0.001302066259086132,0.0034672409296021556,0.04688843091328939,0.38897283871968585,0.14511426289876303
2020-05-11,94881.83170572917,303.53601264953613,-0.0017992854118347168,4.598498344421387e-05,-1.1641826629638672,-0.053249756495157875,0.1537017822265625
2020-05-12,94798.17203776042,303.79661814371747,-0.0016802633181214333,0.0001231014727522961,-1.3592408498128254,1.230015476544698,0.14470481872558594
2020-05-13,94724.17724609375,303.9610767364502,-0.0014797411859035492,1.7136335372924805e-06,-0.8373266855875651,1.2254339853922527,0.13777669270833334
2020-05-14,94690.4921875,304.3289038340251,-0.0014322847127914429,0.0001484900712966919,-1.0693130493164062,1.0556782881418865,0.1327813466389974
2020-05-15,94595.57307942708,304.2413215637207,-0.0016059242188930511,0.0013077735899855725,0.32395680745442706,-1.3109713395436604,0.1329498291015625
2020-05-16,94562.59065755208,303.56302134195965,-0.0013881660997867584,0.0006073564291000366,-0.08885713418324788,-0.21001112461090088,0.1391429901123047
2020-05-17,94397.79231770833,304.8309186299642,-0.0014320611953735352,2.918541430929622e-05,0.5110402504603068,-0.7773383855819702,0.13663419087727866
2020-05-18,94193.75602213542,305.59912236531574,-0.0014400854706764221,1.7434358596801758e-06,0.9034175872802734,-1.7488932609558105,0.13155619303385416
2020-05-19,94096.20149739583,305.4117952982585,-0.0015748580917716026,-1.4901161193847656e-08,2.474888483683268,-2.632850408554077,0.12775611877441406
2020-05-20,94185.10709635417,305.98480796813965,-0.0014922237023711205,1.7225741544280027e-06,3.0770753224690757,-1.8638911247253418,0.12493069966634114
2020-05-21,94373.36637369792,305.7951800028483,-0.0014665182679891586,0.0,2.176212946573893,-2.265516757965088,0.12282943725585938
2020-05-22,94481.79622395833,306.234894434611,-0.0013046246021986008,0.0,1.8421071370442708,-0.899428645769755,0.12127494812011719
2020-05-23,94511.20198567708,307.39391390482587,-0.0013418681919574738,0.0,-0.37394078572591144,-0.649871031443278,0.12013562520345052
2020-05-24,94597.08984375,307.0448118845622,-0.001025645062327385,8.622910812050577e-07,0.25538889567057294,1.076962987581889,0.11936505635579427
2020-05-25,94677.654296875,307.1025784810384,-0.0010263491421937943,2.16066837310791e-06,-0.0953534444173177,1.2852210998535156,0.11886533101399739
2020-05-26,94645.45475260417,307.2436186472575,-0.0009894799441099167,5.124173526382947e-06,0.3595155080159505,1.663636048634847,0.11854616800944011
2020-05-27,94519.14241536458,307.81565856933594,-0.0010818000882863998,8.821486972010462e-07,0.9919700622558594,1.2058320840199788,0.11831156412760417
2020-05-28,94456.02425130208,307.6682885487874,-0.0012727025896310806,8.600190142260544e-07,2.2454655965169272,-0.29656322797139484,0.11813290913899739
2020-05-29,94480.92220052083,307.383643468221,-0.0011258572340011597,0.0,1.4891103108723958,-0.667272170384725,0.11800702412923177
2020-05-30,94667.86409505208,305.80992698669434,-0.0009580478072166443,5.1695108311378135e-05,0.6440041859944662,-0.48584938049316406,0.11817169189453125
2020-05-31,94785.64518229167,304.0169798533122,-0.0013448279350996017,0.005555832386011872,-0.05913098653157552,1.976543386777242,0.1504389444986979
2020-06-01,94841.22265625,300.78615379333496,-0.0026853950694203377,0.010167181491851807,0.34224383036295575,0.9283051093419393,0.25760841369628906
2020-06-02,94707.96142578125,300.7352542877197,-0.0024097291752696037,0.0056206628140671455,0.6915486653645834,1.2723769346872966,0.28443654378255206
2020-06-03,94581.55240885417,301.2782974243164,-0.0027656815946102142,0.0006706595420382655,2.0350341796875,3.6117002964019775,0.279507319132487
2020-06-04,94588.23291015625,301.5025208791097,-0.0025589540600776672,5.3310394282135576e-05,4.615140279134114,1.829720179239909,0.2445685068766276
2020-06-05,94621.06087239583,302.21059544881183,-0.002559397369623184,1.2814998626708984e-05,3.7601070404052734,0.2791929244995117,0.2171179453531901
2020-06-06,94563.24137369792,302.8738765716553,-0.002548661082983017,5.364945474184424e-05,4.046630859375,-0.18422202269236246,0.19485791524251303
2020-06-07,94510.43082682292,302.5785649617513,-0.002204081043601036,0.00041368603706359863,4.2433251937230425,-0.5959109465281168,0.179351806640625
2020-06-08,94503.392578125,303.31653594970703,-0.0020988211035728455,2.6613473892211914e-05,4.358135223388672,-0.7942636410395304,0.16669146219889322
2020-06-09,94429.857421875,303.3776601155599,-0.0020245546475052834,0.0007723748682906262,3.1243534088134766,-1.1354301770528157,0.15602238972981772
2020-06-10,94320.04671223958,300.75974973042804,-0.002341950312256813,0.019996660947697364,3.1718762715657554,-1.2570475737253826,0.20813433329264322
2020-06-11,94139.27001953125,297.3966801961263,-0.0027414970099925995,0.013557791709899902,4.777687708536784,-0.6519217491149902,0.3678131103515625
2020-06-12,94125.80094401042,297.3489405314128,-0.002749163657426834,0.011556886291600676,4.646158218383789,0.6528422037760416,0.36754608154296875
2020-06-13,94190.64192708333,299.80016644795734,-0.002818707376718521,0.0016885995864868164,4.498254140218099,1.241444706916809,0.3247477213541667
2020-06-14,94318.91813151042,300.3670304616292,-0.0029953960329294205,0.0009785473346255458,4.701030095418294,1.0489762624104817,0.3015708923339844
2020-06-15,94279.77620442708,300.46984736124676,-0.002570667304098606,0.0007407487477735231,4.925841013590495,0.8810262680053711,0.2847404479980469
2020-06-16,94255.75732421875,298.6466636657715,-0.0022691693156957626,0.0038501783388369404,4.840253194173177,1.785763422648112,0.28558349609375
2020-06-17,94347.40771484375,298.2603619893392,-0.0021982500329613686,0.002976877509354381,5.0369612375895185,1.9766966501871746,0.29913330078125
2020-06-18,94522.71044921875,298.20997428894043,-0.0024990523234009743,0.00904386517572675,5.180216471354167,1.2644240061442058,0.32412465413411456
2020-06-19,94555.939453125,299.2469482421875,-0.0022722259163856506,0.002784697353718002,4.624162673950195,-0.0014252662658691406,0.35413487752278644
2020-06-20,94536.18343098958,300.96497853597003,-0.003642784431576729,0.0005495251591582928,4.547563552856445,-1.040872057278951,0.3116493225097656
2020-06-21,94434.4130859375,299.60207748413086,-0.0023470446467399597,0.0010034578447744025,4.649096806844075,-0.6946512858072916,0.2937704722086589
2020-06-22,94349.85709635417,298.8820686340332,-0.00196710042655468,0.0009801685810089111,4.506670633951823,-0.02765210469563802,0.29097429911295575
2020-06-23,94523.8955078125,300.51893552144367,-0.0036706533282995224,0.000976264476776123,3.4618682861328125,0.09339269002278645,0.2747039794921875
2020-06-24,94552.49169921875,300.6389643351237,-0.0032284893095493317,0.001153022050857544,1.2740650177001953,0.673781951268514,0.2656720479329427
2020-06-25,94448.43424479167,301.25252532958984,-0.0036763418465852737,0.0010793471295187373,-0.44710540771484375,1.5703357458114624,0.2570851643880208
2020-06-26,94445.10091145833,301.3831418355306,-0.0033893827348947525,0.0012092381715760325,-0.10240554809570312,1.4790306091308594,0.24761263529459634
2020-06-27,94474.21516927083,300.7399508158366,-0.003155076876282692,0.012356698513031006,1.015207290649414,0.7317129770914713,0.28591346740722656
2020-06-28,94449.97330729167,299.4378884633382,-0.002608407288789749,0.016564598429113175,1.8280989329020183,-0.32647132873535156,0.3747933705647786
2020-06-29,94381.16031901042,299.28563181559247,-0.0029802536591887474,0.016673719434606937,0.2776476542154948,0.2722606261571248,0.3843485514322917
2020-06-30,94372.22916666667,299.6584866841634,-0.003783904016017914,0.010172516107559204,0.8238792419433594,1.0909968614578247,0.3929729461669922
2020-07-01,94394.81429036458,299.5947373708089,-0.00412808358669281,0.0030776267369283516,3.418860117594401,0.8207607269287109,0.3769035339355469
2020-07-02,94306.541015625,299.25599034627277,-0.0036222171038389206,0.002878599374582791,3.991382598876953,0.11046703656514485,0.37205950419108075
2020-07-03,94242.56103515625,298.86763827006024,-0.003976501524448395,0.011317396163917692,4.647265195846558,0.36632299423217773,0.37741724650065106
2020-07-04,94192.70377604167,296.7812970479329,-0.0025891922414302826,0.011911797523396217,4.374170541763306,1.2356083790461223,0.4084313710530599
2020-07-05,94201.7333984375,297.14351081848145,-0.003155004233121872,0.014546102511587833,4.986084620157878,1.1400648752848308,0.4126078287760417
2020-07-06,94286.5849609375,297.74933942159015,-0.0023075230419635773,0.0029769062995796958,4.1109384298324585,1.744140625,0.3978137969970703
2020-07-07,94452.79557291667,299.2839546203613,-0.00334858987480402,0.0006914734840393066,3.933525244394938,2.448996623357137,0.36928876241048175
2020-07-08,94562.67757161458,299.37793668111163,-0.003701934590935707,0.008790373802185059,3.4240334828694663,1.0050967534383137,0.36783091227213544
2020-07-09,94479.61002604167,297.0080649058024,-0.002331945113837719,0.017899274736919324,3.817312240600586,0.7904131412506104,0.41534868876139325
2020-07-10,94559.17154947917,297.56310907999676,-0.00238780677318573,0.0024915963413150166,3.6612161000569663,0.5719936291376749,0.3933614095052083
2020-07-11,94498.16927083333,299.32545216878253,-0.0035758642479777336,9.057223786612667e-05,3.7366180419921875,0.30318113168080646,0.3652807871500651
2020-07-12,94459.89599609375,299.4700520833333,-0.0033233314752578735,0.0008833438157580531,3.3395970662434897,-0.08360727628072102,0.3473370869954427
2020-07-13,94385.77067057292,298.67078081766766,-0.0029979702085256577,0.0072977155446665165,2.3562005360921225,-0.010642369588216146,0.3657493591308594
2020-07-14,94325.36653645833,298.08317883809406,-0.002661873586475849,0.012121927738199645,2.514837900797526,0.08840421835581462,0.3895804087320964
2020-07-15,94220.88590494792,296.7124315897624,-0.002070007845759392,0.019958696129265263,3.1279029846191406,0.6334554354349772,0.41772206624348956
2020-07-16,94167.01399739583,296.3823356628418,-0.0016831280663609505,0.01462624371051291,3.661388397216797,1.8850502967834473,0.41288121541341144
2020-07-17,94308.78662109375,297.3730239868164,-0.0026091458275914192,0.0031159102915694348,3.298480987548828,2.177689870198568,0.3956146240234375
2020-07-18,94513.79296875,298.6937135060628,-0.0035108448937535286,0.004834815859794617,3.0848388671875,1.0581992467244465,0.3903026580810547
2020-07-19,94546.34163411458,298.7774829864502,-0.003068840131163597,0.009386837482452393,2.185358683268229,0.3293170928955078,0.39423179626464844
2020-07-20,94472.08902994792,298.5156714121501,-0.0027838628739118576,0.010258542054714326,1.4231842358907063,1.1853737831115723,0.4042962392171224
2020-07-21,94592.77115885417,299.31260045369464,-0.0037994766607880592,0.0021855324506709906,0.3280194600423177,1.5912342468897502,0.3905022939046224
2020-07-22,94609.80224609375,299.7345142364502,-0.0036083441227674484,0.00450858473777771,1.2053515116373699,1.2418088912963867,0.3789100646972656
2020-07-23,94618.69384765625,297.6231009165446,-0.001784919761121273,0.010203123092651367,0.9775676727294922,0.892935037612915,0.41083208719889325
2020-07-24,94651.73909505208,297.83605194091797,-0.0027292585000395775,0.004981333017344269,1.1100476582845051,1.6337623596191406,0.3973642985026042
2020-07-25,94770.79231770833,297.52110799153644,-0.002556007355451584,0.005481749773025513,1.856620152791341,1.2822640736897786,0.40499623616536456
2020-07-26,94804.79964192708,299.38516362508136,-0.004461218602955341,5.1915645599365234e-05,2.7945175170898438,1.2657631238301594,0.37445704142252606
2020-07-27,94662.13802083333,299.19282150268555,-0.00456259585916996,0.0034030020236919256,3.448523203531901,-0.8097137610117594,0.36843299865722656
2020-07-28,94509.66650390625,298.8272132873535,-0.003248414024710655,0.00690185275635713,2.041187286376953,-1.3676352500915527,0.3830407460530599
2020-07-29,94428.20963541667,297.8523807525635,-0.0027993638068437576,0.01070537123109716,0.7417370478312174,0.0451211134592692,0.40909385681152344
2020-07-30,94451.0390625,299.22913551330566,-0.0040137991309165955,0.0054827630518730075,0.5680395364761353,1.3487329085667927,0.3941224416097005
2020-07-31,94433.06461588542,298.9687277475993,-0.0033446811139583588,0.0064622437692491985,0.5869922637939453,1.4200968345006306,0.40388743082682294
2020-08-01,94422.64518229167,299.19218762715656,-0.0039332229644060135,0.005809134244884717,2.028193791707357,1.0529642899831135,0.4004942576090495
2020-08-02,94325.77555338542,298.85621070861816,-0.004476739093661308,0.003994762897491455,4.114797870318095,0.8856229782104492,0.3947976430257161
2020-08-03,94144.97184244792,297.4521090189616,-0.003593461588025093,0.008195057511329651,5.686415354410808,0.9243380228678385,0.40256500244140625
2020-08-04,93905.58544921875,296.8191204071045,-0.002903306856751442,0.0036097564078545474,6.457264582316081,1.1906566619873047,0.40042877197265625
2020-08-05,93724.89615885417,297.30595779418945,-0.002286940813064575,0.001947253942489624,5.865553538004558,2.5291401545206704,0.3903605143229167
2020-08-06,94047.27718098958,298.9549382527669,-0.003579196520149708,0.001617990459919838,4.906944910685222,2.428666909535726,0.3784325917561849
2020-08-07,94433.46793619792,299.11281331380206,-0.003545197658240795,0.0020934641361236572,4.986941019694011,1.3498791456222534,0.37259991963704425
2020-08-08,94446.09228515625,299.104195912679,-0.0037448303773999214,0.0012664794921875,5.109570821126302,-0.281965692838033,0.3637224833170573
2020-08-09,94363.81380208333,297.61155637105304,-0.003209439106285572,0.017502356200395752,4.431498209635417,-0.4521942138671875,0.39430681864420575
2020-08-10,94401.31298828125,296.5785020192464,-0.0020546158775687218,0.005799735533173589,4.909098943074544,0.7928800185521444,0.41178258260091144
2020-08-11,94526.34293619792,298.19642575581867,-0.0035469457507133484,0.0011139750480602117,5.495023727416992,0.11243573824564616,0.3944377899169922
2020-08-12,94586.85693359375,297.3430118560791,-0.0032864194363355637,0.007695186138050758,5.72488276163737,0.08536672592163086,0.3982219696044922
2020-08-13,94396.22200520833,295.5199515024821,-0.0026069236919283867,0.02578166395386461,5.803850173950195,0.43313078085581463,0.42420705159505206
2020-08-14,94300.25309244792,295.6471519470215,-0.0029118256643414497,0.018927684426159885,5.754454533259074,1.3004964192708333,0.4255053202311198
2020-08-15,94343.81673177083,295.5187822977702,-0.0027302801609039307,0.02566540241241455,6.015738328297933,1.3923354148864746,0.42896397908528644
2020-08-16,94336.23958333333,295.5269527435303,-0.002105145715177059,0.021108880639076233,5.775747934977214,0.9216310580571493,0.4279918670654297
2020-08-17,94351.92073567708,296.37915420532227,-0.0026912372559309006,0.010646149516105652,5.014792124430339,0.7383707364400228,0.424441655476888
2020-08-18,94436.59358723958,297.7026831309001,-0.0035580405965447426,0.004542791843409333,5.568994522094727,0.03844360510508219,0.41014734903971356
2020-08-19,94349.41617838542,296.4257221221924,-0.0027095312252640724,0.02495122244467396,4.881925582885742,0.19885051250457764,0.4276440938313802
2020-08-20,94314.47672526042,295.77841059366864,-0.0020153215155005455,0.0431369771606569,5.018368403116862,0.722706119219462,0.428805669148763
2020-08-21,94556.6611328125,296.6284014383952,-0.0026285341009497643,0.004602385075656912,4.808799743652344,1.7462433973948162,0.4215838114420573
2020-08-22,94633.64892578125,298.4495493570964,-0.0033534783869981766,0.0004832122817468587,3.9682286580403647,1.8905956745147705,0.40609486897786456
2020-08-23,94650.37060546875,298.3923447926839,-0.0033769626170396805,0.0008661596347430134,3.816392262776693,1.235504150390625,0.394656499226888
2020-08-24,94730.7216796875,298.64387067159015,-0.004055011086165905,0.0006010234355926514,3.803796132405599,0.7214924097061157,0.3832855224609375
2020-08-25,94841.33349609375,299.00757217407227,-0.004403016529977322,0.00010597705841064453,3.5011940002441406,-0.07951136430104573,0.36991437276204425
2020-08-26,94786.27164713542,298.6839090983073,-0.0032731201499700546,0.0013317495583464733,2.997119903564453,-0.48073593775431317,0.3627370198567708
2020-08-27,94638.04833984375,297.27282015482587,-0.00281602144241333,0.0016016513109207153,3.853433092435201,-0.22852651278177896,0.36863962809244794
2020-08-28,94567.08723958333,298.1924279530843,-0.0035059545189142227,0.00025356113900443233,4.146738847096761,0.45675981044769287,0.35890769958496094
2020-08-29,94598.14095052083,298.2997334798177,-0.003868643194437027,0.00048022866248587093,4.067434310913086,0.9853055477142334,0.3482780456542969
2020-08-30,94695.01481119792,298.8830210367839,-0.004379011690616608,6.0606002705299034e-05,3.348918914794922,0.8116359710693359,0.33727455139160156
2020-08-31,94781.73258463542,299.0824025472005,-0.004619925282895565,5.682110776206173e-05,2.9848340352376304,-0.2820627689361572,0.32499122619628906
2020-09-01,94772.26529947917,299.27480189005536,-0.004100922495126724,0.0006769299507141113,1.5578333536783855,-1.872151494026184,0.317660649617513
2020-09-02,94750.48958333333,298.61216735839844,-0.003119685687124729,0.0042726993560791016,-0.5752843221028646,-1.327109456062317,0.33402570088704425
2020-09-03,94763.25944010417,298.69099680582684,-0.003900565207004547,0.001201719045639038,-1.4972349802652996,0.8924241463343302,0.3417733510335286
2020-09-04,94738.25439453125,299.2467632293701,-0.0038441065698862076,8.875899123950148e-05,-1.784711201985677,1.4766676823298137,0.3258546193440755
2020-09-05,94666.41634114583,299.7589505513509,-0.004088014364242554,0.00044333881396596553,-1.4056326548258464,1.0671183268229167,0.3130683898925781
2020-09-06,94621.78125,299.92065175374347,-0.004530150443315506,0.0003624899874807852,-1.3310317993164062,1.532640020052592,0.3012237548828125
2020-09-07,94672.93343098958,299.7110989888509,-0.004293575882911682,0.0030029058456406688,-0.07980092366536458,0.3954787254333496,0.30090586344401044
2020-09-08,94685.25911458333,299.64439074198407,-0.004270961508154869,0.0013021707533766858,0.1662273406982422,0.47727203369140625,0.31041844685872394
2020-09-09,94574.31477864583,299.48867416381836,-0.003940429538488388,0.002360653877076402,0.043567657470703125,0.539077083269755,0.30766932169596356
2020-09-10,94410.31575520833,298.63414637247723,-0.003558523952960968,0.004179090261345664,1.2690836588541667,0.8921778202056885,0.326016108194987
2020-09-11,94480.42578125,299.25445620218915,-0.004140184260904789,0.0017068684101104736,2.233102798461914,0.9954175154368082,0.3301410675048828
2020-09-12,94631.16666666667,298.63773918151855,-0.0036870520561933517,0.0038571208715438843,3.1640650431315103,0.8061962922414144,0.3232078552246094
2020-09-13,94589.146484375,296.0719750722249,-0.002620084211230278,0.023910731077194214,4.099953333536784,-0.9910266399383545,0.4024187723795573
2020-09-14,94473.90315755208,296.5163853963216,-0.0028426237404346466,0.023354518413441383,3.3965021769205728,-1.909371058146159,0.41956138610839844
2020-09-15,94473.92610677083,296.9550476074219,-0.0025573493912816048,0.030970531701939308,1.776065190633138,-1.4841499328613281,0.4236132303873698
2020-09-16,94532.67154947917,297.0798594156901,-0.0024291668087244034,0.017668992280960083,1.5121905008951824,-0.8620783487955729,0.42332903544108075
2020-09-17,94556.42740885417,297.2867972056071,-0.002264946699142456,0.009993064403431617,2.313378651936849,-0.5371138254801432,0.4209918975830078
2020-09-18,94426.82649739583,297.81844266255695,-0.0032346732914447784,0.007933936920551332,2.629358927408854,-1.2871901194254558,0.41948509216308594
2020-09-19,94215.05338541667,297.67187817891437,-0.002550961449742317,0.006965655088436051,2.4250399271647134,-1.307854453722636,0.4180126190185547
2020-09-20,94120.63102213542,297.83231290181476,-0.0033231228590011597,0.007930357316467962,2.5313707987467446,-0.2708822886149089,0.41857147216796875
2020-09-21,94125.12076822917,296.79466501871747,-0.002163354307413101,0.00286475419989074,4.316934585571289,1.8351080814997356,0.41686121622721356
2020-09-22,94217.25520833333,297.5823631286621,-0.002582678571343422,0.0007695794105480047,4.685720443725586,2.4382261435190835,0.4022693634033203
2020-09-23,94506.82568359375,298.38767369588214,-0.0036189164966344833,0.00022664666175842285,4.679656982421875,2.04975159962972,0.388888676961263
2020-09-24,94755.25830078125,298.29004287719727,-0.0031590424478054047,0.00018380582332611084,3.6112645467122397,1.3404682477315266,0.3780721028645833
2020-09-25,94674.81884765625,298.24253845214844,-0.0033207228407263756,0.007784473895924293,2.983300526936849,-0.46654701232910156,0.39043553670247394
2020-09-26,94685.88053385417,296.47901153564453,-0.0021561849862337112,0.00420418381690979,3.4274139404296875,-0.719187060991923,0.4079062143961589
2020-09-27,94781.08447265625,296.51065762837726,-0.0027108900249004364,0.0005549222229888073,2.912785212198893,-1.5426295200983684,0.39235877990722656
2020-09-28,94753.72835286458,298.25873311360675,-0.003988154232501984,0.0007505416870117188,1.4468930562337239,-1.7444082498550415,0.3802305857340495
2020-09-29,94657.08951822917,298.1768487294515,-0.003619372844696045,0.005226611500631861,1.8267332712809246,-2.1746088663736978,0.3907737731933594
2020-09-30,94586.52994791667,297.7869389851888,-0.0033632274717092514,0.01176664531226379,2.012088139851888,-2.059141159057617,0.4025440216064453
2020-10-01,94615.5673828125,297.85380999247235,-0.0034274132922291756,0.0012074261903762817,2.805826187133789,-2.0460492372512817,0.4032948811848958
2020-10-02,94606.68326822917,299.1471398671468,-0.004592461511492729,0.00012940168380737305,2.1943365732828775,-2.1625030438105264,0.3838113149007161
2020-10-03,94654.15218098958,299.48851839701337,-0.0052244216203689575,1.2934207802572928e-06,2.2505067189534507,-1.9583695729573567,0.3662452697753906
2020-10-04,94711.19905598958,299.11839230855304,-0.004461068660020828,0.0,3.0772425333658853,-1.6322754224141438,0.3526452382405599
2020-10-05,94686.47216796875,298.7738800048828,-0.004613984376192093,6.556510925292969e-07,2.6182003021240234,-2.197460174560547,0.34020423889160156
2020-10-06,94708.32600911458,298.52101453145343,-0.004578134976327419,4.8193335430823936e-05,1.4958877563476562,-2.3769285678863525,0.3283704121907552
2020-10-07,94799.00992838542,297.26683298746747,-0.002906215377151966,0.0015493184328079224,1.4583479563395183,-2.3160763581593833,0.32933807373046875
2020-10-08,94781.02555338542,297.3034439086914,-0.002689061686396599,0.005304003082130748,-0.15597089131673178,-0.7270480394363403,0.34325599670410156
2020-10-09,94809.7958984375,297.90833473205566,-0.0028022881597280502,0.0051010310649530766,-0.77423095703125,0.13713773091634116,0.37986183166503906
2020-10-10,94679.55582682292,297.672212600708,-0.00260835699737072,0.008123457431793213,0.5235678354899088,-0.7387228409449259,0.3799928029378255
2020-10-11,94473.27132161458,296.20022837320965,-0.0014021042734384537,0.01762431263923503,0.5510234832763672,-1.2167756954828899,0.4163309733072917
2020-10-12,94302.32763671875,296.5499617258708,-0.0018319077789783478,0.033720527248078724,-0.050411224365234375,-0.8600049018859863,0.4269447326660156
2020-10-13,93918.9443359375,296.0364227294922,-0.0016999989748001099,0.11199556657874155,-0.27541446685791016,-3.0526870489120483,0.42945289611816406
2020-10-14,94169.07014973958,296.09172439575195,-0.0016796616837382317,0.004721358418464661,-3.0876617431640625,2.4979871114095054,0.4210516611735026
2020-10-15,94434.20263671875,297.0229797363281,-0.002160659059882164,0.0011146962642669678,0.41407565275828045,2.4272776444753013,0.4093920389811198
2020-10-16,94532.56705729167,297.72671445210773,-0.003185207024216652,0.0003092623318252663,1.7951276302337646,1.1360031366348267,0.3965829213460286
2020-10-17,94671.88118489583,297.6294701894124,-0.003248048946261406,0.011796133655877838,0.9383366902669271,0.040258169174194336,0.40717315673828125
2020-10-18,94723.73795572917,297.5989278157552,-0.0028931861743330956,0.004091283678974378,0.2988821665445964,-0.1072608232498169,0.41627756754557294
2020-10-19,94670.68343098958,298.22189076741535,-0.0035259295254945755,0.0036742446404218754,0.6083017985026041,-1.4744610786437988,0.4073416392008464
2020-10-20,94666.7353515625,297.4182885487874,-0.0021315505728125572,0.018330633640289307,-0.33822886149088544,-1.019408384958903,0.4206199645996094
2020-10-21,94691.59049479167,297.2942148844401,-0.002335529774427414,0.011546942591564857,0.7371209462483724,-1.5803601344426472,0.4186216990152995
2020-10-22,94630.89860026042,298.0732027689616,-0.00446259044110775,4.261732087229575e-07,0.3682238260904948,-1.3475072781244914,0.400424321492513
2020-10-23,94702.17203776042,298.16916211446124,-0.004517130553722382,8.70227722771233e-07,-0.04432149728139242,-0.8210810820261637,0.3843364715576172
2020-10-24,94895.31136067708,298.42749404907227,-0.004450533539056778,0.0,-0.7038949330647787,-0.4477316935857137,0.371218999226888
2020-10-25,95038.82796223958,298.3208872477214,-0.004209337756037712,1.2856008879680303e-06,-0.935034990310669,-0.5418699582417806,0.3599904378255208
2020-10-26,95100.71451822917,297.39616775512695,-0.004309197887778282,4.3257352899672696e-07,-1.0725288391113281,-1.763938268025716,0.34984715779622394
2020-10-27,95075.56754557292,296.6002998352051,-0.004387207329273224,-3.1539570954919327e-09,-1.3407885233561199,-1.7899115482966106,0.3396612803141276
2020-10-28,95132.17415364583,296.5040334065755,-0.004426647908985615,0.0,-1.282950719197591,-1.3895734151204426,0.33019256591796875
2020-10-29,95149.68196614583,297.06281089782715,-0.0041327569633722305,8.583068797918258e-07,-0.8546091715494791,-0.9755848248799642,0.3215675354003906
2020-10-30,95090.01383463542,297.1469326019287,-0.004008184187114239,3.4405547921778634e-06,-1.3353213866551716,-1.9814942280451457,0.313687006632487
2020-10-31,95106.91731770833,296.6581891377767,-0.004211468622088432,8.52346317969932e-07,-0.9756520589192709,-1.8950354258219402,0.3052806854248047
2020-11-01,95161.32584635417,296.45298131306964,-0.00415855273604393,0.0,-0.583831787109375,-1.9616610209147136,0.2971820831298828
2020-11-02,95238.59456380208,297.07837867736816,-0.004128878936171532,4.351138613856165e-07,-0.7882982889811198,-2.0115718841552734,0.2891610463460286
2020-11-03,95246.08756510417,297.1918525695801,-0.004011860117316246,4.351138045421976e-07,-1.008476456006368,-2.1704794565836587,0.2813975016276042
2020-11-04,95221.38232421875,295.8883565266927,-0.004460053518414497,1.7106532368416083e-06,-1.1804905732472737,-2.1651438077290854,0.27280235290527344
2020-11-05,95314.03841145833,295.53809483846027,-0.004429863765835762,1.78813479578821e-08,-1.2012637853622437,-2.0686353047688804,0.2642599741617839
2020-11-06,95426.17073567708,296.1983947753906,-0.0037574302405118942,5.976567081233952e-06,-1.848498821258545,-0.7516523996988932,0.256564458211263
2020-11-07,95477.47639973958,296.37513478597003,-0.0030403193086385727,5.58495520976976e-05,-1.816022237141927,-0.6382246812184652,0.25235239664713544
2020-11-08,95493.08723958333,294.6056315104167,-0.004128484055399895,0.0,-1.2636706034342449,-2.165046532948812,0.24611218770345053
2020-11-09,95338.84375,293.27306365966797,-0.003971897065639496,2.139806667855737e-06,-1.1141408284505208,-2.3118463357289634,0.23861312866210938
2020-11-10,95203.84847005208,293.1094334920247,-0.0036367233842611313,1.721102592000534e-06,-1.737988789876302,-1.6918656428654988,0.23221906026204428
2020-11-11,95252.67366536458,294.6487973531087,-0.0034770015627145767,-8.767074177740142e-09,-1.5232410430908203,-1.5442479054133098,0.2265923817952474
2020-11-12,95342.76497395833,295.81267674763996,-0.0019222646951675415,0.0013480365275313488,-2.501683553059896,-0.06032021840413412,0.23111089070638022
2020-11-13,95294.46923828125,296.30342356363934,-0.0023704413324594498,0.0002681493758700526,-2.378602981567383,0.3714897632598877,0.23403294881184897
2020-11-14,95162.767578125,296.29544258117676,-0.0031603816896677017,4.351138613856165e-07,-2.021684010823568,0.7048981189727783,0.22862625122070312
2020-11-15,95217.75944010417,296.90176010131836,-0.003003162331879139,3.83561899752749e-06,-2.517429987589518,0.6838457981745402,0.22221946716308594
2020-11-16,95261.48616536458,296.2700201670329,-0.0030690161511301994,2.5579486191418255e-06,-2.5891125996907554,1.2304398616154988,0.21624755859375
2020-11-17,95133.78059895833,296.47649574279785,-0.0032503679394721985,3.8575223584302876e-06,-2.107796827952067,1.0891412496566772,0.21001370747884116
2020-11-18,95166.22884114583,296.61425908406574,-0.0028047896921634674,8.523463748133508e-07,-1.7296276092529297,1.7086294889450073,0.20473607381184897
2020-11-19,95168.1298828125,296.6203104654948,-0.0026083048433065414,1.6003847122192383e-05,-1.5972264607747395,2.0177110036214194,0.20072364807128906
2020-11-20,95206.7412109375,296.67076301574707,-0.003324843943119049,0.0,-0.3592230478922526,1.4769736131032307,0.19559796651204428
2020-11-21,95231.39908854167,296.9236240386963,-0.003154430538415909,4.351138045421976e-07,-0.5896803538004557,-0.39564279715220135,0.18986638387044272
2020-11-22,95335.31494140625,296.36452356974286,-0.002094320021569729,0.0004918575286865234,-1.4606882731119792,-0.908617377281189,0.18963114420572916
2020-11-23,95306.61604817708,295.385248819987,-0.002935018390417099,0.0,-2.000047047932943,-0.9535664319992065,0.18687820434570312
2020-11-24,95218.84342447917,294.60036595662433,-0.0032899044454097748,1.7106532936850272e-06,-1.7029711405436199,-1.9029626448949177,0.1816844940185547
2020-11-25,95144.99007161458,296.05793380737305,-0.002914493903517723,2.164164584428363e-06,-2.278252283732096,-1.047119379043579,0.17683092753092447
2020-11-26,95149.0595703125,294.7682476043701,-0.0013140961527824402,0.0033560097217559814,-3.171946922938029,-1.3877857526143391,0.1824652353922526
2020-11-27,95294.74381510417,291.30337142944336,-0.0019206972792744637,0.016398504376411438,-2.4114793141682944,-3.4189071655273438,0.3247019449869792
2020-11-28,95425.07763671875,294.08143933614093,-0.0017864499241113663,0.0005175799130370251,-3.2284348011016846,-0.05620304743448893,0.32953770955403644
2020-11-29,95420.37044270833,295.6102809906006,-0.0019380059093236923,8.818507194519043e-05,-1.8355934619903564,0.5260819594065348,0.3022956848144531
2020-11-30,95394.25667317708,296.0929527282715,-0.0023681148886680603,4.123449315329708e-05,-1.1633491516113281,0.5994346141815186,0.28485997517903644
2020-12-01,95390.36832682292,295.15501403808594,-0.00274600088596344,0.0,-1.1997143030166626,-0.23350254694620767,0.2700951894124349
2020-12-02,95253.26090494792,294.2390333811442,-0.00302201509475708,2.1576879589702003e-06,-1.4949214855829875,-1.1787974039713542,0.2566541035970052
2020-12-03,95205.640625,294.40856679280597,-0.002876928076148033,-2.3842403606977314e-08,-1.7943280537923176,-0.9309959411621094,0.24483935038248697
2020-12-04,95134.36930338542,294.20084317525226,-0.002962031401693821,8.553265615773853e-07,-1.8159666061401367,-0.956941286722819,0.2342548370361328
2020-12-05,95208.130859375,293.71493275960285,-0.0029880953952670097,5.684341886080802e-14,-1.9985332489013672,-0.7937938769658407,0.22481155395507812
2020-12-06,95353.24202473958,293.73156293233234,-0.0028323326259851456,1.2993811537853617e-06,-2.233514149983724,-0.18982326984405518,0.21623611450195312
2020-12-07,95489.2177734375,294.083101272583,-0.002674712799489498,0.0,-2.432531992594401,0.07636964321136475,0.20882479349772134
2020-12-08,95462.33349609375,294.50508944193524,-0.00251057930290699,1.4901161193847656e-06,-2.087207794189453,0.8249308268229166,0.20230738321940103
2020-12-09,95321.29427083333,294.1278540293376,-0.002758156508207321,8.583068833445395e-07,-1.5010286966959636,1.0472769737243652,0.1959222157796224
2020-12-10,95316.52978515625,294.60241381327313,-0.00261599849909544,0.0,-1.3594830830891926,1.5857946077982585,0.1898981730143229
2020-12-11,95284.28955078125,294.27871894836426,-0.002669159322977066,4.410743663640915e-07,-1.0385691324869792,1.722569187482198,0.18409156799316406
2020-12-12,95236.8037109375,294.1985569000244,-0.002441784366965294,0.0,-1.1105499267578125,1.67008638381958,0.17886734008789062
2020-12-13,95137.41422526042,294.2433395385742,-0.002368355169892311,1.2844800494349329e-06,-1.2869265874226887,1.589339296023051,0.1743602752685547
2020-12-14,95203.39339192708,294.4678789774577,-0.002299221232533455,8.672474791637796e-07,-1.751213510831197,1.9388480583826702,0.17023658752441406
2020-12-15,95396.69742838542,294.128870010376,-0.0020634885877370834,8.493661880493164e-07,-2.06661864121755,1.64665687084198,0.1667919158935547
2020-12-16,95438.22623697917,294.66875584920246,-0.0018959902226924896,2.5749205292413535e-06,-2.377558390299479,1.1295773188273113,0.163970947265625
2020-12-17,95401.2421875,295.22155380249023,-0.0019373148679733276,8.52346317969932e-07,-1.8490435282389324,0.3608404000600179,0.16132481892903647
2020-12-18,95418.248046875,294.85110092163086,-0.002058612182736397,8.52346317969932e-07,-2.0657010873158774,-0.6696691115697225,0.15852991739908853
2020-12-19,95489.69889322917,293.934871673584,-0.002161964774131775,0.0,-2.1876678466796875,-1.2569660345713298,0.15573819478352866
2020-12-20,95488.59521484375,292.9408264160156,-0.002289487048983574,8.583068797918258e-07,-1.9629346132278442,-1.410758336385091,0.15297063191731772
2020-12-21,95355.20084635417,292.83325894673663,-0.0023886365815997124,2.14601732295705e-06,-1.7341609795888264,-1.2092725038528442,0.15024121602376303
2020-12-22,95264.90771484375,292.8918374379476,-0.002146386541426182,-3.230525180697441e-09,-1.5913505554199219,0.278548002243042,0.14789835611979166
2020-12-23,95162.00260416667,293.10242017110187,-0.001960963010787964,8.52346317969932e-07,-1.7582054138183594,1.05511478583018,0.1459801991780599
2020-12-24,95137.25960286458,293.20496877034503,-0.0018468238413333893,4.351138045421976e-07,-1.8644861380259197,0.9958806037902832,0.14429410298665366
2020-12-25,95239.916015625,293.42847061157227,-0.0017342418432235718,1.2845866876887158e-06,-1.8340167204538982,0.7518952687581381,0.14282798767089844
2020-12-26,95324.443359375,294.0584348042806,-0.0017079934477806091,2.1516208903449296e-06,-1.6425285339355469,0.39985911051432294,0.1415691375732422
2020-12-27,95206.39192708333,294.2128111521403,-0.0018339771777391434,8.523463748133508e-07,-1.6298980712890625,0.5373624165852865,0.14027277628580728
2020-12-28,95182.60498046875,294.5102399190267,-0.001971157267689705,8.52346317969932e-07,-1.7347503503163655,1.0074303944905598,0.13878313700358072
2020-12-29,95185.51416015625,294.14510981241864,-0.0018827160820364952,8.613236559540383e-07,-2.2955805460611978,1.0805835723876953,0.13735008239746094
2020-12-30,95243.00472005208,294.4109414418538,-0.0016528787091374397,8.52346317969932e-07,-2.4088205893834433,1.1678931713104248,0.13621203104654947
2021-01-01,95345.97884114583,294.12437693277997,-0.0013405364006757736,2.5331974029541016e-06,-2.45233682791392,1.5412089029947917,0.13508160909016928
2021-01-02,95309.34830729167,293.70490010579425,-0.0015791542828083038,0.0,-2.3439454634984336,1.025153676668803,0.13427225748697916
2021-01-03,95176.38427734375,293.8045832316081,-0.0015779733657836914,8.583068797918258e-07,-2.3907668193181357,1.6225128173828125,0.13340314229329428
2021-01-04,95197.13232421875,293.59579912821454,-0.001725715585052967,8.52346317969932e-07,-2.8842601776123047,1.8792006174723308,0.13258679707845053
2021-01-05,95232.35921223958,294.78981526692706,-0.0014270516112446785,2.9981135298839945e-06,-1.9404188791910808,1.476111928621928,0.1318639119466146
2021-01-06,95158.77425130208,294.47378476460773,-0.0006209788843989372,0.0010105758905396556,-1.5648704369862874,0.3840070962905884,0.13692029317220053
2021-01-07,95011.13525390625,295.33742904663086,-0.0010060891509056091,0.0003409534692764282,-1.6465154091517131,0.7438216209411621,0.14157867431640625
2021-01-08,94985.62141927083,296.76012992858887,-0.0016634659841656685,2.5570392558904587e-06,-2.495931545893351,1.2964286804199219,0.1404444376627604
2021-01-09,95087.34423828125,295.8016249338786,-0.001949036493897438,8.824902920423483e-06,-2.099926233291626,1.3259377479553223,0.13820902506510416
2021-01-10,95129.33089192708,296.11940574645996,-0.0018325615674257278,1.2595057796715992e-06,-1.994241714477539,0.7006935278574625,0.13605690002441406
2021-01-11,95209.37320963542,297.1740296681722,-0.0018999632447957993,1.7225742112714215e-06,-1.6135120391845703,0.14020411173502603,0.13414955139160156
2021-01-12,95229.02522786458,296.8685474395752,-0.0017240121960639954,2.572633036379557e-06,-1.6110266049702961,-0.0805751880009969,0.1326268513997396
2021-01-13,95177.48779296875,296.5068531036377,-0.0017774151638150215,8.52346317969932e-07,-1.7649625142415364,0.5867625872294108,0.13127009073893228
2021-01-14,95144.70166015625,296.04376220703125,-0.0017747767269611359,8.52346317969932e-07,-1.8981424967447917,0.1436962683995565,0.1300175984700521
2021-01-15,95077.16129557292,295.8166198730469,-0.0016511660069227219,0.0,-1.626024881998698,0.7059322595596313,0.12896601359049478
2021-01-16,94981.94140625,296.29841168721515,-0.0017059165984392166,0.0,-1.4643433888753254,0.9024128516515096,0.12801424662272134
2021-01-17,95138.29606119792,296.2446708679199,-0.0016848072409629822,0.0,-2.1704591115315757,1.2780297597249348,0.1271508534749349
2021-01-18,95219.35367838542,295.2892786661784,-0.001504780724644661,4.351138045421976e-07,-1.929709752400716,1.3532591263453166,0.12653223673502603
2021-01-19,95193.25553385417,295.32907485961914,-0.0017263982445001602,0.0,-1.534157156944275,1.2063749233881633,0.12584877014160156
2021-01-20,95196.73128255208,296.3968861897786,-0.0018644798547029495,0.0,-1.0201136271158855,1.4060769081115723,0.1251398722330729
2021-01-21,95126.29524739583,297.77383613586426,-0.0018223468214273453,0.0,-0.13321240743001303,0.4306703011194865,0.12436294555664062
2021-01-22,95140.3310546875,297.61438878377277,-0.0015559745952486992,0.0,-1.6443939606348674,0.870516816775004,0.12383715311686198
2021-01-23,95169.02376302083,296.8956877390544,-0.0017266971990466118,4.351138045421976e-07,-1.1798397699991863,1.1213936805725098,0.12334569295247395
2021-01-24,95214.837890625,297.20611000061035,-0.001752978190779686,0.0,-0.49457677205403644,1.350533127784729,0.12285486857096355
2021-01-25,95240.82666015625,297.7798709869385,-0.0018592039123177528,0.0,-0.9047247568766276,1.5686675707499187,0.12235832214355469
2021-01-26,95170.04736328125,297.9634208679199,-0.0018224101513624191,4.351138045421976e-07,-0.6813411712646484,1.4788990020751953,0.12189165751139323
2021-01-27,95205.04069010417,297.6199944814046,-0.0016484158113598824,4.351138045421976e-07,-1.4686215718587239,1.6651630401611328,0.12154388427734375
2021-01-28,95268.44954427083,296.8789399464925,-0.0015034470707178116,1.2814997489840607e-06,-1.63524333635966,1.6020297209421794,0.12131309509277344
2021-01-29,95308.32666015625,297.2139784495036,-0.0016959402710199356,1.4923845697012439e-06,-1.4091002146402996,1.5162073373794556,0.12110010782877605
2021-01-30,95264.99381510417,297.37491607666016,-0.0014417674392461777,1.7157172464976611e-06,-1.4869823455810547,0.8914413452148438,0.12086931864420573
2021-01-31,95386.30582682292,296.99621836344403,-0.0012416429817676544,4.577636616431846e-06,-2.2112229665120444,0.5134690602620443,0.12075360616048177
2021-02-01,95539.04248046875,296.1404774983724,-0.0013997163623571396,2.1461197547978372e-06,-2.443723678588867,-0.1481874386469523,0.12065442403157552
2021-02-02,95524.72021484375,294.80460929870605,-0.0016098972409963608,8.940696602621756e-06,-1.7948010762532551,0.7313560644785563,0.12054125467936198
2021-02-03,95441.841796875,295.0722287495931,-0.0016421321779489517,1.7200663364747015e-06,-1.897494633992513,1.0478745698928833,0.12039820353190105
2021-02-04,95400.95914713542,294.9974880218506,-0.001588260754942894,1.2814998058274796e-06,-2.039241154988607,1.409420649210612,0.1202685038248698
2021-02-05,95260.87320963542,295.6176045735677,-0.0016435720026493073,1.725554398035456e-06,-1.3664894104003906,1.1326969067255657,0.12010447184244792
2021-02-06,95238.78190104167,296.31972312927246,-0.0016399389132857323,1.2891325695818523e-06,-1.383548100789388,0.0040533145268758135,0.11991564432779948
2021-02-07,95389.45963541667,295.1860936482747,-0.0015593785792589188,1.2934457913615915e-06,-1.6842397054036458,-1.8558570543924968,0.1197980244954427
2021-02-08,95431.64306640625,294.43966484069824,-0.0016144393011927605,8.485461080454115e-07,-2.0521043141682944,-0.7307777404785156,0.11969375610351562
2021-02-09,95298.05501302083,295.45875358581543,-0.0015072375535964966,1.7225742112714215e-06,-1.5816796620686848,0.37455948193868,0.11959584554036458
2021-02-10,95156.98079427083,295.8898328145345,-0.0016285441815853119,0.0,-1.0287284851074219,0.7454554239908854,0.11947441101074219
2021-02-11,95105.22574869792,296.4294630686442,-0.0016242899000644684,4.261732087229575e-07,-1.7944329579671223,0.9266853332519531,0.11934216817220052
2021-02-12,95214.18798828125,295.939936319987,-0.0015599355101585388,8.52346317969932e-07,-1.6951185862223308,1.1593990325927734,0.11924934387207031
2021-02-13,95293.0625,295.89563115437824,-0.001563429832458496,8.52346317969932e-07,-1.578451156616211,1.5090148448944092,0.11916351318359375
2021-02-14,95250.90592447917,296.62897300720215,-0.0016503240913152695,2.5794424800551496e-06,-1.5288598934809368,1.0951815446217854,0.11907577514648438
2021-02-15,95111.30013020833,297.81750806172687,-0.0016777701675891876,8.486429123877315e-07,-1.0500789483388264,1.592737038930257,0.1189727783203125
2021-02-16,95065.12239583333,298.13718096415204,-0.0017182361334562302,8.52346317969932e-07,-1.2942511240641277,2.4096558888753257,0.11887804667154948
2021-02-17,95091.212890625,297.53547350565594,-0.0015855012461543083,1.7046927496267017e-06,-2.3537615537643433,1.9775404532750447,0.11881128946940105
2021-02-18,95303.14534505208,296.1403172810872,-0.0014323629438877106,0.000796157121556007,-2.8768628438313804,1.1556984980901082,0.1232617696126302
2021-02-19,95447.27197265625,295.0189863840739,-0.0012462344020605087,0.0004554241895675659,-2.3240147829055786,0.014997243881225586,0.12863667805989584
2021-02-20,95388.640625,295.3800786336263,-0.0012736283242702484,1.6987323760986328e-06,-2.742527445157369,0.1156767209370931,0.12918790181477866
2021-02-21,95423.0556640625,295.5171095530192,-0.0008477251976728439,2.619624137878418e-05,-1.871294657389323,0.7266050974527994,0.12804476420084634
2021-02-22,95364.89599609375,297.1134967803955,-0.0012931162491440773,0.00014715063241510506,-1.0153458913167317,0.43603094418843585,0.12738990783691406
2021-02-23,95217.83837890625,297.7979876200358,-0.0016539786010980606,8.523453516318114e-07,-0.8538850148518881,-0.060835798581441246,0.12628300984700522
2021-02-24,95124.37776692708,298.00658861796063,-0.001802726648747921,8.52346317969932e-07,-0.9451580047607422,0.8485047817230225,0.12461217244466145
2021-02-25,95082.19173177083,298.38291295369464,-0.0018434468656778336,0.0,0.007224599520365397,0.15477959314982095,0.12312761942545573
2021-02-26,94942.66878255208,299.89819145202637,-0.0018084589391946793,8.52346317969932e-07,1.0513330698013306,-0.4721345504124959,0.12191327412923177
2021-02-27,94906.71793619792,300.116460164388,-0.0017889663577079773,1.2884902389487252e-06,0.2299022674560547,-1.201083779335022,0.12098439534505208
2021-02-28,94992.5439453125,300.42771402994794,-0.001902485266327858,1.7046927496267017e-06,-0.45360692342122394,0.796301523844401,0.12023162841796875
2021-03-01,95225.19905598958,300.44225819905597,-0.001406678929924965,4.351138045421976e-07,0.4074103037516276,1.0414300759633381,0.11972745259602864
2021-03-02,95207.10188802083,299.9495258331299,-0.0015229694545269012,0.0,-0.37102190653483075,0.32983354727427167,0.11937268575032552
2021-03-03,95143.94938151042,300.2405427296956,-0.0017752926796674728,0.0,-1.130868911743164,-0.44370055198669434,0.11907386779785156
2021-03-04,95186.61702473958,299.7055295308431,-0.0018330160528421402,4.351138045421976e-07,-1.6783040364583333,1.3253409067789714,0.11883481343587239
2021-03-05,95232.48665364583,299.85675621032715,-0.0019148625433444977,1.2904405366498395e-06,-0.5623512268066406,1.704681396484375,0.11863136291503906
2021-03-06,95190.73388671875,300.1833127339681,-0.001865314319729805,0.0,0.38751665751139325,0.45719122886657715,0.11846415201822917
2021-03-07,95143.59293619792,300.7246685028076,-0.0018159132450819016,1.2874602361989673e-06,-1.345254898071289,1.5106676022211711,0.11834081013997395
2021-03-08,95194.76090494792,300.5399462381999,-0.0017604529857635498,4.4107436991680515e-07,-1.8179149627685547,2.0345049699147544,0.11826197306315105
2021-03-09,95250.46728515625,300.1339791615804,-0.0017230240628123283,0.0,-1.8089707692464192,1.9877628882726033,0.11820602416992188
2021-03-10,95204.845703125,300.11048825581867,-0.0017327545210719109,1.2934207802572928e-06,-1.4191150665283203,2.0195703903834024,0.1181640625
2021-03-11,95231.7138671875,300.0762284596761,-0.0017297202721238136,1.7195939676639682e-06,-1.7044512430826824,2.184991399447123,0.11813100179036458
2021-03-12,95316.94677734375,299.64403025309247,-0.001706741750240326,0.0,-2.045614242553711,2.1217777729034424,0.11811002095540364
2021-03-13,95297.05143229167,298.6346836090088,-0.0017018523067235947,1.7212887541973032e-06,-2.2389965057373047,1.045834223429362,0.1180864969889323
2021-03-14,95125.9970703125,299.6782995859782,-0.0016416637226939201,1.7180329905386316e-06,-1.427874247233073,1.8477929035822551,0.11807060241699219
2021-03-15,95063.99918619792,300.5563793182373,-0.0016144923865795135,3.867342002195073e-09,-1.4554036458333333,1.8357798258463542,0.11805216471354167
2021-03-16,95022.93619791667,301.42422612508136,-0.0015293369069695473,0.0,-1.1824103196461995,1.4843401114145915,0.11802355448404948
2021-03-17,94942.51009114583,301.7850176493327,-0.0013492265716195107,4.351138613856165e-07,-1.1955629587173462,1.4459669192632039,0.1180102030436198
2021-03-18,94983.78971354167,301.73986943562824,-0.0015060678124427795,8.52346317969932e-07,-1.7083988189697266,1.8583983580271404,0.11799685160319011
2021-03-19,94948.32584635417,301.3487021128337,-0.0015804022550582886,3.003499841724988e-06,-1.785469690958659,1.7016466458638508,0.11799430847167969
2021-03-20,94876.86165364583,300.688772837321,-0.0015013683587312698,2.451539035064343e-05,-2.176614761352539,0.5062611897786459,0.1180877685546875
2021-03-21,94887.79313151042,301.22372182210285,-0.00142001174390316,1.7195939108205494e-06,-1.308249791463216,0.6279959281285604,0.11813926696777344
2021-03-22,95080.29378255208,301.59724617004395,-0.0014098882675170898,0.0005310773849487305,-1.5516929626464844,0.12908554077148438,0.12124824523925781
2021-03-23,95172.0849609375,301.08746910095215,-0.0015842262655496597,4.351138045421976e-07,-2.3803272247314453,-0.8010698954264323,0.12284787495930989
2021-03-24,95101.99967447917,301.6899013519287,-0.00145778339356184,7.67290591170422e-05,-1.458150863647461,-1.01971435546875,0.1219482421875
2021-03-25,95004.79850260417,302.5115146636963,-0.0015156734734773636,0.00011620521536315209,-1.4013385772705078,-1.2544931570688884,0.12168566385904948
2021-03-26,94955.92610677083,302.9909241994222,-0.0016530510038137436,7.205605506399593e-05,-1.3013019561767578,-0.40995224316914874,0.12137540181477864
2021-03-27,94884.43701171875,303.1469319661458,-0.0016476763412356377,2.575286202954885e-06,-0.3457355499267578,-0.36120160420735675,0.12060610453287761
2021-03-28,94799.9970703125,302.70765495300293,-0.0017264951020479202,1.2806219729100121e-06,0.4590098063151042,0.15862592061360678,0.1197675069173177
2021-03-29,94737.45768229167,303.6468817392985,-0.001801932230591774,1.7092575603783189e-06,0.2616430918375651,1.0991109212239583,0.11917304992675781
2021-03-30,94602.31136067708,303.82966232299805,-0.0017861369997262955,8.52346317969932e-07,2.997196833292643,-0.06869316101074219,0.11877059936523438
2021-03-31,94490.35530598958,302.8709036509196,-0.0018847230821847916,1.707727676603099e-06,2.3815091451009116,-1.6045856475830078,0.118499755859375
2021-04-01,94468.98470052083,302.90386454264325,-0.0017184652388095856,1.7010105466397363e-06,2.0191287994384766,-1.550708293914795,0.11831982930501302
2021-04-02,94528.11165364583,303.0460891723633,-0.001665320247411728,8.753334554967296e-07,1.694679896036784,-1.6138050158818562,0.11818885803222656
2021-04-03,94631.78190104167,304.25059700012207,-0.0016956944018602371,1.7184348735099775e-06,0.10110219319661458,0.707511822382609,0.11807314554850261
2021-04-04,94791.24381510417,303.3409131368001,-0.0016018077731132507,1.277441526781331e-06,-0.38594500223795575,0.10301589965820312,0.11798604329427083
2021-04-05,94897.77457682292,303.1804059346517,-0.0015016254037618637,8.697522275724623e-07,-1.6916033426920574,0.9538237253824869,0.11794662475585938
2021-04-06,94954.05224609375,303.1715660095215,-0.00151080172508955,4.261732087229575e-07,-1.651268442471822,1.3574053446451824,0.11791801452636719
2021-04-07,94965.88753255208,303.42410405476886,-0.0013110693544149399,0.0,-0.35635379950205487,1.6435508728027344,0.11789194742838542
2021-04-08,94805.70768229167,303.3906726837158,-0.0012934785336256027,0.0,0.6194591522216797,1.0938555399576824,0.11787223815917969
2021-04-09,94838.38216145833,302.46004486083984,-0.001295045018196106,0.00029581785202026367,-1.3857040405273438,1.4379268089930217,0.11937586466471355
2021-04-10,95013.73209635417,302.2236779530843,-0.001425950787961483,1.5661120414733887e-05,-2.259998321533203,1.743112564086914,0.11992645263671875
2021-04-11,95139.59619140625,301.8745797475179,-0.0013280920684337616,0.0002442628144763148,-1.6636549631754558,1.0149930318196614,0.12030792236328125
2021-04-12,95181.06022135417,300.9130573272705,-0.001327047124505043,0.0024812794079593914,-1.0993038415908813,0.20146878560384116,0.13819313049316406
2021-04-13,95096.01627604167,300.55903816223145,-0.0017145965248346329,0.004393604421995434,-0.654449462890625,0.2581169207890828,0.17380968729654947
2021-04-14,95051.42333984375,299.655122756958,-0.0024398192763328552,0.007226634025528256,-0.27803484598795575,0.19823062419891357,0.21845181783040366
2021-04-15,94938.25146484375,300.2080656687419,-0.0031265802681446075,0.00015892391388661053,-0.18467330932617188,0.19110016028086343,0.24662907918294272
2021-04-16,94875.01888020833,301.5481719970703,-0.0029753241688013077,2.5779727934605035e-06,-0.20697911580403647,0.44525782267252606,0.2145226796468099
2021-04-17,94998.14322916667,302.1886806488037,-0.0026275254786014557,4.261732051702438e-07,-0.22993977864583334,0.8164921601613363,0.1903966267903646
2021-04-18,95004.15364583333,302.51711718241376,-0.0022499896585941315,4.351138045421976e-07,0.2614307403564453,1.2019589742024739,0.17259724934895834
2021-04-19,94801.13525390625,303.313871383667,-0.002209072932600975,0.0,0.9093748728434244,1.5132358868916829,0.15874290466308594
2021-04-20,94747.15901692708,303.6574821472168,-0.0020082397386431694,2.086162567138672e-07,0.2739295959472656,2.072310129801432,0.14750289916992188
2021-04-21,94914.375,302.2927958170573,-0.001927788369357586,0.0012293457984924316,-0.15263684590657553,1.043365756670634,0.14674250284830728
2021-04-22,94937.78662109375,302.79104232788086,-0.0018138457089662552,0.00012267009475408486,-0.703226645787557,0.6365890502929688,0.1452045440673828
2021-04-23,94916.08251953125,302.9040877024333,-0.0016484549269080162,8.036089576535232e-05,0.11356671651204427,0.8706265290578207,0.13908958435058594
2021-04-24,94871.91422526042,303.32608731587726,-0.0017017368227243423,1.2874602930423862e-06,-0.3891010284423828,0.8457915782928467,0.13381195068359375
2021-04-25,94838.49430338542,303.9656511942546,-0.0016575343906879425,1.3149405447165918e-05,-1.1787522633870442,1.132175326347351,0.12955538431803384
2021-04-26,94820.13525390625,304.2096373240153,-0.0016424618661403656,1.683831214904785e-05,-0.3372351328531901,0.39956820011138916,0.12628046671549478
2021-04-27,94895.99837239583,303.73023223876953,-0.0016691181808710098,0.0004009895882290948,0.3110033671061198,0.5553410847981771,0.1256084442138672
2021-04-28,94920.90804036458,304.1386775970459,-0.0015400592237710953,4.696845905982627e-06,-0.5516695976257324,0.4143940607706706,0.12472279866536458
2021-04-29,94872.11360677083,304.08582496643066,-0.001569436863064766,0.00028553009032705745,-0.21422123908996582,0.9323943058649699,0.12396748860677083
2021-04-30,94806.1982421875,303.86852010091144,-0.0015416136011481285,1.3294815914832725e-05,-0.5669651031494141,1.0184626976648967,0.1230786641438802
2021-05-01,94858.57259114583,302.94464111328125,-0.0013682488352060318,0.0013683140277862549,-1.534579594930013,0.9380520979563395,0.13087844848632812
2021-05-02,94861.78776041667,303.29289690653485,-0.001646796241402626,1.7285346984863281e-06,-1.7327251434326172,0.6844905217488607,0.13412920633951822
2021-05-03,94824.21110026042,302.7733459472656,-0.0015124380588531494,0.0004174649715373846,-1.5975793202718098,0.32023143768310547,0.13179715474446616
2021-05-04,94781.21761067708,302.7588068644206,-0.0014727264642715454,0.0009751707315395208,-0.46198590596516925,1.0668641328811646,0.13547325134277344
2021-05-05,94780.30989583333,303.43537521362305,-0.0016234293580055237,0.0002520859240462414,-1.2720953623453777,1.0753614505132039,0.13684908548990884
2021-05-06,94881.20100911458,303.07575670878094,-0.001321922056376934,1.4263391392432823e-05,-1.7226633230845134,1.8534952402114868,0.1331005096435547
2021-05-07,94942.21956380208,303.1673107147217,-0.0011933259665966034,2.3925304407867998e-05,-1.7760448455810547,1.6482521692911785,0.12960688273111978
2021-05-08,94814.13509114583,303.5561815897624,-0.0012711873278021812,0.0,-1.9717745780944824,1.6171953678131104,0.12674458821614584
2021-05-09,94721.40234375,303.8330217997233,-0.001201903447508812,8.956205306276388e-06,-0.8927720387776693,1.5646966298421223,0.12453333536783855
2021-05-10,94665.23014322917,303.5829563140869,-0.0014439485967159271,0.0028543692024527445,0.16846148173014322,1.2280699014663696,0.14102999369303384
2021-05-11,94623.46061197917,304.06308364868164,-0.0017736200243234634,0.0001321673393022138,1.092938741048177,1.3071333567301433,0.14996973673502603
2021-05-12,94436.62760416667,304.82766278584796,-0.0017074868083000183,2.046525474952432e-05,1.408058802286784,1.6164632240931194,0.14165751139322916
2021-05-13,94429.38981119792,305.01939455668133,-0.0015265345573425293,2.0287914310301858e-05,1.2085514068603516,0.6673823197682699,0.13503201802571616
2021-05-14,94394.44807942708,304.02454503377277,-0.0014225058257579803,0.00035591334170703703,-1.736581802368164,1.8783340056737263,0.13228352864583334
2021-05-15,94397.48763020833,301.1796220143636,-0.0012691831216216087,0.0027822823722090106,-4.194884618123372,2.7679523229599,0.14200146993001303
2021-05-16,94516.24560546875,299.5098470052083,-0.0018653254956007004,0.013743719664262244,-2.7997779846191406,2.8875223795572915,0.2493413289388021
2021-05-17,94606.95914713542,302.54494603474933,-0.003177804872393608,8.613169183036007e-05,-1.2541255950927734,2.9868717193603516,0.27294349670410156
2021-05-18,94621.6064453125,302.62133471171063,-0.0028039133176207542,0.0003260016441863911,0.5016676584879557,2.824282169342041,0.2357196807861328
2021-05-19,94564.53238932292,302.5156764984131,-0.0027180248871445656,0.0008135378360698553,2.366298039754232,2.3397099574406943,0.21291987101236978
2021-05-20,94586.4873046875,302.0906410217285,-0.00230611115694046,4.549622531158093e-05,3.2902857462565103,1.3376717567443848,0.19798723856608072
2021-05-21,94524.06315104167,303.2731641133626,-0.0023536738008260727,2.5480985641479492e-06,1.119821548461914,0.5265307823816935,0.17949231465657553
2021-05-22,94440.38297526042,303.89911524454754,-0.002225387841463089,1.9609928131103516e-05,2.9881261189778647,0.3158486684163411,0.16459274291992188
2021-05-23,94517.1044921875,304.9755331675212,-0.0021807346493005753,3.668665885925293e-05,2.556208928426107,-1.3966236114501953,0.15201250712076822
2021-05-24,94477.70719401042,304.7568556467692,-0.0019479990005493164,1.4418837611884783e-05,3.3891423543294272,-2.068824291229248,0.14301490783691406
2021-05-25,94285.162109375,304.78052139282227,-0.0019561070948839188,0.0,2.850144068400065,-2.238494873046875,0.1361687978108724
2021-05-26,94201.59326171875,304.78271611531574,-0.001680491492152214,1.715063433493924e-06,4.57188606262207,-1.6475118001302083,0.1312128702799479
2021-05-27,94353.56201171875,303.9859733581543,-0.0014412663877010345,9.626150131225586e-06,4.633955001831055,-0.5952498118082682,0.12789789835611978
2021-05-28,94532.33235677083,303.39110310872394,-0.0010633058845996857,4.458427429199219e-05,3.020261764526367,-0.4927374521891276,0.12579727172851562
2021-05-29,94621.7529296875,302.9380734761556,-0.0013723913580179214,0.0028455257415771484,2.9017486572265625,-0.15434900919596353,0.1327692667643229
2021-05-30,94556.29182942708,303.4917647043864,-0.0017551304772496223,5.406439299804333e-05,2.7758375803629556,-0.4766082763671875,0.15158526102701822
2021-05-31,94459.61881510417,302.54663785298663,-0.0019308114424347878,0.008553415536880493,2.846014658610026,-0.3279876708984375,0.1839879353841146
2021-06-01,94550.85205078125,301.7000783284505,-0.002749806270003319,0.01021703062525603,2.1777471701304116,-0.4246785243352254,0.26415125528971356
2021-06-02,94658.2109375,300.2897955576579,-0.0028587207198143005,0.012957572937011719,1.093163291613261,-0.3759714762369792,0.34103139241536456
2021-06-03,94818.08935546875,298.70227241516113,-0.002190709114074707,0.0038339452353284287,1.2181256612141926,0.4021524985631307,0.34101231892903644
2021-06-04,94786.26009114583,300.9336802164714,-0.0028761643916368484,0.00026148557662963867,1.0407880147298176,0.7106908162434896,0.29361406962076825
2021-06-05,94734.6640625,300.67745145161945,-0.0033940691500902176,0.0039887219667384954,0.911452571551005,1.4762903849283855,0.2758337656656901
2021-06-06,94714.35514322917,300.76170539855957,-0.003094008192420006,0.000496864318851209,1.7954813639322917,1.2136154969533284,0.2780335744222005
2021-06-07,94664.13118489583,300.84420585632324,-0.003075128421187401,0.0024893879890441895,3.533941904703776,-0.3078463872273763,0.2682024637858073
2021-06-08,94555.92529296875,301.62851842244464,-0.003297261893749237,0.0004929482935835949,4.195456822713216,-0.009411493937174479,0.25431187947591144
2021-06-09,94446.220703125,299.22699483235675,-0.00218072347342968,0.0015517771244049072,4.703916509946187,-0.15987388292948404,0.24679183959960938
2021-06-10,94374.53352864583,298.4028714497884,-0.003269289620220661,0.0059152692556381226,5.788777669270833,-1.0176844994227092,0.2552661895751953
2021-06-11,94341.12646484375,298.46424802144367,-0.0022110138088464737,0.0010899454355239868,6.085516611735026,0.10427204767862956,0.2791938781738281
2021-06-12,94291.47998046875,299.054448445638,-0.00272283423691988,0.005387261509895325,5.149702072143555,-0.42609230677286786,0.27684656778971356
2021-06-13,94254.2646484375,298.98612848917645,-0.002773778513073921,0.0025802433489729992,5.226146062215169,-0.07895314693450928,0.30172093709309894
2021-06-14,94205.39078776042,299.29673957824707,-0.0020978599786758423,0.0007357746362686157,5.1528975168863935,0.8640399773915609,0.2788066864013672
2021-06-15,94176.81673177083,298.680944442749,-0.001798287034034729,0.0006289605277629562,5.06742795308431,1.6272911230723064,0.2648537953694661
2021-06-16,94345.37255859375,298.24433453877765,-0.0025129225105047226,0.007708388566868507,5.335439046223958,1.7960742712020874,0.2810783386230469
2021-06-17,94445.64404296875,296.7526505788167,-0.002721039578318596,0.015580338239658431,5.001768747965495,1.0259860754013062,0.3702888488769531
2021-06-18,94559.32470703125,298.69604110717773,-0.002681777812540531,0.000742301344871521,5.809580485026042,1.873924454053243,0.32850201924641925
2021-06-19,94707.0087890625,298.1520989735921,-0.0025379089638590813,0.006109880899998643,5.3303788503011065,1.7590306599934895,0.344424565633138
2021-06-20,94750.98063151042,299.21665318806964,-0.00300652626901865,0.0002838308423633862,5.377431869506836,0.7770608266194662,0.3157691955566406
2021-06-21,94671.14339192708,300.00610605875653,-0.003678453154861927,5.3122639656066895e-05,4.413829803466797,-0.49972418944040936,0.28803253173828125
2021-06-22,94601.65071614583,300.7928517659505,-0.003420509397983551,3.254413604736328e-05,3.904857635498047,-0.6199355125427246,0.2655131022135417
2021-06-23,94621.87255859375,300.2591559092204,-0.002716979943215847,0.00037537886095151407,2.866748809814453,-0.741290291150411,0.2502326965332031
2021-06-24,94650.66617838542,298.80321248372394,-0.002110653556883335,0.0001921862363474247,4.561530431111653,-0.44979822635650635,0.2412128448486328
2021-06-25,94501.64274088542,298.95892969767254,-0.002271515317261219,0.0008827212906794557,5.109296798706055,-0.5639533996582031,0.23656527201334634
2021-06-26,94482.51285807292,299.6961867014567,-0.0025944802910089493,0.002970397472381592,3.684422810872396,-1.4167537689208984,0.2315387725830078
2021-06-27,94616.26188151042,296.06143124898273,-0.002430172637104988,0.023593813180923462,3.22663942972819,-0.6837081909179688,0.35684649149576825
2021-06-28,94618.33837890625,298.11154556274414,-0.002301383763551712,0.0005921155213286511,2.6098670959472656,0.5575230916341146,0.34209569295247394
2021-06-29,94594.7734375,300.53247324625653,-0.00351739302277565,2.8201937670502275e-05,2.9204832712809243,0.6471198399861654,0.3132559458414714
2021-06-30,94552.48209635417,301.3147729237874,-0.0038271667435765266,0.00019033551205893673,3.440160393714905,0.22193833192189535,0.2897796630859375
2021-07-01,94470.66813151042,299.38637860616046,-0.001954503357410431,0.0029110312461853027,2.7733465830485025,0.70370880762736,0.2861944834391276
2021-07-02,94588.0732421875,298.5566412607829,-0.0022735213860869408,0.0030671656131744385,3.0643444061279297,0.7596051692962646,0.3180987040201823
2021-07-03,94600.98502604167,300.17759958902997,-0.0032928166911005974,1.686215392737722e-05,3.5537846883138022,0.021058042844136555,0.2967936197916667
2021-07-04,94597.61669921875,301.00525220235187,-0.0035717515274882317,4.1103953265064774e-05,2.4578259785970054,-0.6536986033121744,0.2731698354085286
2021-07-05,94546.49462890625,300.6687666575114,-0.0029528476297855377,0.0002534096573754141,1.4705119132995605,-0.9252364238103231,0.25606346130371094
2021-07-06,94459.43538411458,301.0132891337077,-0.0031940992921590805,0.0007353723049163818,1.4944775899251301,0.13139895598093668,0.2443256378173828
2021-07-07,94477.37923177083,300.26298904418945,-0.0028623677790164948,0.009182715415949616,2.2958895365397134,-0.08271523316701253,0.2595723470052083
2021-07-08,94484.01985677083,297.6647555033366,-0.002417050302028656,0.007378079539932969,2.1843878428141275,-0.7604254484176636,0.3513374328613281
2021-07-09,94283.23714192708,298.00909423828125,-0.002801157534122467,0.009377136826401511,2.4210421244303384,0.27329691251118976,0.3681894938151042
2021-07-10,94171.43408203125,298.261043548584,-0.002814970910549164,0.005308556556599342,2.9425671895345054,-0.5740941365559896,0.3519083658854167
2021-07-11,94150.09602864583,296.78050231933594,-0.002418678253889084,0.01707315742959281,3.3477865854899087,0.412647008895874,0.3961753845214844
2021-07-12,94156.732421875,296.8277530670166,-0.0028112847357988358,0.01649232804766143,4.245285669962565,0.6871120929718018,0.40628496805826825
2021-07-13,94220.53743489583,296.3280022939046,-0.002776283770799637,0.027041959508949276,4.622110366821289,0.705180803934733,0.4223931630452474
2021-07-14,94165.38216145833,296.6731897989909,-0.002128724940121174,0.0025123866947360796,4.870597203572591,0.46975568930308026,0.4015725453694661
2021-07-15,94233.66373697917,297.14305369059247,-0.002143433317542076,0.003434556722538673,3.1043523152669272,1.1551466782887776,0.3866106669108073
2021-07-16,94505.56852213542,297.89974149068195,-0.0026510097086429596,0.00501212477684021,2.214961369832357,1.1590429941813152,0.3851807912190755
2021-07-17,94517.89436848958,298.49536832173663,-0.0029425881803035736,0.004104125499623024,2.249532699584961,0.04753875732421875,0.3824259440104167
2021-07-18,94346.7353515625,298.4415747324626,-0.0033775176852941513,0.0073982298373493904,2.0014654795328775,0.6177192529042562,0.38766924540201825
2021-07-19,94366.84879557292,297.9863630930583,-0.003200870007276535,0.0053988248109817505,4.795958836873372,0.33429865042368573,0.3928209940592448
2021-07-20,94558.37679036458,297.2816626230876,-0.0031482968479394913,0.021828070282936096,5.88572374979655,-0.4750710725784302,0.40264892578125
2021-07-21,94294.77278645833,295.9769515991211,-0.0028058476746082306,0.02849334478378296,6.525415420532227,0.4151878356933594,0.42417017618815106
2021-07-22,93939.89876302083,295.4020690917969,-0.002598133869469166,0.03610309958457947,6.7566172281901045,0.06925264994303386,0.42595672607421875
2021-07-23,94136.60595703125,296.44907633463544,-0.002437148243188858,0.014051461219786177,4.93150266011556,-0.47600050767262775,0.4187024434407552
2021-07-24,94275.28792317708,298.79883829752606,-0.0037307748571038246,0.0008033156394908758,5.442785263061523,0.21716090043385824,0.39373779296875
2021-07-25,94409.24690755208,298.821382522583,-0.003838491626083851,0.0008087418553373027,5.608232498168945,0.8501559893290201,0.37567710876464844
2021-07-26,94439.58170572917,299.1683642069499,-0.004321272484958172,0.00023346543311575374,5.962454477945964,0.6783491770426432,0.3588492075602214
2021-07-27,94415.97574869792,298.67456817626953,-0.004008270800113678,8.797645568847656e-05,6.197846094767253,0.5703449249267578,0.3437093098958333
2021-07-28,94487.4638671875,298.53006744384766,-0.003738056868314743,0.0001021504401137463,6.265912373860677,0.4377298355102539,0.3315855662027995
2021-07-29,94563.29752604167,297.19723574320477,-0.0027637723833322525,0.0026167218762225275,6.171529134114583,0.5329925616582235,0.3367150624593099
2021-07-30,94599.70100911458,298.0670579274495,-0.0031098248437047005,6.42925500820013e-05,5.939080556233724,-0.016019582748413086,0.33291180928548175
2021-07-31,94609.24251302083,298.15875879923504,-0.003056851215660572,0.00018409000773900175,6.007331848144531,0.07701619466145833,0.32028452555338544
2021-08-01,94499.01969401042,298.2989133199056,-0.0036084838211536407,0.0006103396415255702,6.270881017049153,0.14393659432729086,0.31111780802408856
2021-08-02,94607.97119140625,298.07284418741864,-0.0037057306617498398,0.0020894945094944717,5.472799301147461,0.432698130607605,0.31039174397786456
2021-08-03,94737.59749348958,298.4123477935791,-0.0035519953817129135,0.0010213442989197574,5.218024571736653,0.12871328989664713,0.3082173665364583
2021-08-04,94676.36653645833,298.85324160257977,-0.0036384733393788338,0.0005525052547454834,5.6787160237630205,0.21071306864420572,0.29860814412434894
2021-08-05,94513.13151041667,298.9800440470378,-0.0037080422043800354,0.0009793788194656372,5.155874252319336,0.0024462143580118814,0.2912915547688802
2021-08-06,94475.12255859375,299.1361484527588,-0.0038636690005660057,0.00032759308811591836,4.28785514831543,0.05321268240610758,0.2806021372477214
2021-08-07,94614.228515625,299.2173315684001,-0.00392824225127697,6.495714177390255e-05,3.6629021962483725,0.39270631472269696,0.2679290771484375
2021-08-08,94710.41927083333,299.7090956370036,-0.003798672929406166,0.0005712043942480705,2.6618677775065103,0.42357468605041504,0.25907007853190106
2021-08-09,94734.9931640625,300.3601417541504,-0.003972761332988739,0.0005807678026030771,2.7947184244791665,0.4308217366536458,0.25212351481119794
2021-08-10,94681.44563802083,300.0588747660319,-0.00355551578104496,0.00025704503059387207,3.4011713663736978,-0.6713448365529379,0.2444171905517578
2021-08-11,94678.31868489583,300.1346073150635,-0.003972763195633888,0.00023586387391105745,3.1064910888671875,-1.0091782410939534,0.23484102884928384
2021-08-12,94741.12516276042,299.99045435587567,-0.003450533375144005,0.0002461648991243237,3.013772964477539,-1.0791510740915935,0.22708892822265625
2021-08-13,94596.51106770833,299.2867031097412,-0.0035873893648386,0.004070103080515253,3.1673927307128906,-1.0898962020874023,0.24697430928548178
2021-08-14,94475.95833333333,299.4866434733073,-0.004088381305336952,0.0016227531929189354,3.991999308268229,-1.0838485558827717,0.25476964314778644
2021-08-15,94539.77099609375,298.163569132487,-0.0031288452446460724,0.0031249523162841797,3.889529546101888,-0.7466059525807699,0.2673505147298177
2021-08-16,94615.26497395833,295.96023495992023,-0.002227718010544777,0.017186304926781304,3.64994748433431,-0.7291925748189291,0.3628082275390625
2021-08-17,94563.20100911458,295.8359006245931,-0.0019408315420150757,0.020919311046498024,3.867872873942057,-0.1654757261276245,0.4052327473958333
2021-08-18,94435.26302083333,297.69508679707843,-0.0036360621452331543,0.0038633465766224617,4.020944595336914,0.3972783088684082,0.39046796162923175
2021-08-19,94437.65055338542,297.7766710917155,-0.0030430834740400314,0.0003791006250821738,4.615823745727539,-0.5882385571797689,0.3706989288330078
2021-08-20,94608.88655598958,297.61201667785645,-0.00290638767182827,0.0013915128357098183,2.989495595296224,0.06622246901194255,0.35909779866536456
2021-08-21,94754.03173828125,297.2191454569499,-0.0026074564084410667,0.0108878046273162,2.2207064231236777,1.013344685236613,0.38039906819661456
2021-08-22,94778.25162760417,298.19872856140137,-0.0038833310827612877,0.0011556684970805975,1.7158530155817668,0.7506499687830607,0.3716551462809245
2021-08-23,94749.873046875,298.7184867858887,-0.004132317379117012,0.0010387778281142346,1.513148585955302,0.6653468211491903,0.35774485270182294
2021-08-24,94693.97542317708,299.40407880147296,-0.004318859428167343,0.0011694385775058436,1.8656272888183594,0.35862918694814044,0.34471575419108075
2021-08-25,94572.14583333333,299.31189092000324,-0.003871733322739601,0.00064951666917068,2.455174128214518,-0.2092043956120809,0.33537038167317706
2021-08-26,94458.13167317708,298.839656829834,-0.003636404871940613,0.0022433370351677695,2.450249989827474,0.053793748219807945,0.3380928039550781
2021-08-27,94431.35611979167,298.2000382741292,-0.002843191847205162,0.0059692940354239,1.8725611368815105,-0.44741586844126385,0.3575426737467448
2021-08-28,94287.25830078125,297.564510345459,-0.00295938178896904,0.004436293244356904,2.794143040974935,-0.0997774600982666,0.3666496276855469
2021-08-29,94224.48518880208,297.9666970570882,-0.0037988992407917976,0.009910869242958142,3.004082361857096,-0.78284219900767,0.379733403523763
2021-08-30,94331.63850911458,296.0178591410319,-0.0023292088881134987,0.04568698406218985,3.777123769124349,0.1032642920811971,0.4201507568359375
2021-08-31,94530.09163411458,296.82822672526044,-0.0028453730046749115,0.015778648853199684,2.7456239064534507,1.1744208335876465,0.41730181376139325
2021-09-01,94683.76595052083,297.80805015563965,-0.0033017517998814583,0.0010101228951384655,1.1825332641601562,1.3969978888829548,0.3959636688232422
2021-09-02,94622.84895833333,297.9401028951009,-0.003344964236021042,0.005397518949166624,1.902743657430013,0.3198189338048299,0.3943138122558594
2021-09-03,94519.48583984375,297.55225308736163,-0.003198064863681793,0.01211541520206083,2.223456064860026,-0.5237299601236979,0.40738487243652344
2021-09-04,94476.99300130208,297.1249593098958,-0.003156568855047226,0.011654138420453819,2.898939768473307,-0.6461868286132812,0.41980234781901044
2021-09-05,94430.94303385417,296.69549560546875,-0.002646785229444504,0.017253682017326355,2.7197952270507812,-1.6175333658854167,0.42411231994628906
2021-09-06,94354.78125,295.6228020985921,-0.002003837376832962,0.026587701350933912,3.944875717163086,-0.7240672508875529,0.42809804280598956
2021-09-07,94263.89697265625,295.3904450734456,-0.001780209131538868,0.031983792781829834,4.534253438313802,1.9640154838562012,0.4254112243652344
2021-09-08,94540.41031901042,298.1513220469157,-0.0038987379521131516,0.0018780261277129284,4.8150374094645185,2.4707441329956055,0.4092559814453125
2021-09-09,94693.3291015625,298.624901453654,-0.003909547813236713,0.00023965284833593614,5.114963531494141,0.3727642297744751,0.3937664031982422
2021-09-10,94610.24527994792,298.5015513102214,-0.003764187917113304,0.00045253985638282757,4.722841898600261,-0.07934788862864177,0.3819192250569661
2021-09-11,94474.18636067708,298.1788330078125,-0.003501318395137787,0.0009027421474456787,5.013242085774739,0.383575439453125,0.3748575846354167
2021-09-12,94321.44026692708,298.3971627553304,-0.003629181534051895,0.0005189478397369385,4.836442311604817,1.0013562043507893,0.3662567138671875
2021-09-13,94233.8291015625,297.9458649953206,-0.00313681922852993,0.00527698397633003,5.259127298990886,1.0263664325078328,0.36915143330891925
2021-09-14,94376.29931640625,297.9964033762614,-0.0033645853400230408,0.0016451060770918957,4.677195866902669,1.2426970799763997,0.3852437337239583
2021-09-15,94562.93766276042,297.9033832550049,-0.0036577265709638596,0.00012711584565749945,3.809910456339518,1.239683469136556,0.36498387654622394
2021-09-16,94591.9697265625,297.868195215861,-0.004362326115369797,3.4213065873700543e-06,3.78166135152181,0.4566785494486491,0.35028521219889325
2021-09-17,94617.19401041667,298.0588321685791,-0.004409464076161385,0.0002893460048767338,3.0026982625325522,0.21877511342366537,0.3389600118001302
2021-09-18,94792.6669921875,298.37355931599933,-0.003920847550034523,0.00045683979988098145,2.5883382161458335,0.10047892729441325,0.3312142690022786
2021-09-19,94902.83219401042,298.7399361928304,-0.0034057488664984703,0.0015055663608904979,2.036867141723633,0.15905384222666422,0.328216552734375
2021-09-20,94768.69775390625,298.0718453725179,-0.003188357688486576,0.009106308221817017,1.924099604288737,-0.01626904805501302,0.3722006479899089
2021-09-21,94628.68196614583,296.68720563252765,-0.002819228917360306,0.0054456472395827404,3.164976477622986,-0.5248591105143229,0.3852672576904297
2021-09-22,94458.01953125,296.88641993204754,-0.0027955621480941772,0.006612408161061012,3.2272911071777344,-1.0626099904378254,0.39217249552408856
2021-09-23,94555.35904947917,296.0683479309082,-0.0016021616756916046,0.005908280610981365,2.647698084513346,-0.029939015706380207,0.4041767120361328
2021-09-24,94644.24788411458,297.61919530232746,-0.003103748895227909,0.006940206829369799,1.8953985770543416,-0.9453233083089193,0.40225664774576825
2021-09-25,94583.68994140625,298.14179547627765,-0.0035531334578990936,0.000948848946563885,2.7194086710611978,-1.2390240828196208,0.39079920450846356
2021-09-26,94367.71240234375,296.67150561014813,-0.0024903621524572372,0.002723699808029778,3.0873191356658936,-2.090616782506307,0.38764063517252606
2021-09-27,94115.79134114583,295.9091987609863,-0.002147616818547249,0.030356138944625854,4.557797749837239,-0.6333751678466797,0.4219532012939453
2021-09-28,94447.89811197917,296.9001344045003,-0.0027595581486821175,0.0016961872576644055,3.6074110666910806,2.1298294067382812,0.4119606018066406
2021-09-29,94730.51399739583,297.75657018025714,-0.002936631441116333,0.00040395040565499585,2.3646628061930337,1.1489663521448772,0.3945604960123698
2021-09-30,94849.70052083333,298.52810605367023,-0.0035915933549404144,0.001541975140469276,1.6290149688720703,-0.15741658210754395,0.3837534586588542
2021-10-01,94850.21435546875,298.6099688212077,-0.003674173727631569,0.0030730307101975995,-1.123556137084961,0.2836368878682454,0.38845380147298175
2021-10-02,94856.20035807292,298.5403995513916,-0.00354708731174469,0.0001476348784379411,-1.4471244812011719,0.47571754455566406,0.37626012166341144
2021-10-03,94808.732421875,298.98511759440106,-0.0037861792370676994,0.0003158166970678167,-0.8519397974014282,0.6682259639104208,0.3631693522135417
2021-10-04,94734.39013671875,298.9258009592692,-0.0036925114691257477,0.002749204635620117,-0.8770809173583984,-0.1702057123184204,0.3652839660644531
2021-10-05,94767.04459635417,298.3296998341878,-0.0034565888345241547,0.0013192027806212536,-1.4491895039876301,-0.7366085847218832,0.36426353454589844
2021-10-06,94696.95182291667,297.9303092956543,-0.0035815592855215073,0.0009204715490405135,-2.7621332804361978,0.31248895327250165,0.35561879475911456
2021-10-07,94684.61555989583,298.5430653889974,-0.0034401845186948776,0.00035028159618377686,-1.7219193776448567,1.067190170288086,0.34586652119954425
2021-10-08,94697.18863932292,298.8287779490153,-0.0038352198898792267,0.001133739948272705,1.2293898264567058,-0.055726051330566406,0.33810997009277344
2021-10-09,94771.76432291667,298.0756206512451,-0.0034330282360315323,0.012625902891159058,1.7369747161865234,-0.9366105397542318,0.37253761291503906
2021-10-10,94719.94873046875,298.13645044962567,-0.0034737689420580864,0.005447223782539368,0.9518941243489584,-1.4448455572128296,0.39164479573567706
2021-10-11,94642.5322265625,298.3362725575765,-0.0046628983691334724,3.934214248602075e-06,-0.6002674102783203,-1.3493958314259846,0.3720391591389974
2021-10-12,94630.79654947917,297.9394162495931,-0.004090186208486557,4.100799458228721e-06,-0.43738873799641925,-1.5507094462712605,0.3554115295410156
2021-10-13,94602.99983723958,298.37645467122394,-0.004269441589713097,0.0,-0.3282126983006795,-1.2878421942392986,0.34229596455891925
2021-10-14,94510.97542317708,298.6082846323649,-0.004156372509896755,2.993924113070534e-06,0.3643913269042969,-2.0025362571080527,0.3302777608235677
2021-10-15,94299.52213541667,298.91217104593915,-0.004545742645859718,0.001336666941540443,0.049031575520833336,-2.1705968777338662,0.3206628163655599
2021-10-16,94286.70719401042,296.7547601064046,-0.0016375835984945297,0.006196200847625732,0.7159283955891927,-1.0620642105738323,0.35516802469889325
2021-10-17,94427.9560546875,298.3627675374349,-0.0033649150282144547,0.0003833293914681235,1.557058334350586,1.2811305920283,0.3561744689941406
2021-10-18,94667.52750651042,298.7806339263916,-0.004836645908653736,1.3172626154300815e-06,3.298926035563151,0.19241519769032797,0.33177439371744794
2021-10-19,94999.45426432292,298.33299763997394,-0.004300961270928383,1.2993812106287805e-06,1.559988021850586,-2.027638077735901,0.31419118245442706
2021-10-20,95192.99430338542,297.8166097005208,-0.0045881131663918495,0.0,0.04204241434733073,-2.083986838658651,0.2999064127604167
2021-10-21,95214.00716145833,297.3379732767741,-0.004382122308015823,0.0,0.04265149434407552,-2.0113763014475503,0.28757667541503906
2021-10-22,95237.60888671875,297.58083470662433,-0.0044531868770718575,1.7195939108205494e-06,-0.48953692118326825,-1.4787238438924153,0.27598826090494794
2021-10-23,95243.16422526042,298.34045537312824,-0.0040771691128611565,8.583068797918258e-07,-0.5629049936930338,-0.557179848353068,0.26579538981119794
2021-10-24,95257.32926432292,297.75221888224286,-0.0031117545440793037,8.493661880493164e-07,-0.35053443908691406,-0.10794027646382649,0.2584857940673828
2021-10-25,95148.19677734375,296.6314474741618,-0.004067610017955303,4.292810501738131e-06,-0.8061790466308594,-1.8285331726074219,0.25035349527994794
2021-10-26,95109.25081380208,295.91817410786945,-0.00397302582859993,8.52346317969932e-07,-1.0339775085449219,-2.0685677925745645,0.2411365509033203
2021-10-27,95137.78727213542,295.7773132324219,-0.004098936915397644,8.52346317969932e-07,-1.1944821675618489,-2.367977778116862,0.23205884297688803
2021-10-28,95151.09326171875,297.10106531778973,-0.0037277424708008766,0.0,-1.5346431732177734,-2.590318044026693,0.22388648986816406
2021-10-29,95268.89192708333,297.96914609273273,-0.0028840424492955208,4.200637340545654e-05,-2.0461883544921875,-1.959987759590149,0.21789677937825522
2021-10-30,95285.32063802083,297.6586907704671,-0.0029312698170542717,0.0011444866656233899,-1.7799994150797527,-0.7429555257161459,0.21751785278320312
2021-10-31,95229.69189453125,297.86488978068036,-0.0030924202874302864,4.795193672180176e-05,-1.9153311252593994,-0.7940185864766439,0.21689796447753906
2021-11-01,95178.24853515625,297.11406962076825,-0.002334234304726124,0.0004056990146636963,-1.8882851203282673,0.3720690409342448,0.2141876220703125
2021-11-02,95175.79345703125,296.11285400390625,-0.0019704848527908325,0.006351083528670642,-2.5560264587402344,0.31249109903971356,0.25842539469401044
2021-11-03,95149.30989583333,296.16077613830566,-0.001756458543241024,0.003209856430146374,-1.9505144755045574,0.8374917109807333,0.2978204091389974
2021-11-04,95113.65576171875,296.49709065755206,-0.0024667633697390556,0.001853539748822186,-1.8920129140218098,0.5617325305938721,0.2997353871663411
2021-11-05,95074.68212890625,296.207478205363,-0.0026782555505633354,0.00013807713980895642,-1.9626668294270833,0.44441835085550946,0.28621673583984375
2021-11-06,94971.26806640625,296.1426175435384,-0.0031871916726231575,4.106760020050615e-06,-1.5475247701009114,-0.7988682587941488,0.26937421162923175
2021-11-07,95018.56722005208,295.5972951253255,-0.003479522652924061,1.5354932770605956e-05,-1.757571538289388,-1.3437927563985188,0.2534929911295573
2021-11-08,95116.78352864583,294.8103764851888,-0.003558577038347721,1.7093202018259035e-06,-1.4973219235738118,-1.5770416259765625,0.2393182118733724
2021-11-09,95135.4716796875,295.4449380238851,-0.0035524722188711166,1.7069392583834997e-06,-1.5283387502034504,-1.9801279703776042,0.2266534169514974
2021-11-10,94986.68180338542,296.7188803354899,-0.0034162774682044983,1.698316168585734e-06,-1.2133445739746094,-2.5336920420328775,0.21543184916178384
2021-11-11,94838.36702473958,294.40220832824707,-0.0020474502816796303,0.005321353180988808,-1.1162376403808594,-2.6796597242355347,0.23521550496419272
2021-11-12,94874.0791015625,295.26488558451337,-0.0009760856628417969,0.003906350722388652,-1.854260762532552,-1.2833517789840698,0.290768305460612
2021-11-13,94905.3017578125,296.8443717956543,-0.0019062906503677368,0.0014065206050304369,-2.432170867919922,0.38438979784647626,0.2975279490152995
2021-11-14,94897.27311197917,297.0270201365153,-0.0020793983712792397,0.002958807349102699,-2.390111287434896,0.6774304707845052,0.2975756327311198
2021-11-15,94789.80696614583,297.46301714579266,-0.0023954082280397415,0.0014183104037215344,-2.6949456532796225,0.5215015411376953,0.2970619201660156
2021-11-16,94886.88671875,296.88094965616864,-0.0019551534205675125,0.0012984514236222822,-3.2118924458821616,1.1763343811035156,0.29241307576497394
2021-11-17,95011.55126953125,296.697411219279,-0.0021564168855547905,0.0021218389271666638,-2.6394341786702475,1.2041575113932292,0.29090118408203125
2021-11-18,94855.38834635417,296.52149136861163,-0.0013140616938471794,0.0023653149604747625,-1.333871841430664,-0.7803484598795573,0.3031126658121745
2021-11-19,94664.2109375,295.9483350118001,-0.0014871414750814438,0.00233187079425079,-3.7022908528645835,-0.059204657872517906,0.30397478739420575
2021-11-20,94758.3037109375,296.2535177866618,-0.0020959647372365,0.0027263998985063154,-3.8352533976236978,1.5393206278483074,0.3108285268147786
2021-11-21,95026.10384114583,296.3226509094238,-0.002230602316558361,0.003040326751147404,-2.8344043095906577,1.6493250528971355,0.3196226755777995
2021-11-22,95102.14567057292,297.227819442749,-0.002139975316822529,0.0007053315638927415,-1.3338788350423176,0.8902633984883627,0.3072967529296875
2021-11-23,95060.07796223958,297.9868386586507,-0.0024927062913775444,0.0005292803048746464,-0.9629020690917969,0.23696581522623697,0.2929375966389974
2021-11-24,95115.65120442708,297.31618245442706,-0.0025060055777430534,0.00035294890392378875,-1.9056841532389324,-0.01985589663187663,0.28226788838704425
2021-11-25,95164.85660807292,296.63492012023926,-0.0030292151495814323,9.885430301892484e-06,-1.5374934673309326,-0.34954174359639484,0.26902135213216144
2021-11-26,95200.47998046875,295.8681411743164,-0.003296921029686928,0.0,-1.7054961522420247,-1.0522219737370808,0.2553183237711589
2021-11-27,95224.29524739583,295.06117184956867,-0.002755497582256794,8.553266184208042e-07,-1.8848859866460164,-0.9566701253255209,0.24427159627278647
2021-11-28,95306.66715494792,295.52421887715656,-0.0023553436622023582,8.508999883360957e-06,-2.375618100166321,0.03972792625427246,0.23591168721516928
2021-11-29,95354.349609375,294.9684314727783,-0.0011176876723766327,0.0008406519888808361,-2.0286880334218345,-0.21404719352722168,0.23691240946451822
2021-11-30,95282.20719401042,295.8223870595296,-0.002240121364593506,0.00022486448284553262,-2.092065771420797,0.2836807171503703,0.2345282236735026
2021-12-01,95180.7958984375,295.84020678202313,-0.002073986455798149,9.840726761467522e-06,-2.1569576263427734,1.405286471048991,0.22832679748535156
2021-12-02,95159.88492838542,295.63818232218426,-0.002316584810614586,2.9891728559050534e-06,-1.4198678334554036,1.6186888217926025,0.22109476725260416
2021-12-03,95180.09716796875,296.1052773793538,-0.0025551002472639084,8.52346317969932e-07,-1.2748152414957683,-0.15402849515279135,0.21342150370279947
2021-12-04,95151.71207682292,296.4913037618001,-0.002746869809925556,4.291533514333423e-06,-0.07556088765462239,-2.190188447634379,0.20555496215820312
2021-12-05,95118.04964192708,296.46471214294434,-0.0028264177963137627,-5.170477379579097e-09,-0.36971600850423175,-2.0346484184265137,0.19762229919433594
2021-12-06,95172.83707682292,296.5844071706136,-0.002738434821367264,1.714108634587319e-06,-1.2889766693115234,-1.759583870569865,0.1905371348063151
2021-12-07,95234.55875651042,296.7324384053548,-0.002619002014398575,1.7238896816706983e-06,-2.112943649291992,-1.1846407254536946,0.18401527404785156
2021-12-08,95297.85563151042,296.69561258951825,-0.0023812279105186462,1.4096498489379883e-05,-2.163372039794922,0.5558607975641886,0.1784839630126953
2021-12-09,95459.72932942708,296.77242851257324,-0.0017245076596736908,0.00030265294105902285,-2.0765304565429688,0.8084598779678345,0.17613792419433594
2021-12-10,95484.85188802083,295.9055461883545,-0.0016937954351305962,0.0012405693530013195,-2.1679340600967407,0.194903294245402,0.18101374308268228
2021-12-11,95471.01806640625,296.21267890930176,-0.0019995225593447685,0.00019106864925788614,-2.092883030573527,0.10950521628061931,0.18125089009602866
2021-12-12,95462.4189453125,295.7428493499756,-0.0023386795073747635,7.212162017822266e-06,-2.309453328450521,-0.13501389821370444,0.1760107676188151
2021-12-13,95384.65266927083,295.0653769175212,-0.0017149802297353745,0.00032121539112495157,-1.7734394073486328,0.49381407101949054,0.17369524637858072
2021-12-14,95345.54996744792,294.6138102213542,-0.0015422599390149117,0.0001644968986056483,-1.8940887451171875,0.2576891581217448,0.1722100575764974
2021-12-15,95382.67350260417,294.07883898417157,-0.002150091342628002,4.410743663640915e-07,-1.7015310923258464,-1.2652750412623088,0.16847356160481772
2021-12-16,95444.548828125,293.5662670135498,-0.0023698480799794197,0.0,-1.4997069040934246,-1.3202704588572185,0.1637592315673828
2021-12-17,95456.38802083333,293.01780954996747,-0.0023485589772462845,4.351138045421976e-07,-1.1469370524088542,-1.8063023885091145,0.15936152140299478
2021-12-18,95442.70540364583,293.0096143086751,-0.0023186132311820984,0.0,-1.4957205454508464,-2.2037531534830728,0.1553045908610026
2021-12-19,95513.66748046875,292.68102010091144,-0.001912817358970642,0.0,-1.7386919657389324,-1.130261739095052,0.15201632181803384
2021-12-20,95488.5615234375,292.2524592081706,-0.001963181421160698,1.2934207802572928e-06,-1.266164779663086,-1.4383372068405151,0.14934666951497397
2021-12-21,95440.25944010417,292.6870803833008,-0.0020214924588799477,8.583068833445395e-07,-0.6602865854899088,-1.0172996520996094,0.14668909708658853
2021-12-22,95275.20198567708,293.3346309661865,-0.0020163338631391525,4.351138045421976e-07,-1.0798149108886719,-0.11366780598958333,0.14424959818522134
2021-12-23,95235.09130859375,294.1617240905762,-0.002043386921286583,0.0,-0.9419706265131632,0.9071457386016846,0.1418755849202474
2021-12-24,95222.68701171875,294.86956151326496,-0.00196990929543972,8.52346317969932e-07,-0.3617267608642578,1.8516324361165364,0.13965670267740884
2021-12-25,95263.46321614583,295.2367820739746,-0.001906067132949829,0.0,0.1432896852493286,0.5668042500813802,0.13767369588216147
2021-12-26,95414.03450520833,295.7927773793538,-0.0017060786485671997,2.1424626197585894e-06,-1.1019299427668254,1.3553433418273926,0.13609441121419272
2021-12-27,95457.50130208333,295.29202461242676,-0.0013937875628471375,1.710977585389628e-06,-1.8763192494710286,1.7346171538035076,0.13494364420572916
2021-12-28,95357.07389322917,294.9008871714274,-0.0016099615022540092,4.410743663640915e-07,-1.9151982466379802,2.2996811072031655,0.1339270273844401
2021-12-29,95363.2919921875,294.9225959777832,-0.0015255156904459,4.266559567867034e-06,-2.0753913720448813,1.7770244280497234,0.13292376200358072
2021-12-30,95611.34895833333,294.2798550923665,-0.0013225199654698372,0.0002863273259094967,-2.9366716146469116,0.02302245299021403,0.1332708994547526
2022-01-01,95642.2705078125,294.9412835439046,-0.001353476196527481,6.967782894662378e-06,-2.1667283376057944,0.3193124135335286,0.13198216756184897
2022-01-02,95508.77425130208,294.55282274882,-0.001236461102962494,4.0143728256225586e-05,-1.8617706298828125,0.15911102294921875,0.13140424092610678
2022-01-03,95451.68717447917,293.9898802439372,-0.001584252342581749,1.6901151980164286e-06,-1.7411023775736492,-0.4676856994628906,0.13061968485514322
2022-01-04,95435.56136067708,293.9132200876872,-0.0015703793615102768,0.0,-1.9564450581868489,0.48691685994466144,0.12969589233398438
2022-01-05,95416.17740885417,294.054630279541,-0.0014569787308573723,0.0,-1.593910853068034,1.5659287770589192,0.12884966532389322
2022-01-06,95316.51936848958,294.25354766845703,-0.0014962339773774147,4.351138045421976e-07,-2.1998780568440757,1.666983167330424,0.1280803680419922
2022-01-07,95334.18636067708,294.8934949239095,-0.0013630446046590805,6.437300612560648e-07,-2.36143430074056,1.9716288248697917,0.1273676554361979
2022-01-08,95321.29020182292,295.1662012736003,-0.0010567829012870789,0.00013078749179840088,-1.458028793334961,2.549878398577372,0.12761942545572916
2022-01-09,95161.21907552083,295.55346234639484,-0.0010552536696195602,7.834136482642862e-05,-0.7260640462239584,2.25162680943807,0.1279169718424479
2022-01-10,95212.63623046875,294.7717037200928,-0.0012952173128724098,0.002389614158346376,-0.7425127824147543,1.441886266072591,0.1392993927001953
2022-01-11,95174.88785807292,294.79577891031903,-0.0015664994716644287,0.001749822497288278,-1.523535927136739,2.0295825004577637,0.15471967061360678
2022-01-12,95158.90006510417,294.73716735839844,-0.0014826683327555656,0.0012167394161224365,-1.7761932214101155,1.7782729069391887,0.1644420623779297
2022-01-13,95109.59765625,293.5709622701009,-0.0010502170771360397,0.001491401291218608,-2.7861321767171225,1.2926063537597656,0.1735401153564453
2022-01-14,95122.37418619792,294.33042907714844,-0.0014649387449026108,0.0012485057115441123,-1.8399683634440105,1.7722868124643962,0.1803277333577474
2022-01-15,95310.70979817708,293.5314299265544,-0.0010998044162988663,0.0012142715419827255,-1.867269515991211,-0.42214711507161456,0.1847540537516276
2022-01-16,95487.6826171875,293.8007729848226,-0.0014050174504518509,0.0004998594522476196,-2.3514175415039062,-0.17668914794921875,0.18679046630859375
2022-01-17,95585.486328125,294.01011912027997,-0.00148671492934227,0.0007861647072786582,-1.4739576975504558,0.1542393366495768,0.1859137217203776
2022-01-18,95395.63346354167,294.63059107462567,-0.001862974837422371,9.036468952672294e-06,-0.5489985942840576,-0.8128948211669922,0.1795330047607422
2022-01-19,95234.28336588542,294.5934244791667,-0.0019371658563613892,0.0,-0.33393414815266925,-0.9968365430831909,0.171234130859375
2022-01-20,95016.41227213542,295.01911036173504,-0.0019760839641094208,4.410743663640915e-07,0.4891363779703776,0.026625315348307293,0.16366449991861978
2022-01-21,94996.91162109375,295.7412567138672,-0.0020784689113497734,8.648742664263409e-07,1.2058652242024739,-1.1580111185709636,0.15666643778483072
2022-01-22,94793.57926432292,296.34886678059894,-0.0020506717264652252,1.2904405366498395e-06,1.1716047922770183,1.6514434814453125,0.15055274963378906
2022-01-23,94845.40152994792,296.10339736938477,-0.001691734418272972,0.0,2.3467089335123696,-0.6097240447998047,0.1454334259033203
2022-01-24,94935.24951171875,293.6370340983073,-0.001728340983390808,1.704692635939864e-06,0.20466673374176025,-1.6277249654134114,0.14142862955729166
2022-01-25,95007.66259765625,293.38399442036945,-0.0016122078523039818,8.52346317969932e-07,-0.7682845989863077,-1.1493974924087524,0.13816006978352866
2022-01-26,95097.83463541667,294.3952350616455,-0.0015318356454372406,0.0,-1.3287629286448162,-1.2981037298838298,0.13541666666666666
2022-01-27,95244.31103515625,293.61183166503906,-0.0015577562153339386,2.5773711627152807e-06,-2.091224034627279,-1.7488679091135662,0.13300768534342447
2022-01-28,95386.14990234375,292.5073134104411,-0.0016920287162065506,4.0690828839728965e-07,-1.710182825724284,-1.772020657857259,0.13090006510416666
2022-01-29,95407.50862630208,292.51590665181476,-0.0016217082738876343,1.2814998058274796e-06,-1.1606515248616536,-1.4383357763290405,0.12904485066731772
2022-01-30,95199.97981770833,294.44003740946454,-0.0015864521265029907,4.351138045421976e-07,-0.11653391520182292,-0.8941504160563151,0.12752787272135416
2022-01-31,95111.50862630208,295.6224714914958,-0.0016469024121761322,1.7285328794969246e-06,-0.6800519625345866,0.03225600719451904,0.126190185546875
2022-02-01,95035.08251953125,295.87816619873047,-0.0016176868230104446,8.52346317969932e-07,-0.6740781863530477,0.08115164438883464,0.12504450480143228
2022-02-02,95065.68147786458,296.9021759033203,-0.0015651527792215347,0.0,-1.0429331461588542,1.5932127237319946,0.12405649820963542
2022-02-03,94887.47119140625,297.12964630126953,-0.0014233198016881943,4.261732051702438e-07,1.0054047505060832,2.78907839457194,0.12328465779622395
2022-02-04,94952.4619140625,294.7614809672038,-0.001560477539896965,1.2934207802572928e-06,0.8874537150065104,-1.7669825156529744,0.12259229024251302
2022-02-05,95113.2216796875,294.57674471537274,-0.0015177968889474869,8.52346317969932e-07,-1.993857701619466,-0.05639195442199707,0.12201182047526042
2022-02-06,95329.296875,295.03948338826496,-0.001365799456834793,2.1526329874177463e-06,-2.269237518310547,1.0791362921396892,0.12152544657389323
2022-02-07,95266.79117838542,296.5552724202474,-0.0012825541198253632,8.434732876594353e-07,-1.3230787913004558,1.250740687052409,0.1209729512532552
2022-02-08,95137.9111328125,297.39255078633624,-0.001166151836514473,4.351138613856165e-07,-1.6375713348388672,1.8130149841308594,0.12064043680826823
2022-02-09,95143.84749348958,296.70432980855304,-0.0011020507663488388,3.863035999529529e-06,-2.0092055002848306,2.7073891957600913,0.12043190002441406
2022-02-10,95191.68717447917,296.4416364034017,-0.0011467337608337402,4.291536193079537e-07,-1.4867388407389324,0.12412834167480469,0.12024370829264323
2022-02-11,95232.61474609375,296.49156252543133,-0.0011180061846971512,7.158517837524414e-05,-2.2581748962402344,-1.3905086517333984,0.12041028340657552
2022-02-12,95188.65283203125,295.47561581929523,-0.001426849514245987,0.0,-2.1076056162516275,-0.5423538684844971,0.12021573384602864
2022-02-13,95062.0751953125,295.19858105977374,-0.0014957245439291,2.573267693151138e-06,-2.1165173848470054,0.5360742410024008,0.11994043986002605
2022-02-14,95038.69124348958,295.9135506947835,-0.0014020847156643867,1.3329118701221887e-05,-2.0569496154785156,1.4411052862803142,0.1196136474609375
2022-02-15,94967.03466796875,296.9420789082845,-0.0012573283165693283,8.485963007842656e-07,-1.854239781697591,1.5851751963297527,0.11922518412272136
2022-02-16,94773.16357421875,296.72481028238934,-0.0009934687986969948,3.8236379623413086e-05,-1.5662403106689453,1.8528679211934407,0.11934343973795573
2022-02-17,94795.9931640625,296.9185447692871,-0.0012789629399776459,0.0,-1.9205780029296875,1.6053695678710938,0.119293212890625
2022-02-18,95003.60546875,296.9077828725179,-0.0011817123740911484,8.642673492431641e-07,-2.232508977254232,2.0536481936772666,0.11918258666992188
2022-02-19,95112.76123046875,297.5052903493245,-0.0014626141637563705,8.615441338122309e-07,-1.6154670715332031,2.2297575871149697,0.1190643310546875
2022-02-20,94918.79150390625,298.17456944783527,-0.001363629475235939,4.351138045421976e-07,2.44383176167806,0.9791005452473959,0.11894607543945312
2022-02-21,94928.28401692708,297.85901260375977,-0.001467989757657051,0.0,-0.723114013671875,-1.4883276621500652,0.11882082621256511
2022-02-22,95144.09326171875,298.6105302174886,-0.0014694221317768097,1.724633477806492e-06,-2.243260701497396,0.911247968673706,0.11870638529459636
2022-02-23,95367.38509114583,297.94930775960285,-0.0012378916144371033,4.297494797356194e-06,-2.3755811055501304,1.92431636651357,0.11866442362467448
2022-02-24,95400.03466796875,298.1037826538086,-0.0014950353652238846,0.0,-1.8264840443929036,2.318092465400696,0.11860466003417969
2022-02-25,95296.93977864583,298.61129570007324,-0.0015749651938676834,8.52346317969932e-07,-2.044036865234375,1.6436309814453125,0.11852518717447917
2022-02-26,95370.91129557292,297.3031934102376,-0.0014539435505867004,4.351138045421976e-07,-2.6569601694742837,2.0648956298828125,0.11846860249837239
2022-02-27,95365.35970052083,297.29593658447266,-0.0014423094689846039,8.52346317969932e-07,-2.2540130615234375,1.7445419629414876,0.11842918395996094
2022-02-28,95298.18912760417,297.99001121520996,-0.001528782770037651,8.702277796146518e-07,-2.181745092074076,1.7679723501205444,0.11838086446126302
2022-03-01,95287.37337239583,298.8664328257243,-0.001557832583785057,0.0,-1.9835694630940754,1.5340321858723958,0.11831982930501302
2022-03-02,95237.9599609375,298.99497350056964,-0.0014349967241287231,8.612870487922919e-07,-2.3064613342285156,1.1450646718343098,0.11826705932617188
2022-03-03,95246.96761067708,299.035831451416,-0.0014489376917481422,1.7225727333425311e-06,-2.2962659200032554,1.5163118839263916,0.11823399861653645
2022-03-04,95219.79215494792,299.0855655670166,-0.0014221994206309319,1.2874602930423862e-06,-2.3906663258870444,1.2268678744633992,0.11820729573567708
2022-03-05,95112.96158854167,298.79163297017413,-0.0013792794197797775,1.7225742112714215e-06,-1.9856224060058594,0.13144163290659586,0.11818695068359375
2022-03-06,95110.37744140625,299.1352621714274,-0.0013687005266547203,4.288553100195713e-06,-2.310197194417318,1.252959966659546,0.11818122863769531
2022-03-07,95133.71451822917,299.4971059163411,-0.001333494670689106,2.157688072657038e-06,-1.8515923817952473,1.533854881922404,0.1181780497233073
2022-03-08,95065.38671875,299.84006182352704,-0.0013145077973604202,0.0,-0.9002246856689453,0.8544545571009318,0.11814181009928386
2022-03-09,95028.779296875,300.4560610453288,-0.0013564173132181168,2.152343142824975e-06,-0.7926069895426432,0.23827572663625082,0.11810747782389323
2022-03-10,95032.56363932292,300.62566630045575,-0.0011885231360793114,8.52346317969932e-07,-0.9001636505126953,0.7604338328043619,0.11809031168619792
2022-03-11,95008.06722005208,300.8123207092285,-0.0013089170679450035,6.02245330796336e-05,-0.03246370951334635,-1.0994579792022705,0.11819076538085938
2022-03-12,94985.76871744792,300.9953441619873,-0.0011661555618047714,1.701035159840103e-06,-0.4639060894648234,-1.164489507675171,0.11844952901204427
2022-03-13,95018.52490234375,301.4101848602295,-0.001458883285522461,4.351138045421976e-07,-1.5222371419270833,-1.5697001616160076,0.11834081013997395
2022-03-14,95008.775390625,301.5730794270833,-0.0015912726521492004,1.7256346040994686e-06,-1.0109583536783855,-1.545026143391927,0.11823018391927083
2022-03-15,94826.5244140625,301.4971466064453,-0.0015831980854272842,0.0,-0.4944953918457031,-0.3708021640777588,0.11814308166503906
2022-03-16,94708.80094401042,302.04623794555664,-0.0016466090455651283,4.351138045421976e-07,0.41031455993652344,-0.35424025853474933,0.1180712381998698
2022-03-17,94651.68180338542,303.03416697184247,-0.0016789976507425308,8.612870487922919e-07,0.3651866912841797,-0.24640870094299316,0.11801783243815105
2022-03-18,94611.47021484375,302.7433738708496,-0.0014699744060635567,0.0,-0.012928009033203125,1.2747389475504558,0.11797269185384114
2022-03-19,94583.46402994792,302.16704241434735,-0.0011760126799345016,2.941787232657589e-05,0.2238545020421346,1.8440902630488079,0.11804389953613281
2022-03-20,94591.66878255208,302.2727133433024,-0.0011659786105155945,0.0001088983653971809,1.669566551844279,0.9602011839548746,0.11864725748697917
2022-03-21,94666.60237630208,302.69188563028973,-0.0012767668813467026,8.603078072155768e-07,-0.7860304514567057,-0.22502052783966064,0.11868222554524739
2022-03-22,94709.67301432292,302.71459070841473,-0.0012589367106556892,4.351138045421976e-07,-0.8135875463485718,0.3954430818557739,0.11845842997233073
2022-03-23,94687.5009765625,302.7353172302246,-0.0013136602938175201,1.7195939108205494e-06,-1.2953948577245076,0.57419220606486,0.11829630533854167
2022-03-24,94726.37434895833,302.4549922943115,-0.0012686867266893387,1.7252261841349537e-06,-1.6506403684616089,1.4979796012242634,0.11819521586100261
2022-03-25,94863.83219401042,302.553648630778,-0.0011605499312281609,1.700730479115009e-06,-1.3776410420735676,1.7533088127772014,0.1181348164876302
2022-03-26,95003.04541015625,303.0456174214681,-0.001173919066786766,4.380941390991211e-06,-0.9835116068522135,0.8046150207519531,0.11809349060058594
2022-03-27,95005.57080078125,303.2576376597087,-0.0012134099379181862,2.1338461806408304e-06,-0.9881216684977213,1.0839245716730754,0.11805216471354167
2022-03-28,94917.1708984375,303.98675600687665,-0.0013483688235282898,0.0,-0.09224955240885417,0.6845080057779948,0.11800448099772136
2022-03-29,94791.373046875,303.51364199320477,-0.0014522522687911987,8.583068797918258e-07,0.7950661977132162,0.3493382930755615,0.11796124776204427
2022-03-30,94784.287109375,303.42132631937665,-0.0014405753463506699,0.0,0.7053763071695963,0.6215677261352539,0.11792373657226562
2022-03-31,94806.66569010417,303.794890721639,-0.001378791406750679,0.0,-0.025598526000976562,0.9105888605117798,0.11789194742838542
2022-04-01,94849.63427734375,303.57051340738934,-0.001316901296377182,2.5771948344299744e-06,-1.4718647003173828,1.5824262301127117,0.11787796020507812
2022-04-02,94943.40901692708,303.1303596496582,-0.0012437254190444946,1.2965458040525846e-06,-1.6145267486572266,1.6129570802052815,0.11786969502766927
2022-04-03,94896.89925130208,303.2099412282308,-0.0012501385062932968,8.52346317969932e-07,-1.2789430220921834,1.4405396779378254,0.11786969502766927
2022-04-04,95007.41389973958,303.2456512451172,-0.0012133680284023285,1.859664735093247e-05,-1.4241511821746826,1.6070364316304524,0.11793708801269531
2022-04-05,95131.61197916667,302.7321135203044,-0.0012117903679609299,1.7136334804490616e-06,-1.5539658864339192,1.6368038654327393,0.11797650655110677
2022-04-06,95118.72412109375,302.84095509847003,-0.0011693965643644333,3.01281619385918e-06,-0.5821075439453125,1.327895998954773,0.11795679728190105
2022-04-07,95024.0107421875,303.1543032328288,-0.0012056175619363785,1.7247123942354392e-06,-0.9532642364501953,1.4089477856953938,0.11794980367024739
2022-04-08,94931.31233723958,303.042672475179,-0.0013534221798181534,0.0,-1.5964609781901042,2.027384559313456,0.11792182922363281
2022-04-09,94829.54801432292,302.92670313517254,-0.0011918647214770317,0.0,-0.9387537638346354,1.688335696856181,0.11789194742838542
2022-04-10,94794.73063151042,302.96192868550617,-0.0010739443823695183,0.0,-0.7232030232747396,1.3639198144276936,0.11787478129069011
2022-04-11,94737.490234375,302.8963101704915,-0.0010580215603113174,8.523463748133508e-07,-0.45986167589823407,1.550818681716919,0.11786778767903645
2022-04-12,94656.35123697917,303.27981821695965,-0.0012419093400239944,1.703286557130923e-06,-1.3008151451746623,1.5424824555714924,0.11785380045572917
2022-04-13,94645.29085286458,303.1559003194173,-0.0012119831517338753,0.0,-1.6786648829778035,2.1626500686009726,0.11783472696940105
2022-04-14,94632.14794921875,303.74575487772626,-0.0010831262916326523,0.0,-0.6552693446477255,1.8590210676193237,0.11782519022623698
2022-04-15,94622.3935546875,303.58870697021484,-0.0012618852779269218,0.0011597200921755757,0.9687783320744833,1.2564454873402913,0.12466939290364583
2022-04-16,94573.84016927083,303.65150515238446,-0.001428358256816864,0.00042048692694152123,1.0492236614227295,0.6667182048161825,0.12969525655110678
2022-04-17,94687.865234375,303.31678835550946,-0.0015497980639338493,0.0009802758692671887,1.1490338643391926,0.8451795180638632,0.13264338175455728
2022-04-18,94829.79931640625,303.97228622436523,-0.0014913473278284073,2.58088101645626e-06,0.7192052205403646,0.7852011124293009,0.13293139139811197
2022-04-19,94889.37418619792,304.57073465983075,-0.001445583999156952,4.351138045421976e-07,0.7316122055053711,0.7955364386240641,0.12874539693196616
2022-04-20,94679.67724609375,305.392723719279,-0.00149588193744421,8.523463748133508e-07,0.18830998738606772,0.7847937742869059,0.12546666463216147
2022-04-21,94689.36897786458,304.49630482991535,-0.0012213671579957008,7.319460905819142e-05,0.0022563934326171875,1.5316420793533325,0.12337875366210938
2022-04-22,94858.00341796875,302.4763043721517,-0.0012855436652898788,0.001437659547431025,-0.20723406473795572,0.42794597148895264,0.13036982218424478
2022-04-23,94881.46761067708,303.01257642110187,-0.001709524542093277,0.0004846185444762341,-0.4076899290084839,0.12720402081807455,0.13640785217285156
2022-04-24,94751.62760416667,304.0101795196533,-0.0013952124863862991,0.0005902796984287306,0.9873644510904948,0.19551467895507812,0.1364161173502604
2022-04-25,94669.31901041667,304.8994483947754,-0.0015479978173971176,1.2534856693946494e-05,-0.34846750895182294,0.8820101420084635,0.134002685546875
2022-04-26,94722.69417317708,304.77028401692706,-0.001319986768066883,1.5134695786400698e-05,0.4481468200683594,0.5582697788874308,0.12949180603027344
2022-04-27,94668.8154296875,305.5143102010091,-0.001355620101094246,0.000100409984554517,-0.5231272379557291,1.1705903609593709,0.12664286295572916
2022-04-28,94761.63850911458,305.5189634958903,-0.0012788986787199974,6.4820051193237305e-06,0.42292022705078125,0.7704152663548788,0.12436294555664062
2022-04-29,94667.70882161458,305.90528361002606,-0.0013343095779418945,3.02791585227169e-06,0.8920523325602213,-0.03937657674153646,0.12241554260253906
2022-04-30,94517.06184895833,305.77344195048016,-0.0012648943811655045,8.52346317969932e-07,1.6772706906000774,0.8487054904301962,0.12095705668131511
2022-05-01,94418.71110026042,305.99420674641925,-0.0012989407405257225,8.672475928506174e-07,1.0451895395914714,-0.1794959306716919,0.11992390950520833
2022-05-02,94435.70670572917,305.6603425343831,-0.0010903030633926392,0.0,0.9360987345377604,-0.6197134653727213,0.11926333109537761
2022-05-03,94563.33333333333,305.30911382039386,-0.0011644884943962097,0.00017318129539489746,-1.1822802225748699,1.141060471534729,0.11957995096842448
2022-05-04,94699.87548828125,304.8310782114665,-0.0010786373168230057,0.000189121295807837,-0.4482237497965495,1.259586215019226,0.12040201822916667
2022-05-05,94597.71695963542,304.94032224019367,-0.0011863261461257935,0.0001708686351094002,0.38724390665690106,0.6317803462346395,0.12060101826985677
2022-05-06,94541.45198567708,305.24453353881836,-0.0011455593630671501,6.467103958129883e-06,0.46921412150065106,0.319227655728658,0.12017250061035156
2022-05-07,94468.01969401042,305.62174733479816,-0.0011288262903690338,0.0,-0.22748883565266928,0.6064955393473307,0.11937840779622395
2022-05-08,94350.83772786458,305.1651725769043,-0.0010214392095804214,5.674064158256442e-05,-0.3594525655110677,0.48099350929260254,0.11908213297526042
2022-05-09,94130.94026692708,305.3365834554036,-0.0010418519377708435,8.52346317969932e-07,0.0075155893961588545,-0.8202056884765625,0.11884435017903645
2022-05-10,94070.89567057292,304.55623563130695,-0.0009921547025442123,0.00016995668410757503,-0.6797644297281901,-1.6141321659088135,0.11889902750651042
2022-05-11,94175.38932291667,299.6020978291829,-0.0019997600466012955,0.021141010522796932,0.6243991851806641,-1.8962886730829875,0.24750200907389322
2022-05-12,94280.60302734375,300.9119180043538,-0.0022262390702962875,0.00018706917762756348,-1.766684850056966,-0.24075718720753989,0.3030783335367839
2022-05-13,94271.90966796875,303.4701557159424,-0.0032768473029136658,1.0776519673072471e-05,-0.265960693359375,0.7821814219156901,0.25352223714192706
2022-05-14,94327.13264973958,304.86924807230633,-0.003193838521838188,2.499520769561059e-05,-0.09276326497395833,0.9415143330891927,0.2195002237955729
2022-05-15,94416.9765625,305.0286782582601,-0.0030412673950195312,5.641877646667126e-05,-0.6955051422119141,0.9607094923655192,0.19349034627278647
2022-05-16,94385.53564453125,304.46044476826984,-0.0025553572922945023,4.788637153296804e-05,-0.596612294514974,0.9293419122695923,0.17435773213704428
2022-05-17,94358.20247395833,302.9465154012044,-0.0021049780771136284,0.0020466148853302,-0.03485806783040365,1.044521967569987,0.1707611083984375
2022-05-18,94432.59537760417,302.93149121602374,-0.0018739895895123482,3.768801678916134e-05,-1.4599151611328125,1.2131973505020142,0.17223421732584634
2022-05-19,94477.51416015625,301.0356642405192,-0.0019607357680797577,0.006164044141769409,-1.7515373229980469,1.6075368722279866,0.1929009755452474
2022-05-20,94422.94856770833,300.0368874867757,-0.002603573724627495,0.0034839659929275513,1.9704678853352864,1.0154402256011963,0.2417322794596354
2022-05-21,94297.27115885417,301.6515687306722,-0.002593463286757469,0.00010269582264754717,4.896268844604492,0.34380853176116943,0.23465538024902344
2022-05-22,94194.40152994792,302.3395258585612,-0.0027693789452314377,8.52346317969932e-07,5.9723695119222,0.02562407652537028,0.2079798380533854
2022-05-23,94238.55582682292,302.9520956675212,-0.0025435741990804672,1.7136334804490616e-06,4.9883066813151045,0.11126748720804851,0.18600018819173178
2022-05-24,94491.8779296875,303.7349541982015,-0.002296864055097103,9.766220557594352e-06,3.8385721842447915,0.06096080938975016,0.16855557759602866
2022-05-25,94617.82014973958,304.3736852010091,-0.002126290462911129,0.00019312202920218624,2.7526753743489585,-0.7435149351755778,0.15570576985677084
2022-05-26,94583.63264973958,303.96416028340656,-0.001968902535736561,0.0005774736404369207,3.467426300048828,0.5683242479960123,0.14894803365071616
2022-05-27,94535.91422526042,303.33253987630206,-0.0017513204365968704,4.3839216232299805e-05,4.042064030965169,0.7956774234771729,0.1434612274169922
2022-05-28,94457.42757161458,304.06846872965497,-0.0017431890591979027,4.351138045421976e-07,4.189627965291341,0.3774884541829427,0.13674163818359375
2022-05-29,94436.73958333333,304.7414773305257,-0.001527148298919201,2.6114929880804993e-05,4.0044205983479815,0.38520201047261554,0.1316979726155599
2022-05-30,94374.05550130208,305.305850982666,-0.0013634245842695236,2.515018189797047e-05,3.3234030405680337,-0.045583089192708336,0.12816492716471353
2022-05-31,94344.90445963542,303.76242955525714,-0.0015477724373340607,0.0019959320343332365,3.0055109659830728,-0.6248254776000977,0.1361522674560547
2022-06-01,94365.56884765625,304.0878537495931,-0.0017601549625396729,0.0007644295692443848,2.916954676310221,-0.5506934324900309,0.14453442891438803
2022-06-02,94330.65738932292,304.71637535095215,-0.0015451107174158096,0.0002179086208293768,3.3975582122802734,-0.020679116249084473,0.14230918884277344
2022-06-03,94288.95084635417,305.6245924631755,-0.0016725845634937286,0.0004246026277492376,3.1459738413492837,-0.28179136912027997,0.13857460021972656
2022-06-04,94303.61881510417,306.38514455159503,-0.0015990044921636581,1.1577252394090465e-05,2.5476303100585938,-0.6811299324035645,0.1342932383219401
2022-06-05,94304.19986979167,306.0183283487956,-0.001576179638504982,0.00046308636660796765,1.9894180297851562,-0.21196873982747397,0.1314525604248047
2022-06-06,94369.7939453125,304.7013339996338,-0.0013134283944964409,0.0005118131636550061,3.385462443033854,-0.20391019185384116,0.13236681620279947
2022-06-07,94346.39973958333,305.03015581766766,-0.0016451217234134674,0.0010381668805052868,4.077922821044922,-0.6181239287058512,0.13603591918945312
2022-06-08,94343.56136067708,304.40408515930176,-0.0014904309064149857,0.00043738186354858044,3.9973487854003906,-1.1095719734827678,0.13727696736653647
2022-06-09,94357.04768880208,303.88857714335126,-0.0015249019488692284,0.0010250489463032864,3.505962371826172,-0.06271723906199138,0.14022445678710938
2022-06-10,94459.59130859375,303.5169843037923,-0.0014537163078784943,0.00024084632480025903,3.8958943684895835,1.0441182454427083,0.13941001892089844
2022-06-11,94542.42350260417,301.9144757588704,-0.0011795824393630028,0.00026854483883198554,4.357729593912761,1.0213775634765625,0.13628832499186197
2022-06-12,94577.44856770833,302.31218274434406,-0.0013460908085107803,0.0007402658455930577,3.593053181966146,0.24460792541503906,0.13576253255208334
2022-06-13,94648.30631510417,302.1647122701009,-0.001348971389234066,0.0009380668401668402,3.23878542582194,-0.009121894836425781,0.1373589833577474
2022-06-14,94577.70003255208,302.35794830322266,-0.0012331660836935043,0.00047867596140349633,2.9487832387288413,-0.31239306926727295,0.13946151733398438
2022-06-15,94525.40787760417,302.16470591227215,-0.0012211650609970093,0.0025839984416506923,1.8609097798665364,-0.3405953248341878,0.1428521474202474
2022-06-16,94534.76595052083,300.9419485727946,-0.0015678983181715012,0.004669278860092163,1.104636510213216,0.41456405321757,0.17765045166015625
2022-06-17,94511.87890625,301.49960390726727,-0.002302072010934353,0.002684718370403516,1.0456740061442058,1.4886021216710408,0.20990562438964844
2022-06-18,94558.77522786458,301.0737183888753,-0.0022428371012210846,0.0023836621638793076,1.0424474080403645,1.464860439300537,0.2254180908203125
2022-06-19,94528.27132161458,301.0099067687988,-0.0023867692798376083,0.003513372369411627,2.220867156982422,0.7766366799672445,0.23309961954752603
2022-06-20,94385.40608723958,300.730499903361,-0.0023763366043567657,0.0020791292190551758,3.7963695526123047,0.1673510471979777,0.2355016072591146
2022-06-21,94311.25504557292,298.3672046661377,-0.0020922571420669556,0.008153706789016724,3.9965394337972007,0.5808599789937338,0.27169354756673175
2022-06-22,94485.30647786458,298.30420112609863,-0.0021449467167258263,0.0035727262496898504,3.182317097981771,0.9791666666666666,0.3094317118326823
2022-06-23,94505.05322265625,300.520538965861,-0.0026791468262672424,0.000855827331537995,3.3164374033610025,1.0902296304702759,0.2696673075358073
2022-06-24,94384.814453125,299.62110265096027,-0.0022221654653549194,0.003257784974948663,3.8250745137532554,1.171024481455485,0.2647851308186849
2022-06-25,94218.30338541667,299.09581629435223,-0.002341168001294136,0.007279089093174207,4.428974787394206,0.9314490159352621,0.2653509775797526
2022-06-26,94334.7412109375,296.1719570159912,-0.0025211330503225327,0.038918793201332846,4.098498026529948,1.1896247069040935,0.3962879180908203
2022-06-27,94515.79182942708,296.9730580647786,-0.003067411482334137,0.01824645102023581,4.053415934244792,1.351032813390096,0.40615590413411456
2022-06-28,94448.70784505208,297.7367134094238,-0.0026413369923830032,0.006381589174225155,4.066357731819153,0.4786078135172526,0.40051714579264325
2022-06-29,94298.70442708333,299.3290049235026,-0.0035607535392045975,0.0009862244128271414,3.8281160990397134,0.3145718177159627,0.3675219217936198
2022-06-30,94289.07747395833,299.28526560465497,-0.0029760226607322693,0.0010010600090026855,3.95863405863444,0.03586773077646891,0.3501593271891276
2022-07-01,94311.08707682292,299.38782437642413,-0.0037977369502186775,0.004429124669229623,4.3620961507161455,-0.7603513399759928,0.34743626912434894
2022-07-02,94205.77132161458,299.46092478434247,-0.00341684278100729,0.0028972625732421875,4.406355539957683,-0.4029501676559448,0.3542626698811849
2022-07-03,94252.18570963542,298.5953089396159,-0.0032959114760160446,0.013089391589062416,4.333525975545247,0.21417236328125,0.36434491475423175
2022-07-04,94181.44091796875,297.8434893290202,-0.003169504925608635,0.015526750683779511,4.703334808349609,0.7848175366719564,0.3882598876953125
2022-07-05,94122.63199869792,297.27520815531415,-0.0035520121455192566,0.01472937117176798,5.075581868489583,0.6910324096679688,0.4124437967936198
2022-07-06,94346.03369140625,296.13562202453613,-0.0027146190404891968,0.01983534097661277,4.9973422686258955,0.7733244895935059,0.42331568400065106
2022-07-07,94447.52913411458,297.09786796569824,-0.0030639711767435074,0.009566630429560519,5.587721228599548,-0.02420643965403239,0.4096304575602214
2022-07-08,94276.58268229167,295.7318509419759,-0.0028435438871383667,0.04868250340869196,6.005646387736003,-0.20479623476664224,0.4259357452392578
2022-07-09,94068.40983072917,295.47195116678876,-0.0030078478157520294,0.068928540850834,7.120479583740234,-0.33380178610483807,0.42942365010579425
2022-07-10,94181.99137369792,295.1809450785319,-0.0028905114158988,0.035474319442243996,7.175937652587891,-0.5119138161341349,0.42851511637369794
2022-07-11,94253.16829427083,295.8968213399251,-0.002579720690846443,0.010113775730133057,7.708359440167745,-0.04699242115020752,0.417880376180013
2022-07-12,94170.60139973958,295.22094472249347,-0.0029556117951869965,0.04624143242830314,8.016745249430338,-0.28304799397786456,0.42992719014485675
2022-07-13,93919.52783203125,295.0612990061442,-0.003649389371275902,0.030562597858477147,8.309479395548502,0.6476943492889404,0.42937342325846356
2022-07-14,93904.73795572917,296.4838110605876,-0.002575194463133812,0.0030171066522584056,7.729033788045247,1.0911386807759602,0.4180755615234375
2022-07-15,94164.79524739583,298.03753598531085,-0.0030163470655679703,0.00019233674782626053,6.334449132283528,1.1487325032552083,0.40167681376139325
2022-07-16,94304.39990234375,298.22372309366864,-0.0036921249702572823,0.003388500213588941,5.25954806804657,0.8460628191630045,0.3928375244140625
2022-07-17,94356.42122395833,297.32934761047363,-0.002905171364545822,0.02051053345201126,5.0625548760096235,0.42923883597056073,0.41774559020996094
2022-07-18,94446.548828125,296.82153193155926,-0.0026178397238254547,0.009251013398170471,5.0872602462768555,0.747150699297587,0.4198983510335286
2022-07-19,94543.0732421875,298.5000527699788,-0.003869541920721531,0.0003837943075950534,4.529122670491536,0.3953297932942708,0.4000651041666667
2022-07-20,94557.55891927083,299.22223472595215,-0.004466824233531952,3.0297272644475015e-05,3.8680718739827475,-0.10733254750569661,0.3839842478434245
2022-07-21,94572.16748046875,298.5701961517334,-0.004013465717434883,0.0025857555537527332,3.5592575073242188,-1.266910155614217,0.3775501251220703
2022-07-22,94541.59895833333,296.78097852071124,-0.002072863280773163,0.024615651318185883,3.599707841873169,-0.07149577140808105,0.41637229919433594
2022-07-23,94468.47037760417,295.95420265197754,-0.002231048420071602,0.00918435985255428,4.284915288289388,0.27978336811065674,0.4243030548095703
2022-07-24,94509.33821614583,296.4657433827718,-0.0028019538149237633,0.008045690951234974,4.23048718770345,0.9319903453191122,0.4204425811767578
2022-07-25,94668.51399739583,297.524419148763,-0.0030257729813456535,0.004258283972738752,3.3185062408447266,0.11598992347717285,0.4142417907714844
2022-07-26,94762.9228515625,296.3308900197347,-0.0020191678777337074,0.008840823008483767,2.747372309366862,-0.8539810180664062,0.4210948944091797
2022-07-27,94756.36018880208,297.6463267008464,-0.0027482565492391586,0.003039652109123381,0.6593475341796875,-0.6845277150472006,0.41261037190755206
2022-07-28,94817.48942057292,298.71340560913086,-0.003573300316929817,0.01974759101847212,-0.18561935424804688,-0.08841216564178467,0.4116401672363281
2022-07-29,94743.58024088542,298.4118181864421,-0.003455003723502159,0.015058135984872933,0.4727427164713542,-0.23848632971445718,0.4206053415934245
2022-07-30,94604.45345052083,298.7916603088379,-0.0034598298370838165,0.005631593421924208,0.9715410868326823,-0.4482308228810628,0.4185619354248047
2022-07-31,94463.18408203125,298.9496313730876,-0.0035739727318286896,0.0024591177701900335,1.095733642578125,-0.3949419657389323,0.41193517049153644
2022-08-01,94440.46061197917,299.03661346435547,-0.003435051068663597,0.005658736752650384,1.2353070576985676,-0.9883664846420288,0.40849749247233075
2022-08-02,94329.05826822917,299.0906632741292,-0.0037408238276839256,0.01180961728090324,1.2435614267985027,-0.8913494745890299,0.4181976318359375
2022-08-03,94293.78466796875,298.9199733734131,-0.0038376767188310623,0.007683569192881379,0.33537546793619794,-0.7329279581705729,0.418182373046875
2022-08-04,94252.30615234375,298.13915824890137,-0.0034722555428743362,0.03903359573382659,0.6981334686279297,0.28863779703776044,0.4227142333984375
2022-08-05,94172.4033203125,297.96342341105145,-0.0033734003081917763,0.00912006795402931,3.3724644978841147,1.4217720826466878,0.4203910827636719
2022-08-06,94104.11214192708,296.6850700378418,-0.0027442360296845436,0.007179087400402295,4.534681677818298,0.8741415739059448,0.42357317606608075
2022-08-07,93994.31949869792,296.37903149922687,-0.0032332632690668106,0.03159345995362628,5.4480635325113935,0.46061575412750244,0.4282379150390625
2022-08-08,93908.74934895833,295.585168838501,-0.002859964035451412,0.024129018187522888,6.663728713989258,1.2210038503011067,0.4283987681070964
2022-08-09,93952.49348958333,295.80244000752765,-0.003068218007683754,0.009456916676072069,6.533222198486328,1.7414621114730835,0.4247900644938151
2022-08-10,93958.61653645833,297.9155979156494,-0.0036836285144090652,0.00013900697230795345,6.638299942016602,2.268116553624471,0.4058240254720052
2022-08-11,94231.37044270833,298.32738812764484,-0.0037984754890203476,0.00031852126121023616,5.553870519002278,2.4752647479375205,0.3911933898925781
2022-08-12,94439.4384765625,298.4309450785319,-0.004160646349191666,0.0002754578981232214,6.10828971862793,1.072285493214925,0.3787523905436198
2022-08-13,94457.38541666667,297.8350073496501,-0.003778703510761261,0.0015657175462884254,5.587490717569987,0.42355390389760333,0.3729909261067708
2022-08-14,94526.17692057292,296.3627134958903,-0.0030107293277978897,0.009887915849617457,5.649203618367513,0.3000699281692505,0.39798927307128906
2022-08-15,94610.55159505208,296.42487653096515,-0.002629457972943783,0.0027911778382367913,4.7451629638671875,1.3482742706934612,0.4038340250651042
2022-08-16,94727.29166666667,298.0239423116048,-0.004061684012413025,7.664263239348656e-05,3.3879820505777993,1.71209712823232,0.38656044006347656
2022-08-17,94726.70149739583,298.4688371022542,-0.004387036897242069,2.7418136596679688e-06,3.7363433837890625,0.40116381645202637,0.3712749481201172
2022-08-18,94647.53092447917,298.91424624125165,-0.004552684724330902,2.7540326016151084e-05,4.222127278645833,-0.8060470819473267,0.3578351338704427
2022-08-19,94612.62744140625,298.7039000193278,-0.004034519195556641,1.5465591786778532e-05,4.559533437093099,-1.1797228654225667,0.3469244639078776
2022-08-20,94516.76529947917,298.3501625061035,-0.0038517024368047714,0.0006271660327570316,4.878174463907878,-0.678814967473348,0.34064801534016925
2022-08-21,94425.77799479167,298.46546872456867,-0.003929220139980316,0.0003708253485115165,5.090456008911133,-0.10697074731190999,0.3338616689046224
2022-08-22,94401.15478515625,298.1195646921794,-0.003650626167654991,0.0005485892295951089,4.816033681233724,0.36848604679107666,0.32761383056640625
2022-08-23,94586.9599609375,298.4092044830322,-0.0037764301523566246,0.0005680352448393933,3.9561614990234375,0.1305009921391805,0.32215436299641925
2022-08-24,94695.13688151042,298.4007517496745,-0.0038034971803426743,0.0003712952136538661,3.392400105794271,-0.9021147886912028,0.31499671936035156
2022-08-25,94618.67268880208,298.58811632792157,-0.0037721022963523865,0.0008640229701946112,1.978873570760091,-1.3947503566741943,0.3101431528727214
2022-08-26,94594.87125651042,298.7269687652588,-0.0038009285926818848,0.0004277527332305908,1.817630132039388,-1.3731187184651692,0.3053124745686849
2022-08-27,94568.75358072917,299.21349652608234,-0.004335460253059864,0.00019046664237976074,2.0504480997721353,-1.6378114620844524,0.29613685607910156
2022-08-28,94565.99967447917,299.18019104003906,-0.003933161497116089,0.0001014411449382635,1.6172593434651692,-1.7109142939249675,0.28643353780110675
2022-08-29,94745.22086588542,298.6711419423421,-0.0033959560096263885,0.0061655789613723755,-0.3511238098144531,-0.7261185248692831,0.29651641845703125
2022-08-30,94795.90348307292,298.78799565633136,-0.0038317032158374786,0.003373223543064796,-1.5298067728678386,1.0799609025319417,0.3485107421875
2022-08-31,94702.38655598958,298.64229520161945,-0.0037868861109018326,0.0038854477310970026,-1.1082675059636433,1.323372721672058,0.34555625915527344
2022-09-01,94728.650390625,298.81348991394043,-0.003946615383028984,0.0011944741010552207,-1.072920521100362,1.0172170003255208,0.3385028839111328
2022-09-02,94793.99576822917,299.061518351237,-0.004079541191458702,0.00019506088341358918,-1.9720961252848308,1.3869604269663494,0.3187885284423828
2022-09-03,94713.16422526042,300.18773523966473,-0.004094401374459267,0.0007941603660128749,0.08065160115559895,0.710241436958313,0.3049297332763672
2022-09-04,94702.98714192708,298.850383122762,-0.0034119123592972755,0.002169014805019742,1.1402847369511921,-0.5129084984461466,0.3094685872395833
2022-09-05,94664.51204427083,299.09160741170246,-0.0037124687805771828,0.015666398942528303,0.6118820110956827,-0.6443618535995483,0.33790143330891925
2022-09-06,94638.64420572917,298.77321942647296,-0.003959519788622856,0.008368066353114045,0.2080713907877604,-0.2686360677083333,0.3848692576090495
2022-09-07,94619.19905598958,298.09823354085285,-0.003221500664949417,0.022107898763028544,0.2595437367757161,-0.36273829142252606,0.4076131184895833
2022-09-08,94506.26302083333,297.26877466837567,-0.0028350036591291428,0.0421143253956302,1.1065864562988281,-0.9044032096862793,0.42438189188639325
2022-09-09,94486.9501953125,297.215539932251,-0.0025445986539125443,0.028306502103760067,1.1557324727376301,-0.2625690698623657,0.4276542663574219
2022-09-10,94368.53597005208,296.4441630045573,-0.0016935234889388084,0.029341691732405195,3.3996187845865884,-0.19248386224110922,0.4292043050130208
2022-09-11,94227.90852864583,296.13716888427734,-0.0021362118422985077,0.01877794734030047,4.672067642211914,1.2962900797526042,0.4260571797688802
2022-09-12,94259.68343098958,296.80392328898114,-0.0031303828582167625,0.007141873240470886,4.669225692749023,3.1172796885172525,0.4215373992919922
2022-09-13,94566.84847005208,297.75418281555176,-0.0029219482094049454,0.00013348460186080047,3.8758360544840493,3.008400082588196,0.4066569010416667
2022-09-14,94817.83430989583,298.0636043548584,-0.003915733657777309,0.0006345093249251477,3.8654651641845703,2.3843650817871094,0.39315350850423175
2022-09-15,94828.17350260417,298.0347270965576,-0.003760509192943573,0.0002562085167596706,4.758087793986003,1.718386967976888,0.3818225860595703
2022-09-16,94622.35725911458,297.9886665344238,-0.0036354251205921173,0.0003019986770596006,5.154828389485677,0.8740649223327637,0.3721446990966797
2022-09-17,94706.54996744792,298.2660204569499,-0.004261642694473267,0.00042412673690250813,4.241076787312825,-0.11410339673360188,0.3629322052001953
2022-09-18,94753.18636067708,298.19911829630536,-0.0038302112370729446,0.0003660559654186102,3.657911936442057,-0.8755219777425131,0.3551979064941406
2022-09-19,94712.18994140625,297.389705657959,-0.004205795004963875,0.0022712860727551742,4.155860265096028,-0.9277694622675577,0.35289255777994794
2022-09-20,94630.64908854167,296.99208068847656,-0.003359071910381317,0.0007159560918807983,4.3955230712890625,-0.9763890504837036,0.3527730305989583
2022-09-21,94650.08512369792,297.941063563029,-0.0037986859679222107,0.0006716251373291016,3.957399368286133,-0.8143433332443237,0.3466612497965495
2022-09-22,94755.33854166667,297.41809844970703,-0.003003489226102829,0.0003324478863646618,3.817319869995117,-0.21537530422210693,0.33956336975097656
2022-09-23,94812.38460286458,297.34749031066895,-0.004257533699274063,0.0002629872679449363,3.429520924886068,-0.4733792146046956,0.3306204477945964
2022-09-24,94772.42643229167,297.73511695861816,-0.004342716187238693,0.0005430604646790016,3.0144710540771484,-0.4110418955485026,0.3224938710530599
2022-09-25,94763.75179036458,298.2726968129476,-0.003813197836279869,0.0007197141646315686,1.3390432993570964,-0.8341134389241537,0.3168773651123047
2022-09-26,94821.09456380208,298.16557757059735,-0.00359131395816803,0.00514367222774581,1.2099170684814453,-0.9578966697057089,0.3225879669189453
2022-09-27,94684.67350260417,297.9615014394124,-0.003480374813079834,0.00497699677943686,0.9412384033203125,-1.642081578572591,0.3724803924560547
2022-09-28,94597.740234375,297.8705088297526,-0.0033552180975675583,0.008653733134206476,1.0745162963867188,-1.0604513883590698,0.37854894002278644
2022-09-29,94590.15787760417,297.1263853708903,-0.00304240919649601,0.02946193814267417,1.5393587748209636,-1.5166924794514973,0.4122600555419922
2022-09-30,94606.51432291667,298.29721514383954,-0.0033378470689058304,0.006222382187843323,1.2523339589436848,-1.3059619267781575,0.4166889190673828
2022-10-01,94614.28385416667,298.4282875061035,-0.0029017673805356026,0.00039640665050910684,2.389624913533529,-1.626825213432312,0.3978157043457031
2022-10-02,94622.33430989583,298.69812202453613,-0.004415253177285194,0.0005268752574920654,2.370428721110026,-2.878117640813192,0.38239479064941406
2022-10-03,94649.90690104167,298.8481216430664,-0.004769839346408844,0.00013228654853492117,1.7460263570149739,-3.2653236389160156,0.36707178751627606
2022-10-04,94616.73258463542,298.6938056945801,-0.004035362973809242,0.00011913315989886542,1.6483179728190105,-2.8057028452555337,0.35525957743326825
2022-10-05,94596.19742838542,297.10291417439777,-0.0020471084862947464,0.004997523262545656,0.03976122538248698,-0.7408209244410197,0.3649711608886719
2022-10-06,94538.26383463542,295.43787384033203,-0.001462731510400772,0.02283310209090672,-1.408121109008789,0.3292653560638428,0.4239279429117839
2022-10-07,94706.46712239583,296.9415995279948,-0.003236907534301281,0.0037815123796463013,-0.04039891560872396,2.200056036313375,0.4126567840576172
2022-10-08,94874.4404296875,296.9586378733317,-0.0027316464111208916,0.004456445574760437,-0.311065673828125,0.654304583867391,0.4094117482503255
2022-10-09,94947.869140625,297.1111895243327,-0.0031549539417028427,0.005060154199497902,-1.5641705592473347,0.8563823699951172,0.4090048472086589
2022-10-10,95025.79166666667,296.4955031077067,-0.002284793183207512,0.004083463549534372,-2.0536201000213623,1.1039576530456543,0.4120095570882161
2022-10-11,94957.90462239583,297.4234091440837,-0.0036288155242800713,0.0030917972326278687,-1.5862000783284504,2.329109032948812,0.4024270375569661
2022-10-12,95002.31298828125,297.14108022054035,-0.003220398910343647,0.008209282159800324,-0.39012718200683594,1.0532392660776775,0.4059530893961589
2022-10-13,94989.90608723958,297.23401196797687,-0.002379809506237507,0.0023107379674343065,-0.8503100077311198,-0.15564095973968506,0.4101549784342448
2022-10-14,94922.21809895833,296.99917729695636,-0.0026764655485749245,0.010590577125544343,-0.29901568094889325,-1.2186458905537922,0.4129962921142578
2022-10-15,94857.05696614583,295.9005883534749,-0.0018763002008199692,0.009592817305058787,-1.4444077809651692,-1.5309351285298665,0.4252726236979167
2022-10-16,95117.22998046875,295.91593805948895,-0.0015102680772542953,0.002452102692529934,-2.2324625651041665,0.7323280572891235,0.41544850667317706
2022-10-17,95164.52376302083,297.3793805440267,-0.0032414421439170837,0.0005910336971055585,-1.7146873474121094,0.8543421427408854,0.40118408203125
2022-10-18,95075.03401692708,297.61181322733563,-0.0031604934483766556,0.0019039690494082606,-0.5021470387776693,-0.03032366434733073,0.3944416046142578
2022-10-19,95064.04475911458,297.31964747111004,-0.003261396661400795,0.0030901193618433354,-1.0162800153096516,-0.38514041900634766,0.3959267934163411
2022-10-20,95176.11165364583,297.1849708557129,-0.0032079247757792473,0.0012195017537237618,-1.5244299570719402,0.14985271294911703,0.3901449839274089
2022-10-21,95305.36539713542,297.0689875284831,-0.0036214441061019897,0.0007558166980743408,-1.7053209940592449,-1.2534669637680054,0.37975120544433594
2022-10-22,95342.23014322917,295.3639335632324,-0.004896403290331364,0.0,-1.1658477783203125,-2.6432467301686606,0.36472511291503906
2022-10-23,95163.93912760417,294.8819001515706,-0.004967470653355122,4.261732051702438e-07,-0.016286849975585938,-3.0049612522125244,0.3509508768717448
2022-10-24,94986.95654296875,294.42763646443683,-0.004652038216590881,0.0,1.021776835123698,-2.3381865421930947,0.339358647664388
2022-10-25,95121.86018880208,295.0664431254069,-0.004298394545912743,1.7284671116613026e-06,0.2966117858886719,-1.4237032334009807,0.32985687255859375
2022-10-26,95281.03629557292,295.16254870096844,-0.0043204594403505325,0.0,-1.005758285522461,-0.31331713994344074,0.3208656311035156
2022-10-27,95268.1494140625,294.52095222473145,-0.0037368424236774445,8.561632398595975e-07,-0.9294484456380209,-1.16411292552948,0.31361834208170575
2022-10-28,95184.43619791667,295.466833114624,-0.004229257814586163,8.52346317969932e-07,-1.4681084950764973,-1.7640740871429443,0.30535252888997394
2022-10-29,95196.73942057292,294.8422451019287,-0.004478836432099342,1.2784129808096623e-06,-1.6559501489003499,-1.9567908843358357,0.2957318623860677
2022-10-30,95207.95035807292,294.2369963328044,-0.004326710477471352,8.583068051848386e-07,-1.6681111653645833,-1.8655602137247722,0.2868734995524089
2022-10-31,95187.2587890625,294.6450360616048,-0.0039853788912296295,8.583068797918258e-07,-1.5084946950276692,-1.714162031809489,0.27932294209798175
2022-11-01,95277.77278645833,294.3372968037923,-0.00243285670876503,0.00208620727056541,-0.7750835418701172,-1.5979245503743489,0.2920570373535156
2022-11-02,95164.56689453125,296.06596755981445,-0.0022047869861125946,0.0006978273390814138,-1.4502132733662922,-1.1676996151606243,0.2938098907470703
2022-11-03,95196.69156901042,296.55828285217285,-0.0031337933614850044,0.00035997629165152034,-1.6421022812525432,-0.9886081218719482,0.29201189676920575
2022-11-04,95319.86604817708,296.4025338490804,-0.002941546030342579,0.0003966689109233812,-1.796740969022115,-0.18675760428110758,0.286099116007487
2022-11-05,95435.37906901042,296.07404645284015,-0.0033218488097190857,4.6961952762103465e-06,-1.690632939338684,-0.7089493672053019,0.2781136830647786
2022-11-06,95427.6728515625,295.40211550394696,-0.0036481227725744247,8.542835416847083e-07,-0.8560223579406738,0.1609891653060913,0.26864051818847656
2022-11-07,95357.75130208333,295.7524878184001,-0.0037015769630670547,4.351138045421976e-07,-0.9359272321065267,0.08818888664245605,0.2598215738932292
2022-11-08,95322.9208984375,296.22440338134766,-0.0037753991782665253,4.351138045421976e-07,-1.0724857250849407,-0.1401989459991455,0.2514044443766276
2022-11-09,95318.60953776042,294.9761079152425,-0.003629043698310852,8.562217885810242e-07,-1.3536008199055989,-0.6869662602742513,0.2437737782796224
2022-11-10,95321.59358723958,295.24818929036456,-0.0037740161642432213,0.0,-1.732144037882487,-1.8204939762751262,0.2362384796142578
2022-11-11,95300.26953125,295.6477788289388,-0.003788042813539505,4.351138613856165e-07,-2.194431940714518,-2.5146081844965615,0.22836621602376303
2022-11-12,95324.38997395833,295.7538585662842,-0.0035455171018838882,2.5689600988698658e-06,-2.1057186126708984,-1.7780981461207073,0.2211170196533203
2022-11-13,95298.79850260417,295.6336199442546,-0.0032451357692480087,4.351138045421976e-07,-2.0696385701497397,-0.38832958539326984,0.21491177876790366
2022-11-14,95340.81770833333,295.4712200164795,-0.002598639577627182,1.962780942221798e-05,-1.493051528930664,-0.4750773509343465,0.21112569173177084
2022-11-15,95294.69889322917,295.4852809906006,-0.003321363590657711,0.0,-0.5090681711832682,-1.5415019194285076,0.20636304219563803
2022-11-16,95211.32405598958,294.22561264038086,-0.00349284615367651,2.1536690724133223e-06,-0.7446153163909912,-1.7474230925242107,0.20053672790527344
2022-11-17,95187.59879557292,293.8997720082601,-0.0033457474783062935,0.0,-1.0818862915039062,-2.018042802810669,0.1950092315673828
2022-11-18,95241.88264973958,294.12743377685547,-0.003230706788599491,8.583068797918258e-07,-1.6612837711970012,-2.1673660278320312,0.18992741902669272
2022-11-19,95201.20475260417,293.38318188985187,-0.0029735956341028214,4.351138080949113e-07,-1.3115863800048828,-2.321120580037435,0.18529510498046875
2022-11-20,95082.86539713542,293.65778223673504,-0.002929047681391239,0.0,-0.8890342712402344,-2.24218757947286,0.1813500722249349
2022-11-21,95055.57145182292,295.0928904215495,-0.001976577565073967,0.0001923918723036877,-1.1674232482910156,-1.3507043520609539,0.17918968200683594
2022-11-22,95066.24235026042,297.12093289693195,-0.0025665340945124626,1.2367963790893555e-05,-1.8688106536865234,-1.5113935073216755,0.17711639404296875
2022-11-23,95138.55192057292,296.634729385376,-0.001960928551852703,8.094310658179893e-06,-1.7658265431722004,-0.6409805615743002,0.17476463317871094
2022-11-24,95177.35660807292,296.55825742085773,-0.0019275536760687828,0.0008183121681213379,-1.6886579195658367,0.10760092735290527,0.1774768829345703
2022-11-25,95217.74088541667,296.7065995534261,-0.0023565348237752914,7.079154772782204e-05,-1.5748797257741292,-0.9139039119084676,0.17724291483561197
2022-11-26,95076.45979817708,295.44766171773273,-0.0026781009510159492,-5.747608611272881e-09,-0.8364005088806152,-1.2386716206868489,0.173126220703125
2022-11-27,94932.36279296875,295.6954511006673,-0.0026552313938736916,4.351138045421976e-07,-0.868707021077474,-0.5809686183929443,0.16914812723795572
2022-11-28,95032.47330729167,295.558012008667,-0.002741933800280094,4.410743663640915e-07,-1.142130176226298,-0.35452842712402344,0.16524442036946616
2022-11-29,95137.70182291667,294.8708432515462,-0.0028275735676288605,8.614646844762319e-07,-1.3422071139017742,-0.8853034178415934,0.1613928476969401
2022-11-30,95231.20377604167,294.66830253601074,-0.002574617974460125,4.351138045421976e-07,-1.4006818135579426,-0.07297770182291667,0.15821711222330728
2022-12-01,95171.1591796875,295.9043477376302,-0.0022371485829353333,8.591829896431591e-07,-1.243661880493164,0.3001168568929036,0.15570894877115884
2022-12-02,95150.53059895833,296.435515721639,-0.00168608408421278,2.1302700041303524e-05,-1.5741761525472004,0.8479040861129761,0.1542034149169922
2022-12-03,95184.68782552083,296.83864720662433,-0.0017932141199707985,0.00015242397785186768,-1.8857421080271404,0.85609503587087,0.15372021993001303
2022-12-04,95251.31819661458,296.71075948079425,-0.0019997749477624893,0.0001418590545654297,-1.6815451383590698,-0.3454689184824626,0.1529369354248047
2022-12-05,95301.689453125,295.71289316813153,-0.002458512783050537,1.70469276739027e-06,-1.4199935992558796,-1.1789649327596028,0.1508324940999349
2022-12-06,95220.67106119792,295.2160046895345,-0.002545328810811043,8.568167118028214e-07,-1.4076927105585735,-1.850533405939738,0.14830907185872397
2022-12-07,95140.99462890625,295.0478884379069,-0.0022569168359041214,0.0,-1.3483704328536987,-2.660155415534973,0.14618492126464844
2022-12-08,95077.78011067708,293.7830117543538,-0.002413276582956314,1.284479992591514e-06,-1.2745632727940877,-3.063921093940735,0.14430745442708334
2022-12-09,94943.9765625,295.07096735636395,-0.002323489636182785,0.004143074154853821,-2.0288963317871094,-1.8009123007456462,0.14731216430664062
2022-12-10,94949.78108723958,294.2332051595052,-0.0021186070516705513,0.010869464278187024,-2.664251963297526,-1.7442395289738972,0.26936912536621094
2022-12-11,95056.51627604167,294.4142011006673,-0.001432262361049652,0.006943485140709527,-3.3212903340657554,0.43876969814300537,0.32871119181315106
2022-12-12,95101.17740885417,295.63857968648273,-0.0020678266882896423,0.001100587844121037,-3.4509785175323486,1.3547465403874714,0.31609853108723956
2022-12-13,95217.39046223958,295.70540555318195,-0.00183143001049757,0.0011132970457765623,-2.6410141785939536,1.3305521806081135,0.2956886291503906
2022-12-14,95252.46142578125,296.28610547383624,-0.0024630213156342506,8.087202161277673e-06,-1.5608755747477214,1.2497374216715496,0.27591196695963544
2022-12-15,95151.77994791667,296.5841433207194,-0.0022706231102347374,0.00016239706195619874,-0.9601860046386719,0.6939869324366251,0.2603340148925781
2022-12-16,95109.603515625,297.07252566019696,-0.0023534391075372696,3.772079935515649e-05,-0.465665340423584,-0.19588104883829752,0.24738121032714844
2022-12-17,95183.85498046875,296.9645805358887,-0.002400456927716732,1.389416769370655e-05,-1.1488112211227417,-1.5922253926595051,0.235504150390625
2022-12-18,95157.40950520833,294.89041900634766,-0.0030350461602211,2.1457663024193607e-06,-1.6691118876139324,-1.5679094394048054,0.22318204243977866
2022-12-19,95084.41145833333,294.1284720102946,-0.0025179050862789154,4.261732051702438e-07,-1.2153871059417725,-0.26340874036153156,0.21273422241210938
2022-12-20,95062.69254557292,294.9281425476074,-0.002583922818303108,1.2904404798064206e-06,-1.0556884209314983,-0.003413995107014974,0.2036762237548828
2022-12-21,95104.46402994792,295.47732162475586,-0.0025134682655334473,1.7187232401738584e-06,-1.0239982604980469,0.25115875403086346,0.19537989298502603
2022-12-22,95089.00911458333,294.97115325927734,-0.002526981756091118,8.642672923997452e-07,-1.2798709869384766,-0.06208479404449463,0.18779945373535156
2022-12-23,95081.30240885417,294.9209836324056,-0.002426695078611374,1.2814998058274796e-06,-1.2017860412597656,0.23990233739217123,0.18119303385416666
2022-12-24,95164.78841145833,294.16225306193036,-0.002504853531718254,2.1427869114631903e-06,-1.4514834086100261,1.9249083201090496,0.17496935526529947
2022-12-25,95257.93489583333,295.00108528137207,-0.001994473859667778,1.7086835555346624e-06,-2.053668975830078,1.7046939531962078,0.16977818806966147
2022-12-26,95396.26790364583,296.24963823954266,-0.001450883224606514,0.001055705547287289,-1.8942629496256511,1.7428981860478718,0.17186546325683594
2022-12-27,95430.67903645833,297.0064290364583,-0.0019369367510080338,6.917118923865928e-06,-1.0165367126464844,1.8695406913757324,0.17115402221679688
2022-12-28,95480.72932942708,297.82367579142254,-0.0020685438066720963,5.684341886080802e-14,-0.03188387552897135,0.4387003183364868,0.16637611389160156
2022-12-29,95610.56103515625,297.40730476379395,-0.0019233860075473785,1.519918441772461e-06,-0.7272116343180338,-0.012629985809326172,0.16217931111653647
2022-12-30,95660.30843098958,297.0570462544759,-0.0018344409763813019,4.351138045421976e-07,0.011722803115844727,0.021105527877807617,0.15858777364095053
2023-01-01,95488.66845703125,296.9810651143392,-0.0018470101058483124,8.52346317969932e-07,-0.2951189676920573,0.752099355061849,0.1519947052001953
2023-01-02,95520.37239583333,296.70644251505536,-0.00193108431994915,4.351138045421976e-07,-1.6652030944824219,0.8849824269612631,0.14907391866048178
2023-01-03,95531.29947916667,295.9213231404622,-0.0018485132604837418,1.7163231973427173e-06,-1.5177427132924397,1.123329798380534,0.14644940694173178
2023-01-04,95461.93147786458,295.6800893147786,-0.0019122771918773651,4.2073206145687436e-05,-2.156568249066671,1.6494663159052532,0.14420064290364584
2023-01-05,95617.72932942708,294.37892150878906,-0.001461532898247242,0.0008619546890145102,-2.2861640055974326,0.9077968994776408,0.14678827921549478
2023-01-06,95696.37158203125,294.7781931559245,-0.001459290273487568,0.0005899459122247208,-1.9299581448237102,-0.7652695178985596,0.14941914876302084
2023-01-07,95596.82177734375,294.1856123606364,-0.002028091810643673,2.1467194528668188e-06,-1.5560178756713867,-2.062297066052755,0.14792315165201822
2023-01-08,95510.12272135417,292.08860715230304,-0.0022705504670739174,0.0,-1.4540208180745442,-1.8350533246994019,0.14461135864257812
2023-01-09,95594.42106119792,292.52134068806964,-0.002063657157123089,1.2904404798064206e-06,-1.3800143003463745,-0.7350867986679077,0.14178148905436197
2023-01-10,95485.57405598958,293.77038828531903,-0.0020374497398734093,4.351138045421976e-07,-1.006308635075887,-0.348377267519633,0.13943926493326822
2023-01-11,95302.52848307292,293.9421501159668,-0.0019723186269402504,0.0,-0.4045392672220866,0.530059814453125,0.13733482360839844
2023-01-12,95164.35498046875,294.2994092305501,-0.001952972263097763,0.0,0.5044841766357422,1.5018258889516194,0.13536580403645834
2023-01-13,95241.14111328125,295.22622235616046,-0.0019503626972436905,1.7046928064701206e-06,-0.4803677399953206,1.3532553911209106,0.13359705607096353
2023-01-14,95213.00390625,295.21021525065106,-0.0019308198243379593,0.0,-0.5122872988382975,1.1769224405288696,0.13193448384602866
2023-01-15,95131.953125,295.8241024017334,-0.0018712189048528671,1.3049809126641776e-06,-1.3824011484781902,1.5172922611236572,0.1305688222249349
2023-01-16,95199.40185546875,295.51193046569824,-0.0019864970818161964,1.7216834748978727e-06,-1.130302866299947,1.9659768342971802,0.12926101684570312
2023-01-17,95293.44742838542,295.11671511332196,-0.002045753411948681,4.351138045421976e-07,-1.2868155638376872,2.239443381627401,0.12805938720703125
2023-01-18,95424.43033854167,295.39921951293945,-0.0018776953220367432,4.261732051702438e-07,-1.457209626833598,1.5350461800893147,0.12713940938313803
2023-01-19,95424.23128255208,295.23356946309406,-0.0017325952649116516,1.7106532368416083e-06,-1.82621431350708,1.3936745325724285,0.12638982137044272
2023-01-20,95407.27262369792,295.2717711130778,-0.0016412418335676193,1.722275101201376e-06,-1.5076249440511067,1.9450536568959553,0.12580426534016928
2023-01-21,95336.69026692708,295.3530724843343,-0.0017148060724139214,4.351138045421976e-07,-1.5643679300944011,1.2408911387125652,0.1252314249674479
2023-01-22,95267.50927734375,295.220547358195,-0.0016806423664093018,2.086162567138672e-07,-1.9501965840657551,1.4965954224268596,0.12467320760091145
2023-01-23,95218.19514973958,294.8920981089274,-0.0015227273106575012,8.612871056357108e-07,-2.571204503377279,1.573410987854004,0.12413342793782552
2023-01-24,95213.32503255208,295.4392630259196,-0.0015601236373186111,4.351138045421976e-07,-2.2932840983072915,2.1921253204345703,0.12372525533040364
2023-01-25,95210.13671875,294.72362327575684,-0.0016114339232444763,4.351138045421976e-07,-2.3032239278157554,1.9641855955123901,0.12340100606282552
2023-01-26,95256.85335286458,294.76107660929364,-0.0017429478466510773,8.536523523616779e-07,-2.3003260294596353,1.331875165303548,0.12307357788085938
2023-01-27,95263.93098958333,295.38888422648114,-0.0015665758401155472,8.553265615773853e-07,-1.8173179626464844,0.6461029052734375,0.12274932861328125
2023-01-28,95131.40787760417,296.3965784708659,-0.0016178656369447708,1.2814998058274796e-06,-1.6497351328531902,0.8234402338663737,0.1224530537923177
2023-01-29,95109.55777994792,296.03199768066406,-0.0015276679769158363,8.688587627148081e-07,-2.4460360209147134,2.068143844604492,0.12215995788574219
2023-01-30,95249.96923828125,296.16707547505695,-0.0011553745716810226,2.0876474025044445e-05,-2.533423582712809,1.426126480102539,0.12207667032877605
2023-01-31,95207.09309895833,296.59901746114093,-0.0014130929484963417,2.574972540969611e-06,-1.6564531326293945,-0.14392443497975668,0.12191518147786458
2023-02-01,95208.7255859375,296.2798709869385,-0.0015252986922860146,1.2933428479300346e-06,-2.0568904876708984,-2.0189030965169272,0.12169583638509114
2023-02-02,95285.30240885417,295.85924275716144,-0.0017620585858821869,1.7106532936850272e-06,-2.2257461547851562,-2.170446793238322,0.1214447021484375
2023-02-03,95296.34195963542,295.45786158243817,-0.0017893221229314804,0.0,-1.6459210713704426,-1.1493138074874878,0.12111536661783855
2023-02-04,95177.40885416667,295.75452105204266,-0.0017493721097707748,0.0,-1.5430316925048828,-1.2063789367675781,0.12083053588867188
2023-02-05,95143.56640625,295.9349168141683,-0.0017393473535776138,1.267870288756967e-06,-1.381909966468811,-0.38588563601175946,0.12054697672526042
2023-02-06,95113.57470703125,296.88147417704266,-0.0016975421458482742,4.351138045421976e-07,-1.1229729652404785,1.19976806640625,0.12031809488932292
2023-02-07,95059.20524088542,297.9701951344808,-0.0016298182308673859,1.7106532936850272e-06,-0.008382240931193033,1.4628486633300781,0.12010129292805989
2023-02-08,95129.96110026042,298.2393175760905,-0.0016615726053714752,4.261732051702438e-07,-0.6038833061854044,-0.7647838592529297,0.1199048360188802
2023-02-09,95218.34781901042,298.0623359680176,-0.0017143059521913528,1.2814997489840607e-06,-1.173850178718567,-0.7468306223551432,0.11973889668782552
2023-02-10,95275.53743489583,297.6103096008301,-0.0018490143120288849,8.52346317969932e-07,-0.4960180918375651,-0.32470448811848956,0.11957295735677083
2023-02-11,95297.689453125,297.89899253845215,-0.0018879901617765427,8.548760206394945e-07,0.04120063781738281,-0.08045069376627605,0.11939557393391927
2023-02-12,95364.28336588542,298.22423044840497,-0.001951552927494049,0.0,-0.6247221628824869,-2.0109004179636636,0.11923980712890625
2023-02-13,95403.7275390625,296.44798469543457,-0.0019147936254739761,0.0,-1.4963442484537761,-2.23029887676239,0.11911201477050781
2023-02-14,95309.89762369792,295.82536125183105,-0.0018257442861795425,8.609598580733291e-07,-0.9506741364796957,-2.1469942331314087,0.11901537577311198
2023-02-15,95192.68082682292,296.9114761352539,-0.001802198588848114,2.9711448519265105e-06,-1.0944976806640625,-2.0667112668355307,0.11893971761067708
2023-02-16,95214.24153645833,297.6219170888265,-0.001841493882238865,3.162767825415358e-08,-1.3959465026855469,-2.334741195042928,0.11887613932291667
2023-02-17,95234.26611328125,298.2703495025635,-0.001692669466137886,0.0,-0.4577840169270833,-1.4521254698435466,0.1187896728515625
2023-02-18,95242.70052083333,297.97857602437335,-0.001612495630979538,2.1583064722108247e-06,-1.2541262308756511,0.6246306101481119,0.11872673034667969
2023-02-19,95262.99886067708,297.9479325612386,-0.0016032438725233078,1.7306896324953414e-06,-1.1765893300374348,1.0517298777898152,0.11868222554524739
2023-02-20,95257.94222005208,297.9699516296387,-0.0016867676749825478,0.0,-0.2928613026936849,0.6726252635320028,0.1186205546061198
2023-02-21,95266.10660807292,298.07850710550946,-0.0017971908673644066,2.57942849657411e-06,0.06652577718098958,0.4667136271794637,0.11855824788411458
2023-02-22,95187.67919921875,298.9500872294108,-0.0018825186416506767,2.139806667855737e-06,-0.5090141296386719,0.9701714118321737,0.11849594116210938
2023-02-23,95189.24593098958,299.06981531778973,-0.001821453683078289,1.284479992591514e-06,-0.7309602101643881,0.9821017583211263,0.11843681335449219
2023-02-24,95322.49837239583,299.22649637858075,-0.0018053734675049782,1.716613724056515e-06,-1.2512620290120442,0.6925332148869833,0.11838849385579427
2023-02-25,95445.19694010417,299.07835070292157,-0.0018589692190289497,2.1461837604874745e-06,-1.0188885132471721,0.052152395248413086,0.11834716796875
2023-02-26,95532.75341796875,298.9350293477376,-0.00178508460521698,8.52346317969932e-07,-1.5045138994852703,1.370163917541504,0.11831410725911458
2023-02-27,95525.43245442708,298.8716074625651,-0.0017457026988267899,8.70227722771233e-07,-1.6613515218098958,1.7684929768244426,0.11827977498372395
2023-02-28,95555.83951822917,298.93639183044434,-0.001749509945511818,2.5817898290370067e-06,-2.3328946431477866,2.10418971379598,0.11826833089192708
2023-03-01,95587.26611328125,298.74836285909015,-0.0016817059367895126,8.583068620282575e-07,-2.3425390323003135,1.8411702712376912,0.11826070149739583
2023-03-02,95625.24283854167,298.68885167439777,-0.001712985336780548,0.0,-1.6597535610198975,1.7844265302022297,0.11823018391927083
2023-03-03,95632.89908854167,299.5566628774007,-0.0016146562993526459,8.52346317969932e-07,-1.3930473327636719,0.9778747161229452,0.11820284525553386
2023-03-04,95625.32828776042,299.8974412282308,-0.0017149168998003006,4.351138045421976e-07,-1.8588053385416667,1.7142194112141926,0.11817359924316406
2023-03-05,95557.18375651042,300.01021575927734,-0.001759195700287819,4.351138045421976e-07,-1.3730767567952473,1.7359647353490193,0.11814181009928386
2023-03-06,95383.77994791667,299.9017505645752,-0.0016707591712474823,2.5725612999849545e-06,-0.7691357930501302,0.9208664496739706,0.1181182861328125
2023-03-07,95450.81591796875,298.4414628346761,-0.0015217307955026627,0.00011192962853101562,-0.5957514444986979,-2.253287355105082,0.1185620625813802
2023-03-08,95395.52555338542,299.0453306833903,-0.0014396151527762413,1.7164804262392863e-06,-2.3484458923339844,-0.03995231787363688,0.11885579427083333
2023-03-09,95332.94563802083,299.4606653849284,-0.0015741372480988503,6.122036211309023e-10,-2.0426101684570312,1.203482945760091,0.11864344278971355
2023-03-10,95265.21321614583,299.4711316426595,-0.0015787286683917046,3.460049526893272e-06,-1.589548110961914,0.8444981575012207,0.11846860249837239
2023-03-11,95290.51171875,299.2187919616699,-0.0014798473566770554,1.3002727996536123e-06,-2.365228017171224,1.2115636666615803,0.11837005615234375
2023-03-12,95265.00276692708,299.38876152038574,-0.0015668906271457672,8.70227722771233e-07,-2.133681615193685,1.442958950996399,0.11829376220703125
2023-03-13,95132.19108072917,299.775931040446,-0.0016191471368074417,8.384401439798239e-07,-1.917315165201823,1.6088696718215942,0.1182238260904948
2023-03-14,94937.66243489583,300.23645464579266,-0.0016257725656032562,8.52346317969932e-07,-1.6301582256952922,1.5092200835545857,0.11815770467122395
2023-03-15,94928.10172526042,300.00637372334796,-0.0014627361670136452,3.192495654502636e-05,-1.9834473927815754,1.4454273382822673,0.11815452575683594
2023-03-16,95084.6240234375,296.98444811503094,-0.0014448072761297226,0.01265650391578177,-1.019419550895691,0.13469835122426352,0.18172073364257812
2023-03-17,95062.51481119792,296.1891523996989,-0.0019450308755040169,0.003104457509664371,-1.0554475784301758,1.559103012084961,0.2799599965413411
2023-03-18,94926.29361979167,295.9527066548665,-0.00264769047498703,0.0348517653820295,-0.3187912702560425,0.7160876592000326,0.3075408935546875
2023-03-19,94788.59602864583,296.0454928080241,-0.003283936530351639,0.0009643018245242274,-0.28621673583984375,0.8813701073328654,0.338653564453125
2023-03-20,94753.19287109375,296.78707949320477,-0.0034799743443727493,0.00025307411306130234,0.2969125111897786,1.3693578243255615,0.3027534484863281
2023-03-21,94839.64339192708,297.3810666402181,-0.003944415599107742,7.224572318165201e-06,0.7467746734619141,0.17842610677083334,0.2755724589029948
2023-03-22,94864.53059895833,298.1994177500407,-0.0037491600960493088,2.7294322308080154e-05,1.1502946217854817,-0.3227434953053792,0.25333086649576825
2023-03-23,94882.87223307292,298.732613881429,-0.003497697412967682,8.553265615773853e-07,-0.14331841468811035,-0.09026829401652019,0.23483403523763022
2023-03-24,94929.95458984375,299.590726852417,-0.0030873240903019905,5.0312213716097176e-05,-1.3540897369384766,1.2988723913828533,0.22007179260253906
2023-03-25,95009.09798177083,299.31067784627277,-0.00270642526447773,0.0014655292375778117,-1.4635206858317058,1.2910061279932659,0.217193603515625
2023-03-26,94897.52962239583,300.02906036376953,-0.0029904283583164215,7.28845595290295e-05,-0.46326955159505206,1.709967811902364,0.21153767903645834
2023-03-27,94889.01025390625,299.97662289937335,-0.0037675276398658752,0.0,0.7002360026041666,-0.3340773979822795,0.1967016855875651
2023-03-28,94892.98063151042,300.9037501017253,-0.0035792654380202293,2.9802322387695312e-06,-0.7154699961344401,1.742121934890747,0.1825720469156901
2023-03-29,94956.01529947917,300.92177963256836,-0.003193877637386322,9.852647679053916e-06,0.0045490264892578125,2.3519155979156494,0.1711572011311849
2023-03-30,94817.57210286458,301.7053108215332,-0.0036928700283169746,0.0,1.0411771138509114,1.381112019220988,0.16034698486328125
2023-03-31,94804.24658203125,300.98528989156085,-0.0028328346088528633,1.0728836059570312e-06,0.7898457845052084,0.33347105979919434,0.15198961893717447
2023-04-01,94844.42643229167,300.3751811981201,-0.002687891013920307,8.597733867077295e-07,0.0609747568766276,-0.1287605365117391,0.14597574869791666
2023-04-02,94805.83430989583,300.8431854248047,-0.0023871269077062607,5.998321380928928e-06,-0.7453511555989584,0.8077020247777303,0.14128748575846353
2023-04-03,94803.39420572917,302.0058886210124,-0.0025371992960572243,1.7031849779414188e-06,0.013936996459960938,2.0389243761698403,0.1372044881184896
2023-04-04,94883.55322265625,302.3224328358968,-0.0024772994220256805,0.0,0.5272636413574219,1.256792465845744,0.13364855448404947
2023-04-05,94883.27815755208,302.4167372385661,-0.0022874977439641953,0.0,-0.23479270935058594,0.5835372606913248,0.13064257303873697
2023-04-06,95021.66129557292,301.72500801086426,-0.002103891223669052,0.0002747803925444714,-1.2844994862874348,0.14167277018229166,0.12960433959960938
2023-04-07,95206.68082682292,300.97032101949054,-0.0019890256226062775,0.0008122106876840007,-1.9027581214904785,-0.11904493967692058,0.133697509765625
2023-04-08,95345.36962890625,300.9824333190918,-0.002183305099606514,0.00017309007256471887,-1.9178015391031902,-0.6578614314397176,0.1353321075439453
2023-04-09,95302.44140625,301.7170130411784,-0.002317391335964203,1.2814997489840607e-06,-2.1824728647867837,0.6059524218241373,0.13228289286295572
2023-04-10,95177.2802734375,302.53208287556964,-0.0025880932807922363,8.52346317969932e-07,-2.062241236368815,1.1084192593892415,0.12877909342447916
2023-04-11,95156.43603515625,303.4189109802246,-0.0023964401334524155,3.004073732881807e-06,-1.4906991322835286,1.0555496215820312,0.12609481811523438
2023-04-12,95071.41748046875,304.31489117940265,-0.002346554771065712,5.118846820550971e-05,-0.5641613006591797,-0.05172427495320638,0.12420463562011719
2023-04-13,95027.3720703125,304.7599461873372,-0.0022236481308937073,8.434057235717773e-06,0.38525136311848956,-0.17947912216186523,0.12276013692220052
2023-04-14,95016.8740234375,304.58493932088214,-0.0022085383534431458,0.0003172188996245495,1.1959255933761597,-1.2370750506718953,0.12286822001139323
2023-04-15,95016.86295572917,303.00989723205566,-0.0017730463296175003,1.291331386710226e-06,0.4057629903157552,-2.043755372365316,0.12275250752766927
2023-04-16,94856.25113932292,303.7300961812337,-0.0018679173663258553,8.425147370871855e-07,0.3300711313883464,-0.33853741486867267,0.12155596415201823
2023-04-17,94911.46712239583,304.42534192403156,-0.00211288221180439,1.7131263234659855e-06,-0.2934252421061198,0.17175745964050293,0.12054189046223958
2023-04-18,94967.88509114583,304.9022928873698,-0.00215899758040905,1.7224063526555256e-06,-1.2766043345133464,0.7621746063232422,0.11974716186523438
2023-04-19,94711.41910807292,304.91222953796387,-0.0018966291099786758,1.2755651766838128e-05,-0.6533870697021484,-0.3714279333750407,0.11926015218098958
2023-04-20,94515.3291015625,304.63245391845703,-0.001817646436393261,4.678964614868164e-06,-0.6577326456705729,0.3526712656021118,0.11893018086751302
2023-04-21,94616.47916666667,303.13606452941895,-0.0016675833612680435,0.0001239478588104248,-1.618487040201823,-0.7525798479715983,0.11922264099121094
2023-04-22,94543.81575520833,303.1397927602132,-0.0016074981540441513,0.0001036226749420166,0.10690244038899739,1.3989991346995037,0.11973826090494792
2023-04-23,94624.640625,302.7322285970052,-0.0016862079501152039,7.285177707672119e-05,-0.09991709391276042,-0.04570861657460531,0.11954243977864583
2023-04-24,94828.20361328125,301.3000068664551,-0.0013819942250847816,0.0004860222337583764,-2.528608957926432,1.877598484357198,0.12147967020670573
2023-04-25,94910.19514973958,301.4134114583333,-0.001858237199485302,0.007285104738969039,-2.09993044535319,2.6318201224009194,0.15050506591796875
2023-04-26,94823.57893880208,302.20597012837726,-0.002895873971283436,0.0005698055028915405,-1.0174891153971355,2.074650446573893,0.20274988810221353
2023-04-27,94919.66292317708,301.9636809031169,-0.0023613544180989265,7.268786430358887e-05,-1.5302276611328125,1.545552372932434,0.18478965759277344
2023-04-28,94947.6728515625,300.6637535095215,-0.002032165415585041,0.007984790205853187,-0.9670988718668619,0.7240700324376425,0.19591395060221353
2023-04-29,94892.36800130208,299.6537373860677,-0.003398166038095951,0.011303177475383563,-1.1772041320800781,0.9286596775054932,0.32978248596191406
2023-04-30,94726.57747395833,299.30838839213055,-0.002837780863046646,0.01233010590073036,-0.6274115244547526,1.369681715965271,0.3109944661458333
2023-05-01,94770.79817708333,298.13598187764484,-0.0029896730557084084,0.002675410293306868,-1.8148339589436848,1.748321533203125,0.32909711201985675
2023-05-02,94858.33805338542,298.0685666402181,-0.0026260362938046455,0.012189763784363095,-1.6561495463053386,2.1660288174947104,0.3468894958496094
2023-05-03,94938.111328125,298.6579240163167,-0.003065153956413269,0.0022683143615722656,-1.2000656127929688,1.1987190246582031,0.32762400309244794
2023-05-04,94841.29410807292,299.8195463816325,-0.0033775800839066505,0.0006575673818538519,-0.882449189821879,0.9822731415430704,0.2999134063720703
2023-05-05,94744.02473958333,299.5468037923177,-0.0029342472553253174,0.00673269008598254,-0.325778325398763,0.4480397701263428,0.31344350179036456
2023-05-06,94709.20703125,300.80053838094074,-0.0037674903869628906,0.0014835536479900213,0.41873741149902344,0.07514127095540364,0.3129984537760417
2023-05-07,94691.55696614583,301.1050440470378,-0.0032139550894498825,0.0006040573120102977,0.9785251617431641,0.2403879165649414,0.29130109151204425
2023-05-08,94679.24593098958,302.1635735829671,-0.003932850435376167,0.0007043719291637274,0.4796129862467448,0.07477307319641113,0.269931157430013
2023-05-09,94722.78955078125,302.113613764445,-0.0034565068781375885,0.0010159854090936449,0.2556877136230469,-0.4091866811116536,0.2563190460205078
2023-05-10,94677.296875,302.0472863515218,-0.0028844792395830154,0.0031496763228346936,0.7413673400878906,0.3098924160003662,0.2692584991455078
2023-05-11,94720.64632161458,302.696330388387,-0.0040358491241931915,1.0907648970714945e-06,0.05872980753580729,0.10345125198364258,0.2562122344970703
2023-05-12,94650.10693359375,303.97329839070636,-0.004617067985236645,2.580881073299679e-06,1.3442535400390625,-0.5495865345001221,0.2292931874593099
2023-05-13,94577.986328125,304.36316045125324,-0.004555747844278812,8.523463925769192e-07,2.380629857381185,-0.8325203657150269,0.20496749877929688
2023-05-14,94511.45589192708,304.6385548909505,-0.004514176398515701,0.0,3.869815190633138,-1.3989038864771526,0.1840953826904297
2023-05-15,94656.71728515625,304.2655512491862,-0.003733137622475624,1.7195939108205494e-06,2.9609902699788413,-1.5260384877522786,0.1677417755126953
2023-05-16,94804.41194661458,304.20143127441406,-0.0035689817741513252,2.5868416173580044e-06,2.8029893239339194,-0.8790326515833536,0.1556720733642578
2023-05-17,94886.62939453125,304.0080286661784,-0.003271474502980709,1.6927717751968885e-06,1.6847489674886067,-0.4709269205729167,0.14621607462565103
2023-05-18,94938.841796875,304.42760848999023,-0.0025689546018838882,0.0,0.47261810302734375,-0.076957901318868,0.13980992635091147
2023-05-19,94790.25764973958,304.91053771972656,-0.002558218315243721,3.1888484954833984e-06,-0.07074038187662761,0.014154593149820963,0.13491312662760416
2023-05-20,94769.50162760417,304.80465761820477,-0.0023070164024829865,8.642673492431641e-07,0.6611029307047526,0.6499284108479818,0.13104375203450522
2023-05-21,94865.79638671875,304.88172276814777,-0.002321973443031311,2.6226043701171875e-06,0.5458806355794271,0.9080123901367188,0.12804158528645834
2023-05-22,94921.62711588542,304.8416277567546,-0.0022538527846336365,0.00013866424560049495,0.3044166564941406,0.7055043379465739,0.12631797790527344
2023-05-23,94923.32503255208,304.7497851053874,-0.0020619072020053864,6.887316658321652e-06,0.45986366271972656,1.210723598798116,0.12497329711914062
2023-05-24,94825.3642578125,305.4067923227946,-0.0020497608929872513,8.796558137191823e-05,2.104672114054362,0.5232276916503906,0.12359555562337239
2023-05-25,94853.39371744792,304.78442764282227,-0.0018580351024866104,7.440149784088135e-05,3.0428218841552734,-0.28635187943776447,0.12326494852701823
2023-05-26,94874.14518229167,304.3284505208333,-0.001855064183473587,1.2874601225121296e-06,3.334364652633667,-0.6500219504038492,0.12237803141276042
2023-05-27,94741.30305989583,304.4171670277913,-0.0016871830448508263,1.2814997489840607e-06,2.409133275349935,-0.7367952664693197,0.1214599609375
2023-05-28,94731.48990885417,304.6197675069173,-0.0015809610486030579,8.756766760598111e-07,0.8226483662923177,-1.5378990173339844,0.12073008219401042
2023-05-29,94807.3876953125,304.5306924184163,-0.001634090207517147,0.0003647804260253906,-0.6753667195638021,0.7233701944351196,0.12204424540201823
2023-05-30,94817.83479817708,304.18431345621747,-0.0014673098921775818,8.439719670150225e-05,0.526225209236145,0.5932679971059164,0.12279256184895833
2023-05-31,94683.63199869792,305.4158083597819,-0.001645582728087902,4.172325134277344e-07,0.1232465108235677,-0.5528815189997355,0.12174797058105469
2023-06-01,94621.7890625,305.7240632375081,-0.0016632499173283577,8.583068797918258e-07,1.7546240488688152,-0.8270283937454224,0.12062835693359375
2023-06-02,94625.9306640625,305.87040011088055,-0.0017781015485525131,1.696999959222012e-06,1.96258548895518,-2.1361954609553018,0.11984570821126302
2023-06-03,94629.8603515625,305.8311475118001,-0.001605842262506485,0.00011016726483603634,1.5363235473632812,-1.2763009866078694,0.11960538228352864
2023-06-04,94624.02408854167,304.1927884419759,-0.001454838551580906,0.0004011392592815355,2.5330400466918945,-1.291390021642049,0.12181154886881511
2023-06-05,94548.63216145833,304.2960859934489,-0.0014856457710266113,8.52346317969932e-07,2.369941075642904,-1.7012676000595093,0.12238438924153645
2023-06-06,94496.31201171875,305.20951716105145,-0.0013859234750270844,5.539796280373821e-06,2.963651657104492,-0.8545589447021484,0.12114779154459636
2023-06-07,94514.01318359375,304.93500963846844,-0.001377888023853302,1.50382517745129e-05,3.392580032348633,-0.536291758219401,0.12029838562011719
2023-06-08,94520.09586588542,304.4808890024821,-0.0013109846040606499,3.384351720114864e-05,4.253120422363281,-1.017913818359375,0.11985715230305989
2023-06-09,94389.66536458333,304.6845359802246,-0.0015653502196073532,0.000646454095772242,4.46153450012207,-0.711194117863973,0.12191263834635417
2023-06-10,94419.31819661458,303.45459429423016,-0.0015613846480846405,0.0007225837348414643,4.896248499552409,-0.3856569528579712,0.1259937286376953
2023-06-11,94425.96321614583,303.1248607635498,-0.0011695697903633118,0.0002901703119277954,4.566117127736409,0.2205193042755127,0.12889480590820312
2023-06-12,94419.83984375,304.15438143412274,-0.001446738839149475,0.00017365217208364925,4.275789260864258,0.2878489891688029,0.12813377380371094
2023-06-13,94489.119140625,304.6526870727539,-0.0015222970396280289,1.710738938953682e-06,4.789613087972005,0.17145474751790366,0.12600835164388022
2023-06-14,94608.08821614583,304.5252564748128,-0.00134953111410141,1.7203188917847e-06,4.79330317179362,0.03718686103820801,0.12383143107096355
2023-06-15,94621.98893229167,304.2702700297038,-0.0012716744095087051,1.2854092688030505e-06,4.555863698323567,-0.4141068458557129,0.12226295471191406
2023-06-16,94543.75716145833,304.9449297587077,-0.0013612732291221619,2.1413227386801736e-06,4.502153396606445,-0.06147778034210205,0.1210492451985677
2023-06-17,94563.46240234375,305.02160771687824,-0.0011646430939435959,1.7041156752384268e-06,4.2978776295979815,-0.47726229826609295,0.12018140157063802
2023-06-18,94502.265625,305.081085840861,-0.0011479156091809273,1.2725591659545898e-05,3.785869598388672,-0.818382183710734,0.11960029602050781
2023-06-19,94374.44173177083,304.98814582824707,-0.0010579824447631836,3.7029385566711426e-05,2.6160271962483725,-0.5632723967234293,0.11932309468587239
2023-06-20,94334.94059244792,305.0716800689697,-0.0011363280937075615,7.848344682770403e-05,1.5199360052744548,-0.6612492005030314,0.11934089660644531
2023-06-21,94418.88509114583,304.2687733968099,-0.0010674046352505684,0.00022949576367636837,2.747492472330729,-0.5392240285873413,0.1196759541829427
2023-06-22,94476.50374348958,301.33145904541016,-0.0014141090214252472,0.002262156348422195,2.2323195139567056,0.7879389127095541,0.13126055399576822
2023-06-23,94479.10172526042,300.78264300028485,-0.0013634935021400452,0.0060060067742711,2.5545069376627603,0.18221386273701987,0.15236727396647134
2023-06-24,94427.94742838542,298.8561216990153,-0.002089042216539383,0.01152692139140754,3.4574101765950522,0.8406415780385336,0.24759483337402344
2023-06-25,94428.654296875,298.44105847676593,-0.0034166956320405006,0.008825454764632923,4.432977676391602,0.13823763529459634,0.3372936248779297
2023-06-26,94497.39339192708,298.44585673014325,-0.0021498966962099075,0.0022640677251501984,4.753451029459636,-0.40989240010579425,0.3006916046142578
2023-06-27,94516.77083333333,299.0589179992676,-0.0019957805052399635,0.0013535261154125067,4.841594060262044,0.544858972231547,0.2801138559977214
2023-06-28,94627.01041666667,299.90929476420087,-0.002426115795969963,0.0006505191326091619,4.625205357869466,0.8638654152552286,0.2618999481201172
2023-06-29,94618.91780598958,300.66677411397296,-0.0027966657653450966,0.0009130895137445805,4.947145581245422,0.6090221405029297,0.24222946166992188
2023-06-30,94603.58675130208,300.8110357920329,-0.0023269131779670715,2.802064102525037e-06,5.857160131136577,0.690545121828715,0.22488721211751303
2023-07-01,94648.22184244792,301.61495717366535,-0.002600797452032566,6.781757629781282e-05,5.2965647379557295,-0.3654556671778361,0.20599365234375
2023-07-02,94560.49072265625,300.4010575612386,-0.0023359879851341248,0.0017981231212615967,4.596536000569661,-0.5406824747721354,0.20020357767740884
2023-07-03,94397.23567708333,300.7806574503581,-0.002478567883372307,0.0017026662825969652,3.8835728963216147,-0.08273871739705403,0.20456886291503906
2023-07-04,94179.23665364583,300.3624738057454,-0.0023590344935655594,0.007953557371990883,3.121954600016276,0.5961063702901205,0.24094390869140625
2023-07-05,94116.5810546875,299.0655765533447,-0.002352318726480007,0.003380551934185405,3.468893051147461,0.38059043884277344,0.28383954366048175
2023-07-06,94349.712890625,297.82459195454913,-0.0027248291298747063,0.0036143392323992884,5.557472348213196,1.327596664428711,0.2926368713378906
2023-07-07,94514.28548177083,298.91683769226074,-0.00234893336892128,0.0016990482806136242,5.715554078420003,1.7530206044514973,0.2776222229003906
2023-07-08,94635.51578776042,299.1124610900879,-0.0019094999879598618,0.0006920798642120474,5.215386708577474,1.463645299275716,0.2654196421305339
2023-07-09,94657.20003255208,300.2035083770752,-0.002188216894865036,0.00011325291697161788,4.6669769287109375,0.47232818603515625,0.24486414591471353
2023-07-10,94597.046875,300.62230428059894,-0.0025957971811294556,0.0006770199858010528,4.3363800048828125,-0.04650866985321045,0.22664260864257812
2023-07-11,94572.33186848958,299.2077070871989,-0.0022755470126867294,0.0028001047058410222,3.8330713907877603,-0.8252067565917969,0.22721989949544272
2023-07-12,94515.33154296875,299.4819641113281,-0.002082805149257183,0.00023755471477215906,3.6243413289388022,0.08543336391448975,0.2295093536376953
2023-07-13,94526.9130859375,300.0438315073649,-0.0021543484181165695,0.0007722668058249837,3.810248057047526,0.47165759404500324,0.21669514973958334
2023-07-14,94642.1455078125,299.97789255777997,-0.0022804271429777145,0.00183581709861258,4.233296712239583,-0.07272438208262126,0.2181555430094401
2023-07-15,94638.20182291667,299.1697177886963,-0.0019417405128479004,0.0023231953382492065,4.602345784505208,-0.81305460135142,0.22210693359375
2023-07-16,94574.74365234375,298.10067431132,-0.0023225657641887665,0.004296198487281799,4.773490905761719,-0.13417009512583414,0.25363922119140625
2023-07-17,94418.10432942708,297.3603973388672,-0.00231910590082407,0.009412679076092445,6.0890852610270185,0.4621803363164266,0.2802956899007161
2023-07-18,94236.47119140625,295.98909123738605,-0.003551892936229706,0.032349022889377466,7.1399351755778,0.7944950660069784,0.39911778767903644
2023-07-19,94106.72281901042,295.8423487345378,-0.002976035699248314,0.06011263710956882,7.048105239868164,0.8509281078974406,0.4237855275472005
2023-07-20,94157.3623046875,295.785924911499,-0.0026163309812545776,0.0701580085999467,6.1330916086832685,0.9592817227045695,0.4287096659342448
2023-07-21,94291.52067057292,296.32720311482746,-0.0029400289058685303,0.02186095416535494,6.288014014561971,-0.2326061725616455,0.42217381795247394
2023-07-22,94431.77132161458,297.1727879842122,-0.0027808109298348427,0.004694676399196851,5.892065684000651,0.8670934836069742,0.40694936116536456
2023-07-23,94429.41569010417,297.1142330169678,-0.0029041748493909836,0.005120843648796836,5.6636613210042315,1.2043435176213582,0.39894994099934894
2023-07-24,94420.58512369792,296.75110054016113,-0.002632797695696354,0.03241267204284526,5.696184794108073,-0.2637292146682739,0.4137585957845052
2023-07-25,94452.5859375,295.94444847106934,-0.002655218355357647,0.03671409886510446,5.90891710917155,-1.0548687775929768,0.4268989562988281
2023-07-26,94434.57666015625,296.64962577819824,-0.0028318651020526886,0.046859398588026124,6.279671351114909,-0.8891692558924357,0.42163340250651044
2023-07-27,94423.54215494792,295.53610102335614,-0.0025169383734464645,0.07643323540687419,7.291462421417236,-0.34103389581044513,0.42856915791829425
2023-07-28,94519.49039713542,297.4291985829671,-0.002587776631116867,0.003853902220726013,6.2040964762369795,-1.0936270554860432,0.41842905680338544
2023-07-29,94608.78515625,298.0221239725749,-0.003184468485414982,0.002288819313548629,5.303371429443359,-1.2770172357559204,0.4079691569010417
2023-07-30,94559.18929036458,298.409023920695,-0.003471354953944683,0.0009339451789855957,5.339372634887695,-1.0615439812342327,0.39666112263997394
2023-07-31,94546.35400390625,298.31882667541504,-0.0034401211887598038,0.0033454477786563075,5.403806686401367,-0.31939697265625,0.3968048095703125
2023-08-01,94533.544921875,298.36636034647626,-0.003587840124964714,0.001979285227832861,5.987387339274089,-0.46787134806315106,0.3921642303466797
2023-08-02,94534.32600911458,298.6798604329427,-0.0037918277084827423,0.0001776486635094443,6.7982737223307295,-0.141855518023173,0.3780530293782552
2023-08-03,94566.56884765625,298.127046585083,-0.003552757203578949,0.0008721828459670178,6.144734064737956,0.14882532755533853,0.3693644205729167
2023-08-04,94747.78792317708,299.0380109151204,-0.004234489053487778,0.0009624153375575872,5.1327470143636065,0.40071678161621094,0.3620179494222005
2023-08-05,94881.01139322917,299.01081975301105,-0.0041347164660692215,0.0011205464601466986,5.018214186032613,0.24871631463368735,0.3550637563069661
2023-08-06,94747.28515625,299.00938924153644,-0.004300153814256191,0.0005945861339569092,5.230267842610677,0.03300309181213379,0.3454691569010417
2023-08-07,94624.18896484375,298.68758455912274,-0.0035705016925930977,0.000616562366474227,4.958549698193868,0.00149079163869222,0.338321050008138
2023-08-08,94739.41031901042,298.6565704345703,-0.003901893272995949,0.000708723188552085,4.274159749348958,-0.1285998821258545,0.33168792724609375
2023-08-09,94904.56917317708,298.6893056233724,-0.003665698692202568,0.0003551893360054237,3.571486790974935,-0.666980504989624,0.32452392578125
2023-08-10,94925.67122395833,299.19787851969403,-0.0037499088793992996,0.0006451845168840009,2.9172369639078775,-0.6248811880747477,0.3183275858561198
2023-08-11,94831.81005859375,299.5361696879069,-0.0042687151581048965,0.0004409790039048289,2.6004021962483725,-1.0315829912821453,0.31040318806966144
2023-08-12,94777.20133463542,299.48864618937176,-0.0041322242468595505,0.0004538536071727606,3.2829151153564453,-1.0675443808237712,0.30190149943033856
2023-08-13,94738.74055989583,299.27700742085773,-0.00414121150970459,0.0002990216016200975,3.471515695254008,-0.581946055094401,0.2936719258626302
2023-08-14,94811.00520833333,299.102242787679,-0.0034458134323358536,0.00037072598934173584,2.907939910888672,-0.3655789295832316,0.28615379333496094
2023-08-15,94847.96858723958,298.9373238881429,-0.0037820693105459213,0.0004129856824874878,3.1534016927083335,-0.4856930573781331,0.28250694274902344
2023-08-16,94804.49934895833,299.4227917989095,-0.003941424190998077,0.0003255903720855713,3.118586222330729,-0.5971158345540365,0.2741934458414714
2023-08-17,94742.2041015625,298.67748641967773,-0.0030360696837306023,0.0015025734901428223,3.3790575663248696,-0.8405768076578776,0.2751331329345703
2023-08-18,94575.10856119792,298.18064371744794,-0.0027538901194930077,0.00010859966278076172,4.007404963175456,-1.425302505493164,0.27421124776204425
2023-08-19,94520.20703125,297.26825523376465,-0.0022039860486984253,0.0020883381366729736,4.655323664347331,-0.1342873970667521,0.2794361114501953
2023-08-20,94579.56998697917,298.6508083343506,-0.003555554896593094,0.0003940343856356776,3.575312932332357,-0.5910898049672445,0.2785650889078776
2023-08-21,94621.10074869792,299.48326110839844,-0.0040445877239108086,5.688369265044457e-05,3.001440684000651,-0.7490843534469604,0.26631736755371094
2023-08-22,94650.03938802083,299.6594429016113,-0.003574807196855545,0.0005721628664900891,2.4696426391601562,-0.09109942118326823,0.25760332743326825
2023-08-23,94614.89811197917,300.00994809468585,-0.003936264663934708,0.00039266927717562794,2.9858678181966147,-0.22778193155924478,0.250640869140625
2023-08-24,94610.0634765625,299.8876444498698,-0.004186508245766163,8.563779977066588e-05,3.5935242970784507,0.22737491130828857,0.24085299173990884
2023-08-25,94676.74983723958,299.2346642812093,-0.0033557526767253876,0.0008078962564468384,3.859673182169596,0.38885124524434406,0.2346172332763672
2023-08-26,94773.43050130208,299.3163483937581,-0.0030180150642991066,0.001008298993099288,3.2104415893554688,-0.3370664119720459,0.2365086873372396
2023-08-27,94783.08479817708,299.68386967976886,-0.004006639122962952,0.0002951323986053467,3.4832464853922525,-1.0088831583658855,0.23177337646484375
2023-08-28,94752.38134765625,299.4130579630534,-0.004065435379743576,0.00035265088081359863,3.3963305155436196,-0.7979100147883097,0.22335942586263022
2023-08-29,94756.47998046875,299.14758555094403,-0.003514312207698822,0.00047048628329093845,2.308099110921224,-1.3776334126790364,0.21740023295084634
2023-08-30,94790.98665364583,299.46539243062335,-0.004151107743382454,6.140830538470254e-05,1.350191553433736,-2.189905285835266,0.20869318644205728
2023-08-31,94784.25162760417,299.7883771260579,-0.0036641545593738556,0.0009502053259780041,0.7703641255696615,-1.8127998510996501,0.20449511210123697
2023-09-01,94751.97965494792,300.2827288309733,-0.00352354533970356,0.002196420216932893,1.0006446838378906,-1.4505384763081868,0.20507049560546875
2023-09-02,94691.95882161458,299.6048355102539,-0.0026675648987293243,0.01384723876856242,2.0065250396728516,-0.8029792308807373,0.24250666300455728
2023-09-03,94499.78255208333,297.72039159138996,-0.0028657950460910797,0.014477628469364845,2.591958999633789,-1.4734681447347004,0.3785603841145833
2023-09-04,94337.60807291667,296.4720344543457,-0.0018331389874219894,0.1247444421052819,3.433389663696289,-0.9125603437423706,0.4271094004313151
2023-09-05,94310.033203125,296.86170323689777,-0.0020985491573810577,0.007480502128601074,4.327369689941406,-0.7742087046305338,0.4187914530436198
2023-09-06,94368.49348958333,298.55495897928876,-0.003621695563197136,0.0047103166580200195,3.9910081227620444,-0.029709577560424805,0.40170542399088544
2023-09-07,94428.82340494792,297.9108257293701,-0.003838499076664448,0.0011907100676467053,5.350907643636067,0.4341738224029541,0.3979511260986328
2023-09-08,94486.115234375,297.68092282613117,-0.002879256382584572,0.0001957416534423828,5.668297449747722,1.583841323852539,0.3801186879475911
2023-09-09,94473.57552083333,298.034662882487,-0.0031212419271469116,0.0038026213645707685,4.659307479858398,0.19809317588806152,0.3844706217447917
2023-09-10,94483.87125651042,297.99546241760254,-0.003148936666548252,0.0246435111662322,4.270837148030599,-0.3774938186009725,0.40367571512858075
2023-09-11,94534.61263020833,298.8560981750488,-0.00433763861656189,9.919644270439676e-05,4.101828257242839,-0.6366952260335287,0.39778900146484375
2023-09-12,94603.37972005208,298.7814089457194,-0.003776480443775654,0.0008521527051925659,3.9479637145996094,-1.0063031514485676,0.3834635416666667
2023-09-13,94578.16861979167,298.54645919799805,-0.004388963803648949,0.003144341707127296,3.6179587046305337,-0.9144610563913981,0.3728949228922526
2023-09-14,94578.43929036458,297.4058717091878,-0.002580486238002777,0.005263367295185617,3.3439222971598306,-0.4581896464029948,0.39813995361328125
2023-09-15,94584.021484375,298.34451993306476,-0.0039838943630456924,0.000194677710531721,4.2599945068359375,0.43542516231536865,0.3781890869140625
2023-09-16,94632.77376302083,298.556542078654,-0.004155660048127174,0.0007842481136322021,3.990941365559896,0.7396024068196615,0.3642762502034505
2023-09-17,94607.70833333333,298.7841313680013,-0.004564618691802025,6.655156602164425e-05,3.8180262247721353,0.31580352783203125,0.3507874806722005
2023-09-18,94659.85481770833,299.0684922536214,-0.004570755176246166,0.0004130154848098755,3.6070297956466675,-0.014338175455729166,0.3380362192789714
2023-09-19,94779.77750651042,299.2569974263509,-0.004290779121220112,0.000656777620310578,3.498310089111328,-0.18234570821126303,0.3296368916829427
2023-09-20,94771.439453125,299.1203320821126,-0.0037376005202531815,0.002574712038040161,3.1410204569498696,-0.4002240498860677,0.332058588663737
2023-09-21,94800.82161458333,298.0150909423828,-0.002724902704358101,0.004995065927403175,2.7185484568277993,-0.04862654209136963,0.35141245524088544
2023-09-22,94774.83902994792,298.200044631958,-0.0027208952233195305,0.0010016202926408369,2.166832605997721,-0.3144127130508423,0.35702069600423175
2023-09-23,94817.04524739583,298.04650497436523,-0.0030301250517368317,0.009353280067443848,2.34251340230306,-0.3938463528951009,0.3742809295654297
2023-09-24,94757.2041015625,297.8680311838786,-0.0030464939773082733,0.005113542079925537,3.248640696207682,-0.6284370819727579,0.38062795003255206
2023-09-25,94689.43375651042,297.156063079834,-0.0027996189892292023,0.012919902686576279,2.4118741353352866,-1.2752978801727295,0.3969535827636719
2023-09-26,94665.42496744792,297.81097920735675,-0.0028512412682175636,0.0042324602603862616,1.1577294667561848,-0.06936943531036377,0.401272455851237
2023-09-27,94652.18229166667,298.57116317749023,-0.003592456690967083,0.005865603685379028,1.0746529897054036,0.47845637798309326,0.39759190877278644
2023-09-28,94628.35758463542,298.60666783650714,-0.003400687128305435,0.008806705474853516,1.2424475351969402,-0.02245306968688965,0.402652104695638
2023-09-29,94655.98942057292,298.3485304514567,-0.003506440669298172,0.0036134302615664637,2.4654186964035034,0.8461882670720419,0.4038035074869792
2023-09-30,94672.84456380208,298.4943930308024,-0.004032888449728489,0.003021894881044318,2.8464762369791665,0.9736586809158325,0.3956063588460286
2023-10-01,94593.55582682292,298.42727343241376,-0.0038333628326654434,0.0008873042703108069,3.247044881184896,1.2305978536605835,0.38239796956380206
2023-10-02,94654.57470703125,298.43118985493976,-0.0026326291263103485,0.0001958608627319336,3.4127426147460938,-0.2086960474650065,0.3703161875406901
2023-10-03,94781.23095703125,299.52374776204425,-0.004453619010746479,0.0003772437422639996,2.6754544576009116,-1.8385032812754314,0.3569952646891276
2023-10-04,94892.34814453125,299.4421189626058,-0.005423091351985931,0.0,1.5049610137939453,-2.3661145766576133,0.34029706319173175
2023-10-05,94852.93343098958,298.582067489624,-0.005498504266142845,1.7106532936850272e-06,2.1654542287190757,-1.6832625071207683,0.3236287434895833
2023-10-06,94823.13004557292,298.09721755981445,-0.00521616917103529,0.0,1.9467026789983113,-1.8031139373779297,0.3087902069091797
2023-10-07,94916.35498046875,298.7667992909749,-0.004372806288301945,0.0,0.98835821946462,-1.74338960647583,0.29705174763997394
2023-10-08,95056.49886067708,299.17879931132,-0.003831394948065281,4.345306706454721e-06,0.46933428446451825,-1.6648095448811848,0.2881177266438802
2023-10-09,95161.40006510417,299.8930244445801,-0.004200166091322899,8.52346317969932e-07,-0.42061487833658856,-1.2246634165445964,0.27850977579752606
2023-10-10,95123.02018229167,299.9231179555257,-0.0038756215944886208,6.195930643571046e-05,-0.6034952799479166,-1.0348701477050781,0.2695776621500651
2023-10-11,95133.578125,299.27698644002277,-0.0037777312099933624,8.90493392944336e-05,-1.2452315489451091,-0.3725830316543579,0.2619711558024089
2023-10-12,95250.0107421875,299.54441833496094,-0.0037935134023427963,8.417963971396603e-05,-0.9927594661712646,0.032422383626302086,0.2541039784749349
2023-10-13,95302.30826822917,299.581096013387,-0.004009900614619255,1.7291212657255528e-06,-1.2236557006835938,-0.4499047597249349,0.2454814910888672
2023-10-14,95231.857421875,299.4725392659505,-0.004168967716395855,1.716613724056515e-06,-1.5132560729980469,-0.25173505147298175,0.2359612782796224
2023-10-15,95096.29134114583,299.4635690053304,-0.003676638938486576,2.169609047086851e-06,-0.8710892995198568,-0.3922007481257121,0.22780736287434897
2023-10-16,95163.9638671875,298.9257074991862,-0.0033372482284903526,0.00019825633038195178,-1.6019166707992554,0.6592826843261719,0.22257868448893228
2023-10-17,95248.54182942708,299.17297681172687,-0.0038893232122063637,8.174776951364038e-06,-1.0475775400797527,-0.5675812164942423,0.21510632832845053
2023-10-18,95272.34000651042,298.85280990600586,-0.0036663664504885674,0.0001315772524321801,-0.9651482899983724,-1.5569337209065754,0.20844078063964844
2023-10-19,95285.02783203125,298.8377825419108,-0.003748462535440922,4.968941203742361e-05,-1.5113004048665364,-1.287077267964681,0.2016468048095703
2023-10-20,95291.32161458333,298.7722085316976,-0.003725714050233364,1.0384148765751888e-05,-1.694760004679362,-1.3533573150634766,0.1946112314860026
2023-10-21,95323.60693359375,298.5078595479329,-0.003735124133527279,1.7331011008536734e-06,-1.5390739440917969,-1.7777271270751953,0.1877263387044271
2023-10-22,95322.80989583333,297.4262987772624,-0.004243719391524792,0.0,-1.2318922678629558,-2.270482341448466,0.18027432759602866
2023-10-23,95181.8720703125,297.05833117167157,-0.0038784369826316833,1.716613667213096e-06,0.10965029398600261,-2.3723714351654053,0.17384847005208334
2023-10-24,95222.76529947917,296.69974009195965,-0.0038771210238337517,1.710653371844728e-06,-0.5581239064534506,-2.4299217462539673,0.1681696573893229
2023-10-25,95340.71630859375,297.0913092295329,-0.0036797169595956802,4.351138613856165e-07,-1.0479113260904949,-2.1074302593866983,0.16298357645670572
2023-10-26,95332.05436197917,297.29689661661786,-0.003659210167825222,1.2874602361989673e-06,-1.112967809041341,-1.9379888772964478,0.1583385467529297
2023-10-27,95243.26416015625,296.97386105855304,-0.0035861078649759293,1.7195939676639682e-06,-1.3217519124348958,-1.7457894484202068,0.15406672159830728
2023-10-28,95237.97379557292,298.3181273142497,-0.0029011210426688194,1.033356511470629e-09,-1.4422753651936848,-0.06776368618011475,0.15057055155436197
2023-10-29,95208.7890625,298.28803062438965,-0.0025610029697418213,1.2646932532334176e-06,-1.2089004516601562,-0.2095674673716227,0.14808527628580728
2023-10-30,95234.80322265625,297.45762888590497,-0.002258535474538803,0.0006426447741887387,-1.3739725748697917,0.44150757789611816,0.14961560567220053
2023-10-31,95278.68538411458,297.87149175008136,-0.002609594725072384,0.0007726550101097018,-1.5486119588216145,0.29846568902333576,0.15224456787109375
2023-11-01,95285.95084635417,298.07978502909344,-0.002445107325911522,1.0837535228347406e-05,-1.6578025817871094,-0.39736636479695636,0.15174484252929688
2023-11-02,95197.33072916667,297.9933827718099,-0.002152232453227043,0.000757032387525669,-1.4471542437871296,0.24530231952667236,0.15300432840983072
2023-11-03,95057.97770182292,298.35322697957355,-0.0021701110526919365,0.0016732128918306444,-1.4176101684570312,-0.1757970650990804,0.1569798787434896
2023-11-04,95105.21695963542,297.91329765319824,-0.0022420575842261314,0.000836622714814439,-1.6655406951904297,0.279957373936971,0.16868082682291666
2023-11-05,95222.85514322917,298.4690678914388,-0.0024582650512456894,2.3256019630935043e-05,-1.9954592386881511,0.1780541737874349,0.16501235961914062
2023-11-06,95321.20442708333,297.8245970408122,-0.002012399025261402,0.0015936756512360262,-2.1679178873697915,0.7942871252695719,0.1658331553141276
2023-11-07,95306.8671875,296.91413497924805,-0.002187836915254593,0.011612385511398315,-1.638607660929362,0.4383233388264974,0.24138514200846353
2023-11-08,95283.91048177083,297.23533312479657,-0.0024971971288323402,0.008812525981738872,-1.5290298461914062,0.5114034016927084,0.3206011454264323
2023-11-09,95359.33333333333,297.54926172892254,-0.0024359766393899918,0.0016289054207732079,-1.0194753011067708,1.2276547749837239,0.31792322794596356
2023-11-10,95459.00081380208,297.2755489349365,-0.002962132915854454,0.0004436969757080078,-1.8512597878774006,0.5984087387720743,0.2959156036376953
2023-11-11,95484.87239583333,298.0281689961751,-0.0033562071621418,3.010032742167823e-06,-1.3832114537556965,0.02088618278503418,0.26970990498860675
2023-11-12,95446.537109375,297.9425532023112,-0.003424428403377533,0.0,-1.5803975661595662,-0.7194329500198364,0.24909528096516928
2023-11-13,95408.61100260417,297.66930135091144,-0.0032623987644910812,1.727127028061659e-06,-1.7168992360432942,-0.6064766645431519,0.23226356506347656
2023-11-14,95347.47428385417,296.9450213114421,-0.0021808985620737076,3.853440284729004e-05,-1.4088948567708333,-0.11144955952962239,0.22092819213867188
2023-11-15,95274.5390625,296.85083897908527,-0.00277736596763134,8.583068797918258e-07,-1.0157594283421834,-1.4042600790659587,0.21069908142089844
2023-11-16,95312.51888020833,296.54223887125653,-0.003101884387433529,1.7265305700675526e-06,-0.979284922281901,-2.286351521809896,0.19923909505208334
2023-11-17,95285.33170572917,296.89399973551434,-0.0028236843645572662,1.7136334236056427e-06,-1.5662447611490886,-0.7335287729899088,0.1892573038736979
2023-11-18,95304.55843098958,297.4853763580322,-0.002597108483314514,4.351138045421976e-07,-1.895236333211263,0.5976085265477499,0.18111801147460938
2023-11-19,95310.68570963542,297.6851495107015,-0.002598562277853489,2.5857789296424016e-06,-2.2229408820470176,0.43653106689453125,0.17372258504231772
2023-11-20,95299.72281901042,297.5419470469157,-0.0024021929129958153,8.70227722771233e-07,-1.4951998392740886,-0.8009613752365112,0.16753514607747397
2023-11-21,95242.95100911458,297.51344045003253,-0.0017748968675732613,0.00022022724141379513,-2.24804159005483,0.034285386403401695,0.16431744893391928
2023-11-22,95186.97721354167,297.5023949940999,-0.0017825476825237274,0.0004415005445252973,-1.9726618528366089,0.6588630676269531,0.16344515482584634
2023-11-23,95121.63525390625,296.17337799072266,-0.0015948032960295677,0.00246789455413321,-2.3922882080078125,1.665231704711914,0.17598597208658853
2023-11-24,95223.7421875,295.7311426798503,-0.001527935266494751,0.005760240554764096,-2.230008522669474,1.3014507293701172,0.21486600240071616
2023-11-25,95359.89811197917,297.07472229003906,-0.0025299247354269028,4.4465065002441406e-05,-2.665538787841797,0.9836031993230184,0.2360407511393229
2023-11-26,95344.06282552083,297.12854957580566,-0.001943112351000309,0.00011556744573226752,-2.5228310426076255,1.844220240910848,0.22381083170572916
2023-11-27,95224.11507161458,296.8143901824951,-0.002045915462076664,2.970704031213245e-06,-2.0398343404134116,2.33920955657959,0.2132727305094401
2023-11-28,95141.47086588542,297.1267286936442,-0.0021517323330044746,6.106793870230831e-05,-1.9520810445149739,1.4253921508789062,0.2032464345296224
2023-11-29,95216.40462239583,296.6453202565511,-0.002166368067264557,7.680058388359612e-06,-2.3542391459147134,1.5983519951502483,0.19381014506022134
2023-11-30,95258.67252604167,297.1506156921387,-0.0018379893153905869,0.00027301907539367676,-2.2280941009521484,1.5881654818852742,0.18743515014648438
2023-12-01,95181.69514973958,296.8462855021159,-0.002541394904255867,1.704692635939864e-06,-2.3106263478597007,0.4779904286066691,0.1791222890218099
2023-12-02,95112.10660807292,297.4388198852539,-0.0022933194413781166,0.0,-2.3950297037760415,0.24700836340586343,0.17077000935872397
2023-12-03,95094.26025390625,297.96438725789386,-0.0020226212218403816,3.013014793395996e-05,-2.56697146097819,-1.0289908647537231,0.16426849365234375
2023-12-04,94929.17838541667,296.8267962137858,-0.0012906752526760101,0.00031879544258117676,-2.10777219136556,-2.531346599260966,0.16092427571614584
2023-12-05,94795.96858723958,293.9980125427246,-0.0015869848430156708,0.006489279866116249,-0.1570612589518229,-4.1565736134847,0.21139081319173178
2023-12-06,94952.78792317708,296.04065895080566,-0.0016739163547754288,0.0008560419082641602,0.31422170003255206,-1.8608156840006511,0.22800381978352866
2023-12-07,95130.26806640625,295.83287684122723,-0.0018761679530143738,8.036196231842041e-05,0.0344092051188151,-0.9798768361409506,0.2211284637451172
2023-12-08,95236.33463541667,295.99975776672363,-0.002088341861963272,2.5872478772726026e-06,-0.641021728515625,-0.9386405944824219,0.20955721537272134
2023-12-09,95309.28515625,296.01406542460126,-0.002000385895371437,0.0,-1.2993507385253906,-1.1793559392293294,0.19874699910481772
2023-12-10,95272.97005208333,295.33429590861004,-0.002118874341249466,2.5560521521583723e-06,-1.3800676266352336,-0.9031815131505331,0.18895657857259116
2023-12-11,95288.38395182292,295.24320157368976,-0.00217287614941597,8.52346317969932e-07,-1.4225139617919922,-0.4168214797973633,0.17983309427897134
2023-12-12,95210.83577473958,295.2413279215495,-0.0020310785621404648,1.7106532368416083e-06,-1.5767345428466797,-0.164398193359375,0.17171923319498697
2023-12-13,95357.22623697917,294.53788630167645,-0.001746123656630516,1.0907648970714945e-06,-2.0383078257242837,-0.23912175496419272,0.16530990600585938
2023-12-14,95454.31070963542,294.25547981262207,-0.0018263328820466995,8.52346317969932e-07,-2.100550969441732,0.8141574859619141,0.1597900390625
2023-12-15,95460.90852864583,294.48484166463214,-0.0015736129134893417,5.123019150232722e-06,-1.8265794118245442,0.5098610321680704,0.15507062276204428
2023-12-16,95373.50911458333,295.88377380371094,-0.0010692179203033447,9.99599694182507e-05,-1.612789273262024,-0.243202010790507,0.15235455830891928
2023-12-17,95375.71761067708,295.7115942637126,-0.0014809686690568924,1.7106532936850272e-06,-2.1795197327931723,-0.9311782916386923,0.14922714233398438
2023-12-18,95480.38395182292,294.9138870239258,-0.001669352874159813,1.7046928064701206e-06,-2.1690355936686196,-1.7943321069081624,0.1456152598063151
2023-12-19,95524.39664713542,294.02862548828125,-0.0015706568956375122,0.0,-1.7621347904205322,-1.9404385487238567,0.14248975118001303
2023-12-20,95485.14322916667,293.58534812927246,-0.001656336709856987,4.261732051702438e-07,-1.6846370299657185,-1.2743688424428303,0.1397393544514974
2023-12-21,95422.38313802083,293.7267138163249,-0.0017739702016115189,0.0,-1.4719857374827068,-1.0382340749104817,0.13715489705403647
2023-12-22,95399.52571614583,294.4613857269287,-0.0016759149730205536,8.52346317969932e-07,-1.414070765177409,-0.17987187703450522,0.13489659627278647
2023-12-23,95540.84456380208,294.3611551920573,-0.0013703014701604843,1.7106532936850272e-06,-1.7988370259602864,0.6044273376464844,0.13312085469563803
2023-12-24,95632.40218098958,294.5215066274007,-0.0013475893065333366,1.2905774724458752e-06,-1.9981651306152344,0.7946048577626547,0.1317265828450521
2023-12-25,95562.2080078125,294.9954973856608,-0.0013650152832269669,8.52346317969932e-07,-1.4883108536402385,0.5097146034240723,0.1304346720377604
2023-12-26,95578.15283203125,295.19350560506183,-0.0014546234160661697,2.58088101645626e-06,-1.568829894065857,0.711489200592041,0.12922159830729166
2023-12-27,95594.40071614583,294.8123658498128,-0.001367734745144844,1.284479992591514e-06,-1.9401653210322063,0.7584546407063802,0.12813822428385416
2023-12-28,95497.94319661458,294.615379969279,-0.0012401910498738289,0.0,-2.119524041811625,1.247982660929362,0.1272741953531901
2023-12-29,95490.962890625,294.3544120788574,-0.0012904852628707886,8.52346317969932e-07,-1.877511978149414,1.4491233825683594,0.1264349619547526
2023-12-30,95424.78385416667,294.7788486480713,-0.0013843728229403496,0.0,-1.6669425964355469,0.5864041646321615,0.1256694793701172
