date,surface_pressure,temperature_2m,total_evaporation_sum,total_precipitation_sum,u_component_of_wind_10m,v_component_of_wind_10m,volumetric_soil_water_layer_1
2010-01-01,100953.81022135417,298.3878281911214,-0.0019010752439498901,0.0,-0.4150168100992839,-1.4591291745503743,0.08681933085123698
2010-01-02,101126.22623697917,299.45250574747723,-0.001738646999001503,8.52346317969932e-07,-0.2009131113688151,-0.5562335252761841,0.08668963114420573
2010-01-03,101218.51220703125,299.2830416361491,-0.0023151813074946404,8.52346317969932e-07,0.814178466796875,-3.54844331741333,0.08661651611328125
2010-01-04,101073.74495442708,297.84637514750165,-0.002644645981490612,0.0,1.0142718156178792,-4.286561648050944,0.08653831481933594
2010-01-05,100887.51009114583,297.65747197469074,-0.0021251533180475235,4.351138045421976e-07,0.6143111785252889,-2.7290491263071694,0.08647346496582031
2010-01-06,100811.44954427083,298.6045144399007,-0.002157321199774742,0.0,-0.7509803771972656,-1.6030750274658203,0.08637237548828125
2010-01-07,100962.51285807292,298.55172475179035,-0.002357015386223793,8.52346317969932e-07,-0.9654006958007812,-0.7374210357666016,0.08626365661621094
2010-01-08,101026.89029947917,298.4861545562744,-0.002371145412325859,0.0,-0.8131688435872396,-0.9634784460067749,0.08616828918457031
2010-01-09,101012.06770833333,298.4312057495117,-0.00232616625726223,0.0,-0.5382750829060873,-1.851961652437846,0.0860748291015625
2010-01-10,101027.81559244792,298.25689633687335,-0.0018703844398260117,1.2802358355656906e-06,0.2111408313115438,-1.7267450094223022,0.08598772684733073
2010-01-11,101068.98828125,298.6654567718506,-0.0015445370227098465,6.0677527926600305e-06,0.7890491485595703,0.16695483525594076,0.0859387715657552
2010-01-12,101272.67203776042,297.73328971862793,-0.0017732754349708557,4.2799115078651084e-05,2.150244394938151,0.03759320576985677,0.08628908793131511
2010-01-13,101448.69954427083,296.3949565887451,-0.0038216672837734222,0.0,0.1620960235595703,-4.232510566711426,0.08617909749348958
2010-01-14,101414.2080078125,297.65088907877606,-0.00263410247862339,1.2868549106315186e-06,-0.21508026123046875,-3.3191882371902466,0.08602714538574219
2010-01-15,101461.39615885417,299.18824195861816,-0.0019867047667503357,1.7070676676667063e-06,-1.1216953595479329,-2.436704476674398,0.08592160542805989
2010-01-16,101565.72054036458,299.5082238515218,-0.0021035131067037582,2.575116411662748e-06,-0.7738965352376302,-2.675956209500631,0.08582878112792969
2010-01-17,101589.76741536458,298.36622556050617,-0.0025557558983564377,8.583063504374877e-07,0.21411736806233725,-2.8804251750310264,0.08575439453125
2010-01-18,101444.845703125,297.30271593729657,-0.0019915923476219177,0.0,0.8989118337631226,-2.569318334261576,0.08567492167154948
2010-01-19,101211.74739583333,298.5721441904704,-0.0022096987813711166,8.52346317969932e-07,-0.03457196553548177,-2.6367673873901367,0.08559799194335938
2010-01-20,101296.3388671875,298.89086151123047,-0.0021007079631090164,8.584264037381217e-07,-0.4677599271138509,-1.2327495416005452,0.0855267842610677
2010-01-21,101212.32698567708,298.636926651001,-0.0023167654871940613,0.0,-0.2796001434326172,-1.8458455403645833,0.08545112609863281
2010-01-22,101227.49283854167,297.5999164581299,-0.0020974399521946907,8.523463748133508e-07,-0.0011545817057291667,-1.1852473020553589,0.08537228902180989
2010-01-23,101179.64762369792,297.1548334757487,-0.0019300729036331177,1.278923605241289e-06,0.5970904032389323,-1.5464890797932942,0.08532396952311198
2010-01-24,101091.31233723958,296.8109900156657,-0.002030680887401104,8.52346317969932e-07,0.6353899637858073,-2.050872723261515,0.08524004618326823
2010-01-25,101094.818359375,298.42993481953937,-0.0026850346475839615,5.684341886080802e-14,-0.1219777266184489,-2.9550787607828775,0.08517901102701823
2010-01-26,101186.56233723958,298.82633145650226,-0.0024593379348516464,1.2874601225121296e-06,-0.8754647572835287,-1.5739397605260212,0.08510971069335938
2010-01-27,101197.845703125,298.3571020762126,-0.002032434567809105,8.463859444418631e-07,-0.553961435953776,-1.0166647831598918,0.08504486083984375
2010-01-28,101230.97802734375,298.48545201619464,-0.0023749396204948425,1.2962814821548818e-06,-0.1330108642578125,-2.441216230392456,0.08499717712402344
2010-01-29,101244.91259765625,298.89517911275226,-0.0025388840585947037,1.2849056929553626e-06,-0.15976778666178384,-3.159413735071818,0.08494122823079427
2010-01-30,101233.11962890625,299.036901473999,-0.002158965915441513,2.5789652227103943e-06,-0.4668252070744832,-2.036341349283854,0.08489100138346355
2010-01-31,101198.56298828125,298.5378170013428,-0.001854785718023777,2.568959644122515e-06,0.4260907967885335,-1.6428152322769165,0.08485094706217448
2010-02-01,101109.3671875,297.9679826100667,-0.0020527560263872147,2.1382026602623228e-06,1.203775405883789,-2.470820585886637,0.08482551574707031
2010-02-02,101053.92757161458,297.84329922993976,-0.0021034302189946175,4.29531144163775e-06,1.12957763671875,-2.357781012852987,0.08481089274088542
2010-02-03,101068.51888020833,297.1408106486003,-0.0018232818692922592,3.841658326564357e-06,1.5113976796468098,-1.7205739816029866,0.08478736877441406
2010-02-04,101157.18798828125,296.85718790690106,-0.0017079301178455353,2.1710329747293144e-06,1.0395062764485676,-1.4633642832438152,0.08473841349283855
2010-02-05,101181.37109375,297.93084081013996,-0.0017271852120757103,1.7267963698941458e-06,0.8044384320576986,-2.0344682931900024,0.08465957641601562
2010-02-06,101181.91552734375,298.9462235768636,-0.0017401818186044693,1.713806909720006e-06,0.23398208618164062,-0.6744970083236694,0.08460362752278645
2010-02-07,101175.56266276042,299.09313074747723,-0.0020471587777137756,2.165826685995853e-06,-0.016969045003255207,-0.052901506423950195,0.0845171610514323
2010-02-08,101018.46744791667,298.2499357859294,-0.0016450248658657074,4.3511391822903533e-07,1.4342848459879558,-0.8152689933776855,0.08448219299316406
2010-02-09,100976.29703776042,297.77039019266766,-0.0023052413016557693,0.00022928442496095158,1.344268798828125,-2.9756168921788535,0.08566665649414062
2010-02-10,101005.81787109375,297.4853064219157,-0.002122321166098118,1.2934207802572928e-06,1.2458362579345703,-2.6973870992660522,0.08563804626464844
2010-02-11,101161.26774088542,297.29870796203613,-0.0019567804411053658,8.523463748133508e-07,1.685708999633789,-1.5277835528055828,0.08545430501302083
2010-02-12,101195.15690104167,296.91125297546387,-0.0019240900874137878,1.284479992591514e-06,0.7457324266433716,-1.9902101755142212,0.0852508544921875
2010-02-13,101041.78971354167,297.82271575927734,-0.002919508144259453,1.2844800494349329e-06,1.1674091815948486,-3.484868844350179,0.0850359598795573
2010-02-14,100937.005859375,297.7852331797282,-0.0027226246893405914,1.286269935008022e-06,1.2078027327855427,-3.2814903259277344,0.0848986307779948
2010-02-15,100935.87858072917,298.4847405751546,-0.0024331361055374146,0.00021649301051596126,0.5552207231521606,-3.3034725983937583,0.08634885152180989
2010-02-16,101035.1611328125,299.35649998982746,-0.0030236737802624702,4.410743663640915e-07,0.765135645866394,-4.22321613629659,0.08617909749348958
2010-02-17,101060.32861328125,299.25535837809247,-0.0028982004150748253,2.9923439797130413e-06,0.9220616420110067,-4.141845424969991,0.08593304951985677
2010-02-18,101008.64420572917,298.02063115437824,-0.0017606373876333237,8.586045510128315e-07,1.2972273031870525,-2.3566314776738486,0.08577156066894531
2010-02-19,101066.71435546875,297.54921595255536,-0.0018280353397130966,0.0,1.2567895650863647,-2.2941240866978965,0.08562024434407552
2010-02-20,101066.63606770833,298.07754071553546,-0.0015165721997618675,1.2844800494349329e-06,1.2683811982472737,-1.2571678558985393,0.08550771077473958
2010-02-21,101086.06526692708,298.4139232635498,-0.0013635382056236267,0.0001474618911743164,1.520596186319987,-0.6258063316345215,0.08616320292154948
2010-02-22,101015.1943359375,298.59461784362793,-0.001963527873158455,3.981590270996094e-05,1.3727778196334839,-1.4890385468800862,0.0867296854654948
2010-02-23,100980.623046875,297.837459564209,-0.0020842328667640686,0.0,1.5473702748616536,-2.3238726059595742,0.08652559916178386
2010-02-24,100960.46451822917,296.03638076782227,-0.0021413806825876236,4.351138613856165e-07,1.2433802286783855,-1.5576789379119873,0.08622169494628906
2010-02-25,100995.80061848958,296.3033453623454,-0.00200066901743412,3.245142011110147e-06,0.9697265625,-1.9161898692448933,0.08602841695149739
2010-02-26,100991.99837239583,298.4159297943115,-0.0020363647490739822,2.591753059277835e-06,0.9297281901041666,-2.429568330446879,0.0858319600423177
2010-02-27,100925.66373697917,300.09120750427246,-0.001975102350115776,0.0,0.7549336751302084,-1.7167466481526692,0.08567492167154948
2010-02-28,100904.29361979167,300.957124710083,-0.0021793898195028305,8.52346317969932e-07,0.9424228668212891,-1.8926152388254802,0.08553886413574219
2010-03-01,100991.38590494792,300.64123789469403,-0.0021817106753587723,1.7064855342141527e-06,1.5707155863444011,-1.5251643260320027,0.08545811971028645
2010-03-02,100957.62223307292,299.5734157562256,-0.001795351505279541,0.0,1.5735460917154949,0.03869028886159261,0.08538627624511719
2010-03-03,100950.97981770833,298.464542388916,-0.002023986540734768,1.7106532368416083e-06,1.747039794921875,-0.5924537579218546,0.08526357014973958
2010-03-04,100974.98779296875,298.1504878997803,-0.0019434262067079544,1.2010335922241211e-05,1.674289067586263,-1.738168716430664,0.0851593017578125
2010-03-05,101023.43896484375,298.21234194437665,-0.001841292716562748,4.612207402487911e-05,1.5368086496988933,-1.5487667719523113,0.08533986409505208
2010-03-06,101175.7236328125,298.10997200012207,-0.001968611031770706,2.4054225605141255e-05,1.6924259265263875,-1.6730028788248699,0.08538627624511719
2010-03-07,101227.248046875,298.1608517964681,-0.002426956780254841,3.042817127152375e-06,1.3401870727539062,-2.597376505533854,0.08531634012858073
2010-03-08,101082.30208333333,299.9866949717204,-0.0028279079124331474,8.590428706156672e-07,1.0999984741210938,-3.5593770345052085,0.08515421549479167
2010-03-09,100987.7138671875,301.73624483744305,-0.0028425678610801697,0.0,1.0170249938964844,-3.43296217918396,0.08504168192545573
2010-03-10,100989.84016927083,301.8461144765218,-0.0016858791932463646,3.0040740966796875e-05,0.4827556610107422,-0.6022739410400391,0.08504231770833333
2010-03-11,101171.64453125,301.3566468556722,-0.001377568580210209,1.399460285256282e-05,1.3260631561279297,-0.693107803662618,0.08516756693522136
2010-03-12,101155.70068359375,302.95043182373047,-0.0024073105305433273,9.174129900202388e-09,1.0446586608886719,-2.2587848901748657,0.08508936564127605
2010-03-13,101019.390625,302.3832728068034,-0.002204975113272667,8.52346317969932e-07,0.7958469390869141,-1.370885928471883,0.0849761962890625
2010-03-14,101004.71647135417,300.41074562072754,-0.0022064223885536194,2.58088101645626e-06,1.3531735738118489,-0.9508556922276815,0.08487637837727864
2010-03-15,100941.48160807292,298.8770637512207,-0.0021548308432102203,4.915127192361979e-06,1.4170684814453125,-1.0265880823135376,0.08475621541341145
2010-03-16,100946.36263020833,299.16872851053876,-0.002018221653997898,1.6480684230657516e-06,1.495709737141927,-1.2282472054163616,0.08466148376464844
2010-03-17,101030.74251302083,299.96248118082684,-0.0019332878291606903,3.7550926208496094e-06,1.7689024607340496,-1.2282800674438477,0.08455594380696614
2010-03-18,101051.5849609375,301.6265296936035,-0.0015796814113855362,0.0,1.1192429860432942,-0.5542627970377604,0.08446693420410156
2010-03-19,100984.87744140625,301.5477720896403,-0.0017924373969435692,0.0,0.9406865437825521,0.71126389503479,0.08433596293131511
2010-03-20,100919.01871744792,300.86570739746094,-0.0018516695126891136,8.52346317969932e-07,1.3994146982828777,1.1337434848149617,0.08420880635579427
2010-03-21,100710.84114583333,301.6271495819092,-0.0020605195313692093,0.0,1.2167491912841797,0.1091075340906779,0.08408864339192708
2010-03-22,100509.84375,302.4621410369873,-0.0029880041256546974,4.351138045421976e-07,1.4034709930419922,-1.3630671103795369,0.08401044209798177
2010-03-23,100456.96240234375,300.8826262156169,-0.0025053052231669426,8.523463748133508e-07,1.6769593556722004,-1.4793203274408977,0.08394749959309895
2010-03-24,100609.16569010417,300.33373769124347,-0.002023053355515003,1.4156103134155273e-06,1.489392598470052,-0.44074682394663495,0.08386739095052083
2010-03-25,100661.7333984375,299.72437477111816,-0.002053363248705864,4.366040229797363e-06,1.4982452392578125,-1.0089592536290486,0.0837694803873698
2010-03-26,100709.76090494792,299.56672350565594,-0.0021364903077483177,7.896626584624755e-06,1.5113868713378906,-1.2838091850280762,0.08372433980305989
2010-03-27,100818.1728515625,300.0239092508952,-0.002263985574245453,1.7225742112714215e-06,1.417472203572591,-1.8688629865646362,0.08366012573242188
2010-03-28,100778.556640625,300.61464246114093,-0.002070274204015732,0.0,1.9108041127522786,-1.4576063950856526,0.08359781901041667
2010-03-29,100846.34928385417,301.69885953267413,-0.0021902434527873993,4.410743663640915e-07,1.8912105560302734,-0.4962362051010132,0.0835418701171875
2010-03-30,100918.17073567708,300.496821085612,-0.0022089825943112373,8.52346317969932e-07,2.2257518768310547,0.1659653584162394,0.08347574869791667
2010-03-31,100918.98307291667,300.1996669769287,-0.0020219581201672554,3.15964221044851e-05,2.3135999043782554,1.3936657905578613,0.08346366882324219
2010-04-01,100861.01920572917,300.2732499440511,-0.0020869560539722443,2.119395685440395e-05,2.3682403564453125,1.2456482648849487,0.08375040690104167
2010-04-02,100845.05094401042,299.9557813008626,-0.0018879910930991173,1.9088387546162267e-05,1.4069417317708333,-0.061823407808939614,0.08374404907226562
2010-04-03,100841.04052734375,301.24940299987793,-0.002793502062559128,1.2819257335650036e-06,0.948760986328125,-2.652742862701416,0.08349164326985677
2010-04-04,100839.169921875,302.20279630025226,-0.002896340563893318,0.0,1.2526613871256511,-3.130722006162008,0.08332443237304688
2010-04-05,100739.857421875,302.2666842142741,-0.0023535815998911858,4.351138045421976e-07,1.3680121103922527,-2.2515635887781777,0.08317883809407552
2010-04-06,100695.40836588542,302.56139183044434,-0.0020817741751670837,8.52346317969932e-07,1.9193496704101562,-1.4215880235036213,0.08309046427408855
2010-04-07,100759.57845052083,302.66241391499835,-0.0017213039100170135,2.1427867977763526e-06,1.7361488342285156,-0.47124171257019043,0.08300526936848958
2010-04-08,100844.310546875,303.0858205159505,-0.0016442174091935158,4.712652298621833e-06,1.320239504178365,1.0079747041066487,0.08296394348144531
2010-04-09,100850.98225911458,301.20817947387695,-0.000997697003185749,1.7663123799138702e-06,1.3749594688415527,2.139094432195028,0.08297920227050781
2010-04-10,100663.05533854167,301.33756256103516,-0.0018280679360032082,3.00407407394232e-06,1.9753278096516926,0.033034165700276695,0.08294677734375
2010-04-11,100561.71468098958,301.5819574991862,-0.0024942439049482346,-4.618641469278373e-09,1.4030768076578777,-1.9202263355255127,0.08283424377441406
2010-04-12,100589.90413411458,301.70265769958496,-0.002176094800233841,2.561742292073177e-06,1.8019873301188152,-1.7436978419621785,0.08266894022623698
2010-04-13,100649.58870442708,301.3225262959798,-0.0022071944549679756,0.0,1.8755594889322917,0.6214257876078287,0.08247947692871094
2010-04-14,100670.52164713542,301.26551882425946,-0.0018404219299554825,5.4663180435454706e-06,1.675448735555013,0.7320775985717773,0.08243052164713542
2010-04-15,100737.43977864583,301.3512159983317,-0.0020841555669903755,8.553265047339664e-07,1.8757165273030598,0.22440147399902344,0.08238474527994792
2010-04-16,100720.84309895833,302.13544909159344,-0.0019873380661010742,6.783008473121299e-06,2.3191846211751304,1.1966152985890706,0.0823376973470052
2010-04-17,100785.1962890625,301.69283803304035,-0.002043314278125763,4.011392491065635e-06,2.176189422607422,1.0646870930989583,0.08233642578125
2010-04-18,100783.02848307292,301.4017747243245,-0.002282051369547844,1.2326240437232627e-05,2.2303295135498047,2.3580337365468345,0.08224995930989583
2010-04-19,100720.3642578125,301.6261450449626,-0.0022622402757406235,4.880428303977169e-05,2.4738375345865884,2.5808777809143066,0.08255831400553386
2010-04-20,100610.16422526042,301.7883008321126,-0.0020098406821489334,7.438659565650596e-06,2.264315923055013,1.140044887860616,0.08249855041503906
2010-04-21,100654.6328125,302.05701001485187,-0.002111494541168213,6.118416422395967e-06,2.0863170623779297,-0.6438476244608561,0.08241653442382812
2010-04-22,100690.49641927083,302.14871406555176,-0.002310928888618946,2.4706126851015142e-06,1.9785200754801433,-2.249338388442993,0.0822919209798177
2010-04-23,100639.71142578125,303.9493700663249,-0.00202267337590456,0.00011483160665193282,1.933560053507487,-2.197844982147217,0.08271853129069011
2010-04-24,100644.31819661458,303.0976619720459,-0.0019163284450769424,4.294549398764502e-06,1.9815483093261719,-0.8317381540934244,0.08307139078776042
2010-04-25,100661.04833984375,302.41854604085285,-0.002178853377699852,3.423390239731816e-06,1.9717591603597004,-0.1889651616414388,0.08296775817871094
2010-04-26,100826.14274088542,303.2012303670247,-0.0022461116313934326,3.507596488816489e-06,2.0456263224283853,-2.043246030807495,0.0827954610188802
2010-04-27,100870.55452473958,302.75243822733563,-0.002190851606428623,3.6388634612194437e-06,1.7554944356282551,-0.9101727803548177,0.08266576131184895
2010-04-28,100738.34781901042,302.7339719136556,-0.0023441584780812263,0.0,2.1254329681396484,0.07224702835083008,0.08251508076985677
2010-04-29,100599.5947265625,302.81658299763996,-0.002006668597459793,6.645917892456055e-06,1.9758326212565105,-0.0164259672164917,0.08239936828613281
2010-04-30,100758.767578125,303.05278460184735,-0.0021940497681498528,6.094872941275753e-05,2.1333624521891275,1.2457693020502727,0.08261998494466145
2010-05-01,100829.43831380208,303.2604586283366,-0.00227267574518919,0.0001734435558091718,2.1476434071858725,-0.9664211273193359,0.08372561136881511
2010-05-02,100661.41617838542,302.74555587768555,-0.002365631051361561,1.4007091522216797e-06,2.376230239868164,-0.9700234731038412,0.08390998840332031
2010-05-03,100526.64892578125,302.60960896809894,-0.0022349581122398376,1.9496679158237384e-05,2.229442596435547,-0.8176848093668619,0.08378283182779948
2010-05-04,100416.07861328125,302.4538408915202,-0.0023387791588902473,1.1804699852291378e-05,2.173405329386393,-1.3138843377431233,0.08382034301757812
2010-05-05,100400.55777994792,302.5233217875163,-0.0022813742980360985,2.8192996978759766e-05,2.481268564860026,-1.417243242263794,0.08382542928059895
2010-05-06,100385.96826171875,302.7400493621826,-0.002249537967145443,5.589425563812256e-05,2.4210923512776694,-2.036811431248983,0.08407529195149739
2010-05-07,100299.298828125,303.36046028137207,-0.00180852971971035,4.351139068603516e-06,1.8573067982991536,-1.2477350234985352,0.08408546447753906
2010-05-08,100387.46826171875,303.78681500752765,-0.0019408883526921272,5.837926607910049e-06,2.082489013671875,-0.1963024139404297,0.08397610982259114
2010-05-09,100279.5732421875,304.4410622914632,-0.002305145375430584,3.8743019104003906e-07,2.273888270060221,-1.6346677144368489,0.08384132385253906
2010-05-10,100362.56477864583,303.5816828409831,-0.0022453758865594864,2.855062484741211e-05,2.4991671244303384,-0.5377978881200155,0.08389981587727864
2010-05-11,100364.71875,303.2914613087972,-0.0025726156309247017,2.0921229406667408e-06,2.1855189005533853,-1.1473662853240967,0.08373006184895833
2010-05-12,100431.73583984375,302.75459988911945,-0.002207874320447445,1.9073486328125e-05,2.7475897471110025,0.5367088317871094,0.08370208740234375
2010-05-13,100455.67740885417,302.85883076985675,-0.0022532502189278603,2.0036101339826473e-05,2.9093443552652993,0.7258516550064087,0.0838025410970052
2010-05-14,100420.64225260417,302.6413516998291,-0.002283667214214802,3.6016106605529785e-05,2.7733075618743896,1.6128876606623332,0.0838940938313802
2010-05-15,100412.01253255208,302.45468457539874,-0.0022957324981689453,3.1128525733947754e-05,2.423344930013021,1.3192357222239177,0.08413314819335938
2010-05-16,100438.8955078125,302.6678657531738,-0.002226749435067177,6.515681743124446e-05,2.85780402024587,0.696002205212911,0.08411407470703125
2010-05-17,100438.27229817708,302.9510434468587,-0.00234965980052948,6.613433356505993e-05,2.925796389579773,-1.5108246008555095,0.08476448059082031
2010-05-18,100275.72786458333,303.70746930440265,-0.001963566057384014,5.087256425895248e-05,2.380914052327474,-1.5948549906412761,0.08482996622721355
2010-05-19,100233.38020833333,303.2307643890381,-0.0019960934296250343,2.384273716415919e-05,3.194913864135742,-0.1303393840789795,0.08477020263671875
2010-05-20,100153.94059244792,303.3544108072917,-0.002215001732110977,0.00030388832091787776,3.9092191060384116,-0.3256899118423462,0.08561642964680989
2010-05-21,100295.18782552083,303.54796981811523,-0.002324064262211323,0.000384706258728329,4.19302241007487,1.094535191853841,0.08807373046875
2010-05-22,100369.35725911458,303.4400221506755,-0.0023542745038866997,0.00040451566030696995,4.077826817830403,1.156359593073527,0.09062385559082031
2010-05-23,100394.14811197917,303.34184646606445,-0.002433905377984047,0.00014916992461166956,3.7816333770751953,0.846154530843099,0.09068997701009114
2010-05-24,100426.39632161458,303.37612469991046,-0.00253287423402071,0.00011325180526000622,4.068915685017903,1.549644152323405,0.08982022603352864
2010-05-25,100456.88362630208,303.63713455200195,-0.0025279978290200233,0.00041478872299194336,4.6097564697265625,1.3713760375976562,0.08964157104492188
2010-05-26,100502.03857421875,303.5811456044515,-0.002753165550529957,0.000993591546944117,4.980487823486328,2.2681226332982383,0.09501457214355469
2010-05-27,100468.75504557292,303.7920061747233,-0.002537013031542301,0.0006476432084987493,4.728196461995442,1.662192662556966,0.09750175476074219
2010-05-28,100573.04313151042,303.6522134145101,-0.0025477055460214615,0.0004959791898677679,3.7931722005208335,1.4138142665227253,0.09843508402506511
2010-05-29,100596.34554036458,303.35888989766437,-0.0027389302849769592,0.00022696256627341427,3.594362258911133,0.753416895866394,0.09720675150553386
2010-05-30,100577.47037760417,303.17580858866376,-0.002500586211681366,2.460181713104248e-05,2.9431800842285156,1.249927043914795,0.09365463256835938
2010-05-31,100598.92057291667,303.54938316345215,-0.0023524053394794464,0.0008117109537124634,1.845385233561198,3.721614638964335,0.09325218200683594
2010-06-01,100625.71077473958,303.3536777496338,-0.002793252468109131,0.0012803107499053112,1.3410282135009766,4.546518047650655,0.09908803304036458
2010-06-02,100782.58203125,302.85311635335285,-0.0031265905126929283,0.006834053993223677,1.9514395395914714,2.805721084276835,0.129669189453125
2010-06-03,100856.1611328125,303.33903249104816,-0.0036311615258455276,0.0012521982192943426,2.703723907470703,0.17571651935577393,0.1670360565185547
2010-06-04,100882.27848307292,303.62023480733234,-0.004139350727200508,0.0011504135391078307,3.9992027282714844,-0.701693614323934,0.15383593241373697
2010-06-05,100703.13199869792,303.00596809387207,-0.004010033793747425,0.003355423095303678,3.9454212188720703,0.12220744291941325,0.1558049519856771
2010-06-06,100524.20703125,302.36671257019043,-0.004431525245308876,0.010736720669399347,3.5787296295166016,3.4286524852116904,0.19102795918782553
2010-06-07,100526.14876302083,301.5657736460368,-0.0042968615889549255,0.0057628791444699345,2.880011876424154,3.359134634335836,0.26480865478515625
2010-06-08,100486.58235677083,301.9674294789632,-0.0038524754345417023,0.0027487576007843018,2.752070109049479,1.1007460753122966,0.24561691284179688
2010-06-09,100305.16878255208,302.71538670857746,-0.004249833524227142,0.004898363351820478,1.86346435546875,-0.8268049160639445,0.23336029052734375
2010-06-10,100191.58528645833,302.9139569600423,-0.004427365027368069,0.007125720381736755,1.4533456166585286,-1.1574902931849163,0.24917475382486978
2010-06-11,100090.33740234375,302.74526532491046,-0.004538088105618954,0.01088916063298484,1.927376429239909,-0.1280515988667806,0.2673028310139974
2010-06-12,99988.00358072917,303.3260491689046,-0.004184120334684849,0.0012980734171037511,2.720757166544596,-0.7218228181203207,0.27868207295735675
2010-06-13,100004.58870442708,303.0004075368245,-0.00376781914383173,0.013433804697513096,2.989076614379883,-0.3673932949701945,0.2575721740722656
2010-06-14,100112.01481119792,300.07362174987793,-0.003098396584391594,0.16121071577072144,0.07054964701334636,1.9708970387776692,0.3785400390625
2010-06-15,100090.46321614583,300.2005201975505,-0.004346419125795364,0.06672590970993042,1.6622130076090496,5.069899876912435,0.39067522684733075
2010-06-16,100118.87223307292,299.62645721435547,-0.002774931490421295,0.10196936130523682,4.107356468836467,3.1423590977986655,0.3966840108235677
2010-06-17,100161.83284505208,300.55362637837726,-0.0031478144228458405,0.0044312208889891735,-1.931865930557251,2.661769231160482,0.35680262247721356
2010-06-18,100195.04231770833,300.4178574879964,-0.002710200846195221,0.03411881923682358,-0.10939598083496094,0.8414649963378906,0.37654368082682294
2010-06-19,100199.43782552083,301.52365493774414,-0.004604988731443882,0.004387974739074707,-0.6501757303873698,3.3912366231282554,0.3488445281982422
2010-06-20,100387.87809244792,301.24006779988605,-0.004725773818790913,0.003750029206173622,1.661206563313802,4.576622645060222,0.3347765604654948
2010-06-21,100455.58805338542,301.26876004536945,-0.004684010520577431,0.0070489615192173005,2.4052042961120605,3.624416987101237,0.34137916564941406
2010-06-22,100381.05973307292,300.8928591410319,-0.005062632262706757,0.012031200528042518,3.0541114807128906,2.8239932854970298,0.3478679656982422
2010-06-23,100365.25667317708,299.9431432088216,-0.003890402615070343,0.028779149053661968,2.86186154683431,2.5470109780629477,0.3739325205485026
2010-06-24,100172.18929036458,299.9972438812256,-0.004006672650575638,0.023593321574253423,2.4824015299479165,2.9745651483535767,0.37560081481933594
2010-06-25,100035.95719401042,299.74304008483887,-0.003344014286994934,0.02822733536635269,1.9024874369303386,2.4533767700195312,0.3828442891438802
2010-06-26,99963.8935546875,301.1722551981608,-0.004539242945611477,0.003135028138558482,1.0995254516601562,2.1344430843989053,0.344485600789388
2010-06-27,100101.23828125,300.85472361246747,-0.004885135218501091,0.006715399026859359,1.3701019287109375,5.499535322189331,0.3418750762939453
2010-06-28,100243.96028645833,300.857364654541,-0.004460004158318043,0.0014776498078390432,2.347031275431315,3.518722414970398,0.3246256510416667
2010-06-29,100225.76790364583,300.7020575205485,-0.0037742136046290398,0.0027702301740646362,1.675923506418864,3.2013349533081055,0.3166643778483073
2010-06-30,100177.35546875,300.6242389678955,-0.0034583378583192825,0.004901963472264015,2.257493535677592,3.4541059335072837,0.31831804911295575
2010-07-01,100082.04069010417,300.4458287556966,-0.0037394333630800247,0.015531567673292557,2.373558680216471,2.6802794138590493,0.3417199452718099
2010-07-02,100082.47998046875,299.70439529418945,-0.0029313024133443832,0.016920680287910272,1.385162353515625,3.30175773302714,0.3681233723958333
2010-07-03,100032.0791015625,299.21996053059894,-0.001977059058845043,0.0457073926924636,3.0763460795084634,1.391990343729655,0.3883495330810547
2010-07-04,100035.12630208333,299.85872141520184,-0.0031948573887348175,0.014470949768963237,2.9270216623942056,3.9989355007807412,0.3691794077555339
2010-07-05,100211.37125651042,299.6299794514974,-0.004590880125761032,0.015512994930134028,2.4902942975362143,5.6952128410339355,0.3642590840657552
2010-07-06,100316.650390625,299.49097442626953,-0.0034575536847114563,0.012339729070561134,2.921421686808268,4.729555130004883,0.36552874247233075
2010-07-07,100406.08138020833,299.322811126709,-0.003721022978425026,0.020611971616744995,2.0264898935953775,5.0396906932195025,0.37308692932128906
2010-07-08,100594.81298828125,299.04755846659344,-0.002948620356619358,0.021876230835914612,2.1868413289388022,4.388653000195821,0.38016319274902344
2010-07-09,100589.90690104167,299.31698481241864,-0.003449544310569763,0.02423343062400818,2.9638799031575522,3.20998207728068,0.377072016398112
2010-07-10,100597.61995442708,300.08422152201337,-0.0038408953696489334,0.015673227901061182,2.753351847330729,2.4371546109517417,0.37035179138183594
2010-07-11,100590.31591796875,300.8216667175293,-0.004415228962898254,0.007535815238952637,4.020238876342773,1.8993633190790813,0.35912195841471356
2010-07-12,100487.64599609375,300.71905453999835,-0.003705652430653572,0.0034623384475693797,4.505032857259114,3.3780314524968467,0.34041086832682294
2010-07-13,100528.32958984375,300.70351854960126,-0.004180965945124626,0.004768164951769904,3.492905298868815,3.069735844930013,0.3350054423014323
2010-07-14,100544.05110677083,300.04852358500165,-0.003917179070413113,0.006379842758178711,2.5389296213785806,1.5678685506184895,0.3330008188883464
2010-07-15,100341.1162109375,300.2021312713623,-0.0037564346566796303,0.007266414165389534,2.7673734029134116,-0.2042217254638672,0.3398094177246094
2010-07-16,100103.80891927083,299.5414015452067,-0.0032867034897208214,0.015932410955372234,2.88165283203125,0.7014179229736328,0.3597558339436849
2010-07-17,100084.50130208333,299.77065022786456,-0.004060458391904831,0.022644403576805416,3.1635862986246743,2.949699640274048,0.37186622619628906
2010-07-18,100152.3154296875,300.02552032470703,-0.004354469478130341,0.03007598143966561,3.283625284830729,2.8498222827911377,0.37642542521158856
2010-07-19,99972.29541015625,299.9099814097087,-0.004012297838926315,0.03577278226674707,3.800828297932943,2.131710092226664,0.3857714335123698
2010-07-20,99967.14778645833,299.6662343343099,-0.002883289009332657,0.09302743077267905,4.366090138753255,1.689760684967041,0.3888409932454427
2010-07-21,100111.587890625,299.26828638712567,-0.0025166086852550507,0.04736287442904086,4.904915491739909,3.1640968322753906,0.3845539093017578
2010-07-22,100162.36702473958,299.48520278930664,-0.0036522410809993744,0.05505661433289788,6.370683034261067,2.8413390715916953,0.3913892110188802
2010-07-23,100184.12613932292,299.4346383412679,-0.003790521062910557,0.040346107351922456,5.4272918701171875,2.759063402811686,0.3876991271972656
2010-07-24,100109.349609375,299.39581298828125,-0.003836249001324177,0.03326187431811789,6.299468358357747,1.8706550200780232,0.38408152262369794
2010-07-25,100008.97005208333,298.624355951945,-0.004037999548017979,0.02169910623740634,6.60692024230957,2.162176728248596,0.379086176554362
2010-07-26,99955.30403645833,298.53271802266437,-0.0033936602994799614,0.040666443109387274,6.991618474324544,3.3875968853632608,0.38622093200683594
2010-07-27,100097.99283854167,299.0185432434082,-0.004322392866015434,0.024655449521560513,5.097977956136067,5.143156409263611,0.377133051554362
2010-07-28,100200.07893880208,299.17130915323895,-0.004178106784820557,0.014827614512796572,3.348300298055013,4.478444417317708,0.37185033162434894
2010-07-29,100198.06363932292,298.9943987528483,-0.00352553091943264,0.017227204527955564,2.808953603108724,3.458979924519857,0.3741372426350911
2010-07-30,100171.54459635417,299.1356569925944,-0.0035777129232883453,0.02771079774174723,3.1590328216552734,3.466766357421875,0.37716102600097656
2010-07-31,100292.99527994792,298.84893226623535,-0.003092106431722641,0.03903607406711984,5.334277470906575,4.360779643058777,0.38551966349283856
2010-08-01,100355.70247395833,299.12912432352704,-0.003399261273443699,0.02473151683807373,5.635374069213867,4.1904252370198565,0.3810507456461589
2010-08-02,100152.1005859375,299.32899284362793,-0.004108567722141743,0.04747689664363364,6.1771799723307295,4.112129290898641,0.3897438049316406
2010-08-03,100013.22526041667,299.44657198588055,-0.004558958113193512,0.040790146589188225,6.3912506103515625,1.7152938842773438,0.386627197265625
2010-08-04,100128.15852864583,299.93219502766925,-0.004111652262508869,0.005483236444888462,4.918935775756836,2.8043668270111084,0.35044225056966144
2010-08-05,100391.775390625,300.1121966044108,-0.004520898684859276,0.005347293615233895,4.362890243530273,2.5553177992502847,0.34039306640625
2010-08-06,100433.49641927083,299.5644760131836,-0.003608638420701027,0.005977781750118538,3.8538004557291665,1.5071786642074585,0.3394247690836589
2010-08-07,100275.357421875,298.7764892578125,-0.002644956111907959,0.019931548833842072,4.291176478068034,2.1658637523651123,0.36278025309244794
2010-08-08,100296.04248046875,299.07690238952637,-0.0031469054520130157,0.006203854591031899,3.6412855784098306,3.6701965729395547,0.35241953531901044
2010-08-09,100418.71142578125,299.47118886311847,-0.00423477403819561,0.0075882673263549805,3.4272778828938804,3.371506134668986,0.3528124491373698
2010-08-10,100475.85416666667,299.3827673594157,-0.004207288846373558,0.007859637086482962,2.9562479654947915,3.1973249514897666,0.3535105387369792
2010-08-11,100474.24267578125,299.66661262512207,-0.0036030616611242294,0.0062383115291027025,2.640824635823568,1.7906121015548706,0.34989039103190106
2010-08-12,100374.41194661458,300.1746082305908,-0.003530491143465042,0.003312119841631045,2.6439024607340493,0.5632553100585938,0.33690770467122394
2010-08-13,100358.05859375,299.64930216471356,-0.00313643179833889,0.004835397005081177,2.464815139770508,1.7895334164301555,0.3359699249267578
2010-08-14,100334.80224609375,299.7232354482015,-0.0034546470269560814,0.00439282655715445,2.0485032399495444,2.488714575767517,0.3351128896077474
2010-08-15,100380.49300130208,299.94597752888996,-0.0034251147881150246,0.004307267475439858,1.9762382507324219,2.1743074655532837,0.3318004608154297
2010-08-16,100393.54475911458,299.89709218343097,-0.0037219934165477753,0.007721525293561626,2.2331854502360025,1.8510958353678386,0.3383636474609375
2010-08-17,100244.34814453125,299.6685371398926,-0.0037969592958688736,0.018637749552624427,2.849351247151693,0.7560590108235677,0.3567384084065755
2010-08-18,100351.123046875,298.998992284139,-0.002558142878115177,0.036703136563232874,3.8693663279215493,1.3901392618815105,0.37459373474121094
2010-08-19,100552.70572916667,299.4315071105957,-0.003265739418566227,0.004799503087951962,2.070415496826172,1.8543440500895183,0.34929847717285156
2010-08-20,100650.41634114583,299.7344487508138,-0.00318713765591383,0.004553357461304586,1.4828929901123047,0.8453299204508463,0.3433647155761719
2010-08-21,100554.14420572917,299.3900623321533,-0.0030651912093162537,0.0169594636042234,1.7324587504069011,0.3263161977132161,0.36024030049641925
2010-08-22,100520.62141927083,299.73765627543133,-0.00314178504049778,0.004650762637595562,2.1015682220458984,0.7041482925415039,0.35141754150390625
2010-08-23,100442.87548828125,299.7452685038249,-0.003802236169576645,0.0058555896547431985,3.010024388631185,-0.0017871459325154622,0.3476066589355469
2010-08-24,100289.15511067708,299.86142412821454,-0.0036867279559373856,0.008652850985583882,2.6806653340657554,0.41136447588602704,0.3455047607421875
2010-08-25,100272.54654947917,299.60581398010254,-0.003545837476849556,0.012731224298477173,2.5265820821126304,0.7789679765701294,0.3580881754557292
2010-08-26,100199.09358723958,299.3414058685303,-0.0029369713738560677,0.012893332920555167,1.2649224599202473,1.2735379139582317,0.3613637288411458
2010-08-27,100075.34261067708,299.6134262084961,-0.0031791897490620613,0.01975393295288086,1.694663365681966,0.9351383845011393,0.3681863149007161
2010-08-28,100097.56396484375,299.58342297871906,-0.0027835415676236153,0.020633861422538757,2.2571188608805337,2.2358056704203286,0.3739782969156901
2010-08-29,100176.71012369792,299.2752456665039,-0.0030270712450146675,0.06697835922240714,4.956092198689778,2.4966746966044107,0.3873068491617839
2010-08-30,100118.68115234375,299.2369556427002,-0.003320797346532345,0.0328594744204338,6.404371897379558,3.0057106018066406,0.38305409749348956
2010-08-31,100185.54264322917,298.88796361287433,-0.0034503545612096786,0.05274578928947449,6.318402608235677,4.808403889338176,0.39049212137858075
2010-09-01,100514.21891276042,299.09589258829754,-0.004127040505409241,0.02376408874988556,4.71254285176595,4.387325803438823,0.3762213389078776
2010-09-02,100643.10091145833,299.40289243062335,-0.00421738438308239,0.006818130612373352,3.8984788258870444,2.7735474904378257,0.3508116404215495
2010-09-03,100454.71061197917,299.75649070739746,-0.004539579153060913,0.005197808146476746,4.086495081583659,2.1157246430714927,0.341464360555013
2010-09-04,100385.298828125,299.1906992594401,-0.0037765689194202423,0.010222056508041533,3.7998523712158203,2.726650873819987,0.3481591542561849
2010-09-05,100529.45084635417,298.8550256093343,-0.0038598626852035522,0.02799113988874069,3.228963851928711,4.007620493570964,0.37329546610514325
2010-09-06,100449.78922526042,299.0001621246338,-0.0026351697742938995,0.023818999528884888,3.137805938720703,3.143813451131185,0.3780504862467448
2010-09-07,100285.52522786458,298.8827075958252,-0.0028102975338697433,0.024857306480406294,3.257511297861735,2.4606470266977944,0.37748082478841144
2010-09-08,100189.82307942708,298.8321889241536,-0.0025601424276828766,0.05699228048314353,3.739830652872721,1.4336401621500652,0.3936767578125
2010-09-09,100276.03776041667,299.42705154418945,-0.0034878328442573547,0.010250353813166413,3.4315357208251953,2.0876797437667847,0.3571491241455078
2010-09-10,100315.27425130208,299.4260609944661,-0.004318468272686005,0.004588788747696526,2.6873465379079184,4.594788392384847,0.3383750915527344
2010-09-11,100488.08626302083,299.22920989990234,-0.004655733704566956,0.004682421684265137,2.248769203821818,4.710069537162781,0.33391888936360675
2010-09-12,100565.81282552083,299.4089533487956,-0.004271319136023521,0.003893280029217294,1.587338129679362,3.2866401274998984,0.328640619913737
2010-09-13,100463.857421875,299.1802927652995,-0.004298258572816849,0.005956190824406349,1.4382508595784504,2.9707107543945312,0.3314889272054036
2010-09-14,100381.2822265625,299.40099398295087,-0.0038312990218400955,0.009356468915939331,1.5307998657226562,2.189663569132487,0.3449083964029948
2010-09-15,100404.484375,299.84227053324383,-0.004034198820590973,0.003956544441564347,1.7410329182942708,1.5511999130249023,0.3373730977376302
2010-09-16,100432.30631510417,299.64673105875653,-0.003819151781499386,0.010396800594946853,2.053706487019857,0.8754672606786092,0.3511524200439453
2010-09-17,100372.49560546875,299.8345063527425,-0.004134573042392731,0.0045846287457607104,1.9618816375732422,0.5686750411987305,0.33946482340494794
2010-09-18,100284.82568359375,299.112647374471,-0.003378836438059807,0.005054572497726895,1.6616706848144531,0.5213454961776733,0.34281476338704425
2010-09-19,100318.73763020833,299.8219114939372,-0.004383262246847153,0.003118276596069336,1.4022369384765625,-0.18251848220825195,0.3275610605875651
2010-09-20,100513.19319661458,299.8610045115153,-0.0037610549479722977,0.004387713974210783,0.49224281311035156,1.912238081296285,0.33078765869140625
2010-09-21,100705.66015625,299.8624890645345,-0.00389835424721241,0.003035500645637512,0.30704180399576825,1.7101426124572754,0.326815923055013
2010-09-22,100743.68961588542,300.52825991312665,-0.004362599924206734,0.001191064715385437,1.1303087870279949,0.6231159766515096,0.3108654022216797
2010-09-23,100634.38151041667,300.96047592163086,-0.004060916602611542,0.0009924620380843407,1.1093660990397136,-0.45831580956776935,0.29651769002278644
2010-09-24,100606.69417317708,300.8788604736328,-0.004093701019883156,0.0015485368487588858,1.0279769897460938,-0.03594017028808594,0.289401372273763
2010-09-25,100686.7451171875,300.6545066833496,-0.00399427954107523,0.0025874687745499614,0.8499933878580729,-0.7307518720626831,0.288760503133138
2010-09-26,100669.529296875,301.1651070912679,-0.004579426720738411,0.0005812644958496094,0.02454058329264323,-1.638010819753011,0.28223101298014325
2010-09-27,100635.75830078125,301.6291103363037,-0.004906239919364452,0.0068075597286210154,-0.7992146809895834,-0.3000781138737996,0.29198265075683594
2010-09-28,100682.03499348958,301.4512201944987,-0.004975966177880764,0.005867195129326319,-0.7209097544352213,0.8557399908701578,0.3128814697265625
2010-09-29,100710.12337239583,301.5362739562988,-0.004710450768470764,0.002508777379887306,-0.3138427734375,-0.5790067513783773,0.3066864013671875
2010-09-30,100614.24397786458,301.28930473327637,-0.004910999909043312,0.008840778470034394,-0.3949769337972005,-0.5695390303929647,0.3157335917154948
2010-10-01,100439.529296875,302.209192276001,-0.005445986986160278,4.351138045421976e-07,0.054607391357421875,-1.7160392602284749,0.30018170674641925
2010-10-02,100448.17805989583,302.50523312886554,-0.005361209623515606,3.0159944799379446e-06,-0.38181114196777344,-1.1447103420893352,0.27393531799316406
2010-10-03,100504.71354166667,302.20536041259766,-0.00521537009626627,0.001081863917534065,-0.2425409952799479,0.5499898195266724,0.25876426696777344
2010-10-04,100477.76139322917,301.18248621622723,-0.004606285132467747,0.009473255276247983,0.0445092519124349,0.21496089299519858,0.2866293589274089
2010-10-05,100392.17496744792,301.20065752665204,-0.004424825310707092,0.001857394644730448,0.06084124247233073,0.908080538113912,0.3016122182210286
2010-10-06,100351.44075520833,301.49534861246747,-0.004117114469408989,0.00013469098712448613,1.2463620503743489,0.19451502958933511,0.27998606363932294
2010-10-07,100269.91259765625,301.3753007253011,-0.0042970385402441025,3.276109623584489e-06,0.9701347351074219,0.60883100827535,0.25966453552246094
2010-10-08,100390.79361979167,301.3364938100179,-0.004686195403337479,7.333155338073993e-06,1.0485642751057942,0.8588301340738932,0.24292627970377603
2010-10-09,100453.03857421875,300.7351481119792,-0.00485635083168745,0.00030325353145599365,2.0715630849202475,-0.3255755106608073,0.23001861572265625
2010-10-10,100544.64241536458,300.3620179494222,-0.004805922508239746,0.0023898959158827893,2.065210978190104,0.9449361165364584,0.22771008809407553
2010-10-11,100784.97379557292,299.1570796966553,-0.0037350542843341827,0.003855273127555847,1.366180419921875,1.724985122680664,0.2413336435953776
2010-10-12,100951.69173177083,299.0964291890462,-0.0037692226469516754,0.0013690173624922863,0.23780949910481772,0.11157174905141194,0.262393315633138
2010-10-13,100857.44873046875,299.81592051188153,-0.004222136922180653,0.0014227318646362619,0.15374120076497397,-0.7076174020767212,0.24951998392740884
2010-10-14,100724.59293619792,299.7274792989095,-0.004051167517900467,0.0033359289168970463,0.4404595692952474,-0.2196640968322754,0.24631818135579428
2010-10-15,100678.224609375,299.72349484761554,-0.0037610772997140884,0.0028772592544505926,1.3056488037109375,0.21001986662546793,0.2627754211425781
2010-10-16,100450.4658203125,300.817169825236,-0.003322574310004711,0.004779298636417906,1.949551264444987,-1.1913177967071533,0.2718359629313151
2010-10-17,100313.45263671875,300.87886873881024,-0.0030200621113181114,0.006946954130398808,1.354611078898112,-0.11394437154134114,0.2858174641927083
2010-10-18,100418.97330729167,299.7383448282878,-0.0030010584741830826,0.02267493994503411,0.12840398152669272,0.28612836201985675,0.34833335876464844
2010-10-19,100569.76481119792,299.9802239735921,-0.003697977401316166,0.008958356229413766,0.5227298736572266,2.116327921549479,0.34613927205403644
2010-10-20,100623.78564453125,299.7948519388835,-0.003768470138311386,0.00987812876701355,-0.18567975362141928,2.5304177602132163,0.3494110107421875
2010-10-21,100414.29443359375,299.4638735453288,-0.0034783901646733284,0.014098840951817238,0.39427757263183594,2.2667073806126914,0.3598365783691406
2010-10-22,100326.17106119792,299.40074920654297,-0.0028855931013822556,0.0062581527864722375,0.8237323760986328,1.534993012746175,0.34894053141276044
2010-10-23,100544.81119791667,299.5298379262288,-0.003198673017323017,0.0019596855599957053,0.4109514156977336,-0.12637762228647867,0.32965723673502606
2010-10-24,100675.3203125,299.6299476623535,-0.004124075174331665,0.0005915015935897827,0.3552080790201823,-1.1608689626057942,0.3086833953857422
2010-10-25,100758.24934895833,299.1688480377197,-0.0030833911150693893,0.0036311984062180613,0.05287361145019531,-1.6014976501464844,0.3116079966227214
2010-10-26,100828.5322265625,301.0041567484538,-0.00424015149474144,0.0007962226867626043,-0.5320290724436442,-0.9134991963704427,0.29884592692057294
2010-10-27,100949.99609375,301.2016181945801,-0.0044767893850803375,1.275539318612573e-06,0.06407610575358073,-0.63983154296875,0.2807229359944661
2010-10-28,100919.5830078125,300.75601323445636,-0.0046175457537174225,0.0,-0.15708033243815103,-1.1811288197835286,0.263644536336263
2010-10-29,100918.58821614583,300.88724581400555,-0.004641730338335037,8.583068620282575e-07,-0.4535338083902995,-1.6782703399658203,0.2493445078531901
2010-10-30,100987.40787760417,300.97592544555664,-0.005456612445414066,1.2904405366498395e-06,-0.7578461964925131,-2.2357896169026694,0.23507181803385416
2010-10-31,100877.3984375,300.4928773244222,-0.005674529820680618,1.716613667213096e-06,-1.0468858083089192,-2.39363960425059,0.2198797861735026
2010-11-01,100702.84716796875,299.9228738149007,-0.005651878193020821,4.351138045421976e-07,-1.2202383677164714,-2.4180485010147095,0.20595423380533853
2010-11-02,100730.20035807292,299.91532770792645,-0.005425171926617622,8.52346317969932e-07,-1.0722777048746746,-2.463891545931498,0.19220415751139322
2010-11-03,100916.10009765625,300.594056447347,-0.004030844196677208,9.84951788041144e-06,-0.2909380594889323,-1.700308879216512,0.18054898579915366
2010-11-04,100921.40787760417,300.72754796346027,-0.0032462775707244873,0.0021191120146681897,-0.42510350545247394,-0.26840726534525555,0.1798248291015625
2010-11-05,100901.37076822917,300.4736499786377,-0.0034318435937166214,0.0024143755426848656,-0.3167285919189453,-0.2360661824544271,0.2029895782470703
2010-11-06,100743.95279947917,300.2693913777669,-0.003357386216521263,0.001241905089955253,0.04586092631022135,-0.6725381215413412,0.2072118123372396
2010-11-07,100625.66227213542,300.3639971415202,-0.00515776127576828,2.147324551060592e-06,-1.2685527801513672,-2.006963094075521,0.1981658935546875
2010-11-08,100547.08365885417,300.3015906016032,-0.003998344764113426,0.0012855542090228766,-0.7446371714274088,-2.263185501098633,0.18858718872070312
2010-11-09,100857.6259765625,300.39730072021484,-0.0035406844690442085,0.006609633564949036,-1.825448989868164,2.143705646197001,0.22170575459798178
2010-11-10,101062.78125,300.4583314259847,-0.0034089470282197,0.0015112615810721763,0.20100021362304688,0.9458017746607462,0.24117342631022134
2010-11-11,100938.54720052083,299.81505648295087,-0.003455372527241707,0.005297750234603882,0.45328521728515625,1.255507191022237,0.2564474741617839
2010-11-12,100695.099609375,299.57702891031903,-0.003550581634044647,0.0015617311000823975,0.264132817586263,1.5019132693608601,0.26453272501627606
2010-11-13,100733.87972005208,299.83596356709796,-0.0032923296093940735,0.0022775620222041937,0.04720878601074219,-0.4704931179682414,0.2573407491048177
2010-11-14,100967.26839192708,300.55564816792804,-0.003675907850265503,0.002836787700651655,-0.5077603658040365,-1.2134151458740234,0.2552649180094401
2010-11-15,101009.43245442708,300.1368821461995,-0.003416500985622406,0.0063113510608658885,-0.22739283243815103,-1.3349937200546265,0.2672201792399089
2010-11-16,100796.83723958333,300.57511711120605,-0.0037016486749053,0.0017095729958214179,0.08263842264811198,-0.9805339972178141,0.2789560953776042
2010-11-17,100795.23844401042,301.2512385050456,-0.003994426690042019,0.0,-0.2728894551595052,-1.0870704650878906,0.2564900716145833
2010-11-18,100885.01578776042,301.10753504435223,-0.0038573583588004112,0.0019120812416026922,-0.1779759724934896,-0.9482149283091227,0.23763529459635416
2010-11-19,100858.96891276042,300.94511731465656,-0.0037712836638092995,0.00034152865409353694,-0.24973460038503012,-0.9145377477010092,0.2369969685872396
2010-11-20,100675.14095052083,300.4217306772868,-0.002751575782895088,0.0003930062054564587,0.23015785217285156,-0.8744913339614868,0.2234675089518229
2010-11-21,100566.72884114583,300.0092379252116,-0.0031873853877186775,0.0015700722257179223,-0.8276157379150391,0.09052733580271403,0.2223033905029297
2010-11-22,100480.88264973958,299.5535634358724,-0.0029700137674808502,0.0034785419702529907,-0.42412249247233075,1.5271350145339966,0.23166974385579428
2010-11-23,100581.611328125,299.6640370686849,-0.004449041560292244,0.006211757659912109,0.019958217938741047,4.933999101320903,0.2670758565266927
2010-11-24,100851.767578125,299.1476141611735,-0.0031835949048399925,0.003088590502727584,0.20116257667541504,1.8563827673594158,0.2860832214355469
2010-11-25,100915.47184244792,299.8616358439128,-0.0034801391884684563,1.4436244896387507e-05,0.11533776919047038,-2.857290347417196,0.2584826151529948
2010-11-26,100801.25553385417,300.0118999481201,-0.0036577116698026657,0.00013602686522062868,0.33876903851826984,-3.095307985941569,0.23707898457845053
2010-11-27,100753.98958333333,299.8001645406087,-0.0035530012100934982,7.969141006469727e-05,0.27871131896972656,-2.8804024855295816,0.2212047576904297
2010-11-28,100823.55078125,299.95947964986163,-0.004005147144198418,4.351138045421976e-07,-0.33636474609375,-1.9907668034235637,0.20517094930013022
2010-11-29,100886.5615234375,299.87353960673016,-0.0038366401568055153,5.684341886080802e-14,-0.3229458729426066,-1.7719786167144775,0.19073931376139322
2010-11-30,100784.69873046875,300.0078582763672,-0.0036154882982373238,8.523463748133508e-07,-0.12115919589996338,-1.5208328167597454,0.1780726114908854
2010-12-01,100762.10302734375,299.8435516357422,-0.0034757908433675766,2.139806724699156e-06,0.33206995328267414,-2.371922175089518,0.16735394795735678
2010-12-02,100792.19580078125,299.78868166605633,-0.0037321485579013824,8.702070317667676e-07,0.24363414446512857,-3.0738429625829062,0.15777269999186197
2010-12-03,100797.91259765625,300.1298319498698,-0.0034032119438052177,4.261732051702438e-07,-0.3073126475016276,-1.7226486206054688,0.14882596333821616
2010-12-04,100681.46305338542,299.5736166636149,-0.0029871882870793343,8.447766293784298e-05,-0.4192225933074951,-0.7648328145345052,0.1414966583251953
2010-12-05,100574.8115234375,299.7884712219238,-0.003542437218129635,1.0394228297627706e-05,-0.9402128855387369,-1.572018305460612,0.13553746541341147
2010-12-06,100657.64908854167,299.12499682108563,-0.004484601318836212,8.52346317969932e-07,-1.849527359008789,-1.828654686609904,0.12849998474121094
2010-12-07,100625.40462239583,297.9776808420817,-0.0045829033479094505,2.139806724699156e-06,-0.7096989949544271,-3.297353982925415,0.1218579610188802
2010-12-08,100523.21468098958,298.3241380055745,-0.003158111125230789,1.2799182691480837e-06,0.6719849904378256,-3.115337371826172,0.11651357014973958
2010-12-09,100616.12841796875,297.7539418538411,-0.0027800537645816803,8.52503546866501e-07,1.1061197916666667,-2.871818939844767,0.11288261413574219
2010-12-10,100730.77408854167,296.25010045369464,-0.0029967110604047775,1.2812699310416065e-06,1.0931326548258464,-2.3725106716156006,0.1100298563639323
2010-12-11,100776.57275390625,294.8472506205241,-0.002747051417827606,2.6454844999079796e-05,0.7105229695638021,-0.488864262898763,0.10769716898600261
2010-12-12,100763.58072916667,293.96144676208496,-0.002758519724011421,0.0003350108860900036,0.4483346144358317,-0.5278638203938802,0.10823376973470052
2010-12-13,100943.52083333333,294.3617451985677,-0.003106832504272461,4.351138045421976e-07,0.05099781354268392,-2.411654790242513,0.10604667663574219
2010-12-14,100941.24641927083,296.37627665201825,-0.0028387401252985,4.351138045421976e-07,-0.5658664703369141,-3.122478485107422,0.10343488057454427
2010-12-15,100952.71940104167,297.5690008799235,-0.002704920247197151,2.148947487512487e-06,-1.2401256561279297,-2.188817342122396,0.10101954142252605
2010-12-16,100957.49430338542,297.36000061035156,-0.002594844438135624,4.3674500105339575e-07,-0.6528104146321615,-2.08485476175944,0.09899139404296875
2010-12-17,100986.46761067708,296.9732494354248,-0.0027560321614146233,0.0,-0.5563081105550131,-1.9154504140218098,0.09735997517903645
2010-12-18,101037.36588541667,296.82294909159344,-0.003152012825012207,0.0,-1.2145049174626668,-2.2688119411468506,0.09586397806803386
2010-12-19,101171.53987630208,296.0415433247884,-0.002913321368396282,4.351138045421976e-07,-1.3829978704452515,-2.158506472905477,0.09460894266764323
2010-12-20,101265.56363932292,295.88657824198407,-0.002853049896657467,0.0,-1.2632916768391926,-2.23203178246816,0.09354845682779948
2010-12-21,101058.99593098958,296.1031958262126,-0.002527083270251751,0.0,-0.5063143968582153,-2.178080161412557,0.09263547261555989
2010-12-22,100828.03792317708,295.0799961090088,-0.002104576677083969,8.676298079990374e-07,0.4952170054117839,-1.8001213073730469,0.09200286865234375
2010-12-23,100877.5478515625,294.2957013448079,-0.001955205574631691,1.0274088708683848e-06,0.41373570760091144,-1.8736400604248047,0.09146690368652344
2010-12-24,100912.55875651042,294.6820646921794,-0.0019525717943906784,1.9550322463146586e-06,0.6354955037434896,-2.1295344034830728,0.09107716878255208
2010-12-25,100853.71126302083,295.96032396952313,-0.0017438596114516258,0.0,0.6312726338704427,-1.6164964040120442,0.09063975016276042
2010-12-26,100895.07649739583,295.470698038737,-0.0016319211572408676,1.23083583503103e-06,0.4582811991373698,-0.6432584126790365,0.09024238586425781
2010-12-27,100895.92431640625,295.7451578776042,-0.0016876691952347755,1.3113021850585938e-06,0.4957408905029297,-1.076364517211914,0.0899505615234375
2010-12-28,100936.14388020833,296.74919446309406,-0.0018676072359085083,1.2934207802572928e-06,0.6435467402140299,-1.8591467539469402,0.08961677551269531
2010-12-29,100994.13932291667,296.7387415568034,-0.002082821913063526,8.463858875984442e-07,0.9287872314453125,-2.44831911722819,0.08927090962727864
2010-12-30,100979.67838541667,296.57000668843585,-0.002477981150150299,1.7225742112714215e-06,0.9811487197875977,-3.180067857106527,0.08895301818847656
2011-01-01,100790.32112630208,295.4141451517741,-0.00228823721408844,4.351138045421976e-07,-0.009593844413757324,-2.4341994524002075,0.08818689982096355
2011-01-02,100805.68033854167,296.5956274668376,-0.001984408125281334,1.275539318612573e-06,-0.3523922363917033,-2.0877698262532554,0.08783976236979167
2011-01-03,100854.69498697917,297.68788782755536,-0.0017188750207424164,8.70227722771233e-07,-0.40203893184661865,-1.4883464177449544,0.08756701151529948
2011-01-04,100914.75537109375,298.1445255279541,-0.0018391329795122147,8.583068797918258e-07,-0.6643835703531901,-1.5795733133951824,0.08734321594238281
2011-01-05,100879.97998046875,298.7419033050537,-0.002647440880537033,4.261732051702438e-07,-1.1451746225357056,-2.894377112388611,0.08709780375162761
2011-01-06,100976.9404296875,297.1878147125244,-0.0027303220704197884,8.583068833445395e-07,-0.7926728328069051,-2.397982915242513,0.0868542989095052
2011-01-07,100921.958984375,295.61883608500165,-0.0027413200587034225,2.14667198861207e-06,-0.6186815897623698,-1.9223050673802693,0.08666928609212239
2011-01-08,100798.18994140625,295.54315821329754,-0.002350473776459694,4.261732051702438e-07,-0.07170359293619792,-2.131679972012838,0.0865160624186198
2011-01-09,100827.7197265625,296.2912883758545,-0.0024292366579174995,8.52346317969932e-07,-0.12417948246002197,-2.8988147974014282,0.08636728922526042
2011-01-10,100904.46598307292,296.21683438618976,-0.0021414868533611298,2.1471670379469288e-06,-0.24651654561360678,-1.9189058939615886,0.08623123168945312
2011-01-11,100924.23307291667,295.6606566111247,-0.0020648110657930374,8.531106345799344e-07,0.17864529291788736,-2.1137847900390625,0.08611170450846355
2011-01-12,100875.2998046875,295.8709259033203,-0.001823335886001587,8.524980330548715e-07,0.47863197326660156,-1.7297871907552083,0.0860150655110677
2011-01-13,100933.51708984375,295.6171175638835,-0.00179261714220047,8.553266184208042e-07,0.5859029293060303,-1.94597593943278,0.0859514872233073
2011-01-14,100999.3349609375,295.6706352233887,-0.0020310748368501663,1.3005143273403519e-06,0.8609930674235026,-2.611213525136312,0.08588155110677083
2011-01-15,101146.00439453125,296.0616372426351,-0.0024010948836803436,2.140881179002463e-06,0.5082257588704427,-3.5670910676320395,0.08575948079427083
2011-01-16,100995.1455078125,295.78620020548504,-0.0022465474903583527,3.0040721412660787e-06,0.5076611836751302,-3.144286354382833,0.08568890889485677
2011-01-17,100970.47265625,295.618132909139,-0.0017335256561636925,1.2755395459862484e-06,0.45914268493652344,-1.7779726187388103,0.08561897277832031
2011-01-18,100959.11979166667,295.8367163340251,-0.0022366326302289963,4.261732051702438e-07,0.5098584493001302,-2.7255552609761557,0.08553632100423177
2011-01-19,100902.65966796875,296.645476659139,-0.002168607898056507,2.1422168288154353e-06,0.48884137471516925,-3.0756370226542153,0.08545430501302083
2011-01-20,101016.82666015625,297.357208887736,-0.002367345616221428,4.3318573261785787e-07,0.06975682576497395,-3.093673308690389,0.08537737528483073
2011-01-21,101046.16227213542,297.4337526957194,-0.002205781638622284,1.7150093860607285e-06,0.011107762654622396,-2.57477339108785,0.08527374267578125
2011-01-22,101150.0302734375,296.4377791086833,-0.001901363953948021,2.1508110528145608e-06,0.3705902099609375,-2.2236172755559287,0.08519872029622395
2011-01-23,101198.46240234375,296.9393997192383,-0.0020897462964057922,4.351138613856165e-07,0.46435101826985675,-2.7493667602539062,0.08511861165364583
2011-01-24,101155.65315755208,297.09887313842773,-0.002106619067490101,0.0,0.6129891872406006,-2.8137962023417153,0.08503087361653645
2011-01-25,101154.240234375,297.5686435699463,-0.002526945434510708,1.2904404798064206e-06,0.4307808478673299,-3.7686764001846313,0.08496793111165364
2011-01-26,101193.55403645833,298.0488567352295,-0.0026589827612042427,4.351138045421976e-07,0.22954551378885904,-4.101129055023193,0.08489354451497395
2011-01-27,101186.68668619792,296.80151049296063,-0.0015991181135177612,1.293420723413874e-06,0.4744879404703776,-1.4844673077265422,0.0848223368326823
2011-01-28,101127.89892578125,295.80173683166504,-0.0017208978533744812,8.52346317969932e-07,1.1369895935058594,-2.128177801767985,0.08475685119628906
2011-01-29,101034.42496744792,296.0178693135579,-0.0023143552243709564,1.2943344813720614e-06,0.8211650848388672,-2.9212074677149453,0.08466211954752605
2011-01-30,101088.54833984375,297.1693585713704,-0.0025845225900411606,4.351138045421976e-07,0.5535092751185099,-3.8066799640655518,0.08459854125976562
2011-01-31,101093.65055338542,297.4136594136556,-0.001742977648973465,4.351138045421976e-07,0.3524792194366455,-2.071725845336914,0.08453559875488281
2011-02-01,101118.52978515625,297.44987360636395,-0.0016443012282252312,0.0,0.6992804209391276,-2.184858957926432,0.08446375528971355
2011-02-02,101093.70198567708,298.5316104888916,-0.0019494583830237389,8.523869041709986e-07,0.09120917320251465,-1.9487101236979167,0.08437474568684895
2011-02-03,101074.16617838542,298.9670530954997,-0.0020541250705718994,4.397979864734225e-07,0.09815343221028645,-1.548257827758789,0.08429336547851562
2011-02-04,101086.69970703125,298.2527656555176,-0.002025761641561985,2.1340592866181396e-06,0.6894919077555338,-1.662686030069987,0.08422533671061198
2011-02-05,100916.77408854167,298.4969603220622,-0.0024393480271101,8.583068797918258e-07,0.47423068682352704,-2.5442965825398765,0.08417193094889323
2011-02-06,100933.50520833333,297.5600070953369,-0.001960834488272667,0.0,0.9146413803100586,-1.9959250688552856,0.08408927917480469
2011-02-07,100910.02360026042,297.25402514139813,-0.002320514991879463,1.7225742112714215e-06,1.3941408793131511,-3.1115469932556152,0.08395830790201823
2011-02-08,100691.58203125,297.2992884318034,-0.00221804715692997,1.7106526684074197e-06,1.0694681803385417,-3.2505970398585,0.08385213216145833
2011-02-09,100661.8798828125,297.1948642730713,-0.0022634072229266167,1.7106532936850272e-06,1.2856254577636719,-3.161822279294332,0.08378918965657552
2011-02-10,100817.83919270833,297.7651793162028,-0.0018417276442050934,1.7126909597209306e-06,1.0434150695800781,-2.3019726673762,0.08375104268391927
2011-02-11,100902.68684895833,298.0891119639079,-0.001561013050377369,3.4391878216410987e-06,0.7642606099446615,-1.1633728345235188,0.08369827270507812
2011-02-12,100867.30794270833,298.37845102945965,-0.001821606419980526,2.5547496989020146e-06,1.080068588256836,-1.5814319451649983,0.083587646484375
2011-02-13,100774.46207682292,297.6291440327962,-0.002217537723481655,2.326942194486037e-08,1.6268997192382812,-2.3163138230641684,0.08351707458496094
2011-02-14,100713.26090494792,296.945405960083,-0.0018321704119443893,0.0,1.6860313415527344,-1.866608699162801,0.08347066243489583
2011-02-15,100886.03190104167,296.6452471415202,-0.0017111916095018387,3.089308728476681e-05,1.2775389353434246,-0.1770768165588379,0.08330790201822917
2011-02-16,101026.73421223958,296.17273966471356,-0.0025100726634263992,0.0006870363624784659,1.216591517130534,-2.4579558769861856,0.08771324157714844
2011-02-17,101046.37711588542,296.5126756032308,-0.0024555381387472153,0.0,0.9089997609456381,-2.803493618965149,0.08806165059407552
2011-02-18,100970.94970703125,296.45223744710285,-0.00225960835814476,8.553266184208042e-07,1.5208428700764973,-2.734635670979818,0.08756573994954427
2011-02-19,101077.10628255208,296.9290911356608,-0.0024721790105104446,0.0,1.0464312235514324,-3.4404493967692056,0.08712132771809895
2011-02-20,101130.11393229167,297.53759511311847,-0.003049096092581749,2.1448282723213197e-06,0.5315780639648438,-4.543792366981506,0.08681170145670573
2011-02-21,101014.23567708333,298.40674527486163,-0.0024126823991537094,0.0,0.04778778553009033,-3.4257668256759644,0.08651351928710938
2011-02-22,100959.21012369792,298.79921277364093,-0.0017210543155670166,1.2934206843340235e-06,-0.028034051259358723,-1.3739447991053264,0.08626619974772136
2011-02-23,101036.34326171875,298.343708674113,-0.0014306381344795227,8.52346317969932e-07,1.6095778147379558,-0.9226983388264974,0.08610471089680989
2011-02-24,100992.3779296875,297.7757104237874,-0.0015923986211419106,0.0,1.4406919479370117,-0.7385018666585287,0.08596229553222656
2011-02-25,100841.14908854167,297.5874220530192,-0.0019062859937548637,2.1495791315828683e-06,1.0455973148345947,-1.0596961975097656,0.08579572041829427
2011-02-26,100866.91487630208,298.8008467356364,-0.003025059588253498,8.736035965739575e-07,0.6284475326538086,-3.2020963033040366,0.08566474914550781
2011-02-27,100923.39827473958,300.4487997690837,-0.0026789596304297447,0.0,-0.3169657389322917,-3.0564072926839194,0.08556556701660156
2011-02-28,100937.41829427083,300.0598087310791,-0.0014629531651735306,8.52346317969932e-07,0.371096928914388,-0.4088691870371501,0.08548800150553386
2011-03-01,100880.5595703125,300.1611982981364,-0.0018600402399897575,1.2803027971131087e-06,0.41860389709472656,-1.5031471252441406,0.08540852864583333
2011-03-02,100852.79345703125,300.4170780181885,-0.002489255741238594,1.288683449729433e-06,0.9075311024983724,-2.3974366982777915,0.08534049987792969
2011-03-03,100861.1484375,299.850289662679,-0.0023410944268107414,1.2755393754559918e-06,1.4000040690104167,-2.356435020764669,0.08528582255045573
2011-03-04,100820.19270833333,299.3020528157552,-0.0023463573306798935,8.144974685819761e-06,1.5478426615397136,-2.852802356084188,0.0852979024251302
2011-03-05,100869.08414713542,299.98001352945965,-0.0023672282695770264,1.7216614764947735e-06,1.4833513895670574,-2.9090058406194053,0.08519236246744792
2011-03-06,100990.55143229167,301.98287773132324,-0.0028494931757450104,4.410743663640915e-07,0.927503228187561,-3.6872075398763022,0.08511797587076823
2011-03-07,101026.00390625,303.36641184488934,-0.003132333979010582,4.351138045421976e-07,0.6884156862894694,-3.6125011444091797,0.08501052856445312
2011-03-08,100918.697265625,302.04197692871094,-0.0028500445187091827,2.1398063836386427e-06,1.493221918741862,-3.567551294962565,0.08492787679036458
2011-03-09,100926.07373046875,299.21252632141113,-0.0022701825946569443,1.7225742112714215e-06,1.716033935546875,-2.6738713582356772,0.08489418029785156
2011-03-10,100909.16682942708,299.2254168192546,-0.0031223660334944725,0.0,0.8553352355957031,-3.5253575642903647,0.08479881286621094
2011-03-11,100769.25374348958,300.19470024108887,-0.0027105528861284256,4.351138045421976e-07,0.5675042470296224,-3.326643625895182,0.08471361796061198
2011-03-12,100747.84912109375,300.67929140726727,-0.0025427425280213356,8.70227722771233e-07,0.1352386474609375,-2.6682941913604736,0.08463414510091145
2011-03-13,100782.96516927083,300.3022829691569,-0.0018912442028522491,1.286133908706688e-06,0.8519646326700846,-1.5113165378570557,0.08456993103027344
2011-03-14,100728.90413411458,300.0130030314128,-0.0019555771723389626,0.0,1.1469862063725789,-1.3776594797770183,0.08449109395345052
2011-03-15,100632.62548828125,302.27324358622235,-0.002995799295604229,1.7293677387897333e-06,0.539740244547526,-3.2448838551839194,0.08441225687662761
2011-03-16,100498.79866536458,302.87254842122394,-0.0027800658717751503,0.0,-0.4748554229736328,-2.4432894388834634,0.08430798848470052
2011-03-17,100621.36165364583,301.1435368855794,-0.002116134390234947,4.4120743325493095e-07,0.3804588317871094,-0.002921422322591146,0.08423169453938802
2011-03-18,100615.46028645833,300.07125600179035,-0.0015331292524933815,4.351138045421976e-07,1.455606460571289,0.5346558888753256,0.08417193094889323
2011-03-19,100592.71337890625,299.55357615152997,-0.001875818707048893,6.917118923865928e-06,1.5644493103027344,-0.5864121913909912,0.08413505554199219
2011-03-20,100647.46337890625,299.39938672383624,-0.002157815732061863,1.2863179108535405e-06,1.5715357462565105,-1.0505523681640625,0.08404795328776042
2011-03-21,100825.20849609375,298.6441567738851,-0.0018888264894485474,2.950429916381836e-06,1.7463792165120442,-0.09935760498046875,0.08394432067871094
2011-03-22,100847.29736328125,298.38758214314777,-0.002085326239466667,1.983344554901123e-05,1.32855224609375,-1.3952922026316326,0.08396720886230469
2011-03-23,100807.72216796875,299.2235984802246,-0.0025902530178427696,3.2782554626464844e-07,1.4773089090983074,-2.465289354324341,0.08375485738118489
2011-03-24,100837.46728515625,299.22164217631024,-0.001875000074505806,4.351138045421976e-07,1.6177527109781902,-1.9588514963785808,0.08366457621256511
2011-03-25,100839.3984375,299.3102633158366,-0.0018131323158740997,1.7242060721400776e-06,2.0038935343424478,-1.3474098841349285,0.08360544840494792
2011-03-26,100810.92122395833,300.83091163635254,-0.001826724037528038,4.261732051702438e-07,1.5261751810709636,-1.1771594683329265,0.08349291483561198
2011-03-27,100768.52197265625,301.918062210083,-0.00231262668967247,1.2920165772811742e-06,1.3393980662027996,-0.841426690419515,0.08338356018066406
2011-03-28,100731.16959635417,302.10289827982587,-0.002673966810107231,1.2934207802572928e-06,1.5301558176676433,-1.760711630185445,0.08330980936686198
2011-03-29,100838.15445963542,301.73811022440594,-0.002261670306324959,4.410743663640915e-07,2.052934010823568,-1.1000694036483765,0.08324432373046875
2011-03-30,100859.8525390625,302.41882133483887,-0.003013426437973976,8.52346317969932e-07,1.4854475657145183,-2.4001153310139975,0.08314132690429688
2011-03-31,100907.02311197917,301.04171625773114,-0.0022964319214224815,8.583068797918258e-07,2.0271905263264975,-1.930498520533244,0.08308601379394531
2011-04-01,100906.95947265625,299.4955304463704,-0.002187740057706833,0.0,1.9286619822184246,-1.463460922241211,0.0829607645670573
2011-04-02,100865.73779296875,299.2501080830892,-0.0018199346959590912,1.714241363970359e-06,1.7328376770019531,-0.4693717956542969,0.08285967508951823
2011-04-03,100877.80810546875,299.4216677347819,-0.0020659035071730614,3.647402508022424e-05,1.8368943532307942,0.6389614343643188,0.08299891153971355
2011-04-04,100808.91715494792,299.77221552530926,-0.0020855432376265526,3.4286112509107625e-06,1.2562940915425618,0.6974449157714844,0.08275159200032552
2011-04-05,100826.33154296875,299.60385195414227,-0.002054154872894287,2.1762189703622425e-06,1.3750111262003581,1.1484789450963337,0.08263142903645833
2011-04-06,100787.00341796875,300.1441644032796,-0.002074398100376129,4.0733268136250445e-07,1.0340830485026042,1.618669589360555,0.08249791463216145
2011-04-07,100875.89908854167,300.06703694661456,-0.002028399147093296,1.7195939676639682e-06,1.9262275695800781,1.8293190797170003,0.08232371012369792
2011-04-08,100929.87272135417,300.4905236562093,-0.0017642341554164886,0.0,1.9463564554850261,0.17694981892903647,0.08226585388183594
2011-04-09,100953.64501953125,300.3049850463867,-0.0019234996289014816,3.8743019104003906e-07,1.7891782124837239,-0.2573496500651042,0.08215268452962239
2011-04-10,100932.56770833333,300.5600350697835,-0.0019367430359125137,1.291227306410292e-06,2.1824563344319663,-0.2920614878336589,0.08210245768229167
2011-04-11,100891.17708333333,300.81614685058594,-0.002151794731616974,8.541416036678129e-07,1.9316155910491943,-1.1164786020914714,0.08205223083496094
2011-04-12,100772.73746744792,301.7731126149495,-0.002041979692876339,6.226287041499745e-09,2.0150864919026694,-1.1758626302083333,0.08199246724446614
2011-04-13,100782.33365885417,301.77334213256836,-0.0019816821441054344,4.351138045421976e-07,2.139714558919271,-0.37524159749348956,0.08192888895670573
2011-04-14,100668.00179036458,301.2435010274251,-0.002055155113339424,2.780556677350887e-06,2.3572209676106772,0.5305333534876505,0.08185577392578125
2011-04-15,100639.04752604167,300.81028683980304,-0.0021170368418097496,1.654302479892067e-05,2.119142532348633,0.8825670878092448,0.08169364929199219
2011-04-16,100747.32210286458,301.10177675882977,-0.001976429484784603,2.785995093290694e-06,1.8645566304524739,-0.07322533925374348,0.0815900166829427
2011-04-17,100768.32828776042,301.5028216044108,-0.0019631264731287956,8.540665703549166e-07,2.0670789082845054,0.09013680617014568,0.08153470357259114
2011-04-18,100592.11800130208,301.60612360636395,-0.0022080224007368088,0.0,2.195134480794271,-0.542833685874939,0.08139419555664062
2011-04-19,100523.14453125,301.58226267496747,-0.002145294100046158,4.351138613856165e-07,1.9633750915527344,-0.1630700429280599,0.08129628499348958
2011-04-20,100553.3740234375,301.5541394551595,-0.0020422814413905144,4.351138613856165e-07,2.1985181172688804,0.3110008239746094,0.08123970031738281
2011-04-21,100591.271484375,301.20969581604004,-0.00202779658138752,3.2782554626464844e-07,2.273461023966471,0.018876393636067707,0.08117739359537761
2011-04-22,100571.28938802083,300.91710154215497,-0.002252008765935898,2.8386712074279785e-05,1.8122539520263672,1.1467276414235432,0.08111190795898438
2011-04-23,100463.74430338542,300.9702440897624,-0.0021371906623244286,8.642672923997452e-07,1.7780386606852214,0.8271958033243815,0.08096949259440105
2011-04-24,100518.85611979167,301.07520230611163,-0.002099333330988884,8.583068797918258e-07,2.057682673136393,1.3909950256347656,0.08060455322265625
2011-04-25,100513.47379557292,301.96524302164715,-0.0022837063297629356,4.261732051702438e-07,2.149611790974935,-0.6071297327677408,0.08050537109375
2011-04-26,100492.09195963542,302.4158795674642,-0.0024375086650252342,4.351138045421976e-07,2.391218821207682,-1.781071623166402,0.08042716979980469
2011-04-27,100374.11800130208,302.12280527750653,-0.002036166377365589,8.61995943068905e-07,2.359426498413086,-1.1073638995488484,0.08035723368326823
2011-04-28,100337.77213541667,302.1101875305176,-0.002068095840513706,1.5884637775798183e-05,2.884174346923828,-0.5202763080596924,0.08030382792154948
2011-04-29,100438.94449869792,302.16590054829913,-0.002230248413980007,4.646480073233761e-05,3.0196921030680337,-1.6207557916641235,0.08061981201171875
2011-04-30,100481.01285807292,303.1793263753255,-0.0022426657378673553,3.3140182154056674e-06,2.609405517578125,-2.563954790433248,0.08058738708496094
2011-05-01,100620.67447916667,302.28997802734375,-0.0018279626965522766,1.3837218279633134e-05,2.856731414794922,-1.0349976619084675,0.08057339986165364
2011-05-02,100649.30078125,301.40333366394043,-0.0019048480316996574,0.00010986790897504761,3.0155582427978516,-0.3747408390045166,0.08122062683105469
2011-05-03,100685.26578776042,301.55739402770996,-0.0023379623889923096,8.578547603477205e-05,2.993738810221354,-0.8718680540720621,0.08162244160970052
2011-05-04,100790.408203125,301.8513266245524,-0.0024008452892303467,0.0001263917326923547,3.0565058390299478,-1.0900214513142903,0.08232371012369792
2011-05-05,100760.99755859375,301.6132125854492,-0.002233668230473995,4.66290503595701e-05,2.7892659505208335,-0.20980731646219888,0.08234341939290364
2011-05-06,100707.04703776042,301.13337834676105,-0.0023504216223955154,0.0001414580191863024,3.117529551188151,0.18848164876302084,0.08318837483723958
2011-05-07,100645.64339192708,301.66656494140625,-0.002140989527106285,0.00018606354302619366,3.021219253540039,0.9249768257141113,0.08344586690266927
2011-05-08,100517.8310546875,301.703950881958,-0.002113236114382744,0.0002084224645955146,3.193007151285807,0.5922337770462036,0.08539899190266927
2011-05-09,100583.94384765625,301.2538693745931,-0.0020143352448940277,1.6451648832571664e-05,2.8588994344075522,0.579352060953776,0.08527692159016927
2011-05-10,100656.63606770833,300.93515968322754,-0.0020979437977075577,2.406835545798458e-05,2.7124818166097007,0.4531157414118449,0.08514022827148438
2011-05-11,100675.68131510417,301.197909673055,-0.002173997461795807,1.2683984436989704e-05,2.688690185546875,-0.23721822102864584,0.0848846435546875
2011-05-12,100678.6171875,301.1723264058431,-0.002075658179819584,2.9274821276459306e-05,2.5675113201141357,-0.1420819362004598,0.08483314514160156
2011-05-13,100663.20768229167,301.6062889099121,-0.002074829302728176,3.349781036376953e-05,2.6622352600097656,-0.6567191282908121,0.08481216430664062
2011-05-14,100659.30501302083,301.8193588256836,-0.002048579975962639,2.484321584006466e-05,2.2683976888656616,-1.7297033468882244,0.08483568827311198
2011-05-15,100751.41455078125,301.8515625,-0.0018194392323493958,4.232567152939737e-05,2.3869733413060508,-0.7456175486246744,0.08473777770996094
2011-05-16,100826.98030598958,302.40996106465656,-0.0013155285269021988,5.08725643157959e-05,0.8024028539657593,-1.5728671153386433,0.08519045511881511
2011-05-17,100757.63004557292,302.542667388916,-0.0017858520150184631,9.724497790131181e-06,2.358883539835612,-0.6482123931248983,0.08502833048502605
2011-05-18,100717.91259765625,302.1143792470296,-0.0019257115200161934,8.602440357208252e-05,2.4536755879720054,0.6659495035807291,0.0854352315266927
2011-05-19,100613.26920572917,302.04858525594074,-0.0024608727544546127,3.7884855203174084e-05,2.8344264030456543,2.6069456736246743,0.08551088968912761
2011-05-20,100454.83479817708,302.73228708902997,-0.0026081250980496407,0.00019644200801849365,3.4322789510091147,4.267105619112651,0.08565902709960938
2011-05-21,100381.15592447917,302.73742866516113,-0.0030995942652225494,0.0032549530266692273,4.3047835032145185,5.255659381548564,0.09611256917317708
2011-05-22,100524.955078125,301.8302796681722,-0.0038597406819462776,0.005398988723754883,3.2576522827148438,4.689030687014262,0.1321894327799479
2011-05-23,100655.16438802083,302.0055465698242,-0.003101152367889881,0.0016320496797561646,2.347074508666992,1.9313871065775554,0.15661938985188803
2011-05-24,100604.24348958333,302.1241982777913,-0.003423420712351799,0.0011439621448516846,2.522366205851237,0.27931439876556396,0.15204238891601562
2011-05-25,100546.001953125,302.27921358744305,-0.003490702249109745,0.00029081702223265893,2.455479939778646,-0.5426681836446127,0.13635762532552084
2011-05-26,100598.44986979167,302.4265600840251,-0.0033884551376104355,0.0002776950595944072,2.7308216094970703,-1.4849472045898438,0.12304178873697917
2011-05-27,100577.20784505208,302.5446020762126,-0.002909986302256584,0.00013846158981323242,2.6178773244222007,-1.2498642206192017,0.11251322428385417
2011-05-28,100561.2646484375,302.9124355316162,-0.002652727998793125,0.00018481910228729248,2.913803736368815,-0.8307408491770426,0.1050554911295573
2011-05-29,100575.29345703125,303.2708320617676,-0.00262275617569685,0.000824045443664545,3.5179824829101562,-1.1645083824793498,0.1030286153157552
2011-05-30,100514.3037109375,303.17370986938477,-0.0029090028256177902,0.0008947104215053514,3.4430821736653647,-0.6191813945770264,0.10502688090006511
2011-05-31,100346.39095052083,303.09350776672363,-0.00281454436480999,0.001613193750376496,3.1583080291748047,1.7683068911234539,0.10490989685058594
2011-06-01,100233.58528645833,302.4347604115804,-0.0036369506269693375,0.004756942391395569,2.3539822896321616,3.331237475077311,0.1273021697998047
2011-06-02,100303.66031901042,301.81946245829266,-0.003785550594329834,0.005465805530548096,1.4125378926595051,2.3069746494293213,0.17624219258626303
2011-06-03,100186.666015625,301.3345324198405,-0.0027209576219320297,0.031213486194605622,0.3960431416829427,-0.6299139658610026,0.2586250305175781
2011-06-04,100050.23958333333,300.5168997446696,-0.003349829465150833,0.02165795266627768,-0.040454864501953125,0.09200076262156169,0.333404541015625
2011-06-05,99992.29541015625,300.73675600687665,-0.0032879645004868507,0.028622180223464966,-0.5548896789550781,-1.656494140625,0.3532702128092448
2011-06-06,100051.62272135417,301.5943946838379,-0.004085364751517773,0.01494800521908246,-1.9537938435872395,2.2314275105794272,0.3593273162841797
2011-06-07,100110.48014322917,301.72045008341473,-0.005581570789217949,6.86347484588623e-05,-0.1894512176513672,4.954547882080078,0.3098131815592448
2011-06-08,100029.0966796875,301.43126996358234,-0.00528276152908802,0.0012266218661238781,-1.3761603037516277,7.211039861043294,0.2888876597086589
2011-06-09,99806.55452473958,300.4030640920003,-0.004644641652703285,0.10811772880686021,-3.2371705373128257,5.5227335294087725,0.35099347432454425
2011-06-10,99986.462890625,299.2685267130534,-0.0025724563747644424,0.10379354655742645,2.895486831665039,5.40635617574056,0.3968029022216797
2011-06-11,100092.04801432292,299.3920427958171,-0.004251111298799515,0.024381124973295698,1.672110875447591,7.448039889335632,0.37848154703776044
2011-06-12,100315.21875,299.5144036610921,-0.004502180963754654,0.016941696405410767,2.59169073899587,5.6517824331919355,0.3676261901855469
2011-06-13,100416.69384765625,299.8053455352783,-0.004662911407649517,0.008425027132034302,2.7934595743815103,4.748618046442668,0.35996119181315106
2011-06-14,100452.53792317708,300.08260281880695,-0.004358344711363316,0.01072274446477195,3.372727076212565,3.5520792404810586,0.3596719106038411
2011-06-15,100430.3203125,299.5356381734212,-0.003766292706131935,0.006569413195904872,3.203697840372721,3.9827637672424316,0.3513367970784505
2011-06-16,100313.37613932292,299.3971519470215,-0.0039052534848451614,0.01390510797494926,3.720045725504557,4.568133433659871,0.3621209462483724
2011-06-17,100172.93668619792,301.0410950978597,-0.004936747252941132,0.0051039874552429865,5.545069495836894,3.0398130814234414,0.3519293467203776
2011-06-18,100206.05387369792,301.22242546081543,-0.00560414046049118,0.00453814316244916,6.328784108161926,3.1936840613683066,0.3376178741455078
2011-06-19,100154.849609375,300.6898880004883,-0.005328897386789322,0.005828449130053315,5.718852996826172,3.41077713171641,0.34197107950846356
2011-06-20,100281.05013020833,300.40892283121747,-0.004148905165493488,0.00582413375377655,5.087796529134114,3.0751710335413613,0.3422005971272786
2011-06-21,100331.60107421875,300.4124978383382,-0.004514733329415321,0.004626289010047913,4.735019048055013,2.6640867789586387,0.337493896484375
2011-06-22,100195.94759114583,300.7597942352295,-0.004924489185214043,0.004147563085723505,5.200605114301045,1.8704359134038289,0.3328348795572917
2011-06-23,100170.84293619792,300.93196296691895,-0.005218718200922012,0.0036530730728259186,5.071612040201823,2.372435768445333,0.3281440734863281
2011-06-24,100228.98974609375,300.7190971374512,-0.005304967984557152,0.004482996463764266,5.044447580973308,1.9983654816945393,0.324703852335612
2011-06-25,100139.67252604167,300.1783224741618,-0.004692958667874336,0.0046254217623982186,4.95170783996582,2.485379457473755,0.329010009765625
2011-06-26,100124.89453125,300.288298924764,-0.004426687955856323,0.005629451570655419,5.575926462809245,2.8749024470647178,0.3321819305419922
2011-06-27,100146.21272786458,300.4410031636556,-0.005301238968968391,0.005227228155831654,6.142726898193359,2.6488910913467407,0.33133379618326825
2011-06-28,100153.93489583333,300.2214438120524,-0.004827091470360756,0.006766635179417335,5.610012610753377,3.3364319801330566,0.33817481994628906
2011-06-29,100255.10074869792,300.54489008585614,-0.004326220601797104,0.003815144300517659,4.429222305615743,3.9457899729410806,0.3332163492838542
2011-06-30,100351.27229817708,300.13327407836914,-0.0039277467876672745,0.00447271168224006,3.1928778489430747,4.160476644833882,0.3307456970214844
2011-07-01,100350.68798828125,299.9032497406006,-0.004483368247747421,0.004345360934735254,2.385406494140625,4.163758158683777,0.3314024607340495
2011-07-02,100341.52571614583,299.39389928181964,-0.004922857508063316,0.006359371714893314,2.6886539459228516,4.750391006469727,0.335574467976888
2011-07-03,100338.23600260417,299.3979314168294,-0.004425644874572754,0.005503681273069105,2.1877689361572266,4.601153333981832,0.3376000722249349
2011-07-04,100462.94498697917,299.51876576741535,-0.004054611548781395,0.004302889108657837,1.3434581756591797,4.014143625895183,0.3379020690917969
2011-07-05,100329.11181640625,299.7968807220459,-0.003851974382996559,0.003398224711418152,2.023016611735026,2.1087310711542764,0.3292102813720703
2011-07-06,100168.77815755208,298.84704717000324,-0.002425207756459713,0.020052272081272804,2.049943288167318,1.4524449904759724,0.36448224385579425
2011-07-07,100209.80859375,298.8578300476074,-0.0023288698866963387,0.05981460842212982,2.935663859049479,2.045574903488159,0.3914000193277995
2011-07-08,100528.03352864583,298.7368755340576,-0.002586355432868004,0.05960653180659392,4.398862838745117,2.016938090324402,0.3961957295735677
2011-07-09,100594.55973307292,298.83715375264484,-0.0032441914081573486,0.023186200857082895,4.382455190022786,2.433678944905599,0.37962086995442706
2011-07-10,100573.67236328125,298.66604232788086,-0.0035349931567907333,0.01523024737838341,3.9228363037109375,2.3298060099283853,0.37132835388183594
2011-07-11,100429.40787760417,298.7119280497233,-0.002074473537504673,0.015368241071598732,3.3897196451822915,1.0129445393880208,0.3701953887939453
2011-07-12,100200.11442057292,299.327392578125,-0.0035766754299402237,0.014275267720222473,3.8874518076578775,0.07426063219706218,0.36641693115234375
2011-07-13,100069.7783203125,298.9857819875081,-0.00309625081717968,0.04359269440163871,4.265722910563151,-0.15221412976582846,0.3786633809407552
2011-07-14,100007.375,298.602108001709,-0.002271173521876335,0.04138817787043081,4.539974848429362,1.5561459859212239,0.3879712422688802
2011-07-15,99878.08854166667,299.38287862141925,-0.003755016252398491,0.018270134925842285,3.797776540120443,3.0023727416992188,0.3743782043457031
2011-07-16,99773.91634114583,299.3315308888753,-0.0031739426776766777,0.04673590913602155,4.465422550837199,1.9182968139648438,0.38396135965983075
2011-07-17,99740.97981770833,299.23056475321454,-0.0037151286378502846,0.05527617034536192,6.290342330932617,4.304541905721028,0.3856894175211589
2011-07-18,99970.73291015625,299.1525141398112,-0.0034367823973298073,0.05992959439754486,6.687821706136067,2.6604588826497397,0.39300537109375
2011-07-19,100157.73551432292,299.3067105611165,-0.0036991387605667114,0.041492313146591187,5.760597229003906,1.954035758972168,0.3877855936686198
2011-07-20,100210.71142578125,299.23303985595703,-0.003834543749690056,0.015848353461080933,4.985745747884114,2.7094688415527344,0.3687019348144531
2011-07-21,100259.45247395833,299.20298767089844,-0.003826623782515526,0.007498043775512997,4.582808176676433,3.7698645194371543,0.3539498647054036
2011-07-22,100203.08951822917,298.7187843322754,-0.004105955362319946,0.00722938776010551,3.9003423055013022,4.476808468500773,0.3517138163248698
2011-07-23,100102.59928385417,298.53460693359375,-0.003262563608586788,0.011586692929085984,3.6021525065104165,2.888879378636678,0.3610267639160156
2011-07-24,100118.57486979167,298.9905249277751,-0.0031599029898643494,0.007321944832767713,3.178492228190104,2.6360545555750527,0.35545603434244794
2011-07-25,100212.47037760417,299.4280541737874,-0.0038094772025942802,0.012741836905377113,1.6777299245198567,3.163642247517904,0.36137135823567706
2011-07-26,100356.89583333333,299.29833539326984,-0.0031921453773975372,0.01792861654888611,1.1513773600260417,3.381732940673828,0.3630688985188802
2011-07-27,100389.72688802083,299.1093463897705,-0.003458552062511444,0.02900699932945372,2.9781176249186196,2.653080622355143,0.3775628407796224
2011-07-28,100385.42171223958,299.0106569925944,-0.003506162203848362,0.03465406596660614,3.592797597249349,1.9755477905273438,0.38107744852701825
2011-07-29,100378.509765625,299.01398213704425,-0.003696877509355545,0.03323221206665039,3.8864150444666543,1.3574879964192708,0.3819376627604167
2011-07-30,100269.90462239583,298.87523460388184,-0.0031508738175034523,0.05302641689777232,4.321130116780599,0.7041482925415039,0.3921305338541667
2011-07-31,100263.12890625,298.5496635437012,-0.003038267605006695,0.06564247906203491,5.802420298258464,1.8687468369801838,0.3986473083496094
2011-08-01,100261.47477213542,298.6618760426839,-0.0025950539857149124,0.02799864113330841,4.967902501424153,2.874997536341349,0.38183021545410156
2011-08-02,100129.73583984375,298.922020594279,-0.0026421500369906425,0.02224819709425674,4.006808598836263,1.9616971015930176,0.3734607696533203
2011-08-03,100150.3037109375,299.09341557820636,-0.002958342432975769,0.007757502794163429,3.8532543182373047,2.4683835903803506,0.36006736755371094
2011-08-04,100207.74462890625,298.94791920979816,-0.002695385366678238,0.006825968623161316,4.053484598795573,3.262840986251831,0.3540261586507161
2011-08-05,100181.53108723958,299.42554473876953,-0.0033028926700353622,0.006528303027153015,4.627188364664714,3.2707512378692627,0.3509941101074219
2011-08-06,100192.09895833333,299.502015431722,-0.004171593114733696,0.007818366598257853,5.41946283976237,2.4783449172973633,0.35225486755371094
2011-08-07,100131.07828776042,299.8405310312907,-0.004559490829706192,0.005684429407114777,6.082988739013672,2.158116340637207,0.34606170654296875
2011-08-08,100066.70133463542,300.18903732299805,-0.005166951566934586,0.005752682685852051,6.196256637573242,3.135561982790629,0.3392194112141927
2011-08-09,100121.17203776042,299.89606920878094,-0.004372257739305496,0.005605293421524493,5.674979527791341,3.7964507738749185,0.33957544962565106
2011-08-10,100246.681640625,299.89366404215497,-0.004745762795209885,0.004972445964785521,5.209798812866211,4.683652957280477,0.3350989023844401
2011-08-11,100249.5751953125,299.65093421936035,-0.004691019654273987,0.007824221253390107,5.561607360839844,3.9998499949773154,0.3418051401774089
2011-08-12,100041.57145182292,299.334924697876,-0.003926422446966171,0.010272356867691457,5.785830179850261,2.764921466509501,0.351321538289388
2011-08-13,100063.01057942708,298.8983275095622,-0.002697776071727276,0.02072404508311365,4.031099955240886,3.7226402759552,0.3677228291829427
2011-08-14,100350.6748046875,299.18750381469727,-0.003806551918387413,0.020613941550209347,3.7521934509277344,3.8889251152674356,0.3701171875
2011-08-15,100457.85091145833,299.4217643737793,-0.004439524374902248,0.007320806384086609,3.3452769915262857,4.107688665390015,0.3549060821533203
2011-08-16,100441.59814453125,298.8379160563151,-0.0039964038878679276,0.007528789128741664,2.848012924194336,3.5834313233693442,0.3518657684326172
2011-08-17,100412.60139973958,298.9596659342448,-0.004062342457473278,0.006270796060562134,2.5390472412109375,3.3460986614227295,0.3472741444905599
2011-08-18,100409.15641276042,298.81276512145996,-0.0038343723863363266,0.0069708824156577975,2.5063133239746094,2.530090570449829,0.3492088317871094
2011-08-19,100349.90608723958,299.0385805765788,-0.0037190373986959457,0.007011422514914045,2.257869084676107,1.845640500386556,0.34739240010579425
2011-08-20,100378.38102213542,299.1541334788005,-0.0031466148793697357,0.006008729338645935,2.0345738728841147,0.8352451324462891,0.3468926747639974
2011-08-21,100341.41861979167,299.40271250406903,-0.0030851569026708603,0.0028187061104745226,1.7960268656412761,1.465645472208659,0.3363806406656901
2011-08-22,100447.919921875,299.75739606221515,-0.003779172897338867,0.0030552033038020454,1.7363929748535156,2.1314833958943686,0.32554880777994794
2011-08-23,100474.1279296875,299.3161214192708,-0.003504255786538124,0.01482829841364719,2.1918118794759116,1.4834786653518677,0.3530375162760417
2011-08-24,100396.53255208333,298.80394617716473,-0.0021777600049972534,0.02014485895637108,2.7206026713053384,0.7438421249389648,0.372402826944987
2011-08-25,100515.3291015625,298.53431765238446,-0.0022398270666599274,0.013109402191105346,2.917771657307943,1.2054939270019531,0.36452611287434894
2011-08-26,100550.30436197917,298.43889172871906,-0.002288060262799263,0.014944972460511963,3.1696014404296875,0.7300084829330444,0.3644949595133464
2011-08-27,100366.53369140625,298.2820650736491,-0.0020046066492795944,0.05154152512540122,4.858292897542317,0.7169176737467448,0.39107513427734375
2011-08-28,100170.43424479167,298.7157351175944,-0.003131534904241562,0.0611218895901402,6.2776845296223955,1.2529431581497192,0.39869944254557294
2011-08-29,99991.14729817708,298.85849634806317,-0.0031808745115995407,0.047925905969520954,6.477522532145183,1.7806344429651897,0.3887825012207031
2011-08-30,100022.24300130208,299.1907533009847,-0.0036497116088867188,0.013622331619234984,3.203153610229492,4.1669089794158936,0.366177241007487
2011-08-31,99929.14794921875,299.46345138549805,-0.003966677933931351,0.010194833082280752,1.6715463002522786,4.36214804649353,0.3572654724121094
2011-09-01,99863.29638671875,299.2074432373047,-0.003882134333252907,0.012534210085863862,1.6645914713541667,4.856583913167317,0.35901451110839844
2011-09-02,99856.94791666667,299.34193992614746,-0.0045544179156422615,0.023397833108901978,2.5586522420247397,5.740669250488281,0.3706067403157552
2011-09-03,99804.64615885417,299.26671091715497,-0.004080008715391159,0.041292382104984426,4.748302459716797,5.718381683031718,0.3864561716715495
2011-09-04,100111.11116536458,299.40814145406085,-0.0040794722735881805,0.020679684998242465,4.708002090454102,4.831587950388591,0.37975502014160156
2011-09-05,100229.3017578125,299.35926564534503,-0.0045854561030864716,0.014145079255001747,4.7823944091796875,5.748339653015137,0.36585553487141925
2011-09-06,100272.79313151042,298.9999033610026,-0.0035995719954371452,0.05014220178117057,5.159701665242513,4.680603663126628,0.38933436075846356
2011-09-07,100309.15608723958,299.5464547475179,-0.004517397843301296,0.008109712600703034,4.770442644755046,3.73236083984375,0.3630809783935547
2011-09-08,100318.54361979167,299.7660439809163,-0.004595284350216389,0.004093334078788757,3.881373087565104,4.168952306111653,0.3429088592529297
2011-09-09,100467.74039713542,299.6789067586263,-0.0033282311633229256,0.005201715230896298,3.611517588297526,3.6672620375951133,0.33720970153808594
2011-09-10,100468.26188151042,299.41004308064777,-0.003580573946237564,0.0057206328195889,2.7157713572184243,3.4372568925221763,0.33759307861328125
2011-09-11,100299.8857421875,298.8915793100993,-0.003666890785098076,0.009223014514873284,2.1705989837646484,3.6406532923380532,0.3469492594401042
2011-09-12,100247.58186848958,299.2565568288167,-0.004593160934746265,0.004259735345840454,1.8964519500732422,5.000696500142415,0.34116554260253906
2011-09-13,100301.63541666667,299.3612454732259,-0.004747680388391018,0.005277961492538452,1.0856329600016277,4.887813687324524,0.3369426727294922
2011-09-14,100301.244140625,299.41777483622235,-0.0038395412266254425,0.006338733434631649,1.5359338124593098,2.5030544996261597,0.34210205078125
2011-09-15,100326.46370442708,299.25503094991046,-0.002827877178788185,0.013669136166470253,1.621944745381673,1.8769978682200115,0.3578179677327474
2011-09-16,100446.89371744792,299.46301651000977,-0.004529651254415512,0.004315367341007459,1.9878775278727214,3.9546450773874917,0.3465442657470703
2011-09-17,100546.24772135417,298.8921432495117,-0.004014759324491024,0.005968028306956086,1.8780214389165242,3.711726705233256,0.34254709879557294
2011-09-18,100658.43603515625,299.2316614786784,-0.004639085382223129,0.0026229798792769543,2.06254506111145,2.840108950932821,0.3291454315185547
2011-09-19,100810.06331380208,299.20668029785156,-0.004492315463721752,0.002579503036713504,1.5934346516927083,2.6329703330993652,0.317715326944987
2011-09-20,100873.69222005208,298.6215585072835,-0.004027958959341049,0.0029420554636772067,1.582113265991211,1.9596694707870483,0.31558990478515625
2011-09-21,100777.26334635417,298.19697252909344,-0.003887064754962921,0.0036484211682932255,1.6450920104980469,1.1338189442952473,0.3167641957600911
2011-09-22,100709.0927734375,298.73412640889484,-0.004658135585486889,0.002889767289161682,1.5283838907877605,1.6979293823242188,0.31651751200358075
2011-09-23,100678.5986328125,298.52545738220215,-0.00399682205170393,0.0022125989198684692,1.0441500345865886,1.3897295395533245,0.3041667938232422
2011-09-24,100789.72835286458,298.8205560048421,-0.004498664289712906,0.0018115818500064051,1.4331614176432292,1.8702538808186848,0.30063629150390625
2011-09-25,100919.07356770833,299.20946248372394,-0.004756449721753597,0.0016715586184545828,1.4017073313395183,1.8333142598470051,0.2914295196533203
2011-09-26,100966.43912760417,299.2802569071452,-0.004623402841389179,0.0004055857657476736,0.7227280934651693,0.8464260101318359,0.27743975321451825
2011-09-27,100851.57779947917,299.4582996368408,-0.004614714533090591,0.0004445046185992396,0.5460186004638672,0.5055065155029297,0.26137542724609375
2011-09-28,100827.98974609375,299.6675027211507,-0.0043825265020132065,0.0009719729422954515,0.783172607421875,0.2781953016916911,0.2528394063313802
2011-09-29,100818.9619140625,299.7028223673503,-0.004363701678812504,0.0006853711876146917,0.44414838155110675,-0.8835023244222006,0.2462031046549479
2011-09-30,100833.43570963542,300.35946528116864,-0.004688606597483158,0.0007172048091206307,-0.0057570139567057295,-1.7696978251139324,0.2364222208658854
2011-10-01,100777.51106770833,300.2683620452881,-0.003562226891517639,0.0015992701053164637,0.3633441925048828,-1.3679052988688152,0.23197491963704428
2011-10-02,100818.701171875,299.6759916941325,-0.003938582725822926,0.0020963549613384203,0.9834435780843099,-0.910498301188151,0.2394847869873047
2011-10-03,100825.39453125,299.7705497741699,-0.004137019626796246,0.000955432653427124,1.5763842264811199,-1.1231861114501953,0.2394886016845703
2011-10-04,100823.56673177083,299.5204594930013,-0.004317273385822773,0.0011030375957474803,0.8361409505208334,-0.7522544860839844,0.2343120574951172
2011-10-05,100932.68082682292,300.31243896484375,-0.00425349734723568,0.00022675767115742929,0.5808003743489584,-2.1528282165527344,0.22185516357421875
2011-10-06,101005.29703776042,300.92882855733234,-0.004235711880028248,0.00024044513702392578,0.22791385650634766,-1.8059342702229817,0.20743560791015625
2011-10-07,100917.40201822917,301.55760129292804,-0.004462786950170994,6.419051203465642e-06,0.9047247568766276,-2.224624991416931,0.19320106506347656
2011-10-08,100902.72639973958,301.5140387217204,-0.0042276568710803986,7.755274015153191e-05,0.874273935953776,-2.1840643088022866,0.18020057678222656
2011-10-09,100874.1318359375,301.7466564178467,-0.004284162074327469,5.774199962615967e-05,0.731446385383606,-1.9022102355957031,0.16840553283691406
2011-10-10,100854.35677083333,301.9610786437988,-0.004272608086466789,2.8789042403332132e-06,0.738628069559733,-0.9549487431844076,0.1572265625
2011-10-11,100879.25,301.6112645467122,-0.0031048543751239777,2.594526335997216e-06,0.7970097859700521,1.1004287799199421,0.14907519022623697
2011-10-12,100819.10888671875,301.68052355448407,-0.0025490839034318924,0.0010575706311328759,0.45918528238932294,-0.6240084966023763,0.14967664082845053
2011-10-13,100728.06477864583,300.7636349995931,-0.003343256190419197,0.01562137414271092,-0.4326896667480469,-0.5522363980611166,0.2157878875732422
2011-10-14,100672.57194010417,301.33418973286945,-0.004368388094007969,0.003150561451910505,0.6230303446451823,0.04016939798990885,0.2767327626546224
2011-10-15,100656.96695963542,301.159969329834,-0.004014745354652405,0.003324504048748622,0.5910104115804037,0.8139737447102865,0.2728614807128906
2011-10-16,100666.36344401042,301.02112007141113,-0.004313617944717407,0.006009642927608638,0.012577056884765625,-0.7285391489664713,0.28267351786295575
2011-10-17,100695.33089192708,301.5499210357666,-0.004447457380592823,0.001105531118014369,0.32399241129557294,-1.0144316752751668,0.27111053466796875
2011-10-18,100745.75032552083,301.9055811564128,-0.004379512742161751,0.00017350111232872223,0.3393230438232422,-1.314878225326538,0.24820327758789062
2011-10-19,100643.56168619792,301.8213971455892,-0.004256654530763626,0.00014296472062369503,1.2007020314534504,-0.34570662180582684,0.22810045878092447
2011-10-20,100663.93880208333,300.9393660227458,-0.004431247711181641,1.7965849053780403e-05,0.6562601725260416,-0.7128028869628906,0.2102527618408203
2011-10-21,100692.08951822917,300.64165623982746,-0.005129070021212101,2.1578686812517844e-05,0.25769297281901044,-2.076845169067383,0.19357744852701822
2011-10-22,100710.13639322917,301.52848052978516,-0.00544221606105566,8.583068797918258e-07,-0.6366608937581381,-1.9594656626383464,0.17608769734700522
2011-10-23,100830.89388020833,301.60119756062824,-0.0054846517741680145,8.642672923997452e-07,-0.9195772806803385,-1.514809290568034,0.15975507100423178
2011-10-24,100796.16129557292,301.59423828125,-0.005749428644776344,8.52346317969932e-07,-1.4557202657063801,-2.06680691242218,0.1453406016031901
2011-10-25,100739.64225260417,301.3465881347656,-0.00525717344135046,4.2319288695580326e-07,-1.535617192586263,-1.9526721636454265,0.1332225799560547
2011-10-26,100745.16552734375,301.3916543324788,-0.004660972394049168,1.2908708981740347e-06,-1.1078599294026692,-1.8894623915354412,0.12375640869140625
2011-10-27,100809.44889322917,301.9060465494792,-0.003805997781455517,8.553265615773853e-07,-0.6774775187174479,-0.9635955492655436,0.11666043599446614
2011-10-28,100771.00146484375,301.9010632832845,-0.0034933453425765038,8.440611054538749e-07,-0.32381947835286456,-0.813827395439148,0.11133257548014323
2011-10-29,100752.95833333333,301.65305010477704,-0.003329481929540634,0.00011823825815326927,-0.7949530283610026,0.1788348356882731,0.10793431599934895
2011-10-30,100669.408203125,301.4874680836995,-0.0034004729241132736,8.583068797918258e-07,-0.19323603312174478,-0.6489217281341553,0.10520553588867188
2011-10-31,100701.84505208333,301.57789548238117,-0.0039541637524962425,4.4127250475867186e-07,-0.27248700459798175,-1.0987290143966675,0.10199419657389323
2011-11-01,100729.41878255208,301.39601643880206,-0.0038173655048012733,1.7099379761020828e-06,-0.2274017333984375,-1.1170902252197266,0.09925397237141927
2011-11-02,100673.23486328125,301.20245297749835,-0.0033923638984560966,0.0,-0.2957630157470703,-0.13456090291341147,0.09723663330078125
2011-11-03,100711.947265625,301.23727798461914,-0.0034574056044220924,0.0,-0.2679729461669922,-0.7194284200668335,0.09565289815266927
2011-11-04,100815.60774739583,301.3857949574788,-0.0034056976437568665,1.274852024835127e-06,0.1909478505452474,-1.4936985969543457,0.09417661031087239
2011-11-05,100880.68245442708,302.105463663737,-0.003240472637116909,8.523463748133508e-07,-0.12364514668782552,-0.7946770985921224,0.09280014038085938
2011-11-06,100870.2578125,301.68382263183594,-0.002891676500439644,4.351138045421976e-07,0.45564842224121094,-0.3632335662841797,0.09170087178548177
2011-11-07,100971.19091796875,300.60145505269367,-0.002483292482793331,4.351138613856165e-07,0.7605272928873698,0.5091285705566406,0.09089851379394531
2011-11-08,100975.81559244792,300.90794308980304,-0.002977353520691395,1.7195939676639682e-06,0.34595680236816406,-1.8015284140904744,0.09021504720052083
2011-11-09,100895.53678385417,301.46664810180664,-0.00357675738632679,1.2756220257870154e-06,0.09771410624186198,-1.8838266134262085,0.08948326110839844
2011-11-10,100924.43245442708,301.1299184163411,-0.0033601801842451096,4.351138045421976e-07,-0.16887537638346353,-0.9341918230056763,0.0887285868326823
2011-11-11,100938.43766276042,301.23972574869794,-0.0035440921783447266,1.2834020708396565e-06,0.43228721618652344,-2.9637178977330527,0.08820025126139323
2011-11-12,100919.61946614583,301.2867724100749,-0.0031474707648158073,0.0,0.2773965199788411,-2.6671454111735025,0.08771197001139323
2011-11-13,100910.771484375,301.3222306569417,-0.0026322705671191216,0.0,0.19871012369791666,-1.9809963703155518,0.08732032775878906
2011-11-14,100970.48974609375,301.7375367482503,-0.002351177856326103,8.52346317969932e-07,-0.03577995300292969,-1.4184623559315999,0.08703549702962239
2011-11-15,101032.84977213542,301.8305123647054,-0.002980888821184635,4.261732051702438e-07,-0.08115641276041667,-1.9693743387858074,0.08676910400390625
2011-11-16,101021.74153645833,301.021769841512,-0.00346548855304718,2.577434315753635e-06,-0.5398406982421875,-2.4178940455118814,0.08652114868164062
2011-11-17,101031.61735026042,300.43004671732587,-0.0033076992258429527,4.374257400741044e-07,-0.8471654256184896,-1.9531365633010864,0.08632532755533855
2011-11-18,101011.9384765625,300.1523774464925,-0.0029504261910915375,1.7210318787874712e-06,-0.7852611541748047,-1.7967398564020793,0.086151123046875
2011-11-19,101011.14176432292,300.32553418477374,-0.0028181932866573334,8.522588359483052e-07,-0.8169987996419271,-1.9797056913375854,0.0860137939453125
2011-11-20,101112.13753255208,300.9044768015544,-0.002752910368144512,2.1478196572388697e-06,-1.1445287068684895,-2.1424217224121094,0.08588854471842448
2011-11-21,101093.24723307292,300.99852752685547,-0.0027037160471081734,1.2582290764839854e-09,-1.3244609832763672,-1.9136396646499634,0.08576583862304688
2011-11-22,101012.17496744792,300.6622943878174,-0.002883186563849449,2.5689601557132846e-06,-1.4774417877197266,-2.097275892893473,0.08566729227701823
2011-11-23,100920.41552734375,300.21788024902344,-0.002761443145573139,8.52346317969932e-07,-1.3862539927164714,-1.8868990739186604,0.08558591206868489
2011-11-24,100979.92252604167,300.12528800964355,-0.002574291080236435,8.583068051848386e-07,-1.1421045064926147,-1.643707513809204,0.0855089823404948
2011-11-25,100795.93050130208,300.60278701782227,-0.0027163606137037277,0.0,-1.8540404637654622,-2.075996438662211,0.08543586730957031
2011-11-26,100703.01350911458,301.42125129699707,-0.0023873252794146538,8.523463748133508e-07,-1.7245653470357258,-1.9889629284540813,0.08536020914713542
2011-11-27,100603.06624348958,302.2429714202881,-0.0017119841650128365,8.417023877882457e-07,-0.9715874989827474,-1.8730603853861492,0.08529090881347656
2011-11-28,100600.38834635417,301.25809415181476,-0.0016209818422794342,0.0013730632408623933,-2.6086114247639975,-0.6441841125488281,0.09118270874023438
2011-11-29,100721.55989583333,301.10909207661945,-0.0017265230417251587,0.0004248231649057743,0.03521601359049479,0.27084922790527344,0.09658241271972656
2011-11-30,100813.45377604167,300.74942779541016,-0.0017809895798563957,0.0,0.6709213256835938,-0.8759810129801432,0.09533882141113281
2011-12-01,100846.03255208333,301.04480234781903,-0.002324320375919342,8.70227722771233e-07,0.7732358773549398,-2.3010781606038413,0.09282684326171875
2011-12-02,100716.51236979167,300.7966772715251,-0.0029603391885757446,4.261732087229575e-07,0.8550119002660116,-3.0857957204182944,0.09088770548502605
2011-12-03,100617.73160807292,300.35021018981934,-0.002592668868601322,1.2814998058274796e-06,0.09939992427825928,-1.8594862620035808,0.08937454223632812
2011-12-04,100734.41194661458,299.73933664957684,-0.0017236946150660515,4.351138045421976e-07,0.5062751770019531,-0.12235832214355469,0.08842150370279948
2011-12-05,100859.4931640625,299.8751729329427,-0.0017590317875146866,4.351138045421976e-07,0.8850104014078776,-1.4761597712834675,0.08788808186848958
2011-12-06,100847.89095052083,300.10861269632977,-0.0021569402888417244,4.142522804784221e-07,0.7999982833862305,-2.4096007347106934,0.08745447794596355
2011-12-07,100908.17854817708,299.86952718098956,-0.002154659479856491,0.0,0.3252220153808594,-1.8213138580322266,0.08709780375162761
2011-12-08,100933.43668619792,299.5054575602214,-0.0020663365721702576,1.7046928064701206e-06,0.08303197224934895,-1.0021324157714844,0.08684666951497395
2011-12-09,100954.35205078125,299.66637929280597,-0.0026044072583317757,1.299380642194592e-06,0.2477703094482422,-2.770601272583008,0.08661905924479167
2011-12-10,100995.03955078125,299.8812198638916,-0.002615051344037056,0.0,0.2071098486582438,-3.37067182858785,0.08644612630208333
2011-12-11,100925.6083984375,298.69301732381183,-0.0024267463013529778,0.0,0.13355072339375815,-2.876390973726908,0.08631833394368489
2011-12-12,100968.88883463542,298.43027114868164,-0.0017497604712843895,1.7151648421531718e-06,0.10681851704915364,-1.6211798985799153,0.08622296651204427
2011-12-13,101004.55631510417,300.2898642222087,-0.0021432843059301376,2.1500784441741416e-06,-0.7205149332682291,-2.303106665611267,0.0861498514811198
2011-12-14,101091.58447265625,299.6810894012451,-0.0020685968920588493,8.780630196270067e-07,-0.573203444480896,-2.108434518178304,0.0860735575358073
2011-12-15,101106.75,298.52453931172687,-0.0019689835608005524,1.2755393754559918e-06,-0.1836872100830078,-1.8812452952067058,0.08601633707682292
2011-12-16,101057.72509765625,298.8910484313965,-0.002274978905916214,4.351138045421976e-07,-0.6442782084147135,-2.0421236753463745,0.08589617411295573
2011-12-17,101088.03076171875,298.65758959452313,-0.0018583275377750397,8.702277796146518e-07,-0.3182729085286458,-1.0348103841145833,0.0858306884765625
2011-12-18,101111.00504557292,298.79701042175293,-0.0020306752994656563,4.351138045421976e-07,-0.099761962890625,-2.278044581413269,0.08574803670247395
2011-12-19,101121.13313802083,298.38378016153973,-0.0018297554925084114,4.261732051702438e-07,-0.21079635620117188,-1.4927148818969727,0.08568954467773438
2011-12-20,101025.17838541667,298.2509587605794,-0.0018371660262346268,8.612870487922919e-07,0.04038174947102865,-1.9963136514027913,0.08562278747558594
2011-12-21,101046.7548828125,298.1973234812419,-0.0019082166254520416,1.2814998058274796e-06,-0.06485648949940999,-1.9766173362731934,0.08555793762207031
2011-12-22,100993.15934244792,297.89203389485675,-0.0019692592322826385,4.351138045421976e-07,-0.14787213007609049,-2.266952951749166,0.08550834655761719
2011-12-23,100963.8876953125,297.8126742045085,-0.0018444601446390152,4.351138045421976e-07,-0.12304115295410156,-2.021385828653971,0.08544921875
2011-12-24,100919.63330078125,297.9578564961751,-0.001958191394805908,8.375650395464618e-07,0.40301891167958576,-2.7671985626220703,0.08538309733072917
2011-12-25,100976.26236979167,297.68297576904297,-0.00204494409263134,4.351138045421976e-07,0.15315818786621094,-2.726264317830404,0.08529599507649739
2011-12-26,101029.59000651042,296.9128354390462,-0.0020197518169879913,1.2870723367086612e-06,0.8783117930094401,-3.105677922566732,0.0852368672688802
2011-12-27,101042.91878255208,295.89197476704913,-0.0023586098104715347,4.3549692918531946e-07,0.7651577393213908,-3.210452397664388,0.08520952860514323
2011-12-28,101096.52864583333,296.35377311706543,-0.002025769092142582,1.7225742112714215e-06,0.5966891845067342,-3.622456192970276,0.08517646789550781
2011-12-29,101098.74479166667,297.3582598368327,-0.0018750270828604698,4.351138045421976e-07,0.18580190340677896,-3.266782760620117,0.0851427714029948
2011-12-30,101064.69287109375,297.4438883463542,-0.0018382575362920761,8.351298674824648e-07,0.20651682217915854,-3.2604839404424033,0.08510080973307292
2012-01-01,101000.77620442708,296.67577425638837,-0.0024647461250424385,8.52346317969932e-07,0.7853935162226359,-4.897286097208659,0.08502896626790364
2012-01-02,101000.21468098958,296.37185223897296,-0.0015417654067277908,8.52346317969932e-07,0.9657942454020182,-3.0421326955159507,0.08500289916992188
2012-01-03,100998.20703125,296.2564233144124,-0.0011440236121416092,8.52346317969932e-07,1.1493085225423176,-2.052288850148519,0.08497365315755208
2012-01-04,101057.73763020833,295.87248102823895,-0.001529395580291748,1.4781950881115336e-06,0.7551218668619791,-2.374423344930013,0.08487892150878906
2012-01-05,101148.2626953125,296.86447525024414,-0.001899593509733677,2.997827039052936e-06,0.780431350072225,-2.988212545712789,0.08482933044433594
2012-01-06,101230.56819661458,296.2813949584961,-0.0015611648559570312,8.612866508883599e-07,1.1507738828659058,-2.839217027028402,0.08480326334635417
2012-01-07,101371.28385416667,296.08715375264484,-0.0016530491411685944,1.2897884289486683e-06,0.9974479675292969,-2.9811280171076455,0.08470217386881511
2012-01-08,101389.27864583333,295.6894391377767,-0.0028359312564134598,1.285132157136104e-06,0.5100351969401041,-4.111504117647807,0.08458455403645833
2012-01-09,101281.755859375,295.0886039733887,-0.0025281812995672226,0.0,0.5208733876546224,-4.347766876220703,0.08451652526855469
2012-01-10,101226.52164713542,295.8679739634196,-0.0021832268685102463,0.0,-0.40379969278971356,-4.08571179707845,0.08447074890136719
2012-01-11,101280.07535807292,296.3153069814046,-0.0020623020827770233,1.2904404798064206e-06,-0.9094568888346354,-3.2416807810465493,0.08441098531087239
2012-01-12,101282.83447265625,296.4141667683919,-0.002001962624490261,8.612871056357108e-07,-1.3615673383076985,-2.492803414662679,0.08436139424641927
2012-01-13,101269.58284505208,296.4189084370931,-0.0018230108544230461,4.410743663640915e-07,-1.1928685506184895,-2.021277904510498,0.08430417378743489
2012-01-14,101160.115234375,296.0795370737712,-0.001486317254602909,0.0,-0.46705786387125653,-1.2934398651123047,0.08425076802571614
2012-01-15,101018.01302083333,295.8055006663005,-0.0013216659426689148,8.536799214198254e-07,0.490933100382487,-1.6481614112854004,0.08420944213867188
2012-01-16,100917.68961588542,295.2213198343913,-0.0014382721856236458,8.595523013354978e-07,1.039954702059428,-2.3003346920013428,0.08418083190917969
2012-01-17,100871.87369791667,294.94817543029785,-0.0013246219605207443,1.7933814433490625e-08,1.1288057963053386,-2.303192416826884,0.0840593973795573
2012-01-18,100893.32503255208,293.8142738342285,-0.0016275309026241302,2.1845102260442673e-06,1.0737724304199219,-1.631339152654012,0.08398501078287761
2012-01-19,100980.54475911458,293.8059883117676,-0.0014444515109062195,2.0911384126520716e-06,0.2848115762074788,-1.5095868905385335,0.08396593729654948
2012-01-20,101028.21744791667,294.61610349019367,-0.0021831458434462547,4.351138045421976e-07,0.38892412185668945,-3.253317912419637,0.08393669128417969
2012-01-21,100971.59586588542,295.7626647949219,-0.0013118153437972069,1.7285346416429093e-06,0.018491744995117188,-0.410892128944397,0.08389790852864583
2012-01-22,101163.81868489583,294.95362027486163,-0.0010472852736711502,6.139277388683695e-07,1.0650253295898438,-0.5821221669514974,0.08383814493815105
2012-01-23,101135.47981770833,295.38201904296875,-0.0017234645783901215,1.2934207802572928e-06,0.37879689534505206,-2.4785277048746743,0.08375358581542969
2012-01-24,101003.29248046875,296.85643259684247,-0.001744978129863739,0.0,0.7464218139648438,-2.570931553840637,0.0836957295735677
2012-01-25,101064.67171223958,296.06225840250653,-0.0015652105212211609,2.133844645868521e-06,1.3565008242925007,-2.65630833307902,0.08367029825846355
2012-01-26,101141.22379557292,296.05565452575684,-0.002031729556620121,8.683437044965103e-07,0.5889002482096354,-3.309209187825521,0.08361752827962239
2012-01-27,101055.45491536458,296.0128631591797,-0.0020286357030272484,1.7106531977617578e-06,1.1840051015218098,-3.352307359377543,0.0835711161295573
2012-01-28,101044.22086588542,295.38820775349933,-0.0026085451245307922,8.52346317969932e-07,0.5186843872070312,-4.246116320292155,0.08353678385416667
2012-01-29,101068.68375651042,294.3720010121663,-0.0021298639476299286,4.351138045421976e-07,0.9033470153808594,-3.444158911705017,0.08349672953287761
2012-01-30,101063.3056640625,295.5620975494385,-0.0012216698378324509,0.0,0.6933116912841797,-2.399282455444336,0.0834363301595052
2012-01-31,101157.92447916667,297.7895399729411,-0.0015108343213796616,1.2814997489840607e-06,0.39919062455495197,-3.6694822311401367,0.08339182535807292
2012-02-01,101198.2529296875,298.7382748921712,-0.0017579365521669388,8.583068051848386e-07,-0.25483234723409015,-3.222855051358541,0.08334604899088542
2012-02-02,101211.99039713542,298.8088207244873,-0.0018079336732625961,1.2814998058274796e-06,-0.38544591267903644,-2.3354225158691406,0.08327674865722656
2012-02-03,101173.26236979167,298.3617941538493,-0.0016870368272066116,4.351138045421976e-07,0.22932668526967367,-1.2741406758626301,0.08321698506673177
2012-02-04,101122.60611979167,297.8031514485677,-0.0021127834916114807,1.2814998626708984e-06,1.3914095560709636,-3.028723398844401,0.0831743876139323
2012-02-05,101133.435546875,297.7048346201579,-0.0020104441791772842,1.2875523793809407e-06,1.0472119649251301,-3.5140726566314697,0.08314132690429688
2012-02-06,101076.62158203125,297.3046703338623,-0.0023228172212839127,8.553266184208042e-07,1.4915453592936199,-3.9405593872070312,0.08311398824055989
2012-02-07,101137.17350260417,296.128132502238,-0.003196864388883114,4.351138045421976e-07,0.9656823476155599,-4.935381571451823,0.08308219909667969
2012-02-08,101194.64127604167,293.8429311116536,-0.004061568528413773,1.7046928633135394e-06,-0.017072677612304688,-6.092482924461365,0.08304595947265625
2012-02-09,101003.64404296875,294.79025332132977,-0.0023936862125992775,2.58982174727862e-06,0.10505930582682292,-4.435537338256836,0.08300717671712239
2012-02-10,100879.30126953125,295.90835698445636,-0.001446564681828022,2.1517276422855502e-06,-0.09763018290201823,-2.667503078778585,0.08296648661295573
2012-02-11,100891.65983072917,296.19061279296875,-0.0010026711970567703,1.2915353977405175e-06,0.04597282409667969,0.07558898131052653,0.08292198181152344
2012-02-12,100956.45035807292,295.6675275166829,-0.0007445607334375381,1.2814997489840607e-06,1.1656697591145833,0.4798926115036011,0.0828844706217448
2012-02-13,101066.34456380208,295.22141965230304,-0.0011812318116426468,1.7046928064701206e-06,1.2277374267578125,-1.6333829561869304,0.08281262715657552
2012-02-14,101075.576171875,296.5418243408203,-0.001743965782225132,8.52346317969932e-07,1.3889039357503254,-3.0313940048217773,0.08271026611328125
2012-02-15,100994.44580078125,296.3376407623291,-0.0020225830376148224,8.555652470931818e-07,1.5395755767822266,-2.9254538218180337,0.0826568603515625
2012-02-16,100909.35660807292,295.62475967407227,-0.0027157245203852654,0.0,0.8305155436197916,-3.658967971801758,0.08260154724121094
2012-02-17,100878.33675130208,296.4816786448161,-0.001673160120844841,1.2874601225121296e-06,0.640130360921224,-2.2285989125569663,0.08253415425618489
2012-02-18,100941.18147786458,298.45411109924316,-0.001666397787630558,8.523463748133508e-07,0.4765478769938151,-2.566412369410197,0.08244768778483073
2012-02-19,100966.05126953125,299.5168596903483,-0.0017604157328605652,8.52346317969932e-07,0.5301016171773275,-2.6580713192621865,0.08237775166829427
2012-02-20,100835.41276041667,300.0935770670573,-0.0021734191104769707,0.0,0.9540437857309977,-2.933585524559021,0.08230209350585938
2012-02-21,100739.01774088542,300.3692048390706,-0.0023306654766201973,8.523463748133508e-07,1.0721249183019002,-3.0280868212381997,0.08222007751464844
2012-02-22,100749.43391927083,300.2067699432373,-0.0026282481849193573,8.52346317969932e-07,1.1085020701090496,-3.661167780558268,0.08216031392415364
2012-02-23,100800.08561197917,299.7131767272949,-0.002448410727083683,2.139806667855737e-06,1.378175139427185,-3.575270652770996,0.0821062723795573
2012-02-24,100736.92854817708,299.2725346883138,-0.0028014201670885086,1.2857061619797605e-06,0.9654636383056641,-4.026445190111796,0.08206621805826823
2012-02-25,100651.90738932292,299.6104844411214,-0.0027410490438342094,0.0,0.9024918874104818,-3.992308020591736,0.08200263977050781
2012-02-26,100612.33333333333,299.8898385365804,-0.0021646618843078613,1.7163602592518146e-06,0.7098401387532552,-3.1344035863876343,0.08193333943684895
2012-02-27,100625.78466796875,299.39445877075195,-0.002139538526535034,2.1378681935857458e-06,1.4784774780273438,-2.8856639862060547,0.08187929789225261
2012-02-28,100592.22835286458,297.51581891377765,-0.0016563553363084793,0.0,1.6552441914876301,-1.5001277923583984,0.08182907104492188
2012-02-29,100646.84602864583,296.5102596282959,-0.0012463442981243134,8.642672355563263e-07,1.3521862030029297,0.2009913126627604,0.08178965250651042
2012-03-01,100747.54996744792,295.391154607137,-0.002191629260778427,8.630752461158409e-06,1.3737440903981526,-1.8616066376368205,0.08170127868652344
2012-03-02,100763.6015625,295.3326466878255,-0.0016149114817380905,4.351138045421976e-07,1.464403549830119,-1.7259511947631836,0.08163197835286458
2012-03-03,100751.46744791667,296.33010991414386,-0.0014449860900640488,1.5676020552746195e-06,1.2014819780985515,-2.007239818572998,0.08145777384440105
2012-03-04,100756.57649739583,298.26120313008624,-0.0020481478422880173,4.351138045421976e-07,1.4515628417332966,-2.968809803326925,0.08125813802083333
2012-03-05,100699.00602213542,299.3663330078125,-0.002268139272928238,1.2955942452208546e-06,1.1877600351969402,-2.9633356730143228,0.08120091756184895
2012-03-06,100781.46663411458,297.14544105529785,-0.0019300561398267746,3.186159119650256e-06,2.176955540974935,-2.337010701497396,0.08110491434733073
2012-03-07,100701.83951822917,296.2533137003581,-0.0019552400335669518,1.4057461157790385e-05,2.092552820841471,-1.0029067993164062,0.08110872904459636
2012-03-08,100833.29508463542,295.54439036051434,-0.0018119420856237411,2.330541576611722e-06,1.4235032399495442,-0.7781511942545573,0.08103879292805989
2012-03-09,100720.93294270833,296.4242394765218,-0.002343207597732544,0.0,0.8233744303385416,-1.939078648885091,0.08092880249023438
2012-03-10,100592.45930989583,297.7471675872803,-0.002519110217690468,8.52346317969932e-07,1.175259272257487,-2.8191646337509155,0.08086268107096355
2012-03-11,100718.57584635417,296.9235591888428,-0.0015297867357730865,1.7199723743033246e-06,1.9156763553619385,-1.3094463348388672,0.08081626892089844
2012-03-12,101087.52571614583,297.1592248280843,-0.0019979923963546753,4.206007133689127e-07,1.39226496219635,-2.2715091705322266,0.08069610595703125
2012-03-13,101059.7666015625,299.7382119496663,-0.0031585413962602615,4.2970759750460275e-06,0.2931817372639974,-4.725416461626689,0.08061981201171875
2012-03-14,101005.78369140625,299.8999430338542,-0.002030719071626663,2.127850166289136e-06,0.66387939453125,-2.2579593658447266,0.08055686950683594
2012-03-15,100948.00618489583,299.1766993204753,-0.0017592161893844604,2.139806667855737e-06,1.3601326545079548,-1.8555724620819092,0.08049392700195312
2012-03-16,100971.28483072917,299.02777163187665,-0.001573929563164711,0.0,1.7011165618896484,-1.0347998936971028,0.08041890462239583
2012-03-17,100917.94547526042,299.3204924265544,-0.0018613021820783615,3.448433460562228e-06,1.6366297403971355,-1.7501996358235676,0.08036041259765625
2012-03-18,100949.92024739583,300.3367869059245,-0.0027771368622779846,4.2915297626677784e-07,1.7383639017740886,-3.234267552693685,0.08031336466471355
2012-03-19,100960.79736328125,299.6761296590169,-0.0022586416453123093,0.0,1.770682652791341,-2.730208079020182,0.08023134867350261
2012-03-20,100858.42643229167,300.58873748779297,-0.002385493367910385,0.0,1.6524162292480469,-3.1813324292500815,0.08013661702473958
2012-03-21,100777.68831380208,300.8494930267334,-0.0027165059000253677,0.0,1.8790957132975261,-3.3276389837265015,0.08005841573079427
2012-03-22,100832.99951171875,300.34822336832684,-0.0024849800392985344,1.716613667213096e-06,1.7876224517822266,-2.7164960304896035,0.07999356587727864
2012-03-23,100888.90738932292,300.39453379313153,-0.0018209675326943398,8.553265615773853e-07,1.4088478088378906,-1.573790152867635,0.07992299397786458
2012-03-24,100833.80810546875,302.5068066914876,-0.002790195867419243,2.147350642189849e-06,1.2030410766601562,-2.963177045186361,0.07984987894694011
2012-03-25,100844.55013020833,301.7434895833333,-0.0020717810839414597,2.999726916641521e-06,1.3080459435780842,-1.0335153738657634,0.07977803548177083
2012-03-26,100859.63850911458,299.9476846059163,-0.0017748922109603882,0.0,1.867313265800476,-0.4115273952484131,0.07967885335286458
2012-03-27,100981.36165364583,299.21489334106445,-0.0014828015118837357,1.2814997489840607e-06,1.6686388651529949,0.5236347119013468,0.07959874471028645
2012-03-28,101041.55582682292,300.83799171447754,-0.0017960891127586365,1.7230679212332234e-06,1.481580098470052,0.0638440450032552,0.07945442199707031
2012-03-29,101012.58512369792,299.95625559488934,-0.0016128197312355042,1.2849557151639601e-06,1.736258824666341,1.6427764892578125,0.07929039001464844
2012-03-30,100923.31998697917,299.66329828898114,-0.0018662475049495697,0.0,1.6528161366780598,2.834575653076172,0.07905960083007812
2012-03-31,100897.9130859375,299.95933723449707,-0.0017643049359321594,6.139277388683695e-07,1.7732467651367188,0.07873185475667317,0.07899792989095052
2012-04-01,100766.23291015625,301.68326059977215,-0.002017710357904434,1.720531258797564e-06,1.7772274017333984,-0.4084771474202474,0.07895914713541667
2012-04-02,100939.44547526042,301.28759956359863,-0.0017113909125328064,1.7046494349415298e-06,1.6508477528889973,1.8795372247695923,0.07892481486002605
2012-04-03,101127.33902994792,300.4661223093669,-0.0017549078911542892,1.239776509009971e-06,1.7982171376546223,1.710466464360555,0.07883707682291667
2012-04-04,101041.13981119792,300.29208755493164,-0.002097133547067642,4.51505184173584e-06,2.022538503011068,2.2445945739746094,0.07869275410970052
2012-04-05,100877.52718098958,300.201447168986,-0.00180803332477808,7.271766662597656e-06,1.8008460998535156,1.3830705086390178,0.07869275410970052
2012-04-06,100778.96614583333,300.23047192891437,-0.0019622454419732094,5.307793514930381e-06,1.69019881884257,0.43421610196431476,0.07865142822265625
2012-04-07,100700.23860677083,300.12512397766113,-0.0018906304612755775,0.0,1.8454635938008626,0.08473352591196696,0.07858022054036458
2012-04-08,100636.39599609375,300.0885601043701,-0.0019798874855041504,2.3424624373546976e-06,2.110780715942383,-0.7312525908152262,0.07852427164713542
2012-04-09,100775.72867838542,299.86177317301434,-0.0017995592206716537,2.0921229975101596e-06,2.332077662150065,1.0626571973164876,0.07839711507161458
2012-04-10,100764.72184244792,300.11334864298504,-0.001845470629632473,1.4865398384245054e-05,1.9510186513264973,1.2994585434595745,0.07842763264973958
2012-04-11,100694.01236979167,300.22547086079913,-0.0018945029005408287,8.019804852210655e-06,2.0090459187825522,1.2864038546880086,0.07843335469563802
2012-04-12,100695.87565104167,299.75376319885254,-0.0021156203001737595,1.7762183119884867e-06,2.0012296040852866,1.4783949851989746,0.07823499043782552
2012-04-13,100699.02766927083,299.9235674540202,-0.001953274942934513,3.3236498211408616e-06,1.976265589396159,0.22399723529815674,0.07811292012532552
2012-04-14,100732.53662109375,300.3835512797038,-0.002299254760146141,1.297644132591813e-06,1.539236068725586,-2.4838648239771524,0.0779571533203125
2012-04-15,100671.87760416667,302.9016793568929,-0.0021774088963866234,8.55306854674609e-07,1.7077655792236328,-2.6368467013041177,0.0778643290201823
2012-04-16,100649.70849609375,302.2577266693115,-0.001499745063483715,6.184868550462852e-05,2.078040440877279,-0.14518141746520996,0.07808558146158855
2012-04-17,100566.92610677083,301.0807507832845,-0.001923898234963417,0.0,2.272475560506185,-0.1233143409093221,0.07811419169108073
2012-04-18,100552.541015625,300.96217282613117,-0.001973254606127739,2.8266933895793045e-06,2.076023737589518,-1.152228832244873,0.07804298400878906
2012-04-19,100615.86279296875,301.96062151590985,-0.0017173271626234055,1.4096622180659324e-06,1.8065166473388672,-1.2065775791803997,0.07799466451009114
2012-04-20,100668.45621744792,304.31188583374023,-0.003140956163406372,3.11434268951416e-06,1.1328506469726562,-4.203647414843242,0.07794380187988281
2012-04-21,100662.01692708333,303.4009761810303,-0.0025738347321748734,2.1510946339731163e-06,2.349163055419922,-3.1982638041178384,0.07785733540852864
2012-04-22,100471.568359375,302.14392789204913,-0.0026080533862113953,-1.1287909273960395e-08,2.328765869140625,-3.4325377146402993,0.07779757181803386
2012-04-23,100508.47330729167,300.64537556966144,-0.0022631678730249405,5.1432847897103784e-05,2.6870975494384766,-2.6151809692382812,0.07773399353027344
2012-04-24,100623.41292317708,300.59406598409015,-0.0020024143159389496,8.297264565726437e-05,2.6887823740641275,-2.476416269938151,0.07858721415201823
2012-04-25,100633.38134765625,300.55806159973145,-0.0017917566001415253,7.712841032514461e-06,2.1051222483317056,-1.7234738667805989,0.07850837707519531
2012-04-26,100610.57340494792,301.66546122233075,-0.0024099014699459076,0.0,1.7865269978841145,-2.3160791397094727,0.0783220926920573
2012-04-27,100530.04606119792,302.4548257191976,-0.002348877489566803,2.1711533122470428e-06,2.484797795613607,-2.170941432317098,0.0781720479329427
2012-04-28,100477.07828776042,301.40311495463055,-0.0020111827179789543,2.3308848142278293e-05,2.5204270680745444,-1.6402119398117065,0.07807032267252605
2012-04-29,100509.98649088542,300.2447706858317,-0.0019052326679229736,2.6226043701171875e-05,2.472641626993815,-0.4454648494720459,0.07829348246256511
2012-04-30,100486.61832682292,300.6608950297038,-0.0018432540819048882,2.294778823852539e-05,2.3630758921305337,1.3614877065022786,0.0783526102701823
2012-05-01,100592.32666015625,300.67463811238605,-0.0020042285323143005,1.3491511310803617e-05,2.3285446166992188,1.791770060857137,0.07831954956054688
2012-05-02,100697.10709635417,300.1317329406738,-0.001995932310819626,2.4813413517676963e-05,2.265941619873047,1.181313157081604,0.07841428120930989
2012-05-03,100613.38020833333,300.73739433288574,-0.0021066321060061455,4.939138888815364e-05,2.560366074244181,1.8781432310740154,0.07834434509277344
2012-05-04,100535.42578125,301.2888177235921,-0.002436361275613308,7.311999797821045e-05,3.0263163248697915,3.2556028763453164,0.07887331644694011
2012-05-05,100671.33365885417,301.54454867045087,-0.0023407647386193275,0.00020154714583853206,3.0168228149414062,3.176192800203959,0.07943026224772136
2012-05-06,100803.38688151042,301.37222989400226,-0.0020359624177217484,0.00010050535195205157,3.261188507080078,0.9816901286443075,0.08068402608235677
2012-05-07,100698.82779947917,301.20583152770996,-0.0019907038658857346,4.472136487265743e-05,2.5334885915120444,-1.1882123152414958,0.08070818583170573
2012-05-08,100679.68212890625,301.2262128194173,-0.0019546858966350555,6.182789792319454e-05,2.4279842376708984,-1.648323893547058,0.08087666829427083
2012-05-09,100794.9716796875,301.1481367746989,-0.0018122438341379166,6.679892538841159e-05,2.71638552347819,-0.9094934066136678,0.081024169921875
2012-05-10,100867.16031901042,301.3644046783447,-0.0019356366246938705,0.000244838287528637,2.988061269124349,-0.9329298337300619,0.0825182596842448
2012-05-11,100646.87239583333,301.5748291015625,-0.0022528106346726418,0.0001630604256206425,3.177824020385742,-1.7872836589813232,0.08294486999511719
2012-05-12,100601.11555989583,301.3188985188802,-0.0020961062982678413,0.000126073737533261,2.7551854451497397,-0.7598734696706136,0.08383750915527344
2012-05-13,100632.79215494792,300.8122323354085,-0.002159329131245613,4.9415230648719444e-05,2.5679632822672525,-1.0965931018193562,0.08390617370605469
2012-05-14,100669.65836588542,301.0671221415202,-0.002212907187640667,0.00010453462590476192,2.4757563273111978,-1.908497929573059,0.08398882548014323
2012-05-15,100709.90934244792,301.43763160705566,-0.001965135335922241,0.0001222163438114876,2.6185531616210938,-1.944455623626709,0.08454259236653645
2012-05-16,100612.59375,301.17426681518555,-0.001985684037208557,1.494586462058578e-05,2.477228800455729,-0.21755985418955484,0.08429972330729167
2012-05-17,100595.83170572917,301.39948654174805,-0.001992872916162014,3.374218931639916e-05,2.243000030517578,-0.6973696947097778,0.08401234944661458
2012-05-18,100627.955078125,301.97123463948566,-0.0022292248904705048,4.807114601135254e-05,2.1923458178838096,-2.7472451527913413,0.08406766255696614
2012-05-19,100685.67496744792,301.54877344767254,-0.0021370872855186462,2.2619962692260742e-05,2.6364821990331015,-2.226468801498413,0.08378855387369792
2012-05-20,100589.94401041667,301.5933615366618,-0.0018019527196884155,5.4767727760918206e-05,2.7854155699412027,-0.7501207987467448,0.08374595642089844
2012-05-21,100590.17268880208,301.58555285135907,-0.0021244119852781296,0.00015271604064537314,3.270321528116862,-0.7235412995020548,0.08434168497721355
2012-05-22,100636.63785807292,301.783301671346,-0.0020836759358644485,0.00020537078370352901,3.195014317830404,-0.22687208652496338,0.08555984497070312
2012-05-23,100622.30712890625,301.7091814676921,-0.0022219717502593994,0.00013848300011432002,3.353663762410482,-0.07008870442708333,0.08642005920410156
2012-05-24,100543.62565104167,301.89721361796063,-0.0022183842957019806,0.00011093318462229718,3.421031435330709,0.4018942912419637,0.08679135640462239
2012-05-25,100516.15201822917,301.59903653462726,-0.0020336247980594635,0.00023002326480536794,3.2537841796875,0.19892088572184244,0.08786074320475261
2012-05-26,100594.44010416667,301.8859125773112,-0.002194497734308243,0.0002250969409942627,3.4461517333984375,-0.8515018224716187,0.08874320983886719
2012-05-27,100573.59684244792,301.8875370025635,-0.002178148366510868,0.0004911094903263802,3.5824057261149087,-0.2907150189081828,0.08962504069010417
2012-05-28,100551.64518229167,301.7579091389974,-0.002270779572427273,0.0003750349405891029,3.703793207804362,-0.13708905378977457,0.09254264831542969
2012-05-29,100615.96207682292,301.8715426127116,-0.002304850146174431,0.00033898973699209023,3.581075668334961,-0.4145965576171875,0.09318351745605469
2012-05-30,100507.29475911458,301.84145228068036,-0.0022651012986898422,0.00020519196982604626,3.5684286753336587,0.5455360412597656,0.09263674418131511
2012-05-31,100375.634765625,301.7174536387126,-0.0024274419993162155,0.0006498939210928256,3.8097591400146484,2.2962142626444497,0.0929094950358073
2012-06-01,100396.1474609375,301.89755312601727,-0.0023478828370571136,0.0007088458905855077,2.8258228302001953,2.893860618273417,0.09570693969726562
2012-06-02,100367.56494140625,301.97237396240234,-0.0027173319831490517,0.0025310420621167395,3.1753305196762085,3.095856507619222,0.10860824584960938
2012-06-03,100286.515625,302.12313588460285,-0.0027361372485756874,0.0006717317251627719,2.667242685953776,2.946609536806742,0.11168162027994792
2012-06-04,100245.55436197917,302.33131980895996,-0.002420259639620781,0.00044207572932464245,2.5562521616617837,2.5235983530680337,0.1093432108561198
2012-06-05,100182.87679036458,302.12372398376465,-0.0020495206117630005,0.000980275869324032,2.125415802001953,2.475460688273112,0.10778617858886719
2012-06-06,100142.115234375,300.79239654541016,-0.002165994606912136,0.0028316080570220947,1.3929100036621094,3.2111085255940757,0.11943880716959636
2012-06-07,100279.39322916667,300.87036323547363,-0.0032855551689863205,0.003916466236113081,1.8046251932779949,3.4411930640538535,0.1443812052408854
2012-06-08,100474.11865234375,301.1513557434082,-0.0038095973432064056,0.009450578689570222,2.411430994669596,2.7453004916508994,0.2050024668375651
2012-06-09,100517.0419921875,300.7106348673503,-0.004139951430261135,0.006202533841076274,2.7453556060791016,2.815446933110555,0.2551352183024089
2012-06-10,100376.08072916667,299.8427594502767,-0.004190514795482159,0.005814775824546814,2.2508182525634766,4.629868308703105,0.2562707265218099
2012-06-11,100093.91813151042,300.67590522766113,-0.00466747023165226,0.0034278035163879395,0.4335225423177083,5.372383713722229,0.2571678161621094
2012-06-12,99963.96533203125,301.70397758483887,-0.0038178004324436188,0.011284771561520301,0.3028399149576823,1.2842672268549602,0.24439303080240884
2012-06-13,100202.38623046875,300.6771602630615,-0.004563459195196629,0.009971365332489768,1.0636367797851562,5.017291029294332,0.30584271748860675
2012-06-14,100294.55354817708,301.4507242838542,-0.004724161699414253,0.002171209454502332,1.3357823689778645,5.1072507699330645,0.2699330647786458
2012-06-15,100315.20052083333,301.2379430135091,-0.005046757869422436,0.0046891510486553045,1.9762732187906902,5.39522381623586,0.25752703348795575
2012-06-16,100216.486328125,300.21361923217773,-0.004622170701622963,0.03219334750974667,3.2105026245117188,3.910035490989685,0.33408164978027344
2012-06-17,100130.7421875,299.688907623291,-0.003684667870402336,0.027003377676010132,4.086510340372722,2.250330368677775,0.3660424550374349
2012-06-18,100267.94970703125,300.56029574076337,-0.004463991150259972,0.007688751816715467,4.986965179443359,2.2341750065485635,0.3456013997395833
2012-06-19,100351.44889322917,300.31979179382324,-0.004655028693377972,0.0067841224941389555,4.310464223225911,2.42830228805542,0.3398253122965495
2012-06-20,100330.98779296875,300.46238899230957,-0.004673924297094345,0.005361679196255409,4.488321304321289,2.5892574787139893,0.3293304443359375
2012-06-21,100354.16634114583,300.69290987650555,-0.00470799021422863,0.004021126031773292,4.206250309944153,2.589272419611613,0.3205560048421224
2012-06-22,100369.65494791667,301.1060708363851,-0.005160156637430191,0.0037574201821257702,4.114428202311198,2.9419190088907876,0.30899492899576825
2012-06-23,100251.34537760417,300.3098481496175,-0.004839170724153519,0.005141660571155171,2.8358332316080728,4.209030429522197,0.3086903889973958
2012-06-24,100236.126953125,299.5794041951497,-0.004398656077682972,0.009329211711815333,2.397385915120443,4.912379344304402,0.33169809977213544
2012-06-25,100431.23030598958,300.1191628774007,-0.0044451188296079636,0.004723448200650182,2.5009129842122397,5.037119110425313,0.3222980499267578
2012-06-26,100487.25797526042,299.72757784525555,-0.0046752337366342545,0.00860735837983384,2.857128143310547,4.919785896937053,0.32807668050130206
2012-06-27,100454.21354166667,299.50823402404785,-0.004420094192028046,0.007817178964614868,2.531244913736979,4.339188138643901,0.3370443979899089
2012-06-28,100391.32649739583,299.5153064727783,-0.003462124615907669,0.009491533041000366,1.8072611490885417,3.4594691594441733,0.3371480305989583
2012-06-29,100279.27604166667,299.53100967407227,-0.0037610866129398346,0.016077345609573968,1.1646512349446614,3.422046502431234,0.3573996225992839
2012-06-30,100133.34586588542,299.905860265096,-0.00440946314483881,0.01458914577960968,1.5959110260009766,3.0204411347707114,0.3577047983805339
2012-07-01,99954.25162760417,299.84850184122723,-0.004008269868791103,0.01269936859603149,0.9778658548990885,2.6268340349197388,0.35726356506347656
2012-07-02,99797.35921223958,300.064645131429,-0.0037101255729794502,0.017068440015236774,0.9922224680582682,0.5780718326568604,0.35750261942545575
2012-07-03,99714.9189453125,299.6199264526367,-0.005131474696099758,0.043548531936096424,2.521857579549154,5.10325821240743,0.3767464955647786
2012-07-04,99792.32014973958,299.5406843821208,-0.004264874383807182,0.03407367467889344,4.665283203125,3.6889051596323648,0.38142840067545575
2012-07-05,100117.32047526042,299.5207239786784,-0.00414369348436594,0.01983778248359158,3.38677978515625,3.9661686023076377,0.3741906483968099
2012-07-06,100153.35546875,299.49815877278644,-0.00401479285210371,0.008386039733863981,2.4030157725016275,4.319861173629761,0.3626047770182292
2012-07-07,100047.51839192708,298.94135665893555,-0.003050512634217739,0.021449526298511046,2.3287620544433594,4.382573525110881,0.3741416931152344
2012-07-08,100043.88313802083,299.32228724161786,-0.003853932023048401,0.012592709064449537,2.5120016733805337,4.709795753161113,0.36702855428059894
2012-07-09,100079.50358072917,299.67287317911786,-0.003936094231903553,0.007431679964060578,2.2332979838053384,3.406507452329,0.356475830078125
2012-07-10,100118.056640625,299.44960339864093,-0.00395349133759737,0.017954456813413344,2.630112965901693,3.75107479095459,0.3681557973225911
2012-07-11,100220.05794270833,299.53957239786786,-0.004455148242413998,0.01625777781009674,2.5069007873535156,3.902547836303711,0.367950439453125
2012-07-12,100338.79736328125,299.68188921610516,-0.004190536215901375,0.013326271136861578,2.6922632853190103,3.6293392181396484,0.3659051259358724
2012-07-13,100408.43880208333,299.6418647766113,-0.004002301953732967,0.010203564281709987,2.8905855814615884,3.037792126337687,0.36313947041829425
2012-07-14,100327.30387369792,300.045129776001,-0.004800174385309219,0.00546414554118968,3.4194113413492837,2.864928444226583,0.35053761800130206
2012-07-15,100364.36751302083,299.45020484924316,-0.003995728679001331,0.00567317008972168,2.5925896962483725,3.053237040837606,0.3484636942545573
2012-07-16,100479.06119791667,299.3820508321126,-0.003462882712483406,0.005918675661085615,2.3053404490152993,3.024427890777588,0.3453165690104167
2012-07-17,100522.24527994792,299.43159103393555,-0.003956549800932407,0.00979239642617813,3.4233531951904297,1.9237556457519531,0.3559411366780599
2012-07-18,100458.65934244792,298.79540061950684,-0.002987726591527462,0.03881182416301954,4.4055938720703125,2.3539711236953735,0.38176854451497394
2012-07-19,100280.9013671875,299.3263301849365,-0.0029931114986538887,0.02421287172933262,4.8687896728515625,2.856673757235209,0.381039301554362
2012-07-20,100182.34163411458,300.3794994354248,-0.004719262942671776,0.0072774349251290005,5.527318954467773,2.7452786763509116,0.358157475789388
2012-07-21,100250.43603515625,300.8539568583171,-0.004977382719516754,0.005287975072860718,5.945601145426433,1.5015527804692586,0.34732309977213544
2012-07-22,100238.9453125,300.4652964274089,-0.003937562927603722,0.004546403883978201,5.06491216023763,1.1306224664052327,0.3383871714274089
2012-07-23,100120.8583984375,299.86158243815106,-0.0042960150167346,0.008346480130420275,4.702613194783528,2.953513423601786,0.3458455403645833
2012-07-24,100122.50374348958,299.47594261169434,-0.003782138228416443,0.01515093445777893,4.3261763254801435,3.2867133220036826,0.36381085713704425
2012-07-25,100268.6982421875,299.6744270324707,-0.0035013314336538315,0.01057484450194579,4.928384145100911,2.9450576305389404,0.3639183044433594
2012-07-26,100252.21826171875,299.952054977417,-0.0036185123026371002,0.007736676931358488,5.489645640055339,2.1599085330963135,0.3576971689860026
2012-07-27,100144.94384765625,300.2784430185954,-0.004041556268930435,0.004625821113581452,5.78518549601237,2.189468423525492,0.3465112050374349
2012-07-28,100247.59765625,299.525115331014,-0.0036792270839214325,0.011843683858675291,4.144604365030925,3.2353719075520835,0.3565686543782552
2012-07-29,100381.28206380208,298.54042689005536,-0.0030770767480134964,0.022476929426147763,4.17414665222168,3.1607423623402915,0.3780943552652995
2012-07-30,100387.9404296875,298.48949750264484,-0.0036150608211755753,0.028434887528419495,4.991943359375,3.115304708480835,0.38112640380859375
2012-07-31,100369.1513671875,298.6242396036784,-0.0031528156250715256,0.03227856159210063,5.398658752441406,2.8629852533340454,0.3851909637451172
2012-08-01,100508.3837890625,299.14574940999347,-0.0029674507677555084,0.008038386702537537,4.143206278483073,3.79211688041687,0.36443328857421875
2012-08-02,100531.373046875,299.2574876149495,-0.0033021122217178345,0.008034998178477082,4.722342809041341,2.8482279777526855,0.3563925425211589
2012-08-03,100300.91080729167,299.80261357625324,-0.004474204033613205,0.0073955386876036755,6.373247782389323,3.052830378214518,0.3499368031819661
2012-08-04,100242.46793619792,299.6614818572998,-0.0045504942536354065,0.010626727724286411,5.98423703511556,4.017519593238831,0.3544108072916667
2012-08-05,100333.94401041667,299.7915331522624,-0.004199031740427017,0.009200805425638947,5.792705535888672,2.967872699101766,0.35271771748860675
2012-08-06,100323.47233072917,299.33218002319336,-0.003513437695801258,0.014250904321670532,4.9841969807942705,1.0869402090708415,0.3609320322672526
2012-08-07,100376.66552734375,298.9383907318115,-0.003091396763920784,0.010527098525653145,4.521097183227539,1.5778195063273113,0.365963617960612
2012-08-08,100486.95524088542,299.27565066019696,-0.004069942981004715,0.008228206634520063,5.003285725911458,1.251577377319336,0.3589922587076823
2012-08-09,100380.61100260417,299.0786050160726,-0.004064256325364113,0.01499621570110321,5.217903137207031,1.615674376487732,0.3665211995442708
2012-08-10,100200.05777994792,299.0605894724528,-0.004267475567758083,0.015104773640530311,5.103170077006022,2.514304796854655,0.37385114034016925
2012-08-11,100251.69108072917,299.3906307220459,-0.003038546070456505,0.005208912491696083,4.415963172912598,2.2231991291046143,0.3537743886311849
2012-08-12,100297.81656901042,299.3341890970866,-0.003801364451646805,0.005883911585840451,4.123013178507487,2.809724807739258,0.34665679931640625
2012-08-13,100357.98291015625,299.72904777526855,-0.004480961710214615,0.003624647855758667,4.190114339192708,3.2911736965179443,0.3374137878417969
2012-08-14,100441.17171223958,299.61439005533856,-0.004307946190237999,0.0036394536495159002,4.3280365864435835,3.2819602489471436,0.3281606038411458
2012-08-15,100529.70540364583,299.67352231343585,-0.004689780995249748,0.0037730276584575506,4.111303329467773,2.7078473567962646,0.3250439961751302
2012-08-16,100534.35791015625,299.40699831644696,-0.004293370060622692,0.0031929999589905833,3.1612733205159507,2.170487960179647,0.3219445546468099
2012-08-17,100538.5048828125,299.38235664367676,-0.004266059026122093,0.003897118568318092,3.2870356241861978,1.6097784439722698,0.3208058675130208
2012-08-18,100445.00374348958,299.2565809885661,-0.0045254165306687355,0.005612894892692566,4.169307708740234,1.2007191975911458,0.32228533426920575
2012-08-19,100279.01188151042,298.8308970133464,-0.003818778321146965,0.00868770182131584,3.7181212107340493,2.0932143131891885,0.3435509999593099
2012-08-20,100297.49381510417,298.90829149882,-0.003750268369913101,0.00562109351155371,2.332525889078776,3.8901398181915283,0.3411814371744792
2012-08-21,100443.55289713542,299.1130936940511,-0.0037482865154743195,0.004297876358009489,2.06630007425944,4.764540592829387,0.3372306823730469
2012-08-22,100490.01302083333,298.9404722849528,-0.0033565908670425415,0.009732275639013466,1.4303054809570312,4.714005788167317,0.3473822275797526
2012-08-23,100611.94287109375,299.87805493672687,-0.004289370961487293,0.004049159913336098,1.7517541249593098,3.7396653095881143,0.3422616322835286
2012-08-24,100619.69368489583,300.18284098307294,-0.00455007329583168,0.0020790547132492065,2.2042980194091797,2.314536452293396,0.326080322265625
2012-08-25,100607.56640625,299.83207003275555,-0.004781374707818031,0.007625514268870148,2.922412872314453,1.219209353129069,0.333892822265625
2012-08-26,100501.74755859375,299.0320014953613,-0.004153087735176086,0.02294127643108368,3.7352167765299478,1.5564530690511067,0.3647301991780599
2012-08-27,100346.9931640625,298.47913297017413,-0.0029237698763608932,0.04476990699767924,4.126642227172852,2.4106501738230386,0.3879324595133464
2012-08-28,100287.86539713542,298.69985644022626,-0.002467956393957138,0.04279289543628195,3.51275634765625,2.119964917500814,0.3900871276855469
2012-08-29,100252.97737630208,298.9138940175374,-0.002304825931787491,0.024589502597336832,1.9122988382975261,1.9787577390670776,0.3798516591389974
2012-08-30,100124.65787760417,299.56893603007,-0.0035066576674580574,0.013796603891933046,0.9148095448811849,2.8782121340433755,0.3680572509765625
2012-08-31,100047.58723958333,299.63745371500653,-0.004258136264979839,0.01276226043700035,1.7550125122070312,3.617892305056254,0.3663444519042969
2012-09-01,100109.72526041667,299.4044589996338,-0.004433506168425083,0.018865966111548005,1.8765627543131511,5.159331679344177,0.36657269795735675
2012-09-02,100203.27067057292,299.61188824971515,-0.004031967371702194,0.02401690185070038,2.0788561503092446,3.126780947049459,0.37532615661621094
2012-09-03,100121.13899739583,299.38730875651044,-0.003283768892288208,0.03787007927894592,3.572746912638346,1.1342668930689495,0.3856061299641927
2012-09-04,100137.43343098958,298.76010513305664,-0.0024852612987160683,0.06129582463859151,4.404853820800781,3.2067553202311196,0.3942750295003255
2012-09-05,100184.08658854167,298.89444160461426,-0.00285288505256176,0.02890159148842031,4.067107677459717,4.476650754610698,0.38176918029785156
2012-09-06,100287.3642578125,298.8427149454753,-0.003298277035355568,0.017617223341403587,3.2369022369384766,6.131998181343079,0.3696587880452474
2012-09-07,100274.9208984375,299.28088124593097,-0.004710998386144638,0.011933857202524933,2.385339101155599,6.690654436747233,0.36057090759277344
2012-09-08,100329.31315104167,299.3484007517497,-0.0046410709619522095,0.014447966217971953,2.202812830607096,6.258750716845195,0.3623663584391276
2012-09-09,100451.93717447917,299.1444396972656,-0.004428177140653133,0.015440458059231332,2.778994878133138,4.45625118414561,0.365658442179362
2012-09-10,100474.99430338542,299.29579671223956,-0.0040834154933691025,0.02743204534050392,3.4730428059895835,2.7326742808024087,0.3752053578694661
2012-09-11,100447.43489583333,298.8765017191569,-0.00249495729804039,0.033076581358908896,2.579021453857422,2.213489532470703,0.37040138244628906
2012-09-12,100511.75651041667,299.45267422993976,-0.004340707324445248,0.003710380446761974,2.5597031911214194,4.560073137283325,0.3410746256510417
2012-09-13,100591.62272135417,298.9620418548584,-0.004553039558231831,0.0047293037175677455,2.4995924631754556,4.916599114735921,0.33690770467122394
2012-09-14,100528.57682291667,298.911896387736,-0.004368527792394161,0.008692121505703199,2.3406238555908203,4.679332772890727,0.34129587809244794
2012-09-15,100451.27213541667,299.2843869527181,-0.0044367555528879166,0.004852133989231788,3.361973444620768,3.940696676572164,0.345797856648763
2012-09-16,100475.87906901042,299.58656883239746,-0.0045875608921051025,0.003136328061373206,3.319186528523763,2.5835145314534507,0.3315378824869792
2012-09-17,100588.26285807292,299.31187438964844,-0.004285983741283417,0.0029978930949710048,1.9252115885416667,2.972812016805013,0.3265088399251302
2012-09-18,100640.83610026042,299.0323994954427,-0.004136780276894569,0.003708416223521027,1.1070448557535808,2.5003331502278647,0.3227526346842448
2012-09-19,100609.64534505208,299.063663482666,-0.004186594858765602,0.0019871532916972967,1.3039697011311848,1.4089978535970051,0.31582387288411456
2012-09-20,100698.85302734375,299.4404532114665,-0.004179530777037144,0.0017476277320156441,1.2700716654459636,1.1510299444198608,0.30951563517252606
2012-09-21,100739.94254557292,299.7067012786865,-0.003567468374967575,0.002763782466615794,1.6239948272705078,0.5459712743759155,0.3029168446858724
2012-09-22,100863.84342447917,299.0464560190837,-0.0035443343222141266,0.003802933722454327,1.4904289245605469,1.0613417625427246,0.3149299621582031
2012-09-23,100838.75358072917,298.99893124898273,-0.004431348294019699,0.0023006451900755565,1.7882086435953777,1.4076844851175945,0.30684534708658856
2012-09-24,100839.56803385417,298.7877203623454,-0.004356579855084419,0.001027313706174482,1.5387611389160156,0.8955313364664713,0.2962532043457031
2012-09-25,100886.11555989583,299.1195119222005,-0.003845611587166786,0.0017122435755823062,1.0751508076985676,0.28584496180216473,0.28870201110839844
2012-09-26,101033.82063802083,299.41831080118817,-0.004440224729478359,0.0010230839252471924,0.9469006856282552,-1.0190760294596355,0.2788702646891276
2012-09-27,101007.8251953125,300.4098313649495,-0.0045411838218569756,0.0012850530656578485,0.7914511362711588,-2.3717965284983316,0.26906394958496094
2012-09-28,100891.90087890625,300.53060086568195,-0.00425386056303978,0.0015725981181162751,0.7666702270507812,-2.739248037338257,0.2665793100992839
2012-09-29,100690.4794921875,301.4092845916748,-0.004763098433613777,0.00010330161910587776,0.8396307627360026,-2.796976327896118,0.25185076395670575
2012-09-30,100568.26009114583,301.89799308776855,-0.0042189620435237885,4.6831760869281425e-06,0.7971706390380859,-1.0651032129923503,0.2348613739013672
2012-10-01,100532.97054036458,301.07836786905926,-0.004254065454006195,0.008536822991857207,0.2331263224283854,2.085607568422953,0.25734901428222656
2012-10-02,100536.1142578125,300.0116850535075,-0.0037445779889822006,0.018877208232822795,0.18072509765625,1.507205327351888,0.3226331075032552
2012-10-03,100539.0634765625,299.6472225189209,-0.0039169518277049065,0.016440406441688538,0.312835693359375,3.154413859049479,0.35645612080891925
2012-10-04,100595.45524088542,299.2298755645752,-0.003363187424838543,0.013651341199874878,0.03969637552897135,1.8842881520589192,0.3567212422688802
2012-10-05,100770.4912109375,299.18005816141766,-0.002810518257319927,0.013963395357130537,0.3422864278157552,0.06585307916005452,0.3610979715983073
2012-10-06,100902.01529947917,299.13648351033527,-0.0034624915570020676,0.0249794155358245,0.5715828339258829,-0.7771294911702474,0.3725573221842448
2012-10-07,100873.01302083333,299.0528170267741,-0.0029789041727781296,0.006385195255234066,-1.0734202067057292,0.15590604146321616,0.3591302235921224
2012-10-08,100748.48323567708,300.61764589945477,-0.003989986144006252,9.687542916481107e-05,0.5542521476745605,0.9295126597086588,0.32598304748535156
2012-10-09,100736.58740234375,300.4036242167155,-0.0037668291479349136,0.002401077747339997,-0.057891845703125,0.5142922798792521,0.3149026234944661
2012-10-10,100774.03889973958,301.08644739786786,-0.0044331857934594154,0.0007409095764110418,0.8870213826497396,-1.3247820536295574,0.3073800404866536
2012-10-11,100794.29134114583,300.6526648203532,-0.004992049187421799,3.1441450119018555e-06,0.6882050832112631,-1.8696792125701904,0.28715260823567706
2012-10-12,100827.56136067708,300.53492736816406,-0.005102949216961861,4.172325134277344e-07,0.4601910909016927,-1.2160377899805705,0.27086130777994794
2012-10-13,100861.87434895833,300.4450346628825,-0.004959806799888611,1.5974044345057337e-06,0.42921702067057294,-1.6740106344223022,0.2573191324869792
2012-10-14,100952.08186848958,300.9133936564128,-0.004923371598124504,4.351138613856165e-07,0.0869140625,-1.6539699236551921,0.2443389892578125
2012-10-15,101103.13248697917,300.9456907908122,-0.0050527313724160194,1.7106532368416083e-06,-0.13832791646321616,-1.7712256908416748,0.23178799947102866
2012-10-16,101141.201171875,301.1187114715576,-0.005160988308489323,2.1427867977763526e-06,-0.2620118459065755,-1.9647378126780193,0.21916770935058594
2012-10-17,101067.44466145833,301.2356179555257,-0.00535710621625185,8.463859444418631e-07,-0.3607063293457031,-2.146763563156128,0.20664532979329428
2012-10-18,100952.3076171875,301.47629229227704,-0.005339897237718105,8.523463748133508e-07,-0.4622262318929036,-2.0903615156809487,0.19382476806640625
2012-10-19,100936.71761067708,301.34130160013837,-0.005626172758638859,8.583068797918258e-07,-0.6274681091308594,-2.034489393234253,0.18068885803222656
2012-10-20,100916.76611328125,301.2775363922119,-0.006110758520662785,4.261732051702438e-07,-1.4955908457438152,-2.330574075380961,0.16799036661783853
2012-10-21,100962.79541015625,301.449005762736,-0.004423774778842926,0.000200570395008981,-2.349408189455668,-0.9959512948989868,0.15811538696289062
2012-10-22,100954.87483723958,301.50394503275555,-0.004170086234807968,4.0668091628504044e-05,-0.6625851392745972,-1.607551097869873,0.15031814575195312
2012-10-23,100950.98909505208,301.4352906545003,-0.003911670297384262,0.0008403842318216448,-0.9397570292154948,-0.9838746388753256,0.14580599466959634
2012-10-24,100880.38623046875,301.53237533569336,-0.0038943132385611534,0.0002695202826998866,-0.45412445068359375,-0.6298204263051351,0.14409637451171875
2012-10-25,100774.30517578125,301.1407178243001,-0.0038535036146640778,0.0,0.3468971252441406,-1.1581967671712239,0.1375281016031901
2012-10-26,100752.23470052083,300.56953557332355,-0.00418148934841156,4.351138613856165e-07,0.12089920043945312,-1.4773985544840496,0.13066991170247397
2012-10-27,100795.982421875,301.190367380778,-0.004302746616303921,2.9981135298839945e-06,-0.8119818369547526,-1.3689886728922527,0.12437375386555989
2012-10-28,100901.32014973958,301.5244026184082,-0.004352515563368797,6.029427555631628e-05,-1.491137186686198,-1.4356791178385417,0.11871592203776042
2012-10-29,100823.67903645833,301.28102048238117,-0.004314769990742207,4.351138045421976e-07,-1.197919209798177,-1.907831072807312,0.11433982849121094
2012-10-30,100731.35823567708,300.42797597249347,-0.005396303720772266,4.410743663640915e-07,-1.5289710362752278,-2.2142016092936196,0.10960833231608073
2012-10-31,100668.88623046875,299.7803262074788,-0.004361389204859734,8.642672923997452e-07,-1.054076353708903,-2.3344159921010337,0.10557174682617188
2012-11-01,100549.81298828125,300.0484422047933,-0.0033340565860271454,3.0109804356470704e-06,-0.7071081797281901,-2.665287653605143,0.10315577189127605
2012-11-02,100507.41764322917,300.7134380340576,-0.003058754839003086,8.553258226129401e-07,0.5250784556070963,-1.318005879720052,0.10081227620442708
2012-11-03,100691.72412109375,300.25750160217285,-0.002353481948375702,5.743205537100948e-05,0.3343140284220378,1.423568606376648,0.0994415283203125
2012-11-04,100701.72037760417,300.06273078918457,-0.0027799373492598534,0.00036381483073455456,0.6169539292653402,-0.31355035305023193,0.1011670430501302
2012-11-05,100729.607421875,299.8487943013509,-0.0029859794303774834,8.52346317969932e-07,0.4815044403076172,-0.4688679377237956,0.09973335266113281
2012-11-06,100812.53043619792,300.07803535461426,-0.003659258596599102,0.0,0.3784446716308594,-1.6917694409688313,0.09795125325520833
2012-11-07,100846.74055989583,299.55870691935223,-0.003353710286319256,8.583068833445395e-07,0.36963335673014325,-1.399625301361084,0.09632174173990886
2012-11-08,100813.64469401042,299.2545979817708,-0.002915353514254093,4.351138613856165e-07,0.5166263580322266,-0.6031258900960287,0.09516143798828125
2012-11-09,100914.68489583333,298.7366307576497,-0.0029543517157435417,1.6570090224377054e-06,0.4307104746500651,-0.6867599487304688,0.09419568379720052
2012-11-10,100996.87190755208,299.58081181844074,-0.002780802547931671,1.2993812106287805e-06,0.45777638753255206,-0.7840215365091959,0.09331639607747395
2012-11-11,100971.26920572917,299.3760445912679,-0.0026813577860593796,4.351138613856165e-07,0.5865268707275391,-0.9982966581980387,0.09255409240722656
2012-11-12,100995.00130208333,299.4826183319092,-0.002433478832244873,2.567808337516908e-06,0.347378412882487,0.5605629682540894,0.09199460347493489
2012-11-13,101068.19742838542,299.84057807922363,-0.002398824319243431,8.583068797918258e-07,0.44701576232910156,-0.6180371443430582,0.09145545959472656
2012-11-14,100938.35791015625,300.1041437784831,-0.0030617844313383102,0.0,0.2273432413736979,-1.3190853198369343,0.09080441792805989
2012-11-15,101005.13655598958,300.02923583984375,-0.003621108829975128,0.0,-0.3221181233723958,-1.6912059783935547,0.09011014302571614
2012-11-16,101093.29720052083,299.44876035054523,-0.004125185310840607,1.2904405366498395e-06,-0.5840899149576823,-2.490004857381185,0.0894012451171875
2012-11-17,101048.69352213542,298.6429150899251,-0.0034904107451438904,0.0,-0.3872763315836589,-2.292805870374044,0.08879661560058594
2012-11-18,100959.31982421875,298.3114986419678,-0.0033905841410160065,8.523463748133508e-07,-0.4769217173258464,-2.6769547859827676,0.08832232157389323
2012-11-19,100961.63444010417,298.1424312591553,-0.003166220150887966,1.7225839314960467e-06,-0.8524585167566935,-2.2754383087158203,0.08793894449869792
2012-11-20,100950.6796875,298.1404094696045,-0.002765416167676449,4.3298793528379065e-07,-0.6599939664204916,-1.43664546807607,0.08762105305989583
2012-11-21,100993.58268229167,298.16744804382324,-0.002492310479283333,0.0,-0.6229468584060669,-0.9160101413726807,0.08739026387532552
2012-11-22,100955.97786458333,298.47239685058594,-0.002642609179019928,8.583068797918258e-07,-0.17870394388834634,-2.405588746070862,0.0871734619140625
2012-11-23,100989.3330078125,298.87589200337726,-0.0028642388060688972,0.0,0.28432703018188477,-2.808221181233724,0.08695665995279948
2012-11-24,100950.57259114583,298.8387762705485,-0.0026366589590907097,4.351138045421976e-07,0.2687668005625407,-2.9531399408976235,0.08677609761555989
2012-11-25,100985.1806640625,299.1138515472412,-0.002202114090323448,8.523463748133508e-07,0.1588459014892578,-2.3889219760894775,0.08664449055989583
2012-11-26,101022.53678385417,298.80375544230145,-0.00213528610765934,1.2814997489840607e-06,0.5512027740478516,-2.3291178544362388,0.0865465799967448
2012-11-27,100992.1953125,298.7125988006592,-0.002153906039893627,2.562997963195812e-06,0.7046311696370443,-2.1368006467819214,0.08643404642740886
2012-11-28,101002.34098307292,297.92366154988605,-0.002617286518216133,8.612870487922919e-07,0.7513936360677084,-2.5713635683059692,0.0863189697265625
2012-11-29,100984.59700520833,297.60782051086426,-0.002846667543053627,8.583068833445395e-07,0.5604852040608724,-3.0224870443344116,0.08615620930989583
2012-11-30,100975.0087890625,297.6039683024089,-0.0024646110832691193,0.0,0.19947052001953125,-2.9893224239349365,0.0859820048014323
2012-12-01,100927.14322916667,297.3808994293213,-0.002181348390877247,8.553265615773853e-07,0.5979741414388021,-2.457507530848185,0.0858599344889323
2012-12-02,100991.17024739583,297.8100159962972,-0.0018758540973067284,1.7116792605520459e-06,0.5509288311004639,-2.104496637980143,0.08577028910319011
2012-12-03,100946.09798177083,298.92760467529297,-0.0019514961168169975,1.7104263960732169e-06,0.021259427070617676,-1.5916144847869873,0.08570098876953125
2012-12-04,100878.4345703125,299.686071395874,-0.0024193162098526955,8.52346317969932e-07,-0.9899495442708334,-1.9683754841486614,0.08559417724609375
2012-12-05,100868.97233072917,300.66039021809894,-0.0027367565780878067,8.52346317969932e-07,-1.1892445882161458,-2.2194883823394775,0.08545939127604167
2012-12-06,100995.17626953125,300.82544898986816,-0.0016778530552983284,8.694966027178452e-07,-0.00769805908203125,-0.938904325167338,0.08535703023274739
2012-12-07,100987.53857421875,300.4704399108887,-0.0015578214079141617,1.3029335832470679e-06,0.5580853621164957,-0.9351673126220703,0.08529154459635417
2012-12-08,100937.72216796875,300.09298006693524,-0.001926785334944725,8.553265615773853e-07,0.9585078159968058,-1.7782853444417317,0.08524894714355469
2012-12-09,100891.35904947917,299.4108066558838,-0.00243519339710474,0.0,1.1960665384928386,-2.361501137415568,0.08518155415852864
2012-12-10,100929.064453125,297.63086318969727,-0.001847289502620697,2.580881073299679e-06,0.8593025207519531,-1.5791183312733967,0.08510335286458333
2012-12-11,101031.61328125,296.967732111613,-0.0019072657451033592,1.598330129581882e-06,0.6363162994384766,-1.8043371041615803,0.08499717712402344
2012-12-12,100992.26904296875,297.1974563598633,-0.0022888481616973877,4.1231512000194925e-06,0.514037013053894,-2.1458577712376914,0.08476448059082031
2012-12-13,101100.10758463542,296.2893880208333,-0.0019600437954068184,2.168298692595272e-06,0.5000743865966797,-1.2279802958170574,0.08452860514322917
2012-12-14,101247.42805989583,296.2438456217448,-0.0019386131316423416,2.2540192503583967e-06,0.13747024536132812,-2.312411308288574,0.08446248372395833
2012-12-15,101241.49088541667,297.30691083272296,-0.0018116915598511696,1.6212463265219412e-06,0.3286139170328776,-2.295662442843119,0.08436965942382812
2012-12-16,101287.48209635417,298.54045550028485,-0.0019256863743066788,8.52346317969932e-07,-0.024099985758463543,-2.1001296838124595,0.08427365620930989
2012-12-17,101229.60107421875,299.3501834869385,-0.0023748744279146194,0.0,-0.6002407073974609,-2.697963078816732,0.08418210347493489
2012-12-18,101237.9091796875,299.2302614847819,-0.0027007106691598892,0.0,-1.1611265738805134,-3.0983465115229287,0.08409182230631511
2012-12-19,101064.91015625,298.29744084676105,-0.0022675227373838425,1.2874602361989673e-06,-0.7965741554896036,-2.561387300491333,0.08401425679524739
2012-12-20,100863.50846354167,298.20481300354004,-0.0022013001143932343,1.7107918779402098e-06,-1.0098648071289062,-2.2285435994466147,0.08395957946777344
2012-12-21,100883.57242838542,298.106653213501,-0.0018049543723464012,1.2814997489840607e-06,-0.5995559692382812,-1.2017720540364583,0.0839080810546875
2012-12-22,100956.74593098958,298.14928499857587,-0.0015542395412921906,4.351138045421976e-07,0.05277379353841146,-1.2411969502766926,0.08383623758951823
2012-12-23,100967.025390625,298.1027596791585,-0.0015174625441432,4.351138045421976e-07,0.32061131795247394,-1.3874073425928752,0.08372243245442708
2012-12-24,100906.90885416667,298.05951499938965,-0.0016892766579985619,4.351138045421976e-07,0.3508014678955078,-1.533054033915202,0.08362642923990886
2012-12-25,100861.87467447917,298.87960052490234,-0.0028297752141952515,8.70227722771233e-07,-1.4888795216878254,-2.2877928415934243,0.08350118001302083
2012-12-26,100893.61865234375,297.8964379628499,-0.0026505962014198303,8.642672355563263e-07,-1.3467337687810261,-1.888830343882243,0.08342615763346355
2012-12-27,100860.14225260417,297.2802511850993,-0.00229084026068449,8.52346317969932e-07,-0.764173666636149,-1.3825670878092449,0.08337338765462239
2012-12-28,100774.07470703125,296.4158687591553,-0.001970483921468258,0.0,0.21961510181427002,-2.0999889373779297,0.0833282470703125
2012-12-29,100769.02099609375,296.7054214477539,-0.0019736718386411667,0.0,0.6734371185302734,-2.80934206644694,0.0832837422688802
2012-12-30,100799.51708984375,297.14576148986816,-0.0015489906072616577,4.351138045421976e-07,0.8534774780273438,-2.374190886815389,0.08325767517089844
2013-01-01,100991.37093098958,297.5991388956706,-0.0013774149119853973,1.7024541989485442e-06,1.3917999267578125,-1.1387367248535156,0.08317820231119792
2013-01-02,101107.22802734375,296.976863861084,-0.0025363489985466003,1.9252299239269632e-06,0.7206109762191772,-2.9691028594970703,0.08310699462890625
2013-01-03,101131.90511067708,295.91180419921875,-0.0025643669068813324,4.351138045421976e-07,1.0789503653844197,-3.070622126261393,0.08306058247884114
2013-01-04,101090.12630208333,294.8460693359375,-0.002200208604335785,8.583068833445395e-07,0.9106100797653198,-2.8960631688435874,0.08301862080891927
2013-01-05,100940.71419270833,294.6272557576497,-0.002202428877353668,1.2752646512126375e-06,0.537407636642456,-3.0942180156707764,0.08297220865885417
2013-01-06,101009.36702473958,294.4192771911621,-0.002107245847582817,1.5093348793016048e-08,0.7958710988362631,-3.1767533222834268,0.08294169108072917
2013-01-07,101045.701171875,294.8556219736735,-0.0016305558383464813,1.7106532368416083e-06,0.13473002115885416,-2.1992475191752114,0.08289782206217448
2013-01-08,101110.34733072917,296.07961082458496,-0.001328224316239357,3.4236927604069933e-06,0.02776654561360677,-1.1973012288411458,0.08284505208333333
2013-01-09,101131.11295572917,296.9925123850505,-0.0014322921633720398,0.0,0.1686466932296753,-2.4306538502375283,0.08276112874348958
2013-01-10,101096.15641276042,297.2532253265381,-0.0017428603023290634,8.523463748133508e-07,0.11255045731862386,-2.588772734006246,0.08267720540364583
2013-01-11,101125.27425130208,298.377773920695,-0.002218443900346756,8.70227722771233e-07,-0.9254817565282186,-2.318667729695638,0.08262062072753906
2013-01-12,101220.470703125,298.03198115030926,-0.0019422490149736404,1.2904405934932583e-06,-0.2770206133524577,-1.8592955271402996,0.08256212870279948
2013-01-13,101067.28352864583,297.51657740275067,-0.001820901408791542,8.386966214857239e-07,0.0956713358561198,-1.8536745707194011,0.08250872294108073
2013-01-14,101057.6318359375,297.1999371846517,-0.0016912203282117844,1.7195939676639682e-06,0.8306471506754557,-2.339784622192383,0.08244705200195312
2013-01-15,101117.56315104167,297.0945301055908,-0.0018284432590007782,1.716613724056515e-06,0.8022581736246744,-2.6100580294926963,0.08240254720052083
2013-01-16,101098.68570963542,297.2960898081462,-0.0015590507537126541,8.583068797918258e-07,0.8512992858886719,-2.0227020978927612,0.08236312866210938
2013-01-17,101227.51383463542,296.7919050852458,-0.0013604182749986649,1.9163335121419323e-05,1.6224733988444011,-1.2420334021250408,0.08235804239908855
2013-01-18,101418.49576822917,295.1347548166911,-0.00328717939555645,7.212162017822266e-06,0.2596759796142578,-4.54944642384847,0.08244005839029948
2013-01-19,101350.88525390625,295.4753653208415,-0.002699526958167553,3.4329686968703754e-06,0.6026269594828287,-4.325555960337321,0.08236185709635417
2013-01-20,101226.98225911458,296.3722750345866,-0.0017438149079680443,8.642672355563263e-07,0.29401715596516925,-2.976121266682943,0.08229955037434895
2013-01-21,101273.92106119792,296.02401796976727,-0.0015962133184075356,0.0,0.4391492207845052,-2.6987143754959106,0.08221689860026042
2013-01-22,101215.66975911458,296.3494733174642,-0.0013026325032114983,8.52346317969932e-07,0.4620323181152344,-1.4042917887369792,0.08213043212890625
2013-01-23,101241.16569010417,295.6707986195882,-0.0012842612341046333,0.0,0.8435923258463541,-1.2353135744730632,0.08207511901855469
2013-01-24,101211.90380859375,295.373249689738,-0.0015187449753284454,8.52346317969932e-07,0.7505111694335938,-1.813843846321106,0.08202743530273438
2013-01-25,101262.20654296875,295.6398696899414,-0.001561751589179039,1.7287227933593385e-06,0.8144779205322266,-1.9844998518625896,0.08196830749511719
2013-01-26,101267.02783203125,295.89096387227374,-0.0016005560755729675,8.52346317969932e-07,0.6016432444254557,-2.0617828369140625,0.08188629150390625
2013-01-27,101248.01204427083,296.31300163269043,-0.0014559049159288406,5.684341886080802e-14,0.5870105028152466,-2.3659827709198,0.08172988891601562
2013-01-28,101192.96044921875,296.06874020894367,-0.0017371848225593567,0.0,0.8470350901285807,-2.044653296470642,0.08150482177734375
2013-01-29,101159.22054036458,295.8013121287028,-0.0017013102769851685,0.0,0.8987300395965576,-1.331246813138326,0.08138974507649739
2013-01-30,101158.87581380208,296.0579554239909,-0.001528652384877205,0.0,1.0678024291992188,-1.2000695864359539,0.08133951822916667
2013-01-31,101170.16080729167,296.76561164855957,-0.0018220562487840652,0.0,1.1879013379414876,-2.1458435455958047,0.08129183451334636
2013-02-01,101142.09309895833,297.7670783996582,-0.001708395779132843,1.7225742112714215e-06,1.1349608103434246,-2.197319229443868,0.08125940958658855
2013-02-02,101111.77669270833,298.0692958831787,-0.001825304701924324,1.7082367662624165e-06,1.4524176915486653,-2.6080838441848755,0.08123143513997395
2013-02-03,101055.19986979167,297.9654547373454,-0.0015178443863987923,1.7259507103517535e-06,1.3633724053700764,-1.7251685857772827,0.08119519551595052
2013-02-04,101172.93929036458,297.21728642781574,-0.0014126133173704147,7.252679057501155e-05,1.5989009936650593,-1.265078862508138,0.08122762044270833
2013-02-05,101331.8994140625,296.9135144551595,-0.002460876479744911,0.0003897309297826723,0.8632371028264364,-2.9451796213785806,0.08442433675130208
2013-02-06,101416.48193359375,296.05277824401855,-0.0029662540182471275,1.2874602930423862e-06,1.0936381022135417,-4.391998291015625,0.08436965942382812
2013-02-07,101128.50244140625,295.8067232767741,-0.0026684291660785675,0.0,1.360683004061381,-3.9147044817606607,0.08396975199381511
2013-02-08,100978.69319661458,296.7514826456706,-0.0012826472520828247,8.642672923997452e-07,0.8499696652094523,-1.7705318133036296,0.08364423116048177
2013-02-09,100865.27815755208,298.4558684031169,-0.0013144630938768387,1.716613724056515e-06,0.35999170939127606,-1.1169191996256511,0.08331553141276042
2013-02-10,100904.08642578125,298.05005836486816,-0.0011976845562458038,8.52346317969932e-07,0.7938594818115234,-0.11465009053548177,0.08303769429524739
2013-02-11,100893.96321614583,299.39043553670246,-0.0016621509566903114,1.7161765981654753e-06,0.6198933919270834,-1.675397555033366,0.08286285400390625
2013-02-12,100869.41617838542,300.8063220977783,-0.002305261790752411,1.2762859569193097e-06,-0.10100785891215007,-2.570765256881714,0.08271280924479167
2013-02-13,100790.20703125,300.9075056711833,-0.001966775394976139,1.7046927496267017e-06,0.42914776007334393,-1.6062854528427124,0.08257039388020833
2013-02-14,100742.24267578125,299.6229496002197,-0.0017414912581443787,1.2814997489840607e-06,1.264007568359375,-1.6313474575678508,0.0824750264485677
2013-02-15,100750.40950520833,298.2880382537842,-0.0015794066712260246,1.7195939676639682e-06,1.3392715454101562,0.8311189810434977,0.0824267069498698
2013-02-16,100817.75992838542,296.38512420654297,-0.0027349842712283134,0.00018975380095298533,2.12506103515625,-2.4114879767100015,0.08367347717285156
2013-02-17,100926.15299479167,295.77984619140625,-0.0027999039739370346,0.0,0.1449127197265625,-2.345391551653544,0.08361498514811198
2013-02-18,100908.0361328125,297.3799419403076,-0.002203958109021187,1.7175041193695506e-06,0.12734158833821616,-2.406066616376241,0.0834503173828125
2013-02-19,100955.95084635417,297.64306322733563,-0.0018362030386924744,8.642672355563263e-07,0.1764532725016276,-1.2905089060465496,0.08329709370930989
2013-02-20,100969.63720703125,298.4813168843587,-0.001954317092895508,4.351138045421976e-07,0.5905310312906901,-2.3769702911376953,0.08316675821940105
2013-02-21,101051.17952473958,298.215279897054,-0.0015418138355016708,1.285657333482959e-06,0.8079611460367838,-0.7947686513264974,0.08304532368977864
2013-02-22,101148.29280598958,297.8934555053711,-0.0015562176704406738,2.1714577087550424e-06,1.5747159322102864,-1.4528299967447917,0.08298746744791667
2013-02-23,101248.53092447917,297.5454845428467,-0.0020346511155366898,1.6599892660451587e-06,1.0057303110758464,-2.660646359125773,0.08279037475585938
2013-02-24,101148.88232421875,298.46226437886554,-0.0027342233806848526,1.7285346416429093e-06,0.7735894521077474,-3.512214461962382,0.0827191670735677
2013-02-25,101128.4765625,298.36627260843915,-0.0017316853627562523,0.0,0.9055131276448568,-1.194008191426595,0.08265177408854167
2013-02-26,101236.05387369792,297.41522153218585,-0.002017616294324398,0.0,1.7464358011881511,-2.021084944407145,0.08251571655273438
2013-02-27,101250.986328125,297.56501897176105,-0.0023737046867609024,0.0,1.216238021850586,-3.3887831370035806,0.08235486348470052
2013-02-28,101056.10319010417,299.88902282714844,-0.003114219754934311,1.2814998058274796e-06,0.5582453409830729,-4.492480317751567,0.08230845133463542
2013-03-01,100996.3720703125,301.59445508321124,-0.0026463083922863007,1.7068775832740357e-06,-0.20072766145070395,-3.497718413670858,0.08225695292154948
2013-03-02,101078.70084635417,301.2457281748454,-0.0024536680430173874,4.351138045421976e-07,-0.0521240234375,-2.9475650787353516,0.08219019571940105
2013-03-03,101031.69986979167,300.9719543457031,-0.0024497341364622116,0.0,0.06769688924153645,-2.551019032796224,0.08211898803710938
2013-03-04,100971.5625,300.8815104166667,-0.0024240780621767044,2.58172877920515e-06,-0.22064526875813803,-1.8298561970392864,0.08204714457194011
2013-03-05,100921.75390625,300.78950055440265,-0.0021995287388563156,8.583068797918258e-07,-0.26281992594401044,-1.2405511538187664,0.08199437459309895
2013-03-06,100976.97428385417,301.56447474161786,-0.00225997157394886,0.0,-0.38065846761067706,-0.8803189595540365,0.08191998799641927
2013-03-07,100964.57568359375,302.4027322133382,-0.0021299943327903748,0.0,-0.07246462504069011,-1.0315291086832683,0.08184496561686198
2013-03-08,101031.36653645833,301.18943277994794,-0.0017391853034496307,8.523463748133508e-07,1.1183179219563801,0.2535406748453776,0.08178202311197917
2013-03-09,100926.71321614583,301.2075875600179,-0.0023889653384685516,0.0,1.451712926228841,-1.4247811635335286,0.08171463012695312
2013-03-10,100807.84098307292,300.1764437357585,-0.00234275683760643,1.7165407939501165e-06,1.780069351196289,-1.8552022377649944,0.0816637674967448
2013-03-11,100917.34895833333,299.45856285095215,-0.0016093682497739792,1.2815720538128517e-06,1.4597867329915364,-0.4526251157124837,0.08157920837402344
2013-03-12,101028.78287760417,298.589594523112,-0.001913042739033699,1.531236307528161e-06,1.917727788289388,-0.6239198048909506,0.08150800069173177
2013-03-13,101040.09244791667,297.54626019795734,-0.0019383300095796585,1.9818543250949006e-06,1.5129788716634114,-1.112945318222046,0.08140818277994792
2013-03-14,101021.04671223958,298.5243555704753,-0.001987074501812458,4.85539322880868e-06,1.3764883677164714,-2.459465225537618,0.08130264282226562
2013-03-15,100987.35823567708,300.87911732991535,-0.0024167364463210106,2.2713258829298866e-05,1.7146549224853516,-2.8573201497395835,0.08123143513997395
2013-03-16,101024.21663411458,300.2416642506917,-0.0016050301492214203,0.0,1.8679898579915364,-0.5077285766601562,0.08132108052571614
2013-03-17,100967.59440104167,300.17012151082355,-0.001989644020795822,1.7087083961087046e-06,1.4419231414794922,-1.1443757613499959,0.08122189839680989
2013-03-18,100762.93733723958,300.33897908528644,-0.0016923202201724052,0.0,1.5348472595214844,-0.5352489948272705,0.08112780253092448
2013-03-19,100856.572265625,299.6766929626465,-0.002177111804485321,1.2755393754559918e-06,1.6716729402542114,-0.9405583540598551,0.08099937438964844
2013-03-20,100995.24202473958,299.14950307210285,-0.002747858874499798,3.0447677659140027e-06,1.3931623697280884,-2.4190346399943032,0.08088111877441406
2013-03-21,100785.88444010417,299.5494263966878,-0.0022480525076389313,0.0,1.613338311513265,-2.2033461729685464,0.08080609639485677
2013-03-22,100643.52278645833,299.3532015482585,-0.001585809513926506,2.0772216657860554e-06,1.788521448771159,-0.943952759106954,0.08075332641601562
2013-03-23,100771.71354166667,299.21668243408203,-0.001923578791320324,8.046627044677734e-07,1.7942614555358887,-0.9696743488311768,0.08070055643717448
2013-03-24,100861.83072916667,300.2577260335286,-0.00224871002137661,8.523463748133508e-07,1.7165934244791667,-3.049529274304708,0.08051172892252605
2013-03-25,100706.35595703125,301.52729352315265,-0.0023050010204315186,1.7136334236056427e-06,2.3635253508885703,-2.757279316584269,0.08045578002929688
2013-03-26,100763.15690104167,300.0695457458496,-0.0018924251198768616,8.612870487922919e-07,2.4759324391682944,-1.328203558921814,0.08042526245117188
2013-03-27,100794.24495442708,299.4419110616048,-0.0021921005100011826,1.1309981346130371e-05,2.029127756754557,-1.7873390515645344,0.08037948608398438
2013-03-28,100869.78466796875,300.03263600667316,-0.0023344717919826508,3.0571909860555024e-05,2.3201688130696616,-2.9669524828592935,0.08060836791992188
2013-03-29,100894.32926432292,299.65449714660645,-0.0027412772178649902,4.4813937805088244e-07,1.9464263916015625,-3.486024856567383,0.08051554361979167
2013-03-30,100709.51513671875,300.4922269185384,-0.0023771030828356743,8.52346317969932e-07,1.4581945339838664,-2.9793015321095786,0.08032862345377605
2013-03-31,100675.07942708333,300.8098373413086,-0.001873762346804142,8.52346317969932e-07,1.5944865942001343,-1.8206040064493816,0.08020591735839844
2013-04-01,100764.05598958333,300.08142979939777,-0.0016353381797671318,8.642673492431641e-07,1.737632115681966,0.3707440296808879,0.08008448282877605
2013-04-02,100899.63346354167,299.43113708496094,-0.0021817758679389954,3.159046173095703e-06,2.476926803588867,-1.0206591685612996,0.0800183614095052
2013-04-03,100934.94580078125,298.80860837300617,-0.0025271009653806686,6.216764450073242e-05,1.7421582539876301,-2.7681115865707397,0.08041445414225261
2013-04-04,100773.88037109375,299.70180320739746,-0.0017843786627054214,8.52346317969932e-07,1.362057367960612,-2.01426108678182,0.08033434549967448
2013-04-05,100634.65185546875,300.424711227417,-0.0016430430114269257,4.351138045421976e-07,1.6888236999511719,-0.5291757980982462,0.08013725280761719
2013-04-06,100645.98356119792,299.972313563029,-0.001675596460700035,4.351138045421976e-07,1.6167081197102864,0.746074358622233,0.07993443806966145
2013-04-07,100648.27327473958,300.0925057729085,-0.002261796034872532,8.52346317969932e-07,1.705624262491862,-1.3725287119547527,0.07982508341471355
2013-04-08,100673.3671875,299.95436032613117,-0.0025901710614562035,0.0,1.7344353993733723,-2.734945297241211,0.07972081502278645
2013-04-09,100669.63899739583,300.6373348236084,-0.002061617560684681,5.4990665091736446e-05,2.1004517873128257,-2.863605499267578,0.07959047953287761
2013-04-10,100705.76953125,300.8524589538574,-0.002109117805957794,4.0606163224765623e-05,2.1617774963378906,-2.192148208618164,0.08021736145019531
2013-04-11,100698.4697265625,300.77238909403485,-0.002137407660484314,3.022711780431564e-06,2.140234629313151,-2.2216742833455405,0.08008066813151042
2013-04-12,100688.23811848958,301.03579902648926,-0.0020704101771116257,8.583068797918258e-07,1.626492182413737,-2.1817579666773477,0.07993825276692708
2013-04-13,100725.78662109375,301.82025210062665,-0.0017905384302139282,0.0,1.785265604654948,-0.731691042582194,0.07981300354003906
2013-04-14,100798.0078125,300.8675136566162,-0.0019986899569630623,8.583068833445395e-07,2.2822808821996055,-0.3753606081008911,0.07970873514811198
2013-04-15,100753.71614583333,299.98674329121906,-0.002342439256608486,1.984834568702354e-06,2.4148457845052085,0.16544795036315918,0.07960128784179688
2013-04-16,100699.13037109375,299.21744473775226,-0.002146339975297451,1.448988905394799e-05,2.1961231231689453,0.8033307393391927,0.07958475748697917
2013-04-17,100595.23111979167,299.68971252441406,-0.0021730540320277214,3.0184053429138658e-05,2.33238156636556,0.7923329671223959,0.07978312174479167
2013-04-18,100615.03580729167,300.0327784220378,-0.002075864002108574,1.1324882507324219e-05,2.3460515340169272,1.395338813463847,0.07978566487630208
2013-04-19,100618.50032552083,300.2158006032308,-0.0019965702667832375,5.79826362923086e-05,2.598543167114258,0.4550026257832845,0.07998847961425781
2013-04-20,100643.02978515625,300.5348154703776,-0.0019673071801662445,0.0002025216817855835,2.4462108612060547,1.4387534062067668,0.08074124654134114
2013-04-21,100634.50553385417,300.6047007242839,-0.0019552726298570633,1.879334439536251e-05,2.140031178792318,-0.09364040692647298,0.08163897196451823
2013-04-22,100734.29475911458,300.7512613932292,-0.001958887092769146,5.751848220825195e-06,1.8386554718017578,-1.2031737565994263,0.08145523071289062
2013-04-23,100871.71858723958,301.21722984313965,-0.0016762660816311836,1.3202663126321568e-05,2.221380869547526,-0.5369447072347006,0.08120918273925781
2013-04-24,100848.09765625,302.4350299835205,-0.0019092829897999763,2.176089606109599e-05,1.7966022491455078,-1.0448861519495647,0.08123079935709636
2013-04-25,100745.84358723958,303.8084723154704,-0.0025112545117735863,4.261732087229575e-07,2.0237483978271484,-1.651626984278361,0.08102099100748698
2013-04-26,100733.07047526042,303.99131139119464,-0.002678103744983673,4.351138045421976e-07,2.1100686391194663,-1.770014762878418,0.08084932963053386
2013-04-27,100669.49332682292,303.18800417582196,-0.0025318432599306107,4.2915343101412873e-07,2.104055404663086,-1.3886062701543171,0.08070182800292969
2013-04-28,100560.99055989583,302.8366305033366,-0.002043437212705612,8.502227615281299e-07,2.072053909301758,0.4133189519246419,0.08054415384928386
2013-04-29,100556.97298177083,303.16356404622394,-0.0021570809185504913,8.52346317969932e-07,2.29573122660319,-1.3654329776763916,0.08045323689778645
2013-04-30,100498.01481119792,303.33567873636883,-0.002196173183619976,1.7200013644469436e-06,1.9781710306803386,-1.9228833516438801,0.08038330078125
2013-05-01,100362.919921875,303.57073338826496,-0.0019311429932713509,0.0,2.148829778035482,-0.6380112171173096,0.08031018575032552
2013-05-02,100332.83430989583,302.2475242614746,-0.002327568829059601,0.0,2.451544443766276,1.19974950949351,0.08014488220214844
2013-05-03,100394.63557942708,301.3606135050456,-0.0022703036665916443,3.632680272858124e-05,2.500309626261393,1.5204981168111165,0.07997194925944011
2013-05-04,100413.46321614583,302.0457140604655,-0.001964145340025425,2.4127960386977065e-05,2.718388239542643,0.6375312805175781,0.08015632629394531
2013-05-05,100495.94645182292,302.0135148366292,-0.0022834278643131256,0.00012179704854275997,2.752199172973633,-0.7828706900278727,0.08044942220052083
2013-05-06,100507.84244791667,301.50763511657715,-0.0022460101172327995,7.884763641641257e-05,2.4707584381103516,-0.3023400704065959,0.0814221700032552
2013-05-07,100544.51204427083,301.8025779724121,-0.0021660849452018738,4.135686572226405e-05,2.641277313232422,-0.28028706709543866,0.08152707417805989
2013-05-08,100592.90608723958,301.9872392018636,-0.0020446758717298508,1.963973045349121e-05,2.608790715535482,-0.18114844957987467,0.08148447672526042
2013-05-09,100610.37532552083,302.0433629353841,-0.0021376917138695717,9.143650521536983e-05,2.589454015096029,-0.6064345041910807,0.08197975158691406
2013-05-10,100619.07861328125,301.85189056396484,-0.0020357584580779076,2.3919343846046104e-05,2.621269861857096,-0.09892018636067708,0.08194160461425781
2013-05-11,100434.75602213542,301.74122365315753,-0.0020828023552894592,2.0086765232463222e-05,2.8029562632242837,-0.10549835364023845,0.08189582824707031
2013-05-12,100568.39990234375,301.7355321248372,-0.0019790353253483772,5.444288251510443e-05,2.670820871988932,0.7184904416402181,0.08200518290201823
2013-05-13,100490.24593098958,301.7964235941569,-0.00224946066737175,0.00017689466466208614,3.131974538167318,-1.2220418055852253,0.08296267191569011
2013-05-14,100402.83414713542,301.54550615946454,-0.002095215953886509,4.332065577727917e-05,3.042451858520508,-0.3973466157913208,0.08328628540039062
2013-05-15,100403.072265625,301.8757146199544,-0.002056279219686985,4.1738152503967285e-05,3.016073226928711,0.6109174092610677,0.08327738444010417
2013-05-16,100525.55110677083,301.9039084116618,-0.0022548139095306396,6.191134445998614e-05,3.301985422770182,1.6163246631622314,0.08352724711100261
2013-05-17,100616.00162760417,301.8280900319417,-0.002013895660638809,2.115964889526367e-06,2.823525309562683,0.7752262751261393,0.08335240681966145
2013-05-18,100563.96337890625,302.2112102508545,-0.0019659027457237244,2.6690959884945187e-05,2.9797166188557944,0.5140544573465983,0.08317184448242188
2013-05-19,100513.54833984375,302.314120610555,-0.0019216295331716537,7.162988185882568e-05,2.729007085164388,0.4263229767481486,0.08362134297688802
2013-05-20,100503.74283854167,302.43962415059406,-0.0018926430493593216,2.4053454296790733e-05,2.7339064280192056,1.0727343956629436,0.08347638448079427
2013-05-21,100644.49625651042,302.37428347269696,-0.0021082451567053795,2.1603703487471648e-05,2.8471126556396484,1.5570718050003052,0.08358701070149739
2013-05-22,100623.73518880208,302.5948899586995,-0.0020710211247205734,5.8551399888528977e-05,3.22804323832194,0.9364680051803589,0.08370908101399739
2013-05-23,100585.16634114583,302.76490020751953,-0.002345586195588112,9.015500535269894e-05,3.3922742207845054,1.2138233184814453,0.08414395650227864
2013-05-24,100591.10384114583,303.15779813130695,-0.002389584667980671,0.0004588663578033447,3.647430419921875,1.4332887729008992,0.08580970764160156
2013-05-25,100611.78483072917,303.1018517812093,-0.00254984013736248,0.0018876612185358965,3.5721441904703775,1.6896311442057292,0.09397125244140625
2013-05-26,100583.10432942708,303.16454696655273,-0.0029107797890901566,0.0019243061541374118,3.377291997273763,1.4190440972646077,0.10371144612630208
2013-05-27,100603.10514322917,303.09848976135254,-0.00298338383436203,0.0016062617301599857,3.2035223642985025,1.1057389577229817,0.11244265238444011
2013-05-28,100580.25325520833,302.78090985616046,-0.0037424135953187943,0.003730106353714291,3.552679697672526,0.8147869110107422,0.12816365559895834
2013-05-29,100497.24202473958,302.61021614074707,-0.0036019887775182724,0.0025670826434520677,3.2188218434651694,-1.0213892062505086,0.15137418111165366
2013-05-30,100397.32259114583,302.83714803059894,-0.004076894372701645,0.0011354893445059133,3.6567935943603516,-1.6516159375508626,0.14380709330240884
2013-05-31,100290.19156901042,302.55238278706867,-0.003527771681547165,0.0009338503563185441,3.339918772379557,-1.0272123018900554,0.13736788431803384
2013-06-01,100294.80647786458,302.7663637797038,-0.0029846597462892532,0.0006529599427835819,2.5491358439127603,0.4606774648030599,0.1264781951904297
2013-06-02,100183.15738932292,301.86830774943036,-0.0035889726132154465,0.008553630113510735,1.0231908162434895,3.4231573740641275,0.15181922912597656
2013-06-03,100168.55794270833,301.2104028065999,-0.004473214969038963,0.019356250762939453,0.29708290100097656,4.213307936986287,0.25426610310872394
2013-06-04,100359.32470703125,301.5509783426921,-0.004475899040699005,0.0044699013233184814,1.1768951416015625,3.5033777952194214,0.2616170247395833
2013-06-05,100399.70052083333,302.1113274892171,-0.0039007775485515594,0.0024427198751482138,1.9239565531412761,1.437247594197591,0.2511107126871745
2013-06-06,100256.54443359375,301.7970167795817,-0.0042284950613975525,0.013171422481548234,2.0713634490966797,1.3020073175430298,0.2848898569742839
2013-06-07,100099.83414713542,300.23975054423016,-0.003366127610206604,0.04219434532200239,1.477511723836263,-0.5919216871261597,0.3586845397949219
2013-06-08,100059.46337890625,299.93736203511554,-0.004107704386115074,0.052076622619456,1.449745814005534,2.9256957372029624,0.3823388417561849
2013-06-09,100140.40608723958,299.565465927124,-0.0035124626010656357,0.06242420853925523,3.9785970052083335,4.648257851600647,0.3921254475911458
2013-06-10,100143.91748046875,299.54964447021484,-0.0035686995834112167,0.03112470507613807,2.949347813924154,4.096752166748047,0.3807519276936849
2013-06-11,100039.89827473958,300.58645566304523,-0.00425315648317337,0.008950889110565186,3.166280746459961,4.219328602155049,0.3591156005859375
2013-06-12,99893.00130208333,300.08054224650067,-0.004066711291670799,0.007889926433563232,2.058804194132487,4.794196327527364,0.353759765625
2013-06-13,99796.00260416667,300.1688823699951,-0.003922801464796066,0.009727033972637855,2.378838221232096,4.043140610059102,0.3560174306233724
2013-06-14,99772.67936197917,300.2053025563558,-0.0037867091596126556,0.02471764385700226,3.299886703491211,3.3357366720835366,0.3714822133382161
2013-06-15,99600.791015625,299.45343653361004,-0.0041124168783426285,0.13312958180904388,3.7845916748046875,6.177047252655029,0.3936958312988281
2013-06-16,99612.16959635417,299.5557454427083,-0.004175713285803795,0.09676087350607077,6.371701558430989,6.0932877858479815,0.39769617716471356
2013-06-17,99912.8359375,299.3642158508301,-0.00290539488196373,0.05729794350008888,5.533030192057292,2.875809987386068,0.38984934488932294
2013-06-18,100038.59635416667,299.1623420715332,-0.0032525984570384026,0.028391385078425202,3.6930007934570312,2.4895642598470054,0.3772602081298828
2013-06-19,100221.38134765625,299.11902300516766,-0.0033586546778678894,0.021260008215904236,2.4304402669270835,3.356699228286743,0.3783728281656901
2013-06-20,100354.10026041667,299.636282602946,-0.004124229773879051,0.016296628117459022,2.910559336344401,2.841560482978821,0.3731193542480469
2013-06-21,100387.83251953125,299.3284460703532,-0.004059795290231705,0.02237677872170707,3.1284383138020835,2.6318395137786865,0.37428919474283856
2013-06-22,100357.6669921875,299.12731742858887,-0.003644893877208233,0.007877549772786097,2.656022389729818,3.14084521929423,0.35964520772298175
2013-06-23,100194.20475260417,299.1510766347249,-0.003868245519697666,0.007945615053131405,2.2113545735677085,4.02806560198466,0.3560403188069661
2013-06-24,100136.88362630208,299.22268040974933,-0.003600556403398514,0.012018579231114046,2.883284250895182,3.321023464202881,0.3597291310628255
2013-06-25,100286.94189453125,298.7275327046712,-0.002909562550485134,0.02091151128394131,3.4125423431396484,4.031389236450195,0.37261962890625
2013-06-26,100433.81640625,298.9738006591797,-0.002303868532180786,0.021723160147661957,3.806179682413737,3.5048195521036782,0.37702687581380206
2013-06-27,100429.3515625,298.90570704142254,-0.0035946806892752647,0.011737436056137085,4.3296763102213545,4.620749195416768,0.36550267537434894
2013-06-28,100411.06038411458,298.8622639973958,-0.0041769128292799,0.019587725400924683,4.3936920166015625,5.156491756439209,0.37445640563964844
2013-06-29,100458.17529296875,299.2274570465088,-0.00468745082616806,0.010793048143284523,4.822019577026367,5.156389991442363,0.3657951354980469
2013-06-30,100458.37190755208,299.08703867594403,-0.0041077621281147,0.010056596994388656,4.746480941772461,3.8941821654637656,0.363156000773112
2013-07-01,100254.47037760417,298.8941485087077,-0.0030531957745552063,0.01548728644837638,4.332459767659505,2.5040632486343384,0.3663857777913411
2013-07-02,100119.28125,299.87317848205566,-0.0034795962274074554,0.007767558097725669,4.789898157119751,1.4044646422068279,0.3603814442952474
2013-07-03,100148.10221354167,299.97348086039227,-0.0032303426414728165,0.005272912979023658,5.467164357503255,1.5576966603597004,0.34763336181640625
2013-07-04,100144.9267578125,299.16554260253906,-0.0032180752605199814,0.007119539379971229,4.555684407552083,2.057103157043457,0.3491598765055339
2013-07-05,100197.16487630208,298.8139705657959,-0.004071390256285667,0.009415709972376618,3.8686606089274087,3.254380981127421,0.3553937276204427
2013-07-06,100363.79313151042,299.1446183522542,-0.004066489636898041,0.009613031148887785,3.2237065633138022,3.4626692136128745,0.3566061655680339
2013-07-07,100368.07552083333,299.1947428385417,-0.0038079172372817993,0.01591209471225241,3.177619298299154,2.700631022453308,0.3647683461507161
2013-07-08,100286.12727864583,298.85753504435223,-0.0028877053409814835,0.010322916507618629,3.0037269592285156,3.217840035756429,0.3644402821858724
2013-07-09,100213.7158203125,299.0646044413249,-0.004237974062561989,0.017722373988760864,4.065850536028544,3.42653751373291,0.3683770497639974
2013-07-10,100144.7646484375,298.9516824086507,-0.0037741893902420998,0.05207825484882278,5.341156005859375,2.1802400747934976,0.3902473449707031
2013-07-11,100148.64957682292,298.4188175201416,-0.002263253554701805,0.059364114712877836,4.508715311686198,1.282674749692281,0.39609209696451825
2013-07-12,100158.15494791667,298.35960578918457,-0.002591916359961033,0.06677700928929653,5.204593022664388,1.4450937906901042,0.3960755666097005
2013-07-13,100273.70719401042,298.4356047312419,-0.0026448071002960205,0.011847427232396512,4.1824473937352495,2.3927230834960938,0.36894671122233075
2013-07-14,100308.65055338542,299.2441234588623,-0.003982288762927055,0.00720691084861258,3.5557992458343506,2.4178938468297324,0.3516044616699219
2013-07-15,100303.77750651042,298.8764425913493,-0.002805190160870552,0.012662846801049454,3.6697853803634644,1.6758370002110798,0.35014597574869794
2013-07-16,100240.7138671875,298.50241470336914,-0.0029573943465948105,0.025626003742218018,4.508653004964192,0.9547064304351807,0.3765646616617839
2013-07-17,100291.0,298.58051172892254,-0.002262292429804802,0.03646688163263434,4.4143110911051435,1.6312579711278279,0.3839098612467448
2013-07-18,100208.83268229167,298.7271671295166,-0.003375578671693802,0.04065817594528198,5.769286473592122,1.6568109194437664,0.39055824279785156
2013-07-19,100084.72249348958,298.3962109883626,-0.00257995817810297,0.04364213573228426,5.357706705729167,2.30538801352183,0.3893438975016276
2013-07-20,100179.49918619792,298.44332059224445,-0.0026837624609470367,0.039849087595939636,5.314431508382161,3.2731844584147134,0.38828086853027344
2013-07-21,100086.69417317708,298.6331844329834,-0.003103470429778099,0.05214700102806091,6.183784484863281,2.243212262789408,0.39090410868326825
2013-07-22,100006.8974609375,298.8152821858724,-0.003991510719060898,0.02648836374282837,5.968538920084636,1.9566070636113484,0.3753852844238281
2013-07-23,99877.0693359375,298.4911142985026,-0.0021506240591406822,0.08458414673805237,6.320577621459961,1.4930188258488972,0.3992328643798828
2013-07-24,99945.83577473958,298.6710573832194,-0.003028547391295433,0.03371651470661163,7.36013921101888,3.5789162317911782,0.3851401011149089
2013-07-25,100044.85546875,298.9182936350505,-0.0038820039480924606,0.022181251645083222,6.524944305419922,3.7012022733688354,0.3733196258544922
2013-07-26,100059.56363932292,299.4019254048665,-0.004161035642027855,0.011765140294926368,6.085011164347331,3.912482579549154,0.36838531494140625
2013-07-27,100288.724609375,298.8811289469401,-0.004127228632569313,0.024812713265419006,6.6421324412028,3.4798096418380737,0.3792711893717448
2013-07-28,100514.17268880208,298.7899862925212,-0.004500625655055046,0.029024481773376465,6.921873092651367,3.4734394947687783,0.3801250457763672
2013-07-29,100449.97395833333,299.34479840596515,-0.005372732877731323,0.01142560839652873,6.716363906860352,3.7666980425516763,0.3635629018147786
2013-07-30,100232.90592447917,298.8170986175537,-0.0044397879391908646,0.01963644027699729,7.271891276041667,2.4636255900065103,0.3697013854980469
2013-07-31,100102.14811197917,298.41402435302734,-0.0036684786900877953,0.029707923531532288,6.6098988850911455,2.2076969146728516,0.3825079600016276
2013-08-01,100003.78125,298.24797375996906,-0.0038658175617456436,0.0356302420715906,7.025753657023112,1.231130599975586,0.3867791493733724
2013-08-02,100146.31136067708,298.1042601267497,-0.003292383626103401,0.02519952536533765,6.202674229939778,3.694504419962565,0.37787628173828125
2013-08-03,100355.6298828125,298.36872545878094,-0.0035384222865104675,0.006958112120628357,4.1148726145426435,3.8514123360315957,0.35738881429036456
2013-08-04,100463.65087890625,298.40150451660156,-0.003814700059592724,0.005204692482948303,3.0498135884602866,2.5181017319361367,0.35059165954589844
2013-08-05,100468.08219401042,298.58263842264813,-0.003886382095515728,0.005072567577258269,3.213388442993164,2.0163484811782837,0.34479331970214844
2013-08-06,100503.21744791667,298.2859420776367,-0.0034676017239689827,0.007617079714520969,3.1011759440104165,2.108918031056722,0.3487059275309245
2013-08-07,100586.02408854167,298.65810521443683,-0.0035205474123358727,0.007862981320727158,2.9855995178222656,2.351802190144857,0.3541571299235026
2013-08-08,100584.14306640625,298.9020512898763,-0.004054787568747997,0.009232060427791566,3.8407421112060547,2.1297157208124795,0.3555704752604167
2013-08-09,100554.8125,298.98712793986004,-0.0036953240633010864,0.013823151588439941,4.3659013112386065,2.245435357093811,0.36324501037597656
2013-08-10,100516.68994140625,298.58515612284344,-0.0034592319279909134,0.020654255151743683,4.3770186106363935,2.6410921812057495,0.37324078877766925
2013-08-11,100539.99430338542,298.6900806427002,-0.0038884729146957397,0.014088645577430725,4.373202006022136,2.486255645751953,0.3666985829671224
2013-08-12,100437.24967447917,298.7541020711263,-0.0038526272401213646,0.01475756168360931,4.079326629638672,2.073056141535441,0.3660685221354167
2013-08-13,100263.96370442708,298.3949381510417,-0.0027615372091531754,0.02095767259597281,4.043846130371094,2.652843991915385,0.37499109903971356
2013-08-14,100328.4052734375,298.5071105957031,-0.0034954939037561417,0.015741414514479857,3.638387680053711,3.7518850564956665,0.3720544179280599
2013-08-15,100449.76578776042,299.0025183359782,-0.0038649924099445343,0.00906071662893737,3.172337214152018,2.6783899068832397,0.3638324737548828
2013-08-16,100367.34098307292,299.01488240559894,-0.0043816473335027695,0.014523389935391151,3.2954654693603516,3.285836418469747,0.36459922790527344
2013-08-17,100393.4169921875,298.8638261159261,-0.003541981801390648,0.019619184732334816,3.7503719329833984,2.4329446156819663,0.3748728434244792
2013-08-18,100444.84212239583,298.94762802124023,-0.004014003090560436,0.00829043984413147,4.150195439656575,1.745927055676778,0.3614953358968099
2013-08-19,100502.63981119792,299.2792663574219,-0.004032658413052559,0.003470274805920326,4.601025899251302,1.4280912081400554,0.34102757771809894
2013-08-20,100447.00667317708,299.3228117624919,-0.004234500229358673,0.003593921661376953,5.201324462890625,0.9680366913477579,0.3343334197998047
2013-08-21,100445.01871744792,298.9874375661214,-0.004295095801353455,0.004625794291484908,4.7525075276692705,0.9334455331166586,0.3370399475097656
2013-08-22,100463.17643229167,299.2154655456543,-0.004098731093108654,0.0033806852406037535,4.184977849324544,0.2951437632242839,0.3309332529703776
2013-08-23,100442.77457682292,299.0940469106038,-0.0031465813517570496,0.004230595469305598,4.260936737060547,-0.3084850311279297,0.3296731313069661
2013-08-24,100405.56673177083,298.8009726206462,-0.0034220628440380096,0.006150990724563599,3.778100331624349,-0.0994722843170166,0.3391094207763672
2013-08-25,100461.29280598958,298.6614869435628,-0.0023837490007281303,0.008437681198017799,3.200299700101217,1.3903149763743083,0.3540821075439453
2013-08-26,100470.25602213542,298.7385718027751,-0.0029009152203798294,0.004010137915486212,2.964430491129557,2.196610450744629,0.34087689717610675
2013-08-27,100538.70621744792,298.78934415181476,-0.0037548132240772247,0.0031908331610566165,2.3202874263127646,2.8971725702285767,0.33245849609375
2013-08-28,100716.96044921875,298.78913434346515,-0.003760378807783127,0.0036195755004833075,2.260241389274597,2.7089553674062095,0.3302001953125
2013-08-29,100803.92936197917,298.8363488515218,-0.0039828866720199585,0.005273169279064405,2.450976014137268,2.3934895197550454,0.3326555887858073
2013-08-30,100737.04947916667,299.22133445739746,-0.003879447467625141,0.0029637023089890135,2.4319393634796143,1.4569325844446819,0.3274180094401042
2013-08-31,100702.7138671875,299.4565035502116,-0.004236728884279728,0.002174891891844055,1.9353383382161458,0.9497392574946085,0.3192768096923828
2013-09-01,100733.271484375,299.57774289449054,-0.004334498196840286,0.0022049903869287846,1.7907193501790364,0.18645974000295004,0.30879847208658856
2013-09-02,100779.62744140625,299.6506888071696,-0.004203995689749718,0.002238333225250244,1.7007274627685547,0.23825645446777344,0.3051134745279948
2013-09-03,100761.87027994792,299.691593170166,-0.00475015863776207,0.002185126896733891,2.4365113576253257,1.1702556610107422,0.3020305633544922
2013-09-04,100791.64404296875,298.93008104960126,-0.004699075594544411,0.004999494177070574,2.1401901245117188,2.2912718454996743,0.30687586466471356
2013-09-05,100778.51204427083,298.48881276448566,-0.004261624068021774,0.0065819770096595676,2.0328157345453897,2.3374366760253906,0.32297325134277344
2013-09-06,100814.09684244792,298.8156655629476,-0.004095837473869324,0.003845512866973877,1.9336198170979817,1.6708636283874512,0.32526588439941406
2013-09-07,100790.34228515625,298.918732325236,-0.004169538617134094,0.0017281919717788696,1.4095217386881511,0.7727407614390055,0.30715179443359375
2013-09-08,100769.4248046875,299.61329650878906,-0.004415266215801239,0.0008356416423680457,1.3161818186442058,-0.758580485979716,0.295013427734375
2013-09-09,100757.72819010417,299.84984016418457,-0.0037310104817152023,0.004825085401421347,0.706767717997233,-1.688421368598938,0.2967446645100911
2013-09-10,100521.71061197917,299.26869837443036,-0.00297409575432539,0.023753917504109268,0.7966581980387369,-2.07066281636556,0.3601500193277995
2013-09-11,100450.91162109375,299.4225444793701,-0.0032152943313121796,0.008959745282197673,-0.3883291880289714,-2.2693424224853516,0.3574288686116536
2013-09-12,100543.04248046875,300.4443054199219,-0.0035848505795001984,0.0015697389840170217,0.06835683186848958,-0.4859161376953125,0.32959429423014325
2013-09-13,100574.52766927083,300.7681363423665,-0.004226323217153549,0.0013371825217518563,0.028259913126627605,-0.20438512166341147,0.3137766520182292
2013-09-14,100442.98388671875,300.31271425882977,-0.003656618297100067,0.008805155754089355,0.3991781870524089,0.025515238444010418,0.3266671498616536
2013-09-15,100279.41129557292,299.2978852589925,-0.0033046212047338486,0.01921533942222098,0.38946978251139325,0.29363377888997394,0.3614768981933594
2013-09-16,100282.92138671875,299.31692759195965,-0.0026522092521190643,0.012127238511936866,0.6662445068359375,-0.19560356934865317,0.3607718149820964
2013-09-17,100220.6357421875,299.72440401713055,-0.003811592236161232,0.01711617410182953,0.18082618713378906,-1.7012991507848103,0.35923004150390625
2013-09-18,100217.85286458333,299.7842502593994,-0.0027705710381269455,0.017562079429524147,1.148581822713216,-1.0558805465698242,0.3668130238850911
2013-09-19,100230.87532552083,299.3958911895752,-0.001660570502281189,0.014992403983967506,0.8367837270100912,0.5508600870768229,0.36721229553222656
2013-09-20,100211.04801432292,300.3529052734375,-0.004035616293549538,0.007816210389137268,3.3846569061279297,0.018407583236694336,0.35587819417317706
2013-09-21,100252.53580729167,300.4227517445882,-0.004776867106556892,0.0026824116706798407,4.9273325602213545,0.42224907875061035,0.3374792734781901
2013-09-22,100246.89078776042,299.88349533081055,-0.004102639853954315,0.0075200438499400946,5.114299774169922,1.7921748558680217,0.341610590616862
2013-09-23,100227.52880859375,299.777281443278,-0.003957567736506462,0.0066714227199504705,5.439474105834961,3.6625407536824546,0.34959157307942706
2013-09-24,100333.08186848958,299.30908393859863,-0.0033856332302093506,0.016283917427017514,3.790072758992513,3.678784966468811,0.3646551767985026
2013-09-25,100492.20670572917,299.0798511505127,-0.0033352961763739586,0.0025795340537975164,1.1745548248291016,5.995676676432292,0.34473609924316406
2013-09-26,100718.59244791667,298.97313117980957,-0.004361003637313843,0.0060846805572509766,1.3147799173990886,5.817127068837483,0.34240150451660156
2013-09-27,100786.22119140625,299.0577964782715,-0.004306803457438946,0.004213178157801423,1.1869455973307292,4.88813320795695,0.3409627278645833
2013-09-28,100736.96126302083,299.3273385365804,-0.004678371362388134,0.004573822021484375,1.9164587656656902,4.244076093037923,0.3339150746663411
2013-09-29,100496.9296875,299.23442522684735,-0.0037794113159179688,0.004569168673064894,2.3999315897623696,2.713733514149984,0.33770751953125
2013-09-30,100395.33414713542,299.84505526224774,-0.0038033686578273773,0.0032746694840284363,2.8017539978027344,0.7477904160817465,0.3300940195719401
2013-10-01,100482.61735026042,299.8065236409505,-0.004602809436619282,0.004994094371795654,3.190479278564453,0.5681831041971842,0.33221689860026044
2013-10-02,100539.01595052083,299.83805147806805,-0.004907689057290554,0.0026313215494155884,1.2502555847167969,3.834434429804484,0.3268636067708333
2013-10-03,100451.9375,300.31136894226074,-0.004826925694942474,0.0009572684763838879,-0.8082536061604818,3.5966813961664834,0.30782318115234375
2013-10-04,100466.51985677083,299.5599301656087,-0.004494087770581245,0.0030990421770979992,-1.3315467834472656,5.641821543375651,0.31020863850911456
2013-10-05,100489.43424479167,299.9370600382487,-0.0034457240253686905,0.002063661813735962,0.9352041880289713,1.8392480214436848,0.3001588185628255
2013-10-06,100634.95670572917,299.6613604227702,-0.003403065726161003,0.0024461835622737738,1.404187520345052,0.08962440490722656,0.3076680501302083
2013-10-07,100815.72086588542,299.91882197062176,-0.0038245925679802895,0.0021221041679382324,0.9840685526529948,-0.532080332438151,0.302364985148112
2013-10-08,100855.91861979167,299.9462547302246,-0.004406769759953022,0.0014360547065734863,1.346439282099406,-0.9949448903401693,0.2928810119628906
2013-10-09,100793.30924479167,299.72710100809735,-0.004768099635839462,0.002805134473931048,2.297481656074524,0.24404283364613852,0.2902596791585286
2013-10-10,100856.48616536458,299.27305285135907,-0.004723099991679192,0.005463308095897901,1.930488149325053,2.100560426712036,0.3021322886149089
2013-10-11,100816.150390625,299.12830861409503,-0.0036887023597955704,0.005322057008754655,0.4067242940266927,1.0638147195180256,0.32292747497558594
2013-10-12,100597.00504557292,299.56567764282227,-0.004009729251265526,0.002039015293121338,0.3876940409342448,0.07870535055796306,0.31079355875651044
2013-10-13,100627.14046223958,299.70845222473145,-0.003666919656097889,0.002500593662261963,1.3930117289225261,0.1742997964223226,0.3043111165364583
2013-10-14,100769.9443359375,299.92439524332684,-0.003537103533744812,0.0022441089152493987,1.2927239735921223,0.27043914794921875,0.30304908752441406
2013-10-15,100877.43603515625,299.9169985453288,-0.004120511002838612,0.0023447513580272528,0.7110169728597006,0.6941538651784261,0.3041515350341797
2013-10-16,100817.14339192708,300.07948366800946,-0.004120016470551491,0.0010161459445043874,-0.08619054158528645,-0.9578138987223307,0.29350535074869794
2013-10-17,100788.173828125,301.3877124786377,-0.004014268517494202,0.0003759801388127926,-0.2055975596110026,-0.4652105967203776,0.2791220347086589
2013-10-18,100836.37776692708,301.74256896972656,-0.004758176393806934,8.583068833445395e-07,0.13315029939015707,-0.6408426364262899,0.26384417215983075
2013-10-19,100861.7109375,301.6730613708496,-0.0052010128274559975,4.351138613856165e-07,0.06759428977966309,-1.2612032890319824,0.24827448527018228
2013-10-20,100769.19807942708,301.1460711161296,-0.004541282542049885,3.341279204960301e-05,0.4420939286549886,-0.09141453107198079,0.235992431640625
2013-10-21,100588.3779296875,301.53773562113446,-0.005499584600329399,8.583068797918258e-07,-0.2649957338968913,-2.181132197380066,0.22393480936686197
2013-10-22,100607.84830729167,301.3864453633626,-0.005931423045694828,0.0,-0.5499899387359619,-2.5170725186665854,0.20998382568359375
2013-10-23,100630.751953125,301.48491923014325,-0.005536514334380627,4.270704074826881e-07,-0.3862590789794922,-2.442094842592875,0.19580777486165366
2013-10-24,100552.13606770833,301.7047659556071,-0.005082417279481888,3.1709670338386786e-06,0.21007982889811197,-2.76292355855306,0.18350092569986978
2013-10-25,100450.2587890625,301.5213400522868,-0.004372894763946533,5.057419622289672e-05,0.056508382161458336,-1.4508215586344402,0.17237726847330728
2013-10-26,100607.46207682292,300.96053377787274,-0.0036112871021032333,0.00177842378616333,0.6397622426350912,1.3107378482818604,0.17381604512532553
2013-10-27,100827.59423828125,300.32534980773926,-0.0038230400532484055,0.0013028931698997326,0.53468918800354,1.8906235694885254,0.18066279093424478
2013-10-28,100942.19612630208,300.11624081929523,-0.003676149994134903,0.0016098529099508596,0.9376983642578125,0.7979276180267334,0.18875503540039062
2013-10-29,101027.57877604167,300.23593521118164,-0.004284241236746311,1.5684962267670244e-05,0.5937995910644531,-1.1349139213562012,0.18020121256510416
2013-10-30,101056.51790364583,300.89088249206543,-0.0047313142567873,3.725290298461914e-07,0.2723197937011719,-2.1692312558492026,0.16728973388671875
2013-10-31,101062.52945963542,300.81858189900714,-0.00440719909965992,4.410743663640915e-07,0.10543886820475261,-1.1990004777908325,0.155059814453125
2013-11-01,101060.91634114583,300.202117284139,-0.004775692708790302,8.583068797918258e-07,-0.24766413370768228,-1.5360310475031536,0.14426676432291666
2013-11-02,101013.28792317708,300.4983425140381,-0.00466079730540514,1.2976313428225694e-06,-0.49845123291015625,-1.8205568393071492,0.1347510019938151
2013-11-03,101033.55615234375,301.43707784016925,-0.0040887827053666115,0.0,-0.8604888916015625,-1.5004611015319824,0.12676111857096353
2013-11-04,101163.14225260417,301.6136531829834,-0.0035679908469319344,0.0,-0.4884166717529297,-0.914499044418335,0.12032000223795573
2013-11-05,101125.1025390625,301.14182408650714,-0.004007027484476566,1.2993811537853617e-06,-0.33624271551767987,-0.4115602970123291,0.11500295003255208
2013-11-06,101095.29915364583,300.2971928914388,-0.003750973381102085,8.612870487922919e-07,-0.19810040791829428,-0.8229363759358724,0.11080042521158855
2013-11-07,101013.76627604167,300.3477834065755,-0.003643427975475788,4.351138045421976e-07,0.26174290974934894,-1.6492968400319417,0.10741996765136719
2013-11-08,100937.2587890625,300.3367919921875,-0.0036575868725776672,1.291623448196333e-06,0.5379015604654948,-2.029682914415995,0.10457738240559895
2013-11-09,100905.27962239583,300.5278065999349,-0.0033122431486845016,0.0,0.15035374959309897,-1.6465001503626506,0.10223452250162761
2013-11-10,100998.41617838542,300.4156068166097,-0.004005701281130314,8.709540679774364e-07,-0.6316064198811849,-1.3183983167012532,0.09989992777506511
2013-11-11,100849.00960286458,299.7991631825765,-0.0039617884904146194,0.0,0.07350603739420573,-1.6583952109018962,0.09795697530110677
2013-11-12,100882.98974609375,299.3341464996338,-0.003234468400478363,0.0,0.027431170145670574,-0.8495086828867594,0.09636878967285156
2013-11-13,100912.88151041667,299.4506009419759,-0.0031580664217472076,1.7167993746625143e-06,0.231903076171875,-1.4463943640391033,0.09521102905273438
2013-11-14,100944.93131510417,299.47180557250977,-0.0032415613532066345,1.2874602930423862e-06,-0.10044097900390625,-1.151114543279012,0.09414863586425781
2013-11-15,100970.60400390625,299.60412470499676,-0.0038258424028754234,8.404253435401188e-07,-1.0972220102945964,-1.4923795064290364,0.09312375386555989
2013-11-16,101047.79020182292,299.10915692647296,-0.004095703363418579,8.52346317969932e-07,-1.1045080820719402,-2.1787376403808594,0.09206835428873698
2013-11-17,100999.23095703125,299.6619764963786,-0.003828752785921097,4.351138045421976e-07,-1.6870956420898438,-2.3944873809814453,0.09117444356282552
2013-11-18,101048.75716145833,300.56720542907715,-0.0029005492106080055,0.0,-0.5057932535807291,-2.023187001546224,0.09034411112467448
2013-11-19,101049.45231119792,300.6286029815674,-0.0029610758647322655,0.0,0.07510638236999512,-2.2320911089579263,0.08970069885253906
2013-11-20,100850.99283854167,298.9392770131429,-0.0030526630580425262,2.568959644122515e-06,0.6547768115997314,-2.386747360229492,0.08921432495117188
2013-11-21,100692.201171875,298.1497325897217,-0.0026133274659514427,0.0,0.15835813681284586,-1.2148348490397136,0.08884684244791667
2013-11-22,100821.33317057292,298.6223252614339,-0.003048056736588478,0.0,-0.5546054840087891,-1.287768046061198,0.08845202128092448
2013-11-23,100915.43245442708,298.6863079071045,-0.0027776071801781654,8.547270340386603e-07,-0.2742665608723958,-1.1544492642084758,0.08811378479003906
2013-11-24,100957.10660807292,299.8911768595378,-0.002190779894590378,1.3038645079177513e-06,0.7741419474283854,-1.7461824417114258,0.08787027994791667
2013-11-25,100867.572265625,300.58969179789227,-0.0019313190132379532,9.2732906296078e-05,0.7524763743082682,-1.0462230046590169,0.08775647481282552
2013-11-26,100807.00146484375,300.72449747721356,-0.0021355347707867622,9.399056432357611e-05,-0.09899266560872395,-0.7985645532608032,0.08859189351399739
2013-11-27,100865.28450520833,301.1786009470622,-0.002203035168349743,3.4637660064618103e-06,0.5766032934188843,-1.624092936515808,0.08861732482910156
2013-11-28,100966.88736979167,300.8338260650635,-0.0035179518163204193,8.52346317969932e-07,-0.6853885650634766,-1.6404821475346882,0.08815574645996094
2013-11-29,100990.54931640625,300.2029832204183,-0.0035828985273838043,1.2814997489840607e-06,-0.4526666005452474,-2.3272339502970376,0.08774503072102864
2013-11-30,101027.85791015625,300.85349718729657,-0.0019728653132915497,5.865097040924638e-06,-0.1343358357747396,-1.4045445919036865,0.08749834696451823
2013-12-01,101057.99576822917,300.8543421427409,-0.0019698617979884148,7.680058479309082e-05,0.05929120381673177,-1.0818818807601929,0.0874951680501302
2013-12-02,101021.62939453125,300.478546778361,-0.002157537266612053,1.1056661605834961e-05,0.7427946726481119,-1.7814873059590657,0.08778762817382812
2013-12-03,100940.32975260417,300.5828215281169,-0.0030558258295059204,2.2435188270719664e-05,-0.20136006673177084,-2.691178639729818,0.0875689188639323
2013-12-04,101001.92724609375,300.8894583384196,-0.0022052284330129623,0.00024402141571044922,-1.1755516529083252,-1.4593448638916016,0.08858680725097656
2013-12-05,100941.794921875,300.83035214742023,-0.00266069732606411,1.729331927435851e-06,-0.14433741569519043,-2.4162025451660156,0.08876101175944011
2013-12-06,100892.95703125,299.5242856343587,-0.0028665773570537567,2.9772297125418845e-06,0.24650955200195312,-2.0848827362060547,0.08809979756673177
2013-12-07,100908.73111979167,298.09875742594403,-0.0027596214786171913,8.697160751580668e-07,-0.14373461405436197,-1.5474586486816406,0.0876477559407552
2013-12-08,100902.38802083333,297.2480271657308,-0.0027988022193312645,8.52346317969932e-07,-0.16153462727864584,-1.6391663153966267,0.08729807535807292
2013-12-09,100795.62141927083,297.5914185841878,-0.0026085255667567253,8.581911856708757e-07,-0.2480640411376953,-2.284561038017273,0.08705902099609375
2013-12-10,100810.85139973958,297.64964294433594,-0.002336086705327034,0.0,-0.2052637736002604,-1.8777908484141033,0.08686065673828125
2013-12-11,100939.2861328125,297.7704162597656,-0.0025386419147253036,8.52346317969932e-07,-0.2524267832438151,-2.3128509521484375,0.08667882283528645
2013-12-12,100949.06184895833,297.98535346984863,-0.0028374753892421722,4.351138045421976e-07,-1.2174549102783203,-2.615058263142904,0.08655675252278645
2013-12-13,101037.76888020833,297.12297439575195,-0.0024422379210591316,4.351138045421976e-07,-0.5293674468994141,-2.3686243693033853,0.08644549051920573
2013-12-14,101043.31266276042,296.77666600545246,-0.0020590825006365776,8.553266184208042e-07,-0.35288886229197186,-1.6601494948069255,0.08636538187662761
2013-12-15,101087.43424479167,296.70955594380695,-0.001986081711947918,8.52346317969932e-07,0.17202234268188477,-2.172703742980957,0.0862897237141927
2013-12-16,101136.07389322917,296.7673174540202,-0.002012951299548149,4.261732051702438e-07,0.05762068430582682,-2.219583511352539,0.08621406555175781
2013-12-17,101014.06201171875,297.09405453999835,-0.0022262558341026306,0.0,0.030289530754089355,-2.530813296635946,0.08609263102213542
2013-12-18,100968.66780598958,296.80098660786945,-0.002230823040008545,4.351138045421976e-07,0.1963965098063151,-2.5562980572382608,0.085968017578125
2013-12-19,101032.69466145833,296.51378440856934,-0.0017863381654024124,8.52346317969932e-07,0.7024256388346354,-2.246129353841146,0.08590507507324219
2013-12-20,101114.06608072917,295.97163009643555,-0.0015964172780513763,2.0921229406667408e-06,0.6658058166503906,-1.7852528889973958,0.08577283223470052
2013-12-21,101134.33414713542,295.94433784484863,-0.0019682608544826508,6.502866654045647e-06,0.6330725351969401,-1.8746616045633953,0.08573087056477864
2013-12-22,101135.4501953125,296.7464014689128,-0.0025941357016563416,1.6876674635568634e-06,0.2237574259440104,-3.0128994385401406,0.08568763732910156
2013-12-23,101245.06201171875,297.75146929423016,-0.001779511570930481,8.52346317969932e-07,-0.31017430623372394,-1.2529856363932292,0.0856335957845052
2013-12-24,101338.39811197917,297.9482650756836,-0.001871943473815918,4.351138045421976e-07,-0.28641192118326825,-1.990704854329427,0.08558146158854167
2013-12-25,101366.22379557292,297.3660952250163,-0.0017582084983587265,1.7225738702109084e-06,0.1615594228108724,-1.4273618062337239,0.08550135294596355
2013-12-26,101211.19449869792,297.5450903574626,-0.001687265932559967,4.351138045421976e-07,0.26778602600097656,-1.4354536533355713,0.08543713887532552
2013-12-27,101201.07340494792,297.22713979085285,-0.00223639328032732,8.52346317969932e-07,0.8914190928141276,-3.524511456489563,0.08534622192382812
2013-12-28,101176.76839192708,296.8101628621419,-0.002837514504790306,0.0,0.5885915756225586,-4.151252865791321,0.08529472351074219
2013-12-29,101077.11507161458,296.56503041585285,-0.001543404534459114,0.0,1.0451704661051433,-1.8469345569610596,0.08524449666341145
2013-12-30,101158.42008463542,296.29869016011554,-0.0013922825455665588,2.582232411896257e-06,1.2119420369466145,-1.722738265991211,0.08523750305175781
2014-01-01,101141.46842447917,297.77552858988446,-0.0017047887668013573,8.564820177525689e-07,0.09140586853027344,-2.2320045630137124,0.08512687683105469
2014-01-02,101218.63655598958,298.2207781473796,-0.0017898138612508774,8.544209890715138e-07,-0.3796016375223796,-1.0619750022888184,0.08506711324055989
2014-01-03,101222.05989583333,297.82614771525067,-0.0016965661197900772,1.719134615996154e-06,0.17730700969696045,-0.8852126200993856,0.08502515157063802
2014-01-04,101139.97216796875,297.21925163269043,-0.0018730778247117996,8.642672355563263e-07,1.1708970467249553,-3.0714314778645835,0.08495012919108073
2014-01-05,101056.65445963542,296.2274678548177,-0.003136688843369484,0.0,0.6227003733317057,-4.231735865275065,0.08490562438964844
2014-01-06,101006.31494140625,296.3248697916667,-0.002619299106299877,4.276632239452738e-07,0.22989527384440103,-3.655214309692383,0.08484586079915364
2014-01-07,100996.04752604167,297.29393196105957,-0.0013143159449100494,2.156803930120077e-06,0.09263292948404948,-1.0597750345865886,0.0847918192545573
2014-01-08,101126.18050130208,296.95447476704913,-0.0011308062821626663,4.351138045421976e-07,0.8090585072835287,-0.8616991440455118,0.08475748697916667
2014-01-09,101126.63330078125,296.1375732421875,-0.0019150413572788239,1.5974043776623148e-06,0.9482224782307943,-2.591954787572225,0.08464241027832031
2014-01-10,101212.40071614583,295.13348388671875,-0.002816242165863514,1.2910262512377813e-06,1.034563700358073,-3.6669642527898154,0.08459726969401042
2014-01-11,101276.97265625,293.96323649088544,-0.0027949512004852295,2.394472176092677e-09,0.2628568410873413,-3.897875706354777,0.084564208984375
2014-01-12,101312.07405598958,294.911802927653,-0.00131884403526783,1.2895013696834212e-06,0.23671146233876547,-0.6959265867869059,0.08452542622884114
2014-01-13,101258.30940755208,295.52779897054035,-0.0011949334293603897,4.351138045421976e-07,0.9757086435953776,-1.6550332307815552,0.08450253804524739
2014-01-14,101211.46126302083,296.1113980611165,-0.0013701654970645905,1.2814997489840607e-06,1.1355705261230469,-2.3386399348576865,0.08446439107259114
2014-01-15,101283.94384765625,296.5834674835205,-0.0026550646871328354,2.146327744867449e-06,0.5664297739664713,-4.043980995814006,0.08443578084309895
2014-01-16,101259.60774739583,295.7667407989502,-0.0017969496548175812,8.94073082235991e-09,1.1676028966903687,-2.5810964107513428,0.08438173929850261
2014-01-17,101278.64485677083,294.33754285176593,-0.0015876255929470062,4.351138045421976e-07,1.1573136647542317,-1.5658817291259766,0.08434486389160156
2014-01-18,101319.00358072917,295.1904989878337,-0.0026640240103006363,0.0,-0.3782800038655599,-3.3291619618733725,0.08423360188802083
2014-01-19,101397.20393880208,295.73408190409344,-0.0014099813997745514,4.351138045421976e-07,-0.04916874567667643,-0.4356253941853841,0.08415667215983073
2014-01-20,101363.052734375,296.6071662902832,-0.00111295934766531,4.862785829118366e-06,1.0058220227559407,-0.9422336419423422,0.0841356913248698
2014-01-21,101339.94401041667,296.7773551940918,-0.0013680579140782356,0.0006375756943839406,-0.09627131621042888,-3.0645530621210733,0.08754539489746094
2014-01-22,101237.79947916667,297.5254726409912,-0.00164022296667099,4.351138045421976e-07,0.877612034479777,-3.4211775064468384,0.08905537923177083
2014-01-23,101207.96223958333,297.5517323811849,-0.0015796124935150146,4.51432430281784e-06,1.1208186546961467,-3.1279051701227822,0.08847363789876302
2014-01-24,101156.62044270833,297.34298578898114,-0.0017160065472126007,2.7501737349666655e-06,0.8985254764556885,-3.3342719872792563,0.08807118733723958
2014-01-25,101082.54573567708,297.93647321065265,-0.0015396345406770706,8.495123324792075e-07,-0.10135269165039062,-1.8872203826904297,0.0876922607421875
2014-01-26,101107.69075520833,299.57068888346356,-0.0018738321959972382,5.684341886080802e-14,-0.5862070719401041,-1.7509753306706746,0.08732795715332031
2014-01-27,101151.70198567708,299.83864466349286,-0.002529837191104889,0.0,-1.3480828603108723,-2.1490502754847207,0.08696746826171875
2014-01-28,101183.91569010417,298.3198248545329,-0.002472981810569763,2.151953594875522e-06,-0.32939402262369794,-2.1552864710489907,0.0866864522298177
2014-01-29,101191.86588541667,297.6972427368164,-0.002306424081325531,-6.187292456161231e-09,-0.13261795043945312,-1.9133067925771077,0.08647855122884114
2014-01-30,101161.61295572917,298.1706002553304,-0.0021089762449264526,8.553265615773853e-07,-0.35393333435058594,-1.797893484433492,0.08631261189778645
2014-01-31,101120.54557291667,298.7616723378499,-0.0019339490681886673,2.566710293194774e-06,-0.5393886566162109,-1.0158107280731201,0.08617846171061198
2014-02-01,101145.44059244792,298.39654541015625,-0.002029065042734146,2.148607222807186e-06,-0.5010941823323568,-0.3389263153076172,0.08609199523925781
2014-02-02,101038.796875,298.81015078226727,-0.002072601579129696,8.553023462809506e-07,-0.3827444712320964,-1.3059924840927124,0.0860137939453125
2014-02-03,100957.82747395833,298.68485768636066,-0.002106131985783577,4.351138045421976e-07,0.4794667561848958,-2.4069063663482666,0.08592923482259114
2014-02-04,100787.66764322917,298.8392562866211,-0.0020634131506085396,0.0,0.5191027323404948,-2.6862042347590127,0.08585866292317708
2014-02-05,100744.53173828125,298.76948738098145,-0.001965467818081379,8.52346317969932e-07,0.9072799682617188,-2.2943918704986572,0.08578745524088542
2014-02-06,100818.06770833333,297.3329970041911,-0.0017038136720657349,0.0,1.3359928131103516,-1.807586431503296,0.08574485778808594
2014-02-07,100885.83040364583,296.99024136861163,-0.002066889777779579,8.626827820990002e-07,1.3608239491780598,-2.872460047403971,0.08565203348795573
2014-02-08,100871.64973958333,296.4041798909505,-0.0022084778174757957,8.600427463534288e-07,1.112897237141927,-2.753901163736979,0.08550262451171875
2014-02-09,100893.52067057292,295.6529362996419,-0.0027928799390792847,8.706012977199862e-07,0.8892078399658203,-3.373220761617025,0.08539199829101562
2014-02-10,100945.92220052083,295.6138292948405,-0.0019714320078492165,0.0,0.9385959307352701,-2.4179001649220786,0.0853106180826823
2014-02-11,100831.65625,295.1239643096924,-0.0019109537824988365,2.1290420022523904e-06,0.8324069976806641,-2.9534239768981934,0.08523495992024739
2014-02-12,100737.02815755208,295.63216972351074,-0.0016776276752352715,8.52346317969932e-07,1.4300832351048787,0.1186227798461914,0.08519681294759114
2014-02-13,100936.57210286458,296.13062413533527,-0.00151931494474411,0.0005549311637764731,2.141293207804362,1.9065818389256795,0.08646647135416667
2014-02-14,101016.76920572917,295.80672518412274,-0.0018521780148148537,0.000564461946225947,1.6128787994384766,-0.6544958353042603,0.09319368998209636
2014-02-15,100960.67122395833,294.60276794433594,-0.0016202181577682495,0.0004970908163954846,1.3262850443522136,-1.0033667882283528,0.09508005777994792
2014-02-16,101103.75406901042,295.3625653584798,-0.0023803040385246277,0.00012991130341788448,0.32875200112660724,-2.4431209564208984,0.09493128458658855
2014-02-17,101201.8125,297.34165891011554,-0.002774483524262905,1.283252004213864e-06,-0.9241288503011068,-2.820765177408854,0.09228833516438802
2014-02-18,101169.40966796875,298.33380699157715,-0.0024690283462405205,4.351138045421976e-07,-0.9280675252278646,-2.070636749267578,0.09014701843261719
2014-02-19,100992.46940104167,298.4926617940267,-0.0015941038727760315,4.351138045421976e-07,0.5207087198893229,-1.01795760790507,0.0887438456217448
2014-02-20,100996.66650390625,297.84344991048175,-0.0012584300711750984,8.642672355563263e-07,1.1758716503779094,0.07836063702901204,0.08796882629394531
2014-02-21,101135.31103515625,297.12426312764484,-0.0015660934150218964,1.29170342688667e-06,2.007918039957682,-1.3216406106948853,0.08752695719401042
2014-02-22,101182.69938151042,296.67317390441895,-0.0018521491438150406,0.00018236339087707165,1.372942606608073,-1.2073533137639363,0.08830833435058594
2014-02-23,101094.22639973958,297.77774747212726,-0.0017296113073825836,1.714933205221314e-06,0.9704672495524088,-1.1747502088546753,0.08788871765136719
2014-02-24,101043.88948567708,298.42570877075195,-0.001450766809284687,4.261732051702438e-07,0.5921669006347656,0.20079163710276285,0.08739535013834636
2014-02-25,101073.84244791667,299.0506178538005,-0.001493784599006176,1.8268823573919235e-06,1.4039599100748699,-0.3209274212519328,0.08708254496256511
2014-02-26,101019.43115234375,298.353707631429,-0.0015444420278072357,3.591179847717285e-06,1.7961018880208333,0.4331200917561849,0.08686574300130208
2014-02-27,101040.32731119792,298.05956649780273,-0.002739638090133667,4.693865662375174e-06,2.899237314860026,-0.49123581250508624,0.0866546630859375
2014-02-28,101096.30826822917,296.5873572031657,-0.0027891136705875397,2.9803004508721642e-09,2.4854373931884766,-1.6746913989384968,0.08647727966308594
2014-03-01,101150.02278645833,296.3420861562093,-0.0027662450447678566,0.0,0.586476723353068,-2.5249610344568887,0.08630180358886719
2014-03-02,101057.66780598958,297.987974802653,-0.0031426111236214638,1.7230703406312387e-06,0.47781817118326825,-3.908102869987488,0.08615557352701823
2014-03-03,100907.32047526042,298.3843110402425,-0.0021622423082590103,4.410743663640915e-07,0.26064173380533856,-2.7173622449239097,0.08604367574055989
2014-03-04,101028.70458984375,297.5296007792155,-0.0012705903500318527,0.0,0.6512616475423177,0.3425605694452922,0.08594322204589844
2014-03-05,101042.73942057292,297.7081699371338,-0.001218711957335472,9.179115245672165e-07,1.0460586547851562,0.7764549652735392,0.08587582906087239
2014-03-06,101038.19352213542,297.8345305124919,-0.001425422728061676,4.006506236819973e-05,1.2725811004638672,0.5781159400939941,0.08600743611653645
2014-03-07,101075.18473307292,298.5152409871419,-0.0015456443652510643,0.00010956823825836182,1.2877343495686848,-0.19793474674224854,0.08658345540364583
2014-03-08,101117.009765625,298.71296946207684,-0.0016425540670752525,8.52346317969932e-07,1.5400036573410034,0.3948608636856079,0.08671315511067708
2014-03-09,101061.92447916667,298.41892369588214,-0.001851772889494896,1.7160360812340514e-06,1.459778865178426,0.2593824068705241,0.08651224772135417
2014-03-10,101057.7685546875,298.2587064107259,-0.001932172104716301,4.351138045421976e-07,1.2785066763559978,0.05726659297943115,0.08637491861979167
2014-03-11,101104.701171875,298.04549344380695,-0.002134673297405243,5.21540641784668e-07,1.1648216247558594,-1.474702517191569,0.0862108866373698
2014-03-12,101032.86376953125,300.49499766031903,-0.0023627951741218567,0.0002638101577758789,1.003787358601888,-2.1696144739786782,0.08667691548665364
2014-03-13,101008.85009765625,300.92606925964355,-0.0019090473651885986,2.571940399320738e-06,0.7451082865397135,-1.0165894826253254,0.08765856424967448
2014-03-14,100984.203125,301.07502873738605,-0.0020189275965094566,8.79168396750174e-07,0.7471955617268881,-1.2609137296676636,0.08701260884602864
2014-03-15,101174.75732421875,301.43470509847003,-0.002140476368367672,0.0,1.3145968119303386,-1.660296082496643,0.08662350972493489
2014-03-16,101209.76822916667,302.3550656636556,-0.003115897998213768,8.523463748133508e-07,1.2684476375579834,-3.2570637861887612,0.08638954162597656
2014-03-17,101140.908203125,302.6318925221761,-0.002652152441442013,2.1489248069883615e-06,1.2301947275797527,-2.740285873413086,0.08621915181477864
2014-03-18,101091.79280598958,301.6325543721517,-0.003024337813258171,2.15228402566936e-06,1.5766321818033855,-4.072645823160808,0.08612759908040364
2014-03-19,100945.57421875,302.5661958058675,-0.0030314838513731956,9.104609489440918e-06,1.1578915913899739,-3.1602787176767984,0.08606910705566406
2014-03-20,100876.65218098958,301.5395844777425,-0.0022199051454663277,4.351138045421976e-07,1.7410914103190105,-2.279537479082743,0.08598709106445312
2014-03-21,100815.60416666667,299.5547415415446,-0.002031180076301098,1.7062158121916582e-06,1.8590259552001953,-1.7671419779459636,0.08591779073079427
2014-03-22,100738.77555338542,297.90355428059894,-0.0020350730046629906,2.1721227163595813e-06,1.6930370330810547,-1.6454235712687175,0.08584403991699219
2014-03-23,100779.03873697917,299.2622133890788,-0.0018346654251217842,8.656139165452714e-07,1.6102593739827473,-2.0627094507217407,0.08571751912434895
2014-03-24,100883.97249348958,299.5511004130046,-0.0018660146743059158,1.731721738451597e-06,1.8597482045491536,-1.5521106719970703,0.08564249674479167
2014-03-25,100862.77229817708,300.16169929504395,-0.002479787915945053,8.43950562767759e-07,1.6554315487543743,-2.5093920628229776,0.08553632100423177
2014-03-26,100758.66487630208,301.0211639404297,-0.0022263480350375175,0.0,1.670297900835673,-2.973230997721354,0.08544286092122395
2014-03-27,100877.31559244792,300.5633182525635,-0.0019492898136377335,2.5779008296922257e-06,1.7797362009684246,-1.7136941353480022,0.08539390563964844
2014-03-28,100949.68619791667,300.5666027069092,-0.002393813803792,-5.960430371487746e-09,1.930580774943034,-2.5535672108332315,0.08530743916829427
2014-03-29,100840.8779296875,301.65803654988605,-0.002825746312737465,8.52346317969932e-07,1.8785597483317058,-3.561102509498596,0.08521652221679688
2014-03-30,100711.42008463542,302.9726219177246,-0.002712913788855076,8.731695970709552e-07,1.8036810557047527,-3.452683607737223,0.08513959248860677
2014-03-31,100732.88655598958,301.14306449890137,-0.0020341072231531143,8.553265615773853e-07,2.413842519124349,-2.3086313803990683,0.08508110046386719
2014-04-01,100735.04899088542,300.18982887268066,-0.002340935170650482,0.0,2.038934310277303,-2.226384957631429,0.08496856689453125
2014-04-02,100739.10107421875,300.20281918843585,-0.00213499553501606,6.854534149169922e-07,1.6776105165481567,-2.5713706811269126,0.08479817708333333
2014-04-03,100748.77734375,301.0827172597249,-0.0023274514824151993,8.52346317969932e-07,1.6800028483072917,-3.311004916826884,0.08452987670898438
2014-04-04,100719.94775390625,302.443400700887,-0.001884719356894493,1.7106522136600688e-06,1.5993372599283855,-1.2476119995117188,0.08444658915201823
2014-04-05,100817.42073567708,301.4781494140625,-0.0017272904515266418,4.351138045421976e-07,1.9083716074625652,0.4746939341227214,0.08435757954915364
2014-04-06,100882.92301432292,301.2772223154704,-0.002095201052725315,1.2962314031028654e-06,2.0532039801279702,-0.6969773769378662,0.08423932393391927
2014-04-07,100966.0400390625,301.3508129119873,-0.0019032042473554611,2.1578160271928937e-06,2.2730890909830728,0.06507384777069092,0.08420689900716145
2014-04-08,100956.873046875,300.83339500427246,-0.00227353535592556,-2.3969789708644385e-08,2.1966381072998047,0.026917139689127605,0.08417828877766927
2014-04-09,101012.55436197917,300.32600529988605,-0.002121465280652046,0.0,2.156428654988607,0.013097763061523438,0.08411852518717448
2014-04-10,101033.68098958333,300.16390736897785,-0.0025371909141540527,8.52346317969932e-07,1.8159777323404949,-1.9189159870147705,0.08401870727539062
2014-04-11,100965.4189453125,299.62043380737305,-0.002357698976993561,2.142166295016068e-06,1.8011690775553386,-1.0274300972620647,0.0837694803873698
2014-04-12,100824.74430338542,299.7416712443034,-0.00211210735142231,3.560105028554972e-07,1.8902829488118489,-1.2119471232096355,0.08362070719401042
2014-04-13,100856.38834635417,299.8794765472412,-0.002051715739071369,1.72257422903499e-06,1.6566238403320312,0.02420361836751302,0.08344078063964844
2014-04-14,100913.73421223958,299.5099690755208,-0.0020707128569483757,1.7195939676639682e-06,1.8611768086751301,-0.8155099550882975,0.08338292439778645
2014-04-15,100965.48893229167,299.81196848551434,-0.0020156921818852425,0.0,2.0425313313802085,-0.09501536687215169,0.08330090840657552
2014-04-16,100805.65983072917,300.3044713338216,-0.001773744821548462,1.7200615047840984e-06,2.173611323038737,0.29013840357462567,0.08325386047363281
2014-04-17,100759.31770833333,300.4577802022298,-0.0020114537328481674,2.4318694045177836e-06,2.24822998046875,1.3507289091746013,0.08322652180989583
2014-04-18,100960.80126953125,300.6914513905843,-0.00196796003729105,2.126693721038464e-05,2.314188003540039,0.5774180094401041,0.08327420552571614
2014-04-19,100878.90266927083,300.3823668162028,-0.002012205310165882,9.879469871520996e-06,2.0038528442382812,-1.4383080800374348,0.0833574930826823
2014-04-20,100692.1162109375,301.3804740905762,-0.0018211295828223228,0.0,1.9076563517252605,-1.5136451721191406,0.08323987325032552
2014-04-21,100671.9609375,302.85676193237305,-0.001763232983648777,6.398558616638184e-05,1.7473494211832683,-0.6069606145222982,0.08337910970052083
2014-04-22,100847.68929036458,303.9063135782878,-0.002698564901947975,0.0,1.6293379465738933,-2.4045546452204385,0.08348973592122395
2014-04-23,100685.60319010417,304.633586247762,-0.0027021756395697594,0.0,1.355428695678711,-2.5407071908315024,0.08335940043131511
2014-04-24,100632.58333333333,303.50078201293945,-0.002272745594382286,8.543925673620834e-07,2.0632227659225464,-1.4040619532267253,0.08326911926269531
2014-04-25,100701.53922526042,302.2484544118245,-0.002160804346203804,1.2874602930423862e-06,1.9786879221598308,-0.9396623373031616,0.0831896464029948
2014-04-26,100652.55777994792,302.5844357808431,-0.0021813996136188507,7.987022350164352e-07,2.248895009358724,-0.6230491797129313,0.08312797546386719
2014-04-27,100701.88590494792,302.04182561238605,-0.001854785718023777,1.7173548485516221e-06,2.1341623862584433,-0.00399172306060791,0.08305422465006511
2014-04-28,100704.71077473958,302.0018901824951,-0.0019464008510112762,0.0,2.2548618714014688,1.040629784266154,0.08299573262532552
2014-04-29,100629.09554036458,302.2222544352214,-0.0020674215629696846,3.4123659133911133e-06,2.195876439412435,0.6641000111897787,0.08292388916015625
2014-04-30,100700.02278645833,302.0319004058838,-0.002270379103720188,2.5153159413093817e-06,2.4276129404703775,0.1853170394897461,0.08283170064290364
2014-05-01,100634.52994791667,301.9914360046387,-0.0021530883386731148,2.381987144417508e-06,2.5261147816975913,0.11351307233174641,0.08278210957845052
2014-05-02,100589.67594401042,301.7066872914632,-0.0021633142605423927,3.898143745573179e-06,2.337428410847982,-0.10140609741210938,0.08268483479817708
2014-05-03,100571.36360677083,301.53466415405273,-0.002121475525200367,8.553266184208042e-07,2.086078643798828,-0.6040873130162557,0.08261744181315105
2014-05-04,100521.38688151042,301.35359446207684,-0.0022535519674420357,6.258487701416016e-06,1.8925774892171223,-1.3305473725001018,0.082550048828125
2014-05-05,100563.49137369792,301.67393557230633,-0.0020933449268341064,6.2346456388695515e-06,2.0042298634847007,-1.6480289697647095,0.08249219258626302
2014-05-06,100537.75472005208,302.75423367818195,-0.0018238639459013939,8.52346317969932e-07,2.0599308013916016,-1.2619088888168335,0.08239491780598958
2014-05-07,100444.96842447917,303.76524988810223,-0.0017984267324209213,2.6941197575069964e-06,2.3379154205322266,0.7194140354792277,0.08230527242024739
2014-05-08,100439.91552734375,303.47827911376953,-0.0019245212897658348,5.12778757979504e-05,1.9493045806884766,0.7001409530639648,0.08256467183430989
2014-05-09,100388.708984375,303.03978538513184,-0.0022923676297068596,6.489008484322767e-05,2.404698053995768,1.2654390335083008,0.0828081766764323
2014-05-10,100578.50325520833,301.98145230611163,-0.0026001203805208206,1.5670061106476396e-05,2.718472162882487,1.9464377959569295,0.08298683166503906
2014-05-11,100798.26481119792,301.80820655822754,-0.0024474384263157845,2.397596836090088e-05,2.8134072621663413,0.6963073412577311,0.08291689554850261
2014-05-12,100829.31559244792,302.03859519958496,-0.0022898148745298386,0.00015061053824183546,2.607309341430664,-0.8830103874206543,0.08325386047363281
2014-05-13,100852.03873697917,302.28355979919434,-0.00234995037317276,0.0001445308824941094,2.670668284098307,-1.4614708026250203,0.08452987670898438
2014-05-14,100818.99104817708,302.1352183024089,-0.002431543543934822,0.000293261632634767,2.857320785522461,-1.571954369544983,0.08614476521809895
2014-05-15,100693.70247395833,302.2927875518799,-0.0023475978523492813,0.0002651810646057129,2.912107467651367,-2.3159645001093545,0.08782577514648438
2014-05-16,100674.31168619792,302.07244300842285,-0.0023461095988750458,0.0003417074680278631,2.7190818786621094,-1.674725850423177,0.08999252319335938
2014-05-17,100781.3271484375,302.568551381429,-0.0020506586879491806,0.0002539306879043579,2.2648547490437827,-2.010024388631185,0.09004592895507812
2014-05-18,100699.96305338542,303.2179317474365,-0.0019745584577322006,2.154472895199433e-05,2.5688395897547402,-2.630894660949707,0.08937962849934895
2014-05-19,100575.32063802083,304.6897443135579,-0.0020051170140504837,9.464395657232672e-05,1.9993654092152913,-2.606554905573527,0.08864402770996094
2014-05-20,100516.955078125,303.8871243794759,-0.0018522758036851883,6.198883056640625e-06,2.363122304280599,-0.16016085942586264,0.08801078796386719
2014-05-21,100515.4267578125,303.1223430633545,-0.0022189421579241753,1.859123204894786e-05,2.7355143229166665,0.38951881726582843,0.08741442362467448
2014-05-22,100505.80973307292,302.39816729227704,-0.0022501377388834953,2.929281032493236e-05,2.8719507853190103,0.12684253851572672,0.08715883890787761
2014-05-23,100494.90185546875,302.49211565653485,-0.0022711092606186867,1.3116001980506553e-05,2.8423919677734375,-0.04923379421234131,0.08683268229166667
2014-05-24,100509.37727864583,302.39755694071454,-0.002217191271483898,1.3738870620727539e-05,2.6277944246927896,-0.4295682907104492,0.08659744262695312
2014-05-25,100561.947265625,302.4585526784261,-0.0021828878670930862,2.561509609222412e-05,2.6645113627115884,-0.06622970104217529,0.08650271097819011
2014-05-26,100534.84065755208,302.77124277750653,-0.0020874477922916412,6.349682797690548e-05,2.8349825541178384,-0.2226972977320353,0.08683458964029948
2014-05-27,100551.88427734375,303.05726559956867,-0.0019140588119626045,6.534159183502197e-05,3.1102892557779946,0.5047045946121216,0.08692868550618489
2014-05-28,100580.15543619792,303.14364687601727,-0.002157803624868393,3.412663926383175e-05,3.0081094106038413,0.38965733846028644,0.08673413594563802
2014-05-29,100637.125,303.1128921508789,-0.002312776632606983,3.7777423756324424e-05,3.273601531982422,1.3366116682688396,0.08679389953613281
2014-05-30,100596.35774739583,302.8640333811442,-0.002259177155792713,1.3689046681975015e-05,3.0346603393554688,1.1432852745056152,0.08660189310709636
2014-05-31,100490.34977213542,302.7014554341634,-0.0022853268310427666,3.5292831853439566e-05,3.034219741821289,0.3246714274088542,0.08658663431803386
2014-06-01,100454.48893229167,303.0309638977051,-0.002209494821727276,3.28043593071925e-05,2.8954794804255166,-0.45059025287628174,0.08642768859863281
2014-06-02,100468.94205729167,303.3984177907308,-0.002008596435189247,0.00033943951132187067,3.260957717895508,-0.6500256856282552,0.08740743001302083
2014-06-03,100344.01806640625,303.36242230733234,-0.0017171073704957962,9.787057223320517e-05,2.988843321800232,0.5155633290608724,0.08896954854329427
2014-06-04,100255.57763671875,303.46942774454754,-0.0021096374839544296,0.0002721388015061166,3.4769020080566406,1.4538591702779133,0.08944765726725261
2014-06-05,100195.42757161458,303.6253579457601,-0.0020069004967808723,0.0002332881736641923,3.5288709004720054,1.260198434193929,0.08980560302734375
2014-06-06,100194.52099609375,303.47057342529297,-0.002268393523991108,0.0001330097671647934,3.5288899739583335,1.0917803446451824,0.09009869893391927
2014-06-07,100138.94986979167,303.3892599741618,-0.0024007223546504974,2.3350119590759277e-05,3.4515209197998047,1.8961511452992756,0.08886082967122395
2014-06-08,100016.88037109375,303.72836176554364,-0.0024614548310637474,0.0003492265938689343,3.2411136627197266,3.0098472038904824,0.08864974975585938
2014-06-09,100004.92594401042,303.515318552653,-0.002287689596414566,0.0004865676164058641,1.3636976877848308,5.29273768266042,0.09248924255371094
2014-06-10,100049.40559895833,303.77672640482587,-0.0033296719193458557,0.0013024002313564154,-0.5251830418904623,6.726323326428731,0.09798558553059895
2014-06-11,100159.93294270833,302.9155623118083,-0.003448101691901684,0.0031522095202376477,0.3878746032714844,7.49936040242513,0.10897254943847656
2014-06-12,100234.4189453125,302.05853271484375,-0.004018383100628853,0.0037817656993865967,0.8638381958007812,6.8855336507161455,0.1368261973063151
2014-06-13,100353.58902994792,301.3385416666667,-0.004136430099606514,0.00613893866534454,2.1605542500813804,5.5893003940582275,0.1717809041341146
2014-06-14,100416.77815755208,300.8807684580485,-0.004001207649707794,0.00685834884632186,2.4038785298665366,4.605087916056315,0.21457354227701822
2014-06-15,100366.9423828125,300.1513919830322,-0.004586365073919296,0.013217255473136902,1.7676060994466145,5.736880898475647,0.2800865173339844
2014-06-16,100263.02734375,300.4053382873535,-0.004351889714598656,0.010519877076148987,1.6602764129638672,5.682431936264038,0.29561487833658856
2014-06-17,100200.24658203125,300.9295202891032,-0.0041886307299137115,0.005318521594858794,2.239790598551432,5.442405899365743,0.2861461639404297
2014-06-18,100032.52620442708,300.6465352376302,-0.0044648302718997,0.006049244877658566,2.5526962280273438,5.169525822003682,0.275387446085612
2014-06-19,100018.52978515625,301.20739555358887,-0.005071080289781094,0.008509829640388489,4.369452794392903,3.7475990851720176,0.29533958435058594
2014-06-20,100138.23828125,301.7244955698649,-0.005610404536128044,0.007000709381884462,6.232658386230469,3.938413381576538,0.2924334208170573
2014-06-21,100397.47347005208,301.61019070943195,-0.005610770545899868,0.005662429332765839,6.711428324381511,3.7367226680119834,0.2897593180338542
2014-06-22,100566.80354817708,301.4918683369954,-0.00564863346517086,0.006776466965675354,6.57943598429362,3.4046499331792197,0.29451560974121094
2014-06-23,100567.56917317708,301.4271780649821,-0.005481149069964886,0.005845114588737488,6.432344436645508,2.535600781440735,0.2937825520833333
2014-06-24,100420.32877604167,301.5703589121501,-0.005382206290960312,0.0037485688923766247,5.940249760945638,2.1853296359380088,0.28684743245442706
2014-06-25,100459.76676432292,301.4875596364339,-0.005379677750170231,0.004222795367240906,5.384204228719075,2.773134628931681,0.285305658976237
2014-06-26,100622.43587239583,301.5945402781169,-0.004786555655300617,0.002436402439968788,3.3407923380533853,2.0763618548711142,0.2719122568766276
2014-06-27,100718.75032552083,301.5416069030762,-0.004265489988029003,0.0024159729479720227,2.841932932535807,0.4740676482518514,0.26558876037597656
2014-06-28,100643.31884765625,301.5780785878499,-0.0036540767177939415,0.0020101547240187756,3.1059144337972007,0.24271329243977866,0.2608636220296224
2014-06-29,100547.17822265625,301.8416233062744,-0.00518546998500824,0.0026303856647587054,3.8401495615641275,0.33852330843607586,0.25279998779296875
2014-06-30,100545.45198567708,301.43994839986163,-0.0048586297780275345,0.0029132191490361947,4.198111216227214,1.0341351826985676,0.2502295176188151
2014-07-01,100666.36767578125,301.3001340230306,-0.004674270749092102,0.004114747047424316,4.054558436075847,1.2335284153620403,0.25628089904785156
2014-07-02,100697.76676432292,300.090269724528,-0.004110265523195267,0.007895166827267985,3.1985581715901694,1.7273803154627483,0.2844854990641276
2014-07-03,100494.67008463542,299.61175028483075,-0.003816787153482437,0.00728209536526947,2.762070973714193,2.1268781423568726,0.3112405141194661
2014-07-04,100370.92692057292,300.2125816345215,-0.0032231900840997696,0.005567063024273011,2.696068445841471,2.069282293319702,0.307125727335612
2014-07-05,100417.28059895833,300.96780077616376,-0.00404033437371254,0.0035480075124674215,2.6662654876708984,2.2716121673583984,0.2974872589111328
2014-07-06,100514.73795572917,300.65044530232746,-0.00471419095993042,0.005775988101902385,2.8992722829182944,2.63169797261556,0.2965920766194661
2014-07-07,100508.55859375,300.41447766621906,-0.004567436873912811,0.0068819642066273445,2.874802907307943,2.1616878112157187,0.3129571278889974
2014-07-08,100422.47444661458,299.9494921366374,-0.004223824478685856,0.0063036382198902174,2.5374107360839844,3.0293630758921304,0.3144976298014323
2014-07-09,100356.67203776042,299.39884757995605,-0.003468429669737816,0.01623918116092682,2.1721604665120444,3.914534409840902,0.33959070841471356
2014-07-10,100359.76057942708,299.09457270304364,-0.003336505964398384,0.06282353401184082,3.4348087310791016,3.5161590576171875,0.3847541809082031
2014-07-11,100300.59554036458,299.2236607869466,-0.0035675186663866043,0.07637879252433777,5.6026173035303755,2.9527469873428345,0.3961569468180339
2014-07-12,100237.73177083333,298.9814796447754,-0.003032434731721878,0.02731894850730754,4.1982959906260175,2.9159271319707236,0.3782812754313151
2014-07-13,100171.7646484375,299.4763749440511,-0.003396151587367058,0.016128310561178694,2.935866673787435,3.771386424700419,0.37004979451497394
2014-07-14,100063.40934244792,299.65478769938153,-0.0039045754820108414,0.03875401389001354,3.9739901224772134,2.9636688232421875,0.382418950398763
2014-07-15,99967.40055338542,299.23922538757324,-0.0031513068825006485,0.06717343215746041,5.252607345581055,3.6971588134765625,0.39634068806966144
2014-07-16,99941.96533203125,299.18193372090656,-0.003133310005068779,0.04125474393367767,5.509886423746745,5.326889673868815,0.3876393636067708
2014-07-17,99992.61539713542,299.8029435475667,-0.004674550145864487,0.024601089954273903,5.904804229736328,5.156391183535258,0.3791065216064453
2014-07-18,100083.18831380208,299.8649444580078,-0.004266341216862202,0.013477370142936707,6.135948181152344,4.346752802530925,0.3649438222249349
2014-07-19,100245.98209635417,299.81492296854657,-0.0048410603776574135,0.008311578631396088,6.152116775512695,3.2599775393803916,0.3541272481282552
2014-07-20,100407.10888671875,299.36573028564453,-0.004617096856236458,0.009748331176638203,5.595694224039714,2.8524216413497925,0.35538673400878906
2014-07-21,100405.17236328125,298.5056730906169,-0.003791162744164467,0.008948635263095639,4.940700531005859,1.9764475425084431,0.35793813069661456
2014-07-22,100317.64388020833,298.49382464090985,-0.003293357789516449,0.016563701629536354,5.853485027949016,1.8950843811035156,0.36560821533203125
2014-07-23,100201.5517578125,299.0052998860677,-0.003616146743297577,0.03711910545825958,7.304200490315755,1.7553457021713257,0.3863677978515625
2014-07-24,100342.69775390625,299.3399028778076,-0.004617895931005478,0.0084665864705471,5.060028076171875,2.5029754638671875,0.3648783365885417
2014-07-25,100492.0439453125,299.1511631011963,-0.004381734877824783,0.00879152972169095,3.693455378214518,3.7325294415156045,0.35350799560546875
2014-07-26,100642.79410807292,299.49471791585285,-0.004272870719432831,0.007420393824475013,3.897731145222982,3.011613448460897,0.3526159922281901
2014-07-27,100611.05354817708,299.1160246531169,-0.004237458109855652,0.04340886473655203,5.296126127243042,1.7371923526128132,0.3827991485595703
2014-07-28,100331.73063151042,298.99039395650226,-0.003676772117614746,0.055049166083335876,6.141696055730184,2.270331303278605,0.3923021952311198
2014-07-29,100210.12434895833,298.849905649821,-0.0030630510300397873,0.11945949494838715,7.2722733815511065,2.6437320709228516,0.4035027821858724
2014-07-30,100173.22607421875,299.02459716796875,-0.003131777048110962,0.045024821162222395,5.736188888549805,1.553166151046753,0.38977495829264325
2014-07-31,100083.77620442708,299.08371861775714,-0.003125865012407303,0.08775695371514303,6.034220377604167,1.9865983327229817,0.39390309651692706
2014-08-01,100132.84228515625,299.38302357991535,-0.004077160730957985,0.021017188566474942,4.766736348470052,4.7395172119140625,0.37273534138997394
2014-08-02,100222.9755859375,299.45958455403644,-0.004692269489169121,0.018365713953869545,5.096961975097656,5.159467061360677,0.3699607849121094
2014-08-03,100221.89046223958,299.49122428894043,-0.004665793851017952,0.04026251435279349,5.686356862386067,3.135878324508667,0.38515981038411456
2014-08-04,100165.24755859375,299.13158226013184,-0.004921589978039265,0.037721633911136365,6.495602289835612,3.3062031269073486,0.38549359639485675
2014-08-05,100246.15836588542,298.73630714416504,-0.004027295857667923,0.01943639840482092,5.949059804280599,2.9762261708577475,0.37531407674153644
2014-08-06,100334.08512369792,298.55371284484863,-0.00382043793797493,0.014734536409378052,5.5463307698567705,3.5850772857666016,0.37119483947753906
2014-08-07,100313.73274739583,298.4399019877116,-0.004110299050807953,0.012411366063815876,5.063785552978516,3.9687678019205728,0.36724853515625
2014-08-08,100350.86832682292,298.42919667561847,-0.004181550815701485,0.009670533191297181,3.5564893086751304,4.367256800333659,0.36261940002441406
2014-08-09,100485.08138020833,298.8414821624756,-0.004049692302942276,0.009913533926010132,3.1469332377115884,4.18532407283783,0.352444330851237
2014-08-10,100547.95377604167,298.86508242289227,-0.004075035452842712,0.007621991634323422,3.240995407104492,3.132829705874125,0.35436439514160156
2014-08-11,100483.48356119792,298.7886276245117,-0.0038540512323379517,0.008411616086959839,2.7937819163004556,3.0857089360555015,0.3519248962402344
2014-08-12,100541.15852864583,298.9955876668294,-0.004219282418489456,0.009835362434387207,3.2531261444091797,3.198081652323405,0.35771814982096356
2014-08-13,100637.06282552083,299.3954435984294,-0.004513926804065704,0.009500443935394287,4.050448099772136,2.89667816956838,0.35613377888997394
2014-08-14,100627.87060546875,299.309902826945,-0.005130648612976074,0.009136080741882324,5.15369987487793,3.4002952575683594,0.35251617431640625
2014-08-15,100597.05517578125,298.863951365153,-0.004728479310870171,0.01020190737261828,5.036163965861003,4.244707107543945,0.356723149617513
2014-08-16,100644.2822265625,298.9230562845866,-0.004346896894276142,0.005257716247456301,3.5619990030924478,3.9415270487467446,0.3449440002441406
2014-08-17,100690.3134765625,299.2011248270671,-0.0037906253710389137,0.003937676548957825,2.614103078842163,1.7178351481755574,0.33688990275065106
2014-08-18,100796.677734375,299.6625410715739,-0.003916646353900433,0.0011390075531494404,1.5921084086100261,1.2396773099899292,0.3212534586588542
2014-08-19,100756.91585286458,300.228219350179,-0.0038786549121141434,0.0016861916337234106,1.9803091684977214,-1.0103999773661296,0.3096580505371094
2014-08-20,100576.2333984375,300.35072962443036,-0.0035738302394747734,0.007367265103091825,1.9925734202067058,-1.646108865737915,0.3273633321126302
2014-08-21,100379.62890625,300.3275947570801,-0.003260863944888115,0.006127446889877319,1.624905268351237,-1.6467883586883545,0.3393637339274089
2014-08-22,100397.45491536458,299.62236976623535,-0.002485208213329315,0.01567385792714049,0.7478688557942709,-1.313308556874593,0.35772260030110675
2014-08-23,100406.47981770833,300.83906237284344,-0.004048819653689861,0.0007895529270172119,1.1072559356689453,-2.0479348500569663,0.3277276357014974
2014-08-24,100482.11865234375,300.36627833048504,-0.003495778888463974,0.010634392499923706,1.069631576538086,-0.9531641403834025,0.33738962809244794
2014-08-25,100610.37809244792,299.73426564534503,-0.003070404753088951,0.023336315155024323,1.4126942952473958,-0.275946577390035,0.36755116780598956
2014-08-26,100647.45963541667,298.8137861887614,-0.0027839522808790207,0.03332256674764267,2.4062716166178384,-0.15266708532969156,0.3825950622558594
2014-08-27,100501.17659505208,298.6002190907796,-0.0025622742250561714,0.04194034039973715,2.5001773834228516,0.19995816548665366,0.3875738779703776
2014-08-28,100390.16943359375,298.97350056966144,-0.002689594402909279,0.024088736323051307,1.2391529083251953,-0.20976829528808594,0.37896283467610675
2014-08-29,100222.85611979167,299.9320545196533,-0.003599405288696289,0.013240296693993514,1.0610949198404949,-0.6380237738291422,0.36352094014485675
2014-08-30,100117.36783854167,299.50644238789874,-0.0031848084181547165,0.03615822717659967,2.8522523244222007,-1.7834386030832927,0.38051478068033856
2014-08-31,99930.2080078125,298.7778600056966,-0.0027794642373919487,0.10800186647406917,6.646718343098958,-0.17701931794484457,0.40535736083984375
2014-09-01,99806.2177734375,298.6908308664958,-0.002973378635942936,0.1158788833372455,5.683252334594727,4.823063055674235,0.39715576171875
2014-09-02,100014.38557942708,298.7683563232422,-0.0033010542392730713,0.0405878668231594,3.577773412068685,6.297093311945598,0.38330713907877606
2014-09-03,100218.89306640625,299.10440826416016,-0.004653790965676308,0.020494992445833304,3.5412782033284507,7.154353181521098,0.37462425231933594
2014-09-04,100341.93880208333,299.11511675516766,-0.004399406723678112,0.025139828776275408,4.431582132975261,5.470991134643555,0.37499554951985675
2014-09-05,100497.40690104167,298.9432938893636,-0.0037964284420013428,0.029073843359924467,4.010497411092122,2.4277995427449546,0.3798898061116536
2014-09-06,100482.78499348958,299.9313570658366,-0.004539612680673599,0.00391567454920505,4.723787943522136,0.5447761615117391,0.34851837158203125
2014-09-07,100518.93782552083,299.86732419331867,-0.00427593756467104,0.004698668708158493,4.173866907755534,0.1441497802734375,0.33701324462890625
2014-09-08,100540.10953776042,298.7615400950114,-0.0029823435470461845,0.011308625340461731,4.754753112792969,0.8472348848978678,0.35643959045410156
2014-09-09,100599.78059895833,298.4168078104655,-0.003269130364060402,0.0065877437591552734,4.2474009195963545,1.3243265946706135,0.3541431427001953
2014-09-10,100626.66520182292,298.4833183288574,-0.0027923788875341415,0.007540071010584626,3.0436178843180337,2.4935649633407593,0.3518422444661458
2014-09-11,100747.05582682292,298.6815465291341,-0.003653721883893013,0.004268139600753784,2.4506263732910156,3.0943636099497476,0.34003130594889325
2014-09-12,100806.14811197917,298.8251762390137,-0.0038432003930211067,0.008104714751141273,2.4881712595621743,2.5243136485417685,0.3431650797526042
2014-09-13,100702.92350260417,299.07157071431476,-0.00391862727701664,0.0053229988088219216,2.015162785847982,2.2192981243133545,0.34037017822265625
2014-09-14,100666.05387369792,299.25766436258954,-0.004166636615991592,0.0018823687217945917,1.3611590067545574,2.2407493591308594,0.3246625264485677
2014-09-15,100601.05485026042,299.57380867004395,-0.004323020577430725,0.0019301093566923555,1.3054968516031902,1.3003276189168294,0.3110949198404948
2014-09-16,100542.84488932292,299.29958661397296,-0.004547029733657837,0.0026171446617873073,1.6962477366129558,0.7227654854456583,0.3074633280436198
2014-09-17,100531.50667317708,299.6329263051351,-0.0043937573209404945,0.0016294449566771618,1.5032647450764973,0.16729732354482016,0.300784428914388
2014-09-18,100686.08951822917,300.23075739542645,-0.004345185123383999,0.0012113124132042685,1.8151137034098308,-0.8957490921020508,0.2901598612467448
2014-09-19,100726.90901692708,300.06579208374023,-0.004294723272323608,0.0034877181051911066,2.4034652709960938,-0.5626821915308634,0.29044850667317706
2014-09-20,100657.05794270833,299.88082186381024,-0.004264781251549721,0.0033012479543685913,2.3214505513509116,-0.525122324625651,0.30089378356933594
2014-09-21,100708.29264322917,299.8536459604899,-0.004092399030923843,0.002225827280199155,1.2750829060872395,0.4051765998204549,0.29352378845214844
2014-09-22,100822.38671875,300.2576478322347,-0.004257610067725182,0.0006344280272969627,1.0247154235839844,-0.3335229953130086,0.2822685241699219
2014-09-23,100799.63004557292,300.3256549835205,-0.004610720090568066,0.000931836000745534,0.9985885620117188,-1.1437989473342896,0.26674842834472656
2014-09-24,100800.07535807292,300.74156697591144,-0.004593191668391228,0.0010795474051974452,1.1358744303385417,-1.9136378367741902,0.2586771647135417
2014-09-25,100790.77880859375,301.09112612406415,-0.004893172532320023,0.002868810018298973,0.7924448649088541,-2.476564645767212,0.24979718526204428
2014-09-26,100847.95491536458,301.5216700236003,-0.004611583426594734,0.0007098138609080706,0.6543528238932291,-2.502080281575521,0.2600695292154948
2014-09-27,100857.72509765625,302.2221164703369,-0.004928029142320156,0.0,0.5263481140136719,-2.6183560689290366,0.23854764302571616
2014-09-28,100836.91959635417,302.7442429860433,-0.005195555277168751,8.583068833445395e-07,-0.06575647989908855,-1.8616320292154949,0.21816698710123697
2014-09-29,100799.46809895833,302.5723520914714,-0.004548272117972374,8.553266184208042e-07,0.0381921132405599,0.25986695289611816,0.20116233825683594
2014-09-30,100853.90218098958,302.1710745493571,-0.00449109822511673,0.0007860720156713796,0.4538033803304036,1.1413160959879558,0.1891002655029297
2014-10-01,100898.38541666667,301.8660837809245,-0.003749643452465534,0.00029178143057606576,0.3721059163411458,-1.997245152791341,0.1872107187906901
2014-10-02,100847.41227213542,302.7369950612386,-0.004408935084939003,0.00023639067711656025,0.39174524943033856,-1.6115277608235676,0.17635218302408853
2014-10-03,100791.02457682292,302.8432846069336,-0.004314419813454151,2.6315450554648123e-05,0.9538141886393229,-0.014827092488606771,0.16471227010091147
2014-10-04,100908.39485677083,302.3797353108724,-0.004241449758410454,0.0015618532896723991,1.2655026117960613,-0.8694121042887369,0.16183853149414062
2014-10-05,100962.76595052083,302.4610939025879,-0.004873497411608696,0.000653100013664698,1.090036392211914,-2.31982421875,0.16240819295247397
2014-10-06,100861.86474609375,302.53960100809735,-0.004819769412279129,8.96394252549726e-05,1.183392842610677,-2.6459601322809854,0.15155537923177084
2014-10-07,100676.26204427083,301.5355574289958,-0.003966042771935463,0.007592755556004249,0.6294384002685547,-0.562595009803772,0.1566321055094401
2014-10-08,100727.86604817708,300.55993906656903,-0.004175144247710705,0.0026594811233913163,0.9207102457682291,-0.6019907792409261,0.2342840830485026
2014-10-09,100703.69417317708,301.2879587809245,-0.00406558346003294,0.0019459903239180676,0.29579734802246094,-0.5334612528483073,0.22817293802897134
2014-10-10,100634.89241536458,301.9359238942464,-0.004072582349181175,0.00029780598259776525,0.7016576131184896,-0.39037640889485675,0.2159748077392578
2014-10-11,100542.95198567708,302.1966559092204,-0.004400057718157768,0.00011956404063084847,0.9875933329264323,-1.2036303281784058,0.19704627990722656
2014-10-12,100477.2783203125,302.0023129781087,-0.004519874230027199,4.410743663640915e-07,1.1336415608723958,-1.1651318868001301,0.17809931437174478
2014-10-13,100468.21028645833,301.27140553792316,-0.00392899289727211,8.583068797918258e-07,0.9902381896972656,0.47627830505371094,0.16249465942382812
2014-10-14,100755.982421875,300.7542368570964,-0.004029689356684685,1.0066439699585317e-05,0.6419111887613932,0.942021648089091,0.14991315205891928
2014-10-15,100868.56266276042,302.0205160776774,-0.003931859508156776,1.7881393432617188e-06,0.6210950215657552,-1.2490838368733723,0.13876724243164062
2014-10-16,100859.49853515625,303.3207499186198,-0.0038725975900888443,0.00011727367154890089,-0.16264661153157553,-0.76067582766215,0.12929662068684897
2014-10-17,100869.47493489583,302.8956718444824,-0.0037263277918100357,0.00013074141023139418,0.05874188741048177,-0.7490946849187216,0.1223907470703125
2014-10-18,100833.88557942708,302.6305096944173,-0.00448576919734478,0.0,0.49312082926432294,-1.346112569173177,0.11599349975585938
2014-10-19,100818.58170572917,302.7289168039958,-0.0036335568875074387,7.5221059887553565e-06,0.1837177276611328,-0.9261620839436849,0.11003303527832031
2014-10-20,100868.84261067708,303.4642143249512,-0.0038614878430962563,4.982948212273186e-06,0.1467615763346354,-1.683834711710612,0.10538037618001302
2014-10-21,100973.857421875,303.3182621002197,-0.004117094911634922,0.0,-0.1209564208984375,-1.1868883768717449,0.10156440734863281
2014-10-22,100969.70491536458,303.8109016418457,-0.003649524413049221,1.5783309891048702e-05,-0.5658219655354818,-1.613181432088216,0.09868812561035156
2014-10-23,100909.41520182292,303.18376604715985,-0.0035571372136473656,4.351138045421976e-07,0.05174954732259115,-0.3196144104003906,0.09641265869140625
2014-10-24,100845.6005859375,302.649866104126,-0.002844354137778282,0.0004271894692351452,0.08812904357910156,-0.6288921435674032,0.09580103556315105
2014-10-25,100929.50895182292,299.75319226582843,-0.003249424509704113,0.0015311864863178926,-2.9860687255859375,-0.8439477284749349,0.10843594868977864
2014-10-26,101086.4140625,300.0544427235921,-0.0031447000801563263,0.0005251744744896314,-1.8930308024088542,1.617685317993164,0.10744921366373698
2014-10-27,101110.86767578125,299.2108834584554,-0.00157134048640728,0.00016640126705169678,-1.557106653849284,-0.258426030476888,0.1089617411295573
2014-10-28,101022.21321614583,300.21311887105304,-0.0026399437338113785,0.0,-0.018236796061197918,-0.7575925985972086,0.10517628987630208
2014-10-29,101006.24755859375,300.58976491292316,-0.0030082715675234795,8.52346317969932e-07,-0.15598487854003906,-0.4936230182647705,0.10090382893880208
2014-10-30,100929.82779947917,300.44513575236004,-0.003169969655573368,8.52346317969932e-07,-0.1601104736328125,0.006675243377685547,0.09763526916503906
2014-10-31,100899.59537760417,300.5722287495931,-0.0032068463042378426,4.410743663640915e-07,0.26538721720377606,-0.5503400166829427,0.09516398111979167
2014-11-01,100924.2353515625,300.87023798624676,-0.0029164347797632217,1.3075811580165464e-06,0.4861564636230469,-0.823588490486145,0.09323755900065105
2014-11-02,101014.74576822917,301.1098715464274,-0.0027848221361637115,0.0,0.7787342071533203,-0.9834655920664469,0.0917803446451823
2014-11-03,100996.931640625,301.71761258443195,-0.0030688252300024033,8.553265615773853e-07,0.4493427276611328,-1.873626708984375,0.09054756164550781
2014-11-04,101021.47298177083,301.21982256571454,-0.003173055127263069,1.2813263197131164e-06,0.6179599761962891,-2.296095848083496,0.08960278828938802
2014-11-05,101115.04215494792,301.24284172058105,-0.002983842045068741,4.261732051702438e-07,1.048000653584798,-2.586820642153422,0.0888671875
2014-11-06,101009.10205078125,300.79077339172363,-0.0029519200325012207,1.719593893056981e-06,0.913720448811849,-2.8461008071899414,0.08833758036295573
2014-11-07,101004.69889322917,301.4340934753418,-0.0032411208376288414,1.2874602361989673e-06,0.5060005187988281,-3.3013267119725547,0.08789761861165364
2014-11-08,100987.56966145833,301.65015347798663,-0.003102249465882778,1.7212013858625141e-06,0.3414955139160156,-2.7955443064371743,0.08744748433430989
2014-11-09,100941.654296875,301.4107259114583,-0.0027344850823283195,1.3727685654885136e-09,0.19482274850209555,-1.8656068245569866,0.0870806376139323
2014-11-10,100821.99658203125,301.9032662709554,-0.002370234578847885,8.52346317969932e-07,-0.020004749298095703,-0.48817869027455646,0.08681488037109375
2014-11-11,100801.14697265625,301.7250862121582,-0.0017259959131479263,0.0004198378928776947,0.3858763376871745,0.48956886927286786,0.08814493815104167
2014-11-12,100865.87288411458,302.00159454345703,-0.002005939371883869,4.351138045421976e-07,0.6759223937988281,-0.869340181350708,0.08956209818522136
2014-11-13,100966.3515625,301.94630241394043,-0.002780555747449398,0.0016859173774719238,-1.3590672810872395,-0.38948988914489746,0.09605598449707031
2014-11-14,101066.53352864583,302.12071736653644,-0.002322726882994175,4.1151045838461187e-05,-1.2823206186294556,-0.9693418343861898,0.10189310709635417
2014-11-15,101081.5283203125,300.5467955271403,-0.0013932744041085243,0.0014073133467604748,0.02088483174641927,0.15120104948679605,0.10237503051757812
2014-11-16,101035.72721354167,300.6274865468343,-0.0025699175894260406,0.0026693075894286267,-0.3029410044352214,-2.3004388411839805,0.1273034413655599
2014-11-17,101033.69449869792,301.52917162577313,-0.0026739081367850304,7.648483972388931e-06,0.3186899820963542,-1.4420339663823445,0.12772432963053384
2014-11-18,101110.77360026042,302.0805314381917,-0.0026229070499539375,8.52346317969932e-07,-0.08311398824055989,-1.1541629234949748,0.11748059590657552
2014-11-19,101077.03352864583,302.1500924428304,-0.002553049474954605,2.1408200723271875e-06,0.12754889329274496,-0.9783994356791178,0.10950533548990886
2014-11-20,101019.69661458333,302.04403432210285,-0.003254949115216732,4.351138045421976e-07,-0.16112136840820312,-1.8103042443593342,0.10341771443684895
2014-11-21,101001.97932942708,301.13036092122394,-0.003175065852701664,1.7046928064701206e-06,0.23134994506835938,-1.6907329559326172,0.09852218627929688
2014-11-22,100928.47477213542,300.4868920644124,-0.0027165785431861877,1.7225741544280027e-06,0.05388704935709635,-1.6004437605539958,0.09505844116210938
2014-11-23,100916.07438151042,300.7819487253825,-0.0024150246754288673,1.6929069488469395e-06,0.6050898234049479,-1.9242278734842937,0.09258079528808594
2014-11-24,100963.74267578125,301.4007371266683,-0.002568775787949562,3.431471668591257e-06,-0.4351030985514323,-1.2843359311421711,0.09075927734375
2014-11-25,100956.64095052083,300.88683636983234,-0.002795705571770668,-1.0982148523908108e-08,-0.5488592783610026,-1.7252939939498901,0.08946927388509114
2014-11-26,100801.15755208333,300.1321729024251,-0.002699366770684719,4.410743663640915e-07,-0.3317189613978068,-1.655424952507019,0.0885175069173177
2014-11-27,100837.51627604167,299.815388361613,-0.002327553927898407,4.351138045421976e-07,0.03537869453430176,-1.6995080312093098,0.08784039815266927
2014-11-28,100949.77994791667,299.8050587972005,-0.0020363889634609222,8.553265615773853e-07,0.31142552693684894,-1.6835925579071045,0.08737754821777344
2014-11-29,100976.30582682292,299.56965764363605,-0.0020105764269828796,0.0,0.33343060811360675,-2.2112801472345986,0.08702341715494792
2014-11-30,100972.833984375,300.18664932250977,-0.0024953652173280716,4.351138045421976e-07,-0.4589824676513672,-2.4661171038945517,0.08670616149902344
2014-12-01,101008.64013671875,300.07703653971356,-0.0023093614727258682,8.70227722771233e-07,-1.2090040842692058,-1.9384782711664836,0.08647537231445312
2014-12-02,101031.87337239583,300.5580399831136,-0.002157800830900669,1.69873245070562e-06,-0.4502423604329427,-2.004566192626953,0.08630307515462239
2014-12-03,101048.6748046875,300.2244186401367,-0.0019412292167544365,0.0,0.14915021260579428,-2.0054022471110025,0.08615620930989583
2014-12-04,101020.83561197917,300.15214347839355,-0.0020006177946925163,0.0,0.14952786763509116,-2.0508365631103516,0.08604367574055989
2014-12-05,101034.99283854167,299.89587275187176,-0.0022405078634619713,4.351138045421976e-07,-0.55828857421875,-1.3409953117370605,0.08594258626302083
2014-12-06,101010.52408854167,299.6293881734212,-0.0022918134927749634,0.0,-0.6538728078206381,-1.5277036031087239,0.08585929870605469
2014-12-07,101000.99479166667,299.50153795878094,-0.0021552424877882004,8.52346317969932e-07,-0.43088340759277344,-1.1361719767252605,0.08578999837239583
2014-12-08,100997.79036458333,299.1801980336507,-0.001887049525976181,8.642672355563263e-07,-0.016176859537760418,-1.564330816268921,0.08569971720377605
2014-12-09,101053.03108723958,299.62170728047687,-0.0018601026386022568,4.2319288695580326e-07,0.612832506497701,-2.390073776245117,0.08562024434407552
2014-12-10,100946.33870442708,300.06334686279297,-0.0018769362941384315,1.716170970667008e-06,0.6180524031321207,-2.6456483205159507,0.08557637532552083
2014-12-11,100932.4462890625,299.9324607849121,-0.0012983288615942001,4.351138045421976e-07,0.8308387597401937,-0.17272631327311197,0.08553504943847656
2014-12-12,101035.82958984375,298.81161880493164,-0.001818888820707798,0.008679270769789582,0.5059385697046915,2.100428740183512,0.11658350626627605
2014-12-13,101163.04996744792,297.87111790974933,-0.0029426906257867813,0.0014571368694191733,1.034327228864034,-0.20249327023824057,0.19652493794759116
2014-12-14,101239.45068359375,296.8430004119873,-0.005046561360359192,2.580881073299679e-06,0.0353539784749349,-4.178801854451497,0.17688306172688803
2014-12-15,101248.48030598958,296.8054790496826,-0.004524461925029755,0.0,-1.344368616739909,-4.1677672068278,0.15404510498046875
2014-12-16,101270.6103515625,298.09085210164386,-0.002857288345694542,2.584815433692711e-06,-2.6099585692087808,-2.527254104614258,0.1366246541341146
2014-12-17,101279.59016927083,297.4907474517822,-0.002391628921031952,1.272585450351471e-06,-2.470228830973307,-2.047677993774414,0.12443288167317708
2014-12-18,101317.32210286458,296.8683389027913,-0.0027293842285871506,1.7261631342080364e-06,-1.5755144755045574,-2.195720672607422,0.11490122477213542
2014-12-19,101312.7626953125,298.21726926167804,-0.002292339690029621,8.583068797918258e-07,-1.5512749751408894,-2.1751040617624917,0.10708681742350261
2014-12-20,101151.19661458333,298.05477205912274,-0.001979254186153412,4.410743663640915e-07,-0.6600691477457682,-2.092221657435099,0.1016248067220052
2014-12-21,100992.74788411458,297.54030164082843,-0.001808835193514824,1.2874602930423862e-06,-0.3465070327123006,-1.326099117596944,0.09775288899739583
2014-12-22,100961.33707682292,297.0273151397705,-0.0019163955003023148,2.1530555613935576e-06,-0.30157470703125,-1.4023598432540894,0.09492810567220052
2014-12-23,101065.8408203125,296.62754885355633,-0.0019166097044944763,-2.9802322387695312e-08,0.3145732879638672,-2.326229373613993,0.09282112121582031
2014-12-24,101212.89192708333,297.1649653116862,-0.0018833428621292114,2.1347895540202444e-06,0.478451132774353,-3.046029011408488,0.09128252665201823
2014-12-25,101183.16617838542,297.8779754638672,-0.0017783641815185547,3.884846648816165e-06,0.02535720666249593,-2.364754597345988,0.09007581075032552
2014-12-26,101051.32649739583,298.0973294576009,-0.0022450052201747894,8.519932279682507e-07,-0.8751576741536459,-2.7748870849609375,0.08910115559895833
2014-12-27,101076.42073567708,297.3537260691325,-0.002243141643702984,0.0,-1.1593062082926433,-2.276342789332072,0.08833630879720052
2014-12-28,101116.82259114583,296.7974802652995,-0.0019892239943146706,8.553265615773853e-07,-0.7944871584574381,-1.87442942460378,0.08778762817382812
2014-12-29,100878.99251302083,296.6702079772949,-0.0017700418829917908,8.52346317969932e-07,-0.14115397135416666,-1.6889933347702026,0.08738454182942708
2014-12-30,100709.35953776042,296.06516520182294,-0.0011857440695166588,4.351138045421976e-07,1.0172405242919922,-1.0846911271413167,0.08711878458658855
2015-01-01,100833.50732421875,295.5190677642822,-0.0015072310343384743,0.0002389072596997721,0.6124943892161051,-0.8360195159912109,0.08852640787760417
2015-01-02,101105.54231770833,295.3868687947591,-0.0012427214533090591,6.606511362861056e-06,0.6143435637156168,-1.0948115587234497,0.08832422892252605
2015-01-03,101216.74739583333,296.27723693847656,-0.0013529527932405472,2.990310008499364e-06,0.41801559925079346,-2.002882639567057,0.08790969848632812
2015-01-04,101188.17268880208,298.1549765268962,-0.0017178766429424286,8.574304501962615e-07,-1.3168026606241863,-2.325794537862142,0.08751296997070312
2015-01-05,101159.75341796875,297.9240328470866,-0.0018139388412237167,2.5932927201210987e-06,-0.5895619789759318,-2.481831351915995,0.08716456095377605
2015-01-06,101182.46761067708,297.0999978383382,-0.0015569021925330162,3.875782567774877e-06,0.565615177154541,-2.0654191176096597,0.08692868550618489
2015-01-07,101178.78662109375,296.16311264038086,-0.0021272962912917137,2.5674787025309342e-06,0.8685170809427897,-2.8209959665934243,0.08677419026692708
2015-01-08,101201.61637369792,297.0318234761556,-0.00191597081720829,2.171231585634814e-06,-0.13793309529622397,-2.5662574768066406,0.08662096659342448
2015-01-09,101286.78824869792,297.75000699361163,-0.0020887423306703568,8.523463748133508e-07,-1.214403510093689,-1.9247933228810628,0.08647982279459636
2015-01-10,101344.50260416667,297.0169982910156,-0.0020545534789562225,8.619472282589413e-07,-0.4488312005996704,-2.1240904331207275,0.0863507588704427
2015-01-11,101277.1640625,296.826327641805,-0.001925792545080185,0.0,-0.5153585275014242,-2.211344758669535,0.08624267578125
2015-01-12,101240.84830729167,296.5468355814616,-0.001714758574962616,1.7106532936850272e-06,-0.31726694107055664,-1.6671597560246785,0.08615620930989583
2015-01-13,101154.19222005208,295.7425994873047,-0.0016222968697547913,2.593116903426562e-06,0.2495350440343221,-1.4540244340896606,0.0861066182454427
2015-01-14,101105.82747395833,296.06091054280597,-0.001738748513162136,8.574369871894305e-07,0.5724137624104818,-2.873668670654297,0.08605893452962239
2015-01-15,101125.939453125,296.58069801330566,-0.001618887297809124,4.351138045421976e-07,0.3894091447194417,-2.4413839975992837,0.08600870768229167
2015-01-16,101182.22623697917,296.842924118042,-0.0016096075996756554,0.0,0.0621178944905599,-2.3077882130940757,0.08594957987467448
2015-01-17,101238.77880859375,297.43335914611816,-0.0017850305885076523,1.7046927496267017e-06,-0.23706841468811035,-2.521425247192383,0.08585866292317708
2015-01-18,101197.51888020833,297.14424832661945,-0.0017060032114386559,8.523464316567697e-07,0.2201519012451172,-2.483443776766459,0.08580970764160156
2015-01-19,101158.74235026042,296.2024574279785,-0.0012680264189839363,1.6510435258965117e-06,0.9118111928304037,-1.3682358662287395,0.08576711018880208
2015-01-20,101348.61637369792,295.55458068847656,-0.0012648450210690498,8.403450017624436e-06,0.5067722400029501,-0.8658974965413412,0.08572896321614583
2015-01-21,101494.50748697917,296.11565589904785,-0.001484123058617115,2.6553868224254984e-06,0.48934487501780194,-1.5481491088867188,0.0856475830078125
2015-01-22,101482.0908203125,296.0431270599365,-0.0014735683798789978,1.6543269055091514e-05,1.1285387674967449,-2.912477691968282,0.0857378641764323
2015-01-23,101251.61490885417,296.91501744588214,-0.0021609049290418625,0.0,0.9011974334716797,-3.8211237589518228,0.0857226053873698
2015-01-24,101210.68017578125,297.3256009419759,-0.0013977652415633202,0.0,0.7433390617370605,-2.735551198323568,0.0856615702311198
2015-01-25,101334.85791015625,297.1669178009033,-0.001443452201783657,8.52346317969932e-07,1.0504093170166016,-2.766305923461914,0.08559290568033855
2015-01-26,101321.88916015625,296.56725756327313,-0.00237932987511158,0.0,0.7944316864013672,-4.251741965611775,0.08554331461588542
2015-01-27,101174.99934895833,296.2018750508626,-0.0022382810711860657,1.7224398902726534e-06,0.8905067443847656,-4.641580700874329,0.08550516764322917
2015-01-28,100984.2978515625,296.97577476501465,-0.0014249123632907867,0.0,0.9589161078135172,-3.3881568908691406,0.0854644775390625
2015-01-29,101160.40299479167,297.3578809102376,-0.0016421843320131302,1.2662422363973747e-06,0.40230242411295575,-3.2908894220987954,0.085418701171875
2015-01-30,101273.90250651042,298.8528410593669,-0.00167803093791008,8.67603830556618e-07,-1.0167261759440105,-2.5139901638031006,0.08536529541015625
2015-01-31,101214.55712890625,298.40089734395343,-0.0016698045656085014,8.583068797918258e-07,-0.2568442026774089,-1.7140464782714844,0.08529345194498698
2015-02-01,101207.36311848958,297.0875898996989,-0.00166337750852108,1.2843089507441618e-06,0.9407735268274943,-1.9978224436442058,0.08522733052571614
2015-02-02,101278.91585286458,296.6413180033366,-0.0018227118998765945,1.2814998058274796e-06,0.9946495294570923,-2.0811182657877603,0.08518409729003906
2015-02-03,101468.98421223958,298.4976501464844,-0.0017965827137231827,8.523463748133508e-07,0.4598987897237142,-2.5233776569366455,0.085113525390625
2015-02-04,101366.76969401042,299.08344713846844,-0.0015991013497114182,1.7152869986603037e-06,0.17202536265055338,-1.0563292503356934,0.08505821228027344
2015-02-05,101203.36018880208,298.1467641194661,-0.0016294559463858604,1.2879575592705805e-06,-0.04325238863627116,-0.1887732744216919,0.08496983846028645
2015-02-06,101196.84228515625,297.38330968221027,-0.001338866539299488,0.0,1.1101422309875488,-0.6327260335286459,0.08491834004720052
2015-02-07,101154.9501953125,296.5482997894287,-0.001534370705485344,1.2810099292437371e-06,1.4603724082310994,-1.120736042658488,0.08483060201009114
2015-02-08,101190.33772786458,296.76380093892413,-0.0024120844900608063,8.610395525465719e-07,0.23307927449544272,-2.3680222829182944,0.08459281921386719
2015-02-09,101109.69775390625,297.9322026570638,-0.0021182410418987274,8.52346317969932e-07,0.5024333397547404,-2.6623973846435547,0.08451779683430989
2015-02-10,101132.17692057292,297.83923212687176,-0.0012472402304410934,0.0,0.43324534098307294,-0.05475552876790365,0.08447519938151042
2015-02-11,101153.69775390625,297.5478579203288,-0.0016054073348641396,1.2895628742626286e-06,0.788564125696818,-1.7710670630137126,0.08443387349446614
2015-02-12,101126.29134114583,297.5313307444255,-0.0021212445572018623,1.2870751788796042e-06,0.8759135802586874,-2.755807320276896,0.08432515462239583
2015-02-13,101087.94401041667,297.49765904744464,-0.0016907677054405212,8.642672923997452e-07,0.8668942451477051,-1.878324309984843,0.08425331115722656
2015-02-14,101005.68961588542,297.45095380147296,-0.0015850085765123367,1.7225742112714215e-06,0.9453782637914022,-1.6434638897577922,0.08419354756673177
2015-02-15,101060.47233072917,297.4576835632324,-0.001888129860162735,0.0,1.142608642578125,-2.3762149810791016,0.08411343892415364
2015-02-16,101110.58610026042,297.6397126515706,-0.0017238100990653038,4.351138045421976e-07,1.3778190612792969,-2.4815076192220054,0.08402379353841145
2015-02-17,101064.41064453125,297.8669211069743,-0.001875382848083973,8.523463748133508e-07,1.1023166179656982,-2.4879175821940103,0.08383750915527344
2015-02-18,100989.13948567708,297.10595893859863,-0.0014535719528794289,2.1477022187355033e-06,1.0861512025197346,-1.8410271803538005,0.08370399475097656
2015-02-19,100973.49820963542,297.6735038757324,-0.001492030918598175,3.4302472613489954e-06,1.2610465288162231,-1.3222020467122395,0.08357302347819011
2015-02-20,101011.490234375,298.02596918741864,-0.0019820798188447952,1.8242001431190147e-05,0.9018522898356119,-2.747568130493164,0.08359336853027344
2015-02-21,100961.93912760417,300.3461271921794,-0.002055300399661064,8.583068051848386e-07,-0.2245814005533854,-1.7898941040039062,0.08355522155761719
2015-02-22,101040.60514322917,300.4608046213786,-0.0016426928341388702,8.52346317969932e-07,0.2322514851888021,-0.29634594917297363,0.08351071675618489
2015-02-23,101069.49593098958,299.67470677693683,-0.0015442389994859695,0.0,0.9587052663167318,0.11228613058725993,0.08346748352050781
2015-02-24,100910.40364583333,298.85334332784015,-0.001635722815990448,8.550630923309654e-07,1.7190771102905273,-0.6822166840235392,0.08342297871907552
2015-02-25,100893.97688802083,298.4708824157715,-0.0024287058040499687,2.002715973503655e-06,1.4819653828938801,-2.7046775817871094,0.08332443237304688
2015-02-26,100886.20231119792,297.15281105041504,-0.0025637084618210793,8.565258440285106e-07,1.521030108133952,-2.540844122568766,0.08325703938802083
2015-02-27,100884.76985677083,296.9040985107422,-0.0017726263031363487,2.5719728000694886e-06,1.375084638595581,-1.0781981150309246,0.0832201639811198
2015-02-28,100812.05680338542,295.46845690409344,-0.003101152367889881,0.010712144695560255,-1.3521741231282551,2.7271397908528647,0.11945470174153645
2015-03-01,100803.13167317708,295.7397708892822,-0.003307919017970562,0.009209088237355445,1.6270593007405598,3.916823705037435,0.251498540242513
2015-03-02,101180.24934895833,295.7290045420329,-0.003619869239628315,0.0002567648886611096,2.045954386393229,-0.6471201578776041,0.23639678955078125
2015-03-03,101229.35823567708,294.9682025909424,-0.003466568887233734,2.6720762150489463e-05,0.20857453346252441,-1.5314826965332031,0.20189412434895834
2015-03-04,101140.15055338542,295.6701240539551,-0.0036088386550545692,1.275539318612573e-06,0.45709673563639325,-2.7288406689961753,0.17606480916341147
2015-03-05,101136.23583984375,296.8507200876872,-0.003115737810730934,1.293420723413874e-06,0.5951557159423828,-2.3575007120768228,0.1547718048095703
2015-03-06,101173.68619791667,299.11718495686847,-0.0034785959869623184,2.141875995675946e-06,-0.071014404296875,-2.7779028018315635,0.13661893208821616
2015-03-07,101119.63639322917,298.50421714782715,-0.0027484390884637833,8.479809139316785e-07,1.0314420064290364,-2.185288429260254,0.12194124857584636
2015-03-08,101141.8212890625,298.5593605041504,-0.0027013160288333893,1.2853121802436362e-06,1.350259780883789,-2.9508751233418784,0.11212984720865886
2015-03-09,101215.21842447917,300.1246255238851,-0.003034209832549095,-3.812374416156672e-09,0.7238572438557943,-3.023838678995768,0.10461807250976562
2015-03-10,101176.4765625,299.4871400197347,-0.0018862336874008179,1.5664100544654502e-05,0.2137629191080729,-0.17808842658996582,0.09926033020019531
2015-03-11,101145.26041666667,300.6441656748454,-0.0020928997546434402,1.9761919872962608e-05,-0.21617507934570312,-0.47421276569366455,0.095977783203125
2015-03-12,101107.72216796875,301.71316210428876,-0.00260082446038723,1.2993811537853617e-06,0.1483745574951172,-1.552506923675537,0.0930620829264323
2015-03-13,100981.59879557292,301.37034797668457,-0.002249067649245262,0.00010767579078674316,0.4036413828531901,-0.6746056874593099,0.09132003784179688
2015-03-14,101061.94645182292,299.7139027913411,-0.00195944681763649,4.4906985863235604e-06,1.6395931243896484,0.4270627498626709,0.09024111429850261
2015-03-15,101213.21630859375,298.97635142008465,-0.0022791996598243713,0.00031197369088431515,1.9665603637695312,-1.536473274230957,0.08951123555501302
2015-03-16,101329.9140625,298.22409502665204,-0.003247682936489582,0.00015932023507048143,1.2897828022638957,-2.9749132792154946,0.09169069925944011
2015-03-17,101130.400390625,299.77218373616535,-0.0032742032781243324,1.7172702087009384e-06,0.7893142700195312,-3.9601929982503257,0.08998934427897136
2015-03-18,100885.31640625,300.60759925842285,-0.002350269816815853,3.4332275049564487e-06,0.6674550374348959,-2.7088471253712973,0.08861096700032552
2015-03-19,100888.056640625,300.9134635925293,-0.0020077545195817947,8.52346317969932e-07,0.8042310078938802,-1.861110766728719,0.08772468566894531
2015-03-20,100991.81331380208,301.2086321512858,-0.0014990605413913727,4.261732051702438e-07,0.8760484059651693,-0.26571114857991535,0.08715057373046875
2015-03-21,101063.39811197917,301.2160879770915,-0.0015871794894337654,0.0,1.4492051998774211,-0.10920282204945882,0.08678627014160156
2015-03-22,101009.43570963542,301.37050501505536,-0.0017301645129919052,2.157688072657038e-06,1.5558400948842366,-0.11643536885579427,0.08652369181315105
2015-03-23,100897.10677083333,301.60145632425946,-0.001848139800131321,8.378097504646576e-07,1.3353309631347656,-0.5473251342773438,0.08632850646972656
2015-03-24,100765.3046875,302.16576449076337,-0.002595148980617523,8.52346317969932e-07,1.7086238861083984,-2.229968468348185,0.08615620930989583
2015-03-25,100762.80533854167,303.21917088826496,-0.0020956890657544136,0.0,0.7717361450195312,0.6062009334564209,0.08598009745279948
2015-03-26,101015.60384114583,301.35965792338055,-0.0014675352722406387,1.0302662815320218e-05,1.5688165028889973,1.3733903964360554,0.08589426676432292
2015-03-27,101025.33414713542,301.12038803100586,-0.00178567785769701,3.1867261895968113e-06,1.9132862091064453,0.3004312912623088,0.08589744567871094
2015-03-28,100898.22330729167,301.2175807952881,-0.002032209187746048,1.857468532762141e-06,2.191814422607422,0.23089500268300375,0.08583831787109375
2015-03-29,100761.06656901042,301.7654457092285,-0.0019292999058961868,3.0547380447387695e-05,0.9273471832275391,-0.3197256724039714,0.08592542012532552
2015-03-30,100766.93489583333,302.02298736572266,-0.0025391317903995514,3.4391879353279364e-06,1.7568556467692058,-1.8662999471028645,0.08582178751627605
2015-03-31,100892.08382161458,301.2898712158203,-0.0036393487825989723,8.553265615773853e-07,1.3480682373046875,-2.538517634073893,0.08565203348795573
2015-04-01,100838.28369140625,299.84869893391925,-0.002015562728047371,3.427967044444813e-06,1.3802426656087239,-1.3724193175633748,0.08553187052408855
2015-04-02,100779.30240885417,300.3737602233887,-0.0020101480185985565,8.553266184208042e-07,1.627367655436198,-1.0786971648534138,0.08534749348958333
2015-04-03,100723.89388020833,300.0902964274089,-0.0019167829304933548,2.930901871422975e-06,1.4846178690592449,-1.0156738758087158,0.08517773946126302
2015-04-04,100606.90690104167,299.89646911621094,-0.0019109351560473442,8.52346317969932e-07,1.4934075673421223,-1.2139269510904949,0.08507219950358073
2015-04-05,100640.47233072917,299.8748696645101,-0.001912485808134079,1.4874339001380577e-05,1.5692532857259114,-1.7274760802586873,0.08509763081868489
2015-04-06,100627.513671875,299.3831024169922,-0.002326454035937786,1.4722347259521484e-05,2.045289993286133,-1.376788894335429,0.08510208129882812
2015-04-07,100705.49332682292,299.34203783671063,-0.0018897121772170067,2.4303793907165527e-05,1.9680845340092976,-0.9479842980702718,0.08521270751953125
2015-04-08,100812.732421875,300.1089115142822,-0.0018477877601981163,1.2727573732718156e-05,1.9093678792317708,-0.8716545502344767,0.085235595703125
2015-04-09,100813.78841145833,300.79073905944824,-0.0017686523497104645,1.7226942645720555e-06,2.1400184631347656,0.35277223587036133,0.08516375223795573
2015-04-10,100867.48958333333,300.58780670166016,-0.0017662253230810165,1.0579824447631836e-06,2.2504329681396484,1.0247376759847004,0.08509572347005208
2015-04-11,100952.60807291667,300.3786271413167,-0.0019346000626683235,2.890825180656975e-05,2.2999420166015625,1.3995758692423503,0.0852203369140625
2015-04-12,101040.60693359375,300.0015703837077,-0.002087821252644062,1.978701340021871e-05,2.5375665426254272,0.1276982625325521,0.08524449666341145
2015-04-13,100969.875,300.25260734558105,-0.001899026334285736,0.00024280301568069262,2.041296641031901,0.1592398484547933,0.08655738830566406
2015-04-14,100843.51155598958,300.06194496154785,-0.002064391039311886,0.0010348952559979807,0.7720260620117188,0.5389550526936849,0.09196662902832031
2015-04-15,100906.90885416667,300.8140818277995,-0.002070763148367405,0.00036397874345084347,1.369982401529948,-1.0401557683944702,0.09508895874023438
2015-04-16,101021.76822916667,302.39922587076825,-0.002027507871389389,3.9997696774207725e-05,1.7228768666585286,-1.1716359853744507,0.09324073791503906
2015-04-17,100842.08968098958,302.26016489664715,-0.0018615741282701492,2.1636485030285257e-06,2.149146397908529,-0.15454049905141196,0.09081268310546875
2015-04-18,100600.61637369792,302.22460619608563,-0.002058609388768673,8.52346317969932e-07,1.6658522288004558,0.40291082859039307,0.08906173706054688
2015-04-19,100594.9296875,302.79927317301434,-0.0021558618173003197,8.593316351834801e-07,1.9819908142089844,0.1562107801437378,0.08798472086588542
2015-04-20,100726.43717447917,302.44614092508954,-0.001874476671218872,0.0,2.0469888051350913,1.4708242019017537,0.08733558654785156
2015-04-21,100735.54296875,302.499169031779,-0.002100439742207527,9.420514061275753e-06,2.0132344563802085,2.2657508850097656,0.086944580078125
2015-04-22,100726.1513671875,302.3103847503662,-0.00205384474247694,4.332661615080724e-05,2.3696206410725913,2.521025856335958,0.0868390401204427
2015-04-23,100806.6318359375,302.0028018951416,-0.0021927114576101303,6.225705146789551e-05,2.3517468770345054,1.3021319309870403,0.0871721903483073
2015-04-24,100793.86328125,301.679438273112,-0.002313898876309395,1.2248754046595423e-06,2.309981028238932,0.7610973517100016,0.08682759602864583
2015-04-25,100722.16569010417,301.31300354003906,-0.002201460301876068,1.6677379562679562e-05,1.9500083923339844,0.23417921861012778,0.08663177490234375
2015-04-26,100772.640625,301.237699508667,-0.0020423121750354767,1.195073082271847e-06,2.1138553619384766,0.7837023337682089,0.08644294738769531
2015-04-27,100864.72102864583,301.83191299438477,-0.001862579956650734,6.540623076034535e-06,2.233586629231771,0.5164910157521566,0.08628336588541667
2015-04-28,100844.34147135417,301.9367218017578,-0.0019482597708702087,1.3694167137145996e-05,2.3499730428059897,0.8460387786229452,0.08625284830729167
2015-04-29,100766.68277994792,301.8531487782796,-0.0020185746252536774,1.4549493698723381e-05,2.406813303629557,1.2912711302439372,0.0861981709798177
2015-04-30,100848.19205729167,301.79625511169434,-0.00204500462859869,2.895593632956661e-05,2.206770579020182,1.1304218769073486,0.08631006876627605
2015-05-01,100763.52180989583,301.77201588948566,-0.0019588451832532883,2.622008323527325e-05,2.0832335154215493,0.11347850163777669,0.08631197611490886
2015-05-02,100695.21793619792,301.5927486419678,-0.001930341124534607,7.718801498413086e-06,1.814422607421875,1.2560562292734783,0.08626365661621094
2015-05-03,100683.55680338542,301.6534538269043,-0.002105982042849064,2.9564049668806547e-05,1.9185791015625,0.6058762470881144,0.08629926045735677
2015-05-04,100676.22705078125,302.28848584493,-0.0020859837532043457,8.36059655284771e-07,1.9995683034261067,-0.7661203543345133,0.08617273966471355
2015-05-05,100608.94661458333,302.9471429189046,-0.0020109396427869797,0.0,2.278095245361328,0.9415547847747803,0.0859820048014323
2015-05-06,100568.48860677083,303.2123031616211,-0.0022697653621435165,1.7225742112714215e-06,2.369204839070638,-0.6128609975179037,0.08587900797526042
2015-05-07,100648.201171875,302.9508419036865,-0.002079024910926819,8.52346317969932e-07,2.4800707499186196,-0.3592824141184489,0.08579444885253906
2015-05-08,100578.9501953125,303.22932688395184,-0.0020578578114509583,1.7195939108205494e-06,2.189996083577474,-0.8825422922770182,0.08572705586751302
2015-05-09,100467.57926432292,303.6268246968587,-0.002110527828335762,0.0,2.4643732706705728,-1.126235047976176,0.0856641133626302
2015-05-10,100537.23616536458,303.1136538187663,-0.0023446232080459595,8.52346317969932e-07,2.2327404022216797,-1.848760684331258,0.08558909098307292
2015-05-11,100598.46272786458,302.83956972757977,-0.0020377663895487785,3.0756447642943385e-05,2.5456536610921225,-1.5327104727427165,0.08552169799804688
2015-05-12,100638.90006510417,302.6052106221517,-0.0020440109074115753,5.200505256652832e-05,2.6050135294596353,-0.24152175585428873,0.08597628275553386
2015-05-13,100593.4912109375,302.5567938486735,-0.0020917169749736786,4.08023594786755e-05,2.3060595194498696,-0.3376547495524089,0.08617019653320312
2015-05-14,100665.333984375,303.12130037943524,-0.0019663283601403236,0.0002706289291332098,2.181663155555725,-1.3475418090820312,0.08706728617350261
2015-05-15,100592.97607421875,303.6941083272298,-0.002045378088951111,6.216764404598507e-06,2.094697594642639,-1.2446937958399455,0.08767382303873698
2015-05-16,100392.46891276042,303.49895159403485,-0.001990886405110359,1.2248754046595423e-06,2.521537741025289,0.8551612297693888,0.0870653788248698
2015-05-17,100324.31998697917,303.11729939778644,-0.00209026038646698,6.839632987976074e-06,2.730562210083008,0.8164628346761068,0.08672459920247395
2015-05-18,100442.90690104167,302.9921696980794,-0.0022000689059495926,2.4020671844482422e-05,2.9371522267659507,0.6113301912943522,0.0865325927734375
2015-05-19,100584.24576822917,302.89827219645184,-0.002306699752807617,5.762632588357519e-05,3.2475433349609375,0.6305179993311564,0.08673286437988281
2015-05-20,100661.16471354167,302.8371047973633,-0.0022540781646966934,5.0428509609901084e-05,3.158728917439779,-0.09235839049021403,0.08660316467285156
2015-05-21,100689.6923828125,303.1458848317464,-0.0021898075938224792,0.00011442303662079212,3.371374766031901,0.4097379446029663,0.08712450663248698
2015-05-22,100653.93570963542,303.38598823547363,-0.0022153081372380257,9.015202522277832e-05,3.5675970713297525,0.49014965693155926,0.08715438842773438
2015-05-23,100652.74609375,303.7481282552083,-0.002397577278316021,0.00027265846728141696,4.079428354899089,1.467459241549174,0.08807309468587239
2015-05-24,100696.29052734375,303.596830368042,-0.002519458532333374,0.0004519164562175604,4.103982289632161,1.8304543892542522,0.08957290649414062
2015-05-25,100711.35123697917,303.29541333516437,-0.0025682859122753143,0.0005804240703533026,4.177748998006185,1.1882946491241455,0.09276644388834636
2015-05-26,100733.59326171875,303.265910466512,-0.0023095104843378067,0.00012490153312683105,3.597264607747396,0.3705921173095703,0.09230359395345052
2015-05-27,100660.7470703125,303.5770797729492,-0.0022638943046331406,4.0277838650126796e-05,3.291227698326111,-0.30524686972300213,0.09052403767903645
2015-05-28,100527.92171223958,303.5619265238444,-0.0022093262523412704,0.00012978315352896175,3.4771491289138794,-0.5806441704432169,0.08964792887369792
2015-05-29,100568.58626302083,303.51087760925293,-0.002005350776016712,3.0267238571468624e-05,3.201136271158854,-0.303145964940389,0.08865674336751302
2015-05-30,100551.79720052083,303.58068402608234,-0.0018953094258904457,4.462003698790795e-05,2.707489013671875,-0.7210502227147421,0.08808708190917969
2015-05-31,100389.37483723958,303.1761754353841,-0.0020754793658852577,6.505846977233887e-05,3.096623102823893,0.604792594909668,0.08752759297688802
2015-06-01,100399.14225260417,302.93464342753094,-0.0027008485049009323,7.902979850626934e-05,3.1493441263834634,3.0632142225901284,0.08784039815266927
2015-06-02,100525.42985026042,303.3585745493571,-0.002546262927353382,7.343292224959441e-06,2.8910624186197915,2.9926734368006387,0.08730252583821614
2015-06-03,100450.78873697917,303.32105191548663,-0.0019500209018588066,4.316270350912532e-05,2.9747613271077475,0.45539291699727374,0.08690452575683594
2015-06-04,100467.72135416667,303.12757937113446,-0.0021019503474235535,0.0002551525831222534,2.5699361165364585,-1.258523980776469,0.0879364013671875
2015-06-05,100518.62190755208,303.07928466796875,-0.002057076431810856,0.0022722184658050537,2.3634986877441406,0.7981886068979899,0.09364509582519531
2015-06-06,100381.09147135417,303.3320477803548,-0.0026224907487630844,0.002922205038203174,1.7527154286702473,1.3748016357421875,0.11143875122070312
2015-06-07,100281.18375651042,303.0936635335286,-0.0036260252818465233,0.0030842722174497794,0.30869611104329425,3.4118849436442056,0.14855321248372397
2015-06-08,100353.9248046875,302.4047571818034,-0.004957171157002449,0.009499284624951088,-0.028098424275716145,6.471895297368367,0.19380633036295572
2015-06-09,100478.86100260417,301.8864339192708,-0.005212210118770599,0.013598829507884602,0.9352696736653646,5.79500683148702,0.24825668334960938
2015-06-10,100434.3525390625,301.22218068440753,-0.0043851155787706375,0.009910735487835609,1.0509033203125,4.985968828201294,0.2932593027750651
2015-06-11,100441.31591796875,301.0631357828776,-0.004463551566004753,0.013940760493277082,1.3712539672851562,3.572725494702657,0.30687204996744794
2015-06-12,100426.5869140625,300.77652231852215,-0.004116338677704334,0.018465086817741394,2.221435546875,2.768599589665731,0.32384999593098956
2015-06-13,100327.88411458333,299.57916196187335,-0.002589811570942402,0.05047955525028058,1.7900911966959636,2.522622545560201,0.373233159383138
2015-06-14,100324.50651041667,299.20274416605633,-0.002010282129049301,0.11103839655039849,2.94543993473053,1.6193589369455974,0.4038931528727214
2015-06-15,100353.12972005208,299.07387987772626,-0.0022882074117660522,0.040910989045983115,1.5420159498850505,2.5791720946629844,0.3857714335123698
2015-06-16,100227.12190755208,299.26541328430176,-0.0031090471893548965,0.0322772860527607,2.3258558909098306,3.8369498252868652,0.3820273081461589
2015-06-17,100043.28287760417,299.95824877421063,-0.0046908557415008545,0.018057355284689436,1.7265974680582683,4.83101487159729,0.3708394368489583
2015-06-18,99986.00764973958,300.17339007059735,-0.005119342356920242,0.028091329336064064,2.0184542338053384,6.069882074991862,0.3771813710530599
2015-06-19,99892.62906901042,299.4021345774333,-0.0033011287450790405,0.05429232120508232,3.0604546864827475,5.725312153498332,0.39013036092122394
2015-06-20,99734.2724609375,299.88144556681317,-0.004315217956900597,0.05886392891397918,3.441972096761068,6.624187111854553,0.3907877604166667
2015-06-21,99700.15787760417,299.8394947052002,-0.004579224623739719,0.07024326920509338,3.3565597534179688,7.267959713935852,0.3946755727132161
2015-06-22,99755.14208984375,299.73499997456867,-0.004440139979124069,0.020955294370651245,3.4596900939941406,8.810496012369791,0.3735694885253906
2015-06-23,99620.65559895833,300.2988001505534,-0.0052121421322226524,0.07013410329818726,5.881971995035808,9.273348649342855,0.39218775431315106
2015-06-24,99988.91715494792,300.72077051798504,-0.004736674949526787,0.044582366943359375,7.322680791219075,6.601117054621379,0.3728955586751302
2015-06-25,100119.41829427083,300.9854164123535,-0.005241203121840954,0.006733226776020729,5.8357588450113935,5.710780223210652,0.34451548258463544
2015-06-26,100185.33072916667,300.89192899068195,-0.0053281644359230995,0.004672482609805684,5.493872960408528,4.763689120610555,0.3332099914550781
2015-06-27,100320.25130208333,300.90390650431317,-0.005538439378142357,0.006046876311302185,5.3840592702229815,3.4120823542277017,0.3300482432047526
2015-06-28,100541.96158854167,300.906494140625,-0.005294401198625565,0.005073562264442444,4.663878758748372,2.723082701365153,0.328036626180013
2015-06-29,100625.65657552083,300.46039899190265,-0.004919989034533501,0.004780709743499756,3.19802188873291,3.011696736017863,0.3257732391357422
2015-06-30,100630.90234375,300.2400639851888,-0.0047752745449543,0.0033900976180980535,2.288019895553589,3.0729482968648276,0.3224652608235677
2015-07-01,100726.38232421875,300.60526784261066,-0.004892298951745033,0.00461927056312561,3.3617976109186807,1.8831726710001628,0.3200499216715495
2015-07-02,100794.5595703125,300.7647476196289,-0.005132455378770828,0.00313129425048686,3.882448196411133,1.7055073579152424,0.31649017333984375
2015-07-03,100821.20621744792,300.7550786336263,-0.005390984937548637,0.004250216483967506,4.6489631334940595,1.871742049853007,0.3165353139241536
2015-07-04,100759.68050130208,300.8836243947347,-0.005561936646699905,0.00562227070327026,5.4833730061848955,2.2084388732910156,0.3220500946044922
2015-07-05,100596.68636067708,301.00576718648273,-0.006025867536664009,0.003938702465802635,5.812982559204102,3.6416498025258384,0.3164774576822917
2015-07-06,100429.89518229167,301.01428031921387,-0.006552333012223244,0.0078084673946250405,6.530977249145508,4.571207364400228,0.3270123799641927
2015-07-07,100333.21761067708,300.83787027994794,-0.005243368446826935,0.008184495568173134,6.596881031990051,4.0957086483637495,0.33681488037109375
2015-07-08,100504.09928385417,300.7249450683594,-0.005108660086989403,0.00481182634820243,5.528215487798055,2.8292030096054077,0.33177630106608075
2015-07-09,100504.64371744792,300.5208822886149,-0.004788482561707497,0.003189855813957365,5.657419204711914,1.6957911650339763,0.32114601135253906
2015-07-10,100240.34830729167,300.2432982126872,-0.005028780549764633,0.004335188865656647,6.1896209716796875,2.1309617360432944,0.32283782958984375
2015-07-11,100287.08219401042,300.40729268391925,-0.004883361980319023,0.004339405894256743,5.73336664835612,3.5033410787582397,0.3220653533935547
2015-07-12,100438.82356770833,300.19542694091797,-0.004779180511832237,0.004028815031006161,3.8956712086995444,3.2392664750417075,0.32010650634765625
2015-07-13,100487.62353515625,300.4227759043376,-0.004589086398482323,0.0030033975839387494,2.802088419596354,2.2369085947672525,0.3154563903808594
2015-07-14,100377.09521484375,300.6613184611003,-0.004718812182545662,0.003000050783043662,3.243901570638021,1.5459706385930378,0.3093159993489583
2015-07-15,100192.98665364583,300.53860664367676,-0.00552961602807045,0.0042836606502305585,4.290821075439453,2.3711607853571572,0.31318028767903644
2015-07-16,100012.23551432292,300.5106118520101,-0.005241045728325844,0.004321843385582724,4.741636912027995,4.054975390434265,0.3131243387858073
2015-07-17,100079.732421875,300.65624745686847,-0.0048881713300943375,0.005651241540817864,5.184503555297852,3.582577625910441,0.3180306752522786
2015-07-18,100249.19108072917,300.7616144816081,-0.005179575644433498,0.006939697265579525,5.928233464558919,2.306605021158854,0.3282044728597005
2015-07-19,100287.5029296875,300.19507598876953,-0.005026918835937977,0.010710105299949646,5.745750427246094,2.0372701485951743,0.3444817860921224
2015-07-20,100173.67789713542,299.6560688018799,-0.003268774598836899,0.013294714689209286,5.381014148394267,2.171346664428711,0.35506248474121094
2015-07-21,100195.30061848958,299.4338658650716,-0.003550514578819275,0.017433443665499482,4.074310104052226,1.983026663462321,0.3664671579996745
2015-07-22,100202.0087890625,299.41634305318195,-0.0032568462193012238,0.02334291934965904,3.809144973754883,2.985342582066854,0.37146250406901044
2015-07-23,100263.24088541667,299.51953887939453,-0.0038225771859288216,0.019159644842147827,3.466242472330729,4.1136055787404375,0.3738555908203125
2015-07-24,100421.03369140625,299.761048634847,-0.004322532564401627,0.014781352877605514,4.006411870320638,3.4084247748057046,0.3662891387939453
2015-07-25,100415.38102213542,299.8182010650635,-0.004017148166894913,0.004329296946480099,4.623495737711589,3.15526290734609,0.3459542592366536
2015-07-26,100409.63688151042,299.59840202331543,-0.0048723379150033,0.008803864057767896,5.423911412556966,4.383565624554952,0.3502788543701172
2015-07-27,100504.84163411458,299.35465876261395,-0.005016434006392956,0.01984444260597229,5.802048365275065,5.419661204020183,0.36643028259277344
2015-07-28,100604.31705729167,299.6711139678955,-0.00504230335354805,0.015042542266140657,6.098876953125,5.3140824635823565,0.3698285420735677
2015-07-29,100648.42447916667,299.07080332438153,-0.004406364634633064,0.01800980030691335,5.259263356526692,4.060321807861328,0.36957041422526044
2015-07-30,100676.48274739583,299.6218541463216,-0.004692898131906986,0.006091282818886157,5.386089324951172,2.9307664235432944,0.34963035583496094
2015-07-31,100688.25716145833,299.4633089701335,-0.004501795396208763,0.00675963163371307,4.891110738118489,2.185640335083008,0.34742164611816406
2015-08-01,100811.2705078125,300.00050099690753,-0.004671093076467514,0.005458412011648761,4.910867691040039,1.7926464875539143,0.3459053039550781
2015-08-02,100792.2998046875,300.0907967885335,-0.004833906888961792,0.003981401411181196,4.7158050537109375,0.8435242970784506,0.33453941345214844
2015-08-03,100671.09700520833,300.0290050506592,-0.004676660522818565,0.00402216881953521,4.9807783762613935,0.3454502026240031,0.3314940134684245
2015-08-04,100525.68050130208,299.6408519744873,-0.0042332857847213745,0.005764314887585442,5.529114127159119,0.9243090947469076,0.3342889149983724
2015-08-05,100414.29459635417,299.0890769958496,-0.0028666071593761444,0.010522112250328064,5.016190528869629,2.2138582865397134,0.3546937306722005
2015-08-06,100334.34798177083,299.3179295857747,-0.0022349972277879715,0.005889201164166025,4.450262069702148,1.6885096232096355,0.35219065348307294
2015-08-07,100373.3203125,299.92721621195477,-0.004184214398264885,0.004752680659294128,4.689065297444661,1.5212071736653645,0.3432807922363281
2015-08-08,100369.62662760417,299.9289182027181,-0.0042951274663209915,0.005076169967651367,3.4101250966389975,1.735089619954427,0.34176190694173175
2015-08-09,100213.15462239583,299.242717107137,-0.003554806113243103,0.006988406181335449,2.8047072092692056,2.5615880489349365,0.3457997639973958
2015-08-10,100217.18505859375,299.6085656483968,-0.003864867612719536,0.004577863803490345,2.037347157796224,3.135354200998942,0.34415626525878906
2015-08-11,100420.04134114583,299.6948413848877,-0.004093841649591923,0.003581959009068214,1.9637737274169922,3.370561679204305,0.33270263671875
2015-08-12,100466.24527994792,299.32340176900226,-0.002887929789721966,0.0044869184494018555,2.6517130533854165,1.8542038997014363,0.3373883565266927
2015-08-13,100440.53971354167,299.21692276000977,-0.0035136695951223373,0.007127061486244202,3.636493682861328,1.895943323771159,0.3404960632324219
2015-08-14,100452.76302083333,298.9310105641683,-0.003386426717042923,0.007895937561897881,2.8926925659179688,2.9531148274739585,0.35217730204264325
2015-08-15,100619.55403645833,299.36126136779785,-0.004099039360880852,0.006194934248924255,2.682931900024414,3.2866233189900718,0.3488318125406901
2015-08-16,100693.64225260417,299.3734601338704,-0.00403312873095274,0.005731078982250892,2.6386871337890625,2.755624771118164,0.3432884216308594
2015-08-17,100593.39925130208,299.5374164581299,-0.003841736353933811,0.006574529409306251,2.1925735473632812,2.661674459775289,0.3493429819742839
2015-08-18,100683.85172526042,300.1852156321208,-0.004082880914211273,0.0017176270484355882,1.859640121459961,1.9554134209950764,0.3310718536376953
2015-08-19,100774.56917317708,300.3156846364339,-0.003929071128368378,0.0017338544130325317,2.0805676778157554,0.6399760643641154,0.31734339396158856
2015-08-20,100768.58072916667,300.4539903004964,-0.004831200465559959,0.003430679440384665,3.2027587890625,1.281571348508199,0.3189881642659505
2015-08-21,100739.39664713542,300.57951672871906,-0.0051573216915130615,0.0035759955644607544,4.169034322102864,1.5162544250488281,0.31687482198079425
2015-08-22,100625.400390625,300.1677652994792,-0.004788674414157867,0.004848301410675049,4.558038075764974,0.8350689808527628,0.32165273030598956
2015-08-23,100693.92301432292,300.00904846191406,-0.004524211399257183,0.004482561349863801,4.09939702351888,1.520503083864848,0.3243357340494792
2015-08-24,100769.0244140625,300.0790430704753,-0.005132103338837624,0.0036686241626284755,3.9791096846262612,1.2300618489583333,0.31842613220214844
2015-08-25,100708.62727864583,299.129581451416,-0.002928750589489937,0.0069293408741941676,2.8054579893747964,0.8196671803792318,0.3355642954508464
2015-08-26,100552.08170572917,300.17170842488605,-0.004602791741490364,0.003982964450635507,3.576867421468099,-0.7061640421549479,0.3310076395670573
2015-08-27,100525.01611328125,299.8204288482666,-0.003999290056526661,0.00439150035381175,2.2760321299235025,0.9665266672770182,0.32816123962402344
2015-08-28,100577.845703125,299.53051503499347,-0.0038498202338814735,0.004178747534751892,1.9826927185058594,2.4098402659098306,0.3270142873128255
2015-08-29,100567.38557942708,299.3811321258545,-0.0037681572139263153,0.005412343144314491,1.943359375,2.4598228931427,0.33137957255045575
2015-08-30,100613.04964192708,299.16734949747723,-0.003716869279742241,0.0078120172023723455,2.2489547729492188,2.8743679920832315,0.3448467254638672
2015-08-31,100704.001953125,299.1747137705485,-0.0036639710888266563,0.003548679810194244,1.8907655080159504,2.932589610417684,0.3356177012125651
2015-09-01,100618.84391276042,299.4609966278076,-0.004336426965892315,0.003028192061719892,1.7204596201578777,3.210955262184143,0.3252328236897786
2015-09-02,100583.28580729167,299.1279754638672,-0.004095444455742836,0.0028584182261397473,0.9403718312581381,2.3607048988342285,0.3203423817952474
2015-09-03,100721.09944661458,299.6373405456543,-0.004633870907127857,0.001116633415222168,0.7104345957438151,1.5988432168960571,0.3115425109863281
2015-09-04,100977.84212239583,300.2162551879883,-0.005014026537537575,0.0003622949122359387,0.8654499053955078,-0.7273574670155843,0.29303741455078125
2015-09-05,100985.27913411458,300.44499524434406,-0.004962117411196232,0.00013888478287071848,1.0674781799316406,-1.2883034149805705,0.2767620086669922
2015-09-06,100918.55631510417,300.1386610666911,-0.004384100437164307,0.0010293424129486084,1.5581544240315754,-0.6625250577926636,0.26859792073567706
2015-09-07,100848.50162760417,299.9082895914714,-0.004437091760337353,0.0013062059879302979,1.4226063092549641,-0.10782388846079509,0.2665150960286458
2015-09-08,100796.80777994792,300.33303769429523,-0.004340812563896179,0.002139473456622909,1.22015380859375,0.16274372736612955,0.2670478820800781
2015-09-09,100811.2041015625,299.87314860026044,-0.003549921326339245,0.009262834975913847,1.1282456715901692,0.4219617048899333,0.3057696024576823
2015-09-10,100791.89697265625,300.149699529012,-0.0035794219002127647,0.010831185475467464,1.1818052927652996,-0.415674885114034,0.33415985107421875
2015-09-11,100703.41064453125,300.3255532582601,-0.004323229193687439,0.013404560089117723,0.8829396565755209,0.1915911833445231,0.34484608968098956
2015-09-12,100748.4580078125,299.6109053293864,-0.0037234071642160416,0.017501000205736972,0.41736920674641925,1.546495834986369,0.36173439025878906
2015-09-13,100792.14811197917,299.7442111968994,-0.0037335017696022987,0.015457022190069836,1.4940719604492188,1.0180130004882812,0.36672528584798175
2015-09-14,100661.09212239583,299.4073422749837,-0.002952289767563343,0.02262044090485915,1.7813233534495037,0.5290864308675131,0.375274658203125
2015-09-15,100542.03466796875,299.6966323852539,-0.00350948516279459,0.018429929018015656,2.008246382077535,-0.2692604064941406,0.37151463826497394
2015-09-16,100435.71256510417,300.1545467376709,-0.0034970100969076157,0.008057811856268415,1.964779535929362,-0.8427435159683228,0.3620840708414714
2015-09-17,100325.28190104167,300.8214937845866,-0.003737669438123703,0.005629986524581909,3.3750782012939453,-1.4518483479817708,0.3511333465576172
2015-09-18,100210.037109375,300.31347211201984,-0.004233739338815212,0.023729694053884032,6.108883539835612,1.0417601267496746,0.3681526184082031
2015-09-19,100228.06038411458,300.3667335510254,-0.005400076508522034,0.006808030605270687,4.473521550496419,4.180544535319011,0.354095458984375
2015-09-20,100314.24137369792,299.3954658508301,-0.003123757429420948,0.007588937878608704,2.3462632497151694,4.80535368124644,0.3531487782796224
2015-09-21,100410.83479817708,299.1168626149495,-0.003939216025173664,0.005745083068518397,1.608390172322591,5.564255277315776,0.34814898173014325
2015-09-22,100628.53792317708,299.68326632181805,-0.0040351152420043945,0.0021337402655490223,1.2178688049316406,3.8828469117482505,0.33299001057942706
2015-09-23,100843.99039713542,299.6574287414551,-0.0041529517620801926,0.001729324460029602,1.2430051167805989,2.26902707417806,0.31707000732421875
2015-09-24,100789.70442708333,300.0272699991862,-0.004370241425931454,0.000444645127856802,1.4487648010253906,-0.24938937028249106,0.30224863688151044
2015-09-25,100727.29085286458,299.86475563049316,-0.0048046475276350975,0.00046779215335845947,1.7865219116210938,-0.7717342376708984,0.2871774037679036
2015-09-26,100785.59733072917,299.1656850179036,-0.005134053528308868,7.613003253936768e-05,0.43608347574869794,-1.3680176337560017,0.2713737487792969
2015-09-27,100758.77571614583,299.73156929016113,-0.005323173478245735,3.7664324281649897e-06,0.2640838623046875,-2.2623926798502603,0.25647926330566406
2015-09-28,100635.11897786458,300.72356605529785,-0.005038140341639519,8.450497261947021e-07,0.8343353271484375,-2.943126678466797,0.2428150177001953
2015-09-29,100601.31591796875,302.4022680918376,-0.004995363764464855,3.6835669448009867e-06,-0.38190968831380206,-2.2743841807047525,0.23065058390299478
2015-09-30,100679.48583984375,303.00597254435223,-0.00553616788238287,8.52346317969932e-07,-0.9687646230061849,-1.9782007535298665,0.21743392944335938
2015-10-01,100788.28515625,302.5879764556885,-0.005066541954874992,8.553266525268555e-06,0.11632219950358073,0.4042644500732422,0.20546404520670572
2015-10-02,100981.64664713542,300.9867572784424,-0.004651091992855072,0.0060179829597473145,0.5934785207112631,2.301917394002279,0.22547594706217447
2015-10-03,101035.92643229167,300.0522104899089,-0.0036578187718987465,0.01576119661319808,0.8116677602132162,1.7553927103678386,0.3219064076741536
2015-10-04,100961.74348958333,299.9850495656331,-0.00308831874281168,0.021310955286026,0.5783106486002604,0.19346503416697183,0.3546326955159505
2015-10-05,100779.9375,300.92753410339355,-0.004020426422357559,0.0067139744757582775,0.028693517049153645,-1.0752956072489421,0.34379005432128906
2015-10-06,100610.45751953125,301.7697944641113,-0.00458118412643671,0.0,0.16736348470052084,-1.5057353973388672,0.3208808898925781
2015-10-07,100665.99755859375,301.61275990804035,-0.004744742996990681,4.351138045421976e-07,0.6786454518636068,0.1691292921702067,0.3005390167236328
2015-10-08,100650.09602864583,301.9862531026204,-0.004679040051996708,4.926323885712236e-06,1.0414759318033855,1.6718457539876301,0.28598785400390625
2015-10-09,100655.21272786458,301.66846021016437,-0.004456337541341782,0.0015560925006816717,0.8907235463460287,1.7045218149820964,0.2804883321126302
2015-10-10,100752.65966796875,301.53063201904297,-0.00508192740380764,0.0022393643855025402,-0.009784062703450521,2.425682783126831,0.2771924336751302
2015-10-11,100954.83024088542,300.68373680114746,-0.005134524777531624,0.006247425079266122,-0.7423063913981119,1.7763084570566814,0.3054453531901042
2015-10-12,101014.05305989583,300.8677838643392,-0.004493325017392635,2.69144773028529e-05,-0.3376700083414714,0.4433580239613851,0.2949689229329427
2015-10-13,100993.78955078125,301.44961484273273,-0.003797682002186775,0.0010348260402679443,0.24976793924967447,-0.783833384513855,0.27881495157877606
2015-10-14,100998.63427734375,302.4053160349528,-0.004341689869761467,9.5367431640625e-07,0.5591964721679688,-1.2977529764175415,0.2654533386230469
2015-10-15,100916.23160807292,302.5253397623698,-0.005643922835588455,8.583068797918258e-07,-0.2644497553507487,-2.1995010375976562,0.2484124501546224
2015-10-16,100931.70751953125,302.25070635477704,-0.005208583548665047,1.7121495261562814e-06,-0.1461162567138672,-1.4289271036783855,0.23327954610188803
2015-10-17,100956.13541666667,302.7172107696533,-0.004591384902596474,4.511056602041208e-06,-0.11716906229654948,-0.6428546905517578,0.2198816935221354
2015-10-18,101063.38720703125,302.27577781677246,-0.004428904503583908,0.0002338886260986328,-0.35158220926920575,0.3964405059814453,0.20940653483072916
2015-10-19,100997.7783203125,302.8138949076335,-0.004868378862738609,4.9561262130737305e-05,0.09890230496724446,-1.2992152372996013,0.1992340087890625
2015-10-20,100832.1923828125,302.3916269938151,-0.004916027188301086,8.523463748133508e-07,0.2573343912760417,-1.6440238952636719,0.18790562947591147
2015-10-21,100808.58935546875,302.7731005350749,-0.004716384224593639,2.58088101645626e-06,0.4115867614746094,-1.6486968994140625,0.17676417032877603
2015-10-22,100853.29915364583,303.36225509643555,-0.005370371043682098,4.351138045421976e-07,-0.499820073445638,-2.4005183378855386,0.16547330220540366
2015-10-23,100858.58056640625,302.7239138285319,-0.004349983297288418,0.0003498643636703491,-0.13878440856933594,-0.6669774850209554,0.15637588500976562
2015-10-24,100806.92561848958,303.0923023223877,-0.004128261469304562,0.0004173487424736777,-0.3392632802327474,-0.7994346618652344,0.15153185526529947
2015-10-25,100916.833984375,302.94054857889813,-0.004578235559165478,0.0005637884138991467,-0.4249490102132161,-1.3736718495686848,0.14774386088053384
2015-10-26,101021.69010416667,302.81947072347003,-0.005138386972248554,7.288157939910889e-05,-1.1354494094848633,-1.6298174858093262,0.14080937703450522
2015-10-27,101000.36539713542,301.7141291300456,-0.004078683443367481,5.230307579040527e-06,-0.5376974741617838,-1.6587693293889363,0.13303120930989584
2015-10-28,100944.21761067708,302.0310821533203,-0.0039737895131111145,0.0,0.2447071075439453,-1.220314582188924,0.12647438049316406
2015-10-29,100885.49397786458,301.5833988189697,-0.005193731747567654,4.351138045421976e-07,-0.2360923687616984,-3.146270513534546,0.1207898457845052
2015-10-30,100844.3291015625,300.94171206156415,-0.0042088208720088005,8.52346317969932e-07,0.012324015299479166,-2.365281025568644,0.11470349629720052
2015-10-31,100788.82633463542,301.35323270161945,-0.00423006247729063,8.52346317969932e-07,-0.7509282430013021,-1.8750473658243816,0.1101849873860677
2015-11-01,100863.19905598958,301.83388964335126,-0.0038689011707901955,0.0,-0.7055142720540365,-1.221253792444865,0.10621261596679688
2015-11-02,100956.97591145833,301.96479924519855,-0.004099222831428051,8.603500312176493e-07,-0.8522466023763021,-1.2393702665964763,0.10292625427246094
2015-11-03,100997.41943359375,301.17958005269367,-0.0033305641263723373,4.410743663640915e-07,0.2816925048828125,-0.985770583152771,0.10060818990071614
2015-11-04,100951.08512369792,301.249755859375,-0.0030823787674307823,8.583068797918258e-07,0.41121355692545575,-0.04898317654927572,0.09878158569335938
2015-11-05,100945.98470052083,301.08965555826825,-0.0029431618750095367,2.142785888281651e-06,0.37713050842285156,0.16118590037027994,0.09740829467773438
2015-11-06,100864.84912109375,302.07077471415204,-0.003922147676348686,8.638220592160906e-07,0.022432327270507812,-2.2180149952570596,0.09608205159505208
2015-11-07,100929.24235026042,302.59959983825684,-0.0047977389767766,0.0,-0.27927589416503906,-3.0492607752482095,0.09435272216796875
2015-11-08,100965.18326822917,301.9168879191081,-0.003714979626238346,0.0,0.46125030517578125,-2.914239247639974,0.09290822347005208
2015-11-09,100900.23811848958,301.54262351989746,-0.003357156179845333,0.0,-0.3468799591064453,-2.087439854939779,0.09190305074055989
2015-11-10,100818.92740885417,301.37770144144696,-0.003621697425842285,4.351138045421976e-07,-0.6147200266520182,-2.3491934537887573,0.09108161926269531
2015-11-11,100887.16487630208,301.6437358856201,-0.0037310225889086723,1.725212143810495e-06,-1.3224118550618489,-2.814096530278524,0.09037590026855469
2015-11-12,101037.14388020833,301.56361452738446,-0.003478354774415493,1.3053416410002683e-06,-1.0448907216389973,-2.2187671264012656,0.08970705668131511
2015-11-13,101065.3056640625,301.3206373850505,-0.00329702440649271,2.135568024641543e-06,-0.4034239451090495,-1.8318034013112385,0.08916155497233073
2015-11-14,100856.0927734375,301.22802861531574,-0.0033522890880703926,1.7166162820103636e-06,-0.5966243743896484,-2.006323059399923,0.08867518107096355
2015-11-15,100776.05013020833,301.46736971537274,-0.003460763953626156,-3.4515323932282627e-10,-0.6886281172434489,-2.3462560574213662,0.08825047810872395
2015-11-16,100739.54329427083,301.58705647786456,-0.003474726341664791,4.351138045421976e-07,-0.6774431864420573,-2.884815255800883,0.08786837259928386
2015-11-17,100759.82307942708,301.2233893076579,-0.003132033161818981,8.583068051848386e-07,-0.20555750528971353,-2.531648635864258,0.08755175272623698
2015-11-18,100925.15169270833,301.0392500559489,-0.0035276655107736588,0.0,-1.6450303395589192,-2.0669739643732705,0.08729362487792969
2015-11-19,100973.26318359375,300.3946183522542,-0.0036361953243613243,4.261732051702438e-07,-1.631778081258138,-2.673159917195638,0.08707491556803386
2015-11-20,100819.14469401042,301.38444900512695,-0.0028642332181334496,0.0,-1.5305252075195312,-1.4986406962076824,0.08687146504720052
2015-11-21,100887.3583984375,300.9228172302246,-0.0018407143652439117,0.005640208720251394,-1.071673075358073,0.13811898231506348,0.10587183634440105
2015-11-22,100916.6279296875,300.1385275522868,-0.0024551106616854668,0.0037109494209239813,-0.9842478434244791,-1.654870827992757,0.17736371358235678
2015-11-23,100971.54329427083,300.71334711710614,-0.002875600941479206,0.0016777664422988892,-1.074231465657552,-0.579644521077474,0.1840496063232422
2015-11-24,100994.21809895833,301.0305805206299,-0.002525375224649906,0.0006134003400752874,-0.867913564046224,-0.45368703206380206,0.1791229248046875
2015-11-25,101009.79248046875,301.0260753631592,-0.002419651485979557,0.0008850991725921631,-0.37652333577473956,-1.5049320459365845,0.1721343994140625
2015-11-26,100954.83626302083,301.6123294830322,-0.0032111769542098045,4.2915326048387215e-06,0.010738372802734375,-1.763522466023763,0.1611760457356771
2015-11-27,100846.16748046875,300.7961120605469,-0.0045090485364198685,1.2887764455626893e-06,0.4363390604654948,-3.3536402384440103,0.14553515116373697
2015-11-28,101019.91813151042,299.68119557698566,-0.004274863749742508,2.1472691855706216e-06,0.5938831567764282,-2.9985294342041016,0.1311314900716146
2015-11-29,101109.20377604167,300.3243490854899,-0.0029016071930527687,1.725511481254216e-06,0.15582704544067383,-2.094418168067932,0.11975479125976562
2015-11-30,101122.10042317708,300.3924681345622,-0.00248088501393795,1.7195939676639682e-06,-0.0046838124593098955,-0.9819629987080892,0.11167716979980469
2015-12-01,101004.79833984375,300.80209096272785,-0.0024597104638814926,0.0,0.20448875427246094,-1.6125882466634114,0.10566139221191406
2015-12-02,101034.38785807292,301.18134752909344,-0.0031321505084633827,2.1517276422855502e-06,-0.1292902628580729,-3.1540139516194663,0.10083961486816406
2015-12-03,101093.61767578125,300.7826328277588,-0.002850194461643696,0.0,0.2683219909667969,-2.6902335484822593,0.09692446390787761
2015-12-04,101019.94938151042,300.73047828674316,-0.002869119867682457,8.523463748133508e-07,-0.38744409879048664,-2.6788870096206665,0.09403419494628906
2015-12-05,101051.42724609375,300.52942276000977,-0.0027596885338425636,0.0,-0.8908430735270182,-2.309540867805481,0.09189097086588542
2015-12-06,101029.90576171875,300.40354283650714,-0.002732483670115471,1.7065702877516742e-06,-1.1932938893636067,-2.1669642130533853,0.09034156799316406
2015-12-07,101101.19026692708,300.2536398569743,-0.002720204181969166,0.0,-1.1435743967692058,-1.6141546567281086,0.08922831217447917
2015-12-08,101080.5966796875,299.9286632537842,-0.002407575026154518,8.52346317969932e-07,-0.9205169677734375,-1.5636415481567383,0.08843485514322917
2015-12-09,101090.12353515625,298.9821065266927,-0.002099214121699333,1.7136334804490616e-06,-0.2046417792638143,-0.9328887462615967,0.08791478474934895
2015-12-10,101014.81656901042,298.7698866526286,-0.0020025186240673065,8.523463748133508e-07,1.0071016947428386,-1.994307001431783,0.08758163452148438
2015-12-11,100945.90494791667,298.5554478963216,-0.0019357213750481606,0.0,0.5512307484944662,-1.662212649981181,0.08728790283203125
2015-12-12,100892.3623046875,298.6728935241699,-0.002978808246552944,1.7020102518472413e-06,0.6094996134440104,-2.883060177167257,0.08702977498372395
2015-12-13,100957.38541666667,298.80984433492023,-0.0028025759384036064,1.728259462652204e-06,0.6255467732747396,-2.979384978612264,0.08680979410807292
2015-12-14,100975.2099609375,299.2116870880127,-0.002350454218685627,4.174513605903485e-07,0.6666526794433594,-3.1857157945632935,0.08664004007975261
2015-12-15,100945.23909505208,299.3544521331787,-0.0017178002744913101,8.52346317969932e-07,0.8618284861246744,-2.07797900835673,0.0865008036295573
2015-12-16,100984.85660807292,298.39245478312176,-0.0022972524166107178,2.5652271347098576e-06,1.0941715240478516,-3.1207669576009116,0.08642260233561198
2015-12-17,101009.31705729167,298.39289410909015,-0.0038964655250310898,-8.864333267410984e-09,0.25086085001627606,-4.814223607381185,0.08633613586425781
2015-12-18,101071.32096354167,298.1601670583089,-0.0020505674183368683,8.583068797918258e-07,0.16392898559570312,-2.636782964070638,0.08622360229492188
2015-12-19,101227.37451171875,298.0445562998454,-0.0012934980913996696,0.0,0.08754285176595052,-0.49718960126241046,0.08613395690917969
2015-12-20,101240.45166015625,298.2641849517822,-0.001790105365216732,0.0,0.8565222422281901,-2.4085845152537027,0.08607800801595052
2015-12-21,101271.994140625,297.63531557718915,-0.0027301274240016937,3.004778591275681e-06,0.49122174580891925,-3.214417298634847,0.0860137939453125
2015-12-22,101460.95768229167,296.0900764465332,-0.002810439094901085,4.154368866693403e-07,0.24372780323028564,-3.54291037718455,0.08597437540690105
2015-12-23,101429.18343098958,296.28089332580566,-0.002809464931488037,8.52346317969932e-07,0.1594372590382894,-4.593096335728963,0.08592605590820312
2015-12-24,101351.0947265625,297.05292892456055,-0.0025650300085544586,8.52346317969932e-07,-1.7222506999969482,-3.775587717692057,0.08587964375813802
2015-12-25,101376.96142578125,297.11199442545575,-0.0024125203490257263,8.52346317969932e-07,-2.822164217631022,-2.188279469807943,0.08582115173339844
2015-12-26,101457.02294921875,296.20165634155273,-0.0021061301231384277,8.52346317969932e-07,-1.6369412740071614,-1.9300238291422527,0.0857696533203125
2015-12-27,101503.36995442708,296.4964764912923,-0.0017321594059467316,8.52346317969932e-07,-1.1502310434977214,-1.725943962732951,0.08572069803873698
2015-12-28,101526.380859375,297.6581516265869,-0.0017780456691980362,8.52346317969932e-07,-0.9715442657470703,-1.8633812268575032,0.08567047119140625
2015-12-29,101346.05322265625,298.6704896291097,-0.0018051713705062866,4.351138045421976e-07,-0.978854775428772,-1.7155927022298176,0.08560562133789062
2015-12-30,101194.30582682292,298.570831934611,-0.001634424552321434,0.0,-0.8443120320638021,-1.326847235361735,0.08554331461588542
2016-01-01,101482.01953125,299.0316111246745,-0.001936536282300949,4.351138045421976e-07,-0.5210913817087809,-1.9518365065256755,0.0854199727376302
2016-01-02,101520.58984375,297.3755423227946,-0.0018545622006058693,0.0,0.36001022656758624,-2.199226180712382,0.08537737528483073
2016-01-03,101370.65120442708,297.1073525746663,-0.0018433509394526482,0.0,0.09768791993459065,-2.215142289797465,0.08534049987792969
2016-01-04,101373.951171875,297.78667068481445,-0.001887666992843151,0.0,-0.3359381357828776,-1.8722485701243083,0.08526420593261719
2016-01-05,101266.8603515625,298.13107681274414,-0.0017646178603172302,1.704692635939864e-06,-0.1263116200764974,-1.975556453069051,0.08520444234212239
2016-01-06,101261.02913411458,297.8565031687419,-0.0014437772333621979,1.2874602361989673e-06,0.42681312561035156,-1.3120005925496419,0.08516693115234375
2016-01-07,101378.12174479167,297.66250801086426,-0.0014980314299464226,8.612871056357108e-07,0.2199395497639974,-1.3590832551320393,0.08511924743652344
2016-01-08,101342.43391927083,298.3308448791504,-0.0022224709391593933,8.52346317969932e-07,0.21262232462565103,-3.246077219645182,0.08507156372070312
2016-01-09,101203.49495442708,298.2271811167399,-0.002505376935005188,4.351138045421976e-07,0.11015745004018147,-3.238861918449402,0.08501879374186198
2016-01-10,101262.21549479167,297.97189394632977,-0.0020401785150170326,8.52346317969932e-07,0.08584022521972656,-2.5903135935465493,0.08496665954589844
2016-01-11,101245.55078125,297.453067779541,-0.001511123962700367,0.0,0.879987915356954,-1.7163126071294148,0.08491770426432292
2016-01-12,101147.69010416667,296.39462089538574,-0.0015868265181779861,0.0,1.0728715260823567,-2.2620438734690347,0.08481025695800781
2016-01-13,101082.07552083333,296.30173746744794,-0.0017005736008286476,1.2799181376976776e-06,0.8994216918945312,-2.013782342274984,0.08468182881673177
2016-01-14,101079.88541666667,295.6514492034912,-0.0016371943056583405,2.5549816768943856e-06,1.4374664624532063,-1.7047885656356812,0.08465321858723958
2016-01-15,101048.57698567708,295.79064496358234,-0.001552565023303032,2.7950896424044913e-06,1.0218054453531902,-1.4003030856450398,0.0846265157063802
2016-01-16,101026.01822916667,295.6636899312337,-0.0014866925776004791,0.0,0.9048131306966146,-0.7571468353271484,0.08460044860839844
2016-01-17,100996.50358072917,295.0313727060954,-0.0016386471688747406,1.0967254588933883e-06,0.13634872436523438,-0.09354654947916667,0.08445676167805989
2016-01-18,100979.25358072917,295.5482590993245,-0.0016946950927376747,0.0,0.7019844055175781,-1.343249519666036,0.08439826965332031
2016-01-19,101104.25439453125,295.4911518096924,-0.002471271902322769,0.0,-0.11756388346354167,-2.6147499084472656,0.08428573608398438
2016-01-20,101254.11214192708,295.7650775909424,-0.0027614235877990723,0.0,-0.35106150309244794,-3.9226061503092446,0.08422787984212239
2016-01-21,101292.4384765625,296.61321449279785,-0.002393024042248726,1.7046927496267017e-06,-1.4974600474039714,-3.1918270587921143,0.08419291178385417
2016-01-22,101284.34228515625,296.91188049316406,-0.00218158308416605,0.0,-1.2225810289382935,-2.674551486968994,0.08414204915364583
2016-01-23,101290.74235026042,298.1454709370931,-0.001939644105732441,1.7046928064701206e-06,-1.2817072470982869,-2.4747671286265054,0.0840911865234375
2016-01-24,101303.83121744792,297.41102600097656,-0.0017421133816242218,8.523463748133508e-07,0.056062777837117515,-2.581085960070292,0.08403587341308594
2016-01-25,101177.48063151042,295.704408009847,-0.0018951185047626495,0.0,0.7752765814463297,-2.5126278400421143,0.08399136861165364
2016-01-26,101190.5888671875,294.87228266398114,-0.001853693276643753,2.1353616830310784e-06,1.006060282389323,-2.497675657272339,0.08392143249511719
2016-01-27,101200.62841796875,295.2091286977132,-0.0017591379582881927,1.6980999930638063e-06,0.49186261494954425,-2.813688278198242,0.08381589253743489
2016-01-28,101177.85172526042,296.92384147644043,-0.0014637447893619537,0.0,0.45282872517903644,-2.5857957204182944,0.08376057942708333
2016-01-29,101278.19514973958,297.4659818013509,-0.0013877516612410545,8.52346317969932e-07,0.6877950032552084,-2.1453198989232383,0.08369255065917969
2016-01-30,101226.40250651042,298.3714656829834,-0.00168559979647398,8.523463748133508e-07,0.9960654973983765,-3.3050537109375,0.08361244201660156
2016-01-31,101188.36100260417,298.5342845916748,-0.0020332718268036842,0.0,0.6259688933690389,-3.556638717651367,0.08356348673502605
2016-02-01,101263.0439453125,298.0745423634847,-0.002009265124797821,1.7210477949447522e-06,0.9930458068847656,-3.224675933519999,0.08352088928222656
2016-02-02,101253.978515625,297.7236614227295,-0.0021644607186317444,1.7195939108205494e-06,0.48340288798014325,-3.454806089401245,0.08348528544108073
2016-02-03,101219.9375,297.2630551656087,-0.0023751985281705856,2.5689601557132846e-06,0.5899162292480469,-3.504838466644287,0.08345413208007812
2016-02-04,101126.21695963542,296.5234311421712,-0.0015439670532941818,8.727876661396294e-07,0.9556655883789062,-1.6933573484420776,0.08341471354166667
2016-02-05,101013.51936848958,296.4380677541097,-0.0011316798627376556,4.351138045421976e-07,1.1928537289301555,0.18536035219828287,0.08337084452311198
2016-02-06,101057.81396484375,295.5868396759033,-0.001535871997475624,5.8591364791027445e-06,1.1285512844721477,0.013109445571899414,0.08324050903320312
2016-02-07,101292.07926432292,295.0408566792806,-0.0019400687888264656,8.583069757150952e-07,0.40608978271484375,-2.0323243538538613,0.08303451538085938
2016-02-08,101119.3291015625,296.55660883585614,-0.0016495995223522186,8.52346317969932e-07,0.84130859375,-2.0111021200815835,0.08297030131022136
2016-02-09,101030.96875,297.56281089782715,-0.001348620280623436,0.0,1.2400227785110474,-0.8110034863154093,0.08290799458821614
2016-02-10,101041.6982421875,297.3906307220459,-0.0014184340834617615,8.52346317969932e-07,1.2120025555292766,-0.1773306926091512,0.08281580607096355
2016-02-11,101088.6513671875,295.84460194905597,-0.001719677820801735,8.502602575788387e-06,1.2497587203979492,-0.7886166969935099,0.0828259785970052
2016-02-12,101158.26416015625,295.07017517089844,-0.002006731927394867,3.725290298461914e-07,0.9098660151163737,-1.2863224744796753,0.08275922139485677
2016-02-13,101172.70198567708,295.73729133605957,-0.002210427075624466,2.5796225600061007e-06,0.812896728515625,-2.9612134297688804,0.08267529805501302
2016-02-14,101106.64404296875,297.7042655944824,-0.002622133120894432,0.0,0.5854072570800781,-3.8012100060780845,0.08264923095703125
2016-02-15,101112.27180989583,297.8869101206462,-0.0021183937788009644,2.9938573788967915e-06,1.1999746958414714,-3.2375580072402954,0.08260917663574219
2016-02-16,101090.58723958333,298.0084145863851,-0.0013475976884365082,8.625621603641775e-07,1.3663043975830078,-1.4141209920247395,0.08258438110351562
2016-02-17,101120.43977864583,298.01752344767254,-0.001172870397567749,8.52346317969932e-07,1.0999890963236492,-0.4594103495279948,0.0825640360514323
2016-02-18,101086.79345703125,298.4608840942383,-0.0014968803152441978,0.0,1.2066764831542969,-1.7506407896677654,0.08250363667805989
2016-02-19,101271.30989583333,298.6537857055664,-0.001499648205935955,8.523463748133508e-07,1.6490408579508464,-2.1849754651387534,0.08246676127115886
2016-02-20,101248.771484375,299.8371238708496,-0.002077525481581688,8.523463748133508e-07,1.5493768056233723,-3.29270072778066,0.08235232035319011
2016-02-21,101180.82845052083,300.30012639363605,-0.002822030335664749,3.443003151915036e-06,1.4594707489013672,-3.543845057487488,0.0822893778483073
2016-02-22,101197.6259765625,298.43885612487793,-0.0027481811121106148,1.7061179846677987e-06,1.0704714457194011,-3.4089402755101523,0.08225059509277344
2016-02-23,100952.81591796875,297.81200472513837,-0.001517978496849537,0.0,1.4829940795898438,-1.2729183832804363,0.08217684427897136
2016-02-24,101004.69612630208,297.357671101888,-0.001289166510105133,1.7046927496267017e-06,0.9626636505126953,1.729675054550171,0.08212343851725261
2016-02-25,101118.19807942708,297.29895973205566,-0.001552070491015911,1.6653537748823055e-05,0.7845528920491537,-0.44625290234883624,0.08206367492675781
2016-02-26,101153.45247395833,298.2958507537842,-0.0016330555081367493,2.5172590696342922e-06,1.0765753189722698,-1.4159555435180664,0.08192888895670573
2016-02-27,101152.2978515625,299.3618412017822,-0.0014126896858215332,8.52346317969932e-07,0.8918565114339193,0.1540675163269043,0.08184432983398438
2016-02-28,101272.89762369792,299.189058303833,-0.0013541234657168388,2.9986954359628726e-06,1.165201187133789,0.8603821198145548,0.0817273457845052
2016-02-29,101203.96077473958,299.76042048136395,-0.0016718339174985886,1.0162590911022562e-06,1.1495704650878906,-0.5994061231613159,0.08161671956380208
2016-03-01,101043.08951822917,300.5330893198649,-0.0016292957589030266,0.0001070392053179603,0.7911694844563802,-0.034465670585632324,0.08204905192057292
2016-03-02,101140.80940755208,300.9447962443034,-0.001687644049525261,0.00026044249534606934,0.7691694895426432,-0.2965279420216878,0.08363151550292969
2016-03-03,101190.34716796875,301.4714584350586,-0.002095172181725502,4.280275391010946e-06,1.2888139088948567,-1.6514516671498616,0.08440589904785156
2016-03-04,101059.896484375,301.88377062479657,-0.0024571698158979416,3.6072769944439642e-06,0.8886875708897909,-2.1838727394739785,0.08424886067708333
2016-03-05,100954.57861328125,300.25437990824383,-0.0026042647659778595,0.0,1.3945191303888957,-2.0632678667704263,0.08413441975911458
2016-03-06,100987.5537109375,299.4357172648112,-0.002550876699388027,1.716613667213096e-06,1.3223063945770264,-2.5270881255467734,0.0839983622233073
2016-03-07,100891.0615234375,299.87131373087567,-0.0023991065099835396,0.0,0.9972101847330729,-2.3352351983388266,0.08388646443684895
2016-03-08,100844.96142578125,300.80701065063477,-0.0027358001098036766,2.587142773791129e-06,1.4096698760986328,-3.3983219464619956,0.0838177998860677
2016-03-09,100957.359375,300.3214537302653,-0.0021367669105529785,8.52346317969932e-07,1.1176592508951824,-2.7486650943756104,0.08375612894694011
2016-03-10,100953.97623697917,301.33043734232587,-0.002435125410556793,1.7106532368416083e-06,1.0479361216227214,-3.387619217236837,0.08370208740234375
2016-03-11,100987.57389322917,300.9478899637858,-0.001638069748878479,1.7195939108205494e-06,1.4245185852050781,-1.5249945322672527,0.0836474100748698
2016-03-12,100967.7724609375,299.93994394938153,-0.0021455585956573486,2.9916868697910104e-06,2.2748101552327475,-1.7936917543411255,0.08359273274739583
2016-03-13,101125.68522135417,298.3227183024089,-0.002141614444553852,8.147358893850765e-05,1.7434677282969158,-2.157508651415507,0.08375104268391927
2016-03-14,101096.35026041667,298.5349706013997,-0.002144377678632736,1.1438131327423662e-05,1.4045480092366536,-2.545087297757467,0.08408482869466145
2016-03-15,100984.83626302083,299.5427831013997,-0.0019259126856923103,8.523463748133508e-07,1.8324222564697266,-2.0396894613901773,0.08387247721354167
2016-03-16,100950.68359375,299.520751953125,-0.0015384452417492867,8.583068797918258e-07,1.6160221099853516,0.2559524377187093,0.08371480305989583
2016-03-17,101001.24153645833,299.4223798116048,-0.0016397107392549515,1.723023274280422e-06,1.4074954986572266,-0.16575491428375244,0.08359082539876302
2016-03-18,100926.52799479167,300.65866470336914,-0.0019647348672151566,1.7021400253725005e-06,1.6883716583251953,-2.130301078160604,0.08349037170410156
2016-03-19,100955.63362630208,302.48228963216144,-0.0028797248378396034,8.612274626784711e-07,1.0363370974858601,-3.511712630589803,0.0833282470703125
2016-03-20,101018.02115885417,302.3121058146159,-0.0025779660791158676,8.52346317969932e-07,1.3141434987386067,-3.102221647898356,0.08321634928385417
2016-03-21,100938.36197916667,300.8486728668213,-0.0023351814597845078,0.0,1.3678067525227864,-2.323544979095459,0.08312161763509114
2016-03-22,100754.66145833333,301.0242519378662,-0.0024932008236646652,2.568703166616615e-06,1.3759174346923828,-2.341477314631144,0.08302625020345052
2016-03-23,100713.04475911458,302.3907953898112,-0.0022573545575141907,8.555832096135418e-07,1.1608670552571614,-1.617924690246582,0.08294169108072917
2016-03-24,100940.78759765625,300.84485816955566,-0.0014743376523256302,1.7167781152238604e-06,1.627921422322591,0.6412332455317179,0.0828564961751302
2016-03-25,101060.03548177083,300.1825936635335,-0.0017104707658290863,8.713729471310216e-07,1.4008267720540364,1.9528471231460571,0.08268229166666667
2016-03-26,100992.88606770833,301.11380704243976,-0.0018670428544282913,0.0,1.341788609822591,-0.5338509877522787,0.08257993062337239
2016-03-27,100936.18277994792,301.9073263804118,-0.0021287379786372185,0.00016948580741882324,1.3928362528483074,-1.1610008478164673,0.08330726623535156
2016-03-28,100956.72281901042,301.4380537668864,-0.0022795414552092552,0.0,1.5139929453531902,-1.5257550875345867,0.08383433024088542
2016-03-29,101019.35709635417,300.6023292541504,-0.002076367847621441,0.0,1.297061284383138,-0.2952562173207601,0.08362197875976562
2016-03-30,101074.39095052083,300.4534664154053,-0.002167709171772003,2.384185734172206e-06,1.6357434590657551,-1.085818847020467,0.08347702026367188
2016-03-31,100965.44108072917,300.0505797068278,-0.0022724950686097145,-6.458662937802728e-09,1.648946762084961,-1.4773863156636555,0.08338228861490886
2016-04-01,100800.3154296875,300.13663546244305,-0.0022661685943603516,8.523463748133508e-07,1.7621498107910156,-2.2353814442952475,0.08316485087076823
2016-04-02,100905.16031901042,300.31170145670575,-0.0018937820568680763,8.657935950395768e-07,1.8867855072021484,-1.6139413913091023,0.08302815755208333
2016-04-03,100981.40397135417,300.8206030527751,-0.0017572250217199326,8.52346317969932e-07,1.7791868845621746,-1.0952601830164592,0.082977294921875
2016-04-04,100787.80696614583,301.654743830363,-0.001963278278708458,1.723052552193849e-06,2.088688532511393,-1.7339051167170207,0.08293851216634114
2016-04-05,100807.45914713542,301.34566561381024,-0.0018191635608673096,9.119509627453226e-07,1.9633744557698567,-1.0108343760172527,0.0828870137532552
2016-04-06,100910.05647786458,300.9583517710368,-0.0024017449468374252,1.7046927496267017e-06,2.1522833506266275,-1.9412061770757039,0.0828234354654948
2016-04-07,100831.69303385417,301.3218739827474,-0.002617897465825081,0.00019666850556632198,1.4185199737548828,-2.7722163597742715,0.08368810017903645
2016-04-08,100765.3583984375,302.25151952107746,-0.0029738834127783775,1.739649633236695e-06,1.5083560943603516,-3.4269773960113525,0.08420753479003906
2016-04-09,100836.85302734375,302.04811414082843,-0.00228037778288126,8.583068833445395e-07,1.7524490356445312,-2.9751670360565186,0.08403269449869792
2016-04-10,100921.81070963542,302.2771739959717,-0.0019525205716490746,1.7148383335552353e-06,1.8278605143229167,-2.3328144947687783,0.08390617370605469
2016-04-11,100864.36442057292,302.54019355773926,-0.0024208808317780495,0.0,1.8617299397786458,-3.266857147216797,0.08378664652506511
2016-04-12,100698.11197916667,302.4610424041748,-0.0024033626541495323,4.3560817175603006e-07,2.0531641642252603,-3.0142873922983804,0.0836652119954427
2016-04-13,100603.67024739583,301.3483600616455,-0.0018398705869913101,0.0,1.833901087443034,-1.5316670735677083,0.08353869120279948
2016-04-14,100635.27311197917,300.98366355895996,-0.0019582370296120644,3.4460201732144924e-06,1.8279234568277996,-1.6136741638183594,0.08346939086914062
2016-04-15,100701.06624348958,301.3542823791504,-0.0022093188017606735,8.52346317969932e-07,2.0633519490559897,-2.217749277750651,0.08331807454427083
2016-04-16,100723.91715494792,300.77238845825195,-0.0019650328904390335,5.012750705191138e-06,2.198981006940206,-0.8552417755126953,0.08319091796875
2016-04-17,100714.84326171875,300.6978537241618,-0.0020819026976823807,4.34164425655581e-05,2.0048991441726685,-1.2823028564453125,0.08328437805175781
2016-04-18,100633.70361328125,302.04874992370605,-0.0020535653457045555,6.8287748149487015e-06,1.8416112263997395,-2.204501469930013,0.08324178059895833
2016-04-19,100720.03336588542,302.3048674265544,-0.0019884128123521805,0.0,2.242706298828125,-1.9666341145833333,0.08314005533854167
2016-04-20,100862.07731119792,302.1514472961426,-0.0021160338073968887,8.52346317969932e-07,2.602725346883138,-1.2774327596028645,0.08307266235351562
2016-04-21,100792.38069661458,301.2937876383464,-0.0020428039133548737,3.957748411664852e-06,2.798414866129557,-0.6266787052154541,0.08301035563151042
2016-04-22,100809.56640625,301.001122156779,-0.0022835126146674156,2.3725628750526084e-05,2.7530930836995444,1.0525701840718586,0.08314959208170573
2016-04-23,100636.65380859375,301.2466843922933,-0.0021347785368561745,1.0794401077873772e-05,2.845361073811849,0.7932056585947672,0.08312733968098958
2016-04-24,100558.09651692708,300.81580543518066,-0.0019674934446811676,1.0401010513305664e-05,2.1484222412109375,0.6950501203536987,0.08317629496256511
2016-04-25,100655.43229166667,300.64682896931964,-0.0021744249388575554,3.7342309951782227e-05,2.2388954162597656,-0.3122437795003255,0.08338101704915364
2016-04-26,100735.71419270833,301.59031041463214,-0.0021377475932240486,3.430159267736599e-06,1.6256993611653645,-2.2855032285054526,0.08328564961751302
2016-04-27,100563.244140625,303.99126688639325,-0.0028751613572239876,1.7121342352766078e-06,1.7293682098388672,-3.255024790763855,0.08310953776041667
2016-04-28,100553.0302734375,302.7053108215332,-0.0015290910378098488,-1.4276849924499402e-08,1.9872423807779949,-0.4652899503707886,0.08301417032877605
2016-04-29,100706.24202473958,301.84492619832355,-0.0017928807064890862,1.6063451766967773e-05,1.9930508931477864,1.0414448976516724,0.08278528849283855
2016-04-30,100738.25911458333,301.63389015197754,-0.0020654406398534775,8.881092071533203e-06,1.9939200083414714,0.3568902015686035,0.0828386942545573
2016-05-01,100690.34651692708,301.7283935546875,-0.0020235758274793625,6.7681073119274515e-06,2.0709095001220703,0.2542150020599365,0.08278274536132812
2016-05-02,100697.375,302.2304439544678,-0.0019478760659694672,2.5838611463768757e-06,1.8299458821614583,0.5173844496409098,0.08270072937011719
2016-05-03,100653.20296223958,302.05490557352704,-0.0021012071520090103,2.9802322387695312e-06,2.185514450073242,-0.8204199473063151,0.08263397216796875
2016-05-04,100679.82438151042,301.92082087198895,-0.0020921677350997925,6.371736525068172e-06,2.1971963246663413,-0.25902875264485675,0.08260472615559895
2016-05-05,100729.00618489583,302.171599706014,-0.0022984305396676064,2.1225750003850408e-05,2.473112106323242,-1.3579851786295574,0.08264223734537761
2016-05-06,100726.71158854167,301.9440752665202,-0.00227565411478281,2.386867561199324e-05,2.6656983693440757,-1.1431045532226562,0.0826581319173177
2016-05-07,100689.21175130208,302.0655460357666,-0.002028084360063076,3.950297832489014e-05,2.3262837727864585,-0.24444977442423502,0.08289591471354167
2016-05-08,100824.5859375,302.3598810831706,-0.001973642036318779,6.371140479544124e-05,2.6882960001627603,0.29055774211883545,0.08327929178873698
2016-05-09,100743.04817708333,302.2503484090169,-0.0020325062796473503,1.4066696166992188e-05,2.3524869283040366,-0.32301632563273114,0.08323160807291667
2016-05-10,100743.6943359375,302.56005732218426,-0.001965051516890526,0.0002314746379852295,2.4550692240397134,-0.8549639383951823,0.08476765950520833
2016-05-11,100689.08072916667,302.75617535909015,-0.002086571417748928,5.9157609939575195e-06,2.4687461853027344,-0.8153965870539347,0.08445103963216145
2016-05-12,100520.79768880208,302.7640444437663,-0.0019777370616793633,9.942054646217002e-06,2.695795694986979,-0.5963824192682902,0.08412869771321614
2016-05-13,100566.17838541667,302.9955024719238,-0.0019985809922218323,2.1371621585331013e-05,2.73893674214681,-0.20885729789733887,0.08403205871582031
2016-05-14,100623.96826171875,303.1985689798991,-0.0021388232707977295,1.3405087088358414e-05,2.396849433581034,-1.283492644627889,0.0839678446451823
2016-05-15,100592.31689453125,303.23407554626465,-0.0019623935222625732,2.0623207092285156e-05,2.4111754099527993,-0.7973010540008545,0.08386166890462239
2016-05-16,100345.66666666667,302.93968454996747,-0.0022205179557204247,4.720091819265804e-05,2.5989267826080322,-1.378346562385559,0.0838635762532552
2016-05-17,100160.52392578125,302.96097564697266,-0.0020061424002051353,4.2665004684749874e-05,2.6264832814534507,-1.0956974824269612,0.0842297871907552
2016-05-18,100111.60823567708,303.247075398763,-0.0020214468240737915,0.00018581748008728027,3.4105726877848306,1.2291673421859741,0.08463160196940105
2016-05-19,100132.02425130208,303.46044031778973,-0.002358931116759777,0.00042375922203063965,4.271612803141276,1.4395751953125,0.08681933085123698
2016-05-20,100272.56412760417,303.3237673441569,-0.0026498669758439064,0.0010722458361556164,4.831489562988281,1.5643449227015178,0.09203275044759114
2016-05-21,100495.52522786458,303.3696765899658,-0.0025835447013378143,0.00040706561891923343,4.541060129801433,1.7762209574381511,0.09515953063964844
2016-05-22,100601.26009114583,303.5709857940674,-0.002624516375362873,0.0006328940389543902,4.3788401285807295,2.5647366444269815,0.09572792053222656
2016-05-23,100652.39762369792,303.4912738800049,-0.0024623144418001175,0.0009911954402923584,4.126092910766602,2.2293268044789634,0.09839630126953125
2016-05-24,100580.68343098958,303.4483102162679,-0.0027177464216947556,0.0013193848949413223,3.419895807902018,2.7801245053609214,0.10359573364257812
2016-05-25,100499.01627604167,303.033634185791,-0.003912883810698986,0.004341321314257129,3.316615422566732,3.774438222249349,0.12037976582845052
2016-05-26,100588.61165364583,303.2075424194336,-0.003761524334549904,0.0016326606273651123,3.437723954518636,2.334811051686605,0.1390056610107422
2016-05-27,100682.64029947917,303.29830169677734,-0.0034145712852478027,0.0018161982297897339,3.4234577417373657,0.9910548130671183,0.13587570190429688
2016-05-28,100624.41845703125,303.19505500793457,-0.0035939402878284454,0.0015230208634307019,3.7186832427978516,0.9551664988199869,0.13686243693033853
2016-05-29,100548.83805338542,303.0510724385579,-0.0035392167046666145,0.00211179256439209,3.9267279307047525,1.7483718395233154,0.13605690002441406
2016-05-30,100488.10205078125,303.16688601175946,-0.003799697384238243,0.002169489860534668,3.3542003631591797,1.7573394378026326,0.13949139912923178
2016-05-31,100614.69759114583,303.2814286549886,-0.0035756975412368774,0.0019073963164260022,3.2008336782455444,-0.21728777885437012,0.1456476847330729
2016-06-01,100622.04427083333,303.38647270202637,-0.003781416453421116,0.0008661627769015467,3.4346566597620645,-1.0793771743774414,0.1375738779703776
2016-06-02,100554.22509765625,303.69127146402997,-0.0033358708024024963,0.00036700367923003796,3.4136734008789062,-1.3412965933481853,0.12441698710123698
2016-06-03,100481.39860026042,303.7926540374756,-0.0030868705362081528,0.00024096965779563106,3.4806925455729165,-1.4920628865559895,0.11423492431640625
2016-06-04,100462.16748046875,304.1965923309326,-0.002621002495288849,0.0002837389707224247,3.6030619144439697,-0.9914557139078776,0.10639699300130208
2016-06-05,100461.54264322917,304.1854540506999,-0.0025914106518030167,0.000239519348781414,4.123627583185832,-0.09876724084218343,0.1029802958170573
2016-06-06,100435.0419921875,303.7912089029948,-0.00212671235203743,0.0004910174173637927,3.723683714866638,0.4580721855163574,0.10115941365559895
2016-06-07,100395.85774739583,303.9510320027669,-0.0023296158760786057,0.0003688961266483659,3.800832748413086,-0.1595235268274943,0.10016123453776042
2016-06-08,100363.21305338542,304.0585479736328,-0.0026459526270627975,0.0007347613573074341,4.029093941052754,-0.15242457389831543,0.09940592447916667
2016-06-09,100341.45524088542,304.0579249064128,-0.0029864031821489334,0.001299932599067688,4.2600083748499555,0.26275336742401123,0.10098838806152344
2016-06-10,100434.62548828125,303.4598897298177,-0.003839530050754547,0.004603278589684123,4.622819264729817,0.7094084421793619,0.11898167928059895
2016-06-11,100542.71647135417,301.1321767171224,-0.0036925645545125008,0.008209165715037159,3.2185872395833335,3.4578763246536255,0.1916662851969401
2016-06-12,100527.58642578125,302.00157674153644,-0.00379191804677248,0.006117406737132569,3.9637349446614585,1.4706623156865437,0.23780377705891928
2016-06-13,100572.94694010417,302.76168886820477,-0.005232259631156921,0.003395530581506989,4.832284927368164,2.202142834663391,0.2282873789469401
2016-06-14,100482.70849609375,302.47169812520343,-0.005182132124900818,0.004395663738250732,5.745821634928386,2.308203101158142,0.22687466939290366
2016-06-15,100322.3017578125,302.0871124267578,-0.004783006384968758,0.0047017335890586764,5.1589317719141645,3.029932737350464,0.23485438028971353
2016-06-16,100295.70784505208,302.43262736002606,-0.004852495156228542,0.0028999855438769373,5.192124684651692,1.4160762627919514,0.227691650390625
2016-06-17,100334.3466796875,302.11222076416016,-0.004997795447707176,0.005553588271084209,4.960784912109375,-0.3776867787043254,0.23072306315104166
2016-06-18,100353.296875,302.2002773284912,-0.0035430826246738434,0.003000406185378779,3.837360382080078,-1.4078987836837769,0.23376592000325522
2016-06-19,100246.17431640625,300.9059238433838,-0.003162374719977379,0.010504546553647742,2.829469680786133,-0.6923895279566447,0.25426801045735675
2016-06-20,100092.990234375,299.3197949727376,-0.0033224355429410934,0.033085644245147705,2.906747817993164,1.349969704945882,0.3479785919189453
2016-06-21,100105.65006510417,300.2741635640462,-0.0037487614899873734,0.050086048245418624,1.8688723246256511,1.9462156295776367,0.36175982157389325
2016-06-22,100331.89501953125,300.4085947672526,-0.004480605944991112,0.031016248464482032,1.945505142211914,2.950121283531189,0.3700459798177083
2016-06-23,100303.52604166667,300.2860794067383,-0.004975329153239727,0.014155179262104411,2.0231107076009116,3.728228211402893,0.36395899454752606
2016-06-24,100250.92805989583,299.9893856048584,-0.004607438109815121,0.055514287948540186,3.694098790486654,2.7036433617273965,0.38530413309733075
2016-06-25,100332.56201171875,299.39809163411456,-0.003319305367767811,0.07718434333806812,4.265096028645833,3.7078833977381387,0.3980236053466797
2016-06-26,100307.20393880208,299.3220564524333,-0.003503810614347458,0.037692466378207,2.9442227681477866,4.363227486610413,0.3853721618652344
2016-06-27,100188.39794921875,299.2403157552083,-0.002990536391735077,0.03484161198139546,2.648493448893229,3.7033027013142905,0.38555463155110675
2016-06-28,100102.82747395833,299.5451412200928,-0.00283792894333601,0.06431341171264648,3.1171347300211587,2.887898842493693,0.388675053914388
2016-06-29,100222.1484375,299.2561798095703,-0.0024398965761065483,0.03568244518851316,4.09736442565918,2.4806203047434487,0.3870887756347656
2016-06-30,100193.66731770833,299.8030554453532,-0.0036711767315864563,0.0387091189622879,3.1259066263834634,4.32390817006429,0.3864053090413411
2016-07-01,100087.27018229167,300.00341606140137,-0.004408406093716621,0.04188480663966132,4.847821553548177,3.9781275590260825,0.3868255615234375
2016-07-02,100089.23258463542,299.5639165242513,-0.00266183540225029,0.04479219317431671,4.7530167897542315,4.864407022794087,0.3904380798339844
2016-07-03,100204.11490885417,299.8897285461426,-0.0032931817695498466,0.02159343957890769,5.116223017374675,3.2250739336013794,0.37896474202473956
2016-07-04,100268.55777994792,299.69374656677246,-0.0031359903514385223,0.04600671827792624,4.639368057250977,3.2612438201904297,0.3885313669840495
2016-07-05,100271.43522135417,299.45553970336914,-0.003347819671034813,0.012992635369300842,4.26536750793457,2.7717291514078775,0.3667774200439453
2016-07-06,100281.427734375,300.0862814585368,-0.004044396802783012,0.006050431728358063,4.547265370686849,2.772619883219401,0.34623146057128906
2016-07-07,100354.45735677083,300.39500363667804,-0.004197325557470322,0.004127307276746706,4.95848019917806,2.6271254221598306,0.333587646484375
2016-07-08,100258.62434895833,300.3529644012451,-0.004437798634171486,0.006159021662710984,5.606224695841472,2.0869878133138022,0.3306903839111328
2016-07-09,100148.73649088542,299.6399033864339,-0.003452208824455738,0.030391976237297058,5.937863667805989,2.7768758138020835,0.3734283447265625
2016-07-10,100096.99690755208,299.86753908793133,-0.004044251516461372,0.023103564977645874,6.660352071126302,2.330853978792826,0.3766771952311198
2016-07-11,100140.47965494792,299.24318822224933,-0.0030404431745409966,0.023750218748944008,5.619097391764323,2.1078304847081504,0.37831751505533856
2016-07-12,100220.16031901042,298.8297634124756,-0.003479067236185074,0.020637947320892636,4.50190544128418,3.296287496884664,0.37757619222005206
2016-07-13,100230.40869140625,299.012451171875,-0.004003481939435005,0.013111913415229992,3.7539037068684897,4.311281164487203,0.3673712412516276
2016-07-14,100292.3330078125,299.31939697265625,-0.003922116011381149,0.00827730000014526,2.892836888631185,4.411999026934306,0.3621927897135417
2016-07-15,100340.07373046875,299.42212104797363,-0.0042012473568320274,0.00647503137588501,2.5478312174479165,4.734813690185547,0.34910138448079425
2016-07-16,100430.22281901042,299.4460906982422,-0.004583064466714859,0.016061127185821533,2.718084971110026,5.023527145385742,0.3626829783121745
2016-07-17,100647.34733072917,299.16307067871094,-0.004232879728078842,0.013773262500706096,2.747966766357422,4.591677347819011,0.36873118082682294
2016-07-18,100686.64973958333,299.05585225423175,-0.003650067374110222,0.018922722339482334,3.5209789276123047,3.1604270935058594,0.37189610799153644
2016-07-19,100670.23209635417,298.7107728322347,-0.0023828521370887756,0.02434489130973816,3.721696217854818,1.7033451000849407,0.3791249593098958
2016-07-20,100571.60465494792,299.1338818868001,-0.0034919334575533867,0.016938531398771772,4.330735524495442,0.5418993631998698,0.37224451700846356
2016-07-21,100462.46110026042,298.70804532368976,-0.0024269409477710724,0.009394437074661255,3.2629862229029336,1.3141729434331257,0.3651924133300781
2016-07-22,100356.25130208333,298.71429379781085,-0.002692616544663906,0.014565593004192579,3.696997324625651,1.4575098355611165,0.37262725830078125
2016-07-23,100318.20426432292,298.9348551432292,-0.0032060034573078156,0.007906141876446782,3.210646311442057,1.5797509749730427,0.3613688151041667
2016-07-24,100344.6240234375,299.23718134562176,-0.0031818756833672523,0.010407716035842896,2.6923497517903647,1.3980249961217244,0.3638445536295573
2016-07-25,100373.15185546875,299.335906346639,-0.0032365256920456886,0.014686657237461986,2.3247947692871094,1.7702359755833943,0.3681659698486328
2016-07-26,100426.68196614583,299.0709864298503,-0.002328157424926758,0.013469997048275673,1.2936464945475261,1.9690100351969402,0.3690846761067708
2016-07-27,100501.63981119792,298.72672335306805,-0.0024679433554410934,0.018657878041267395,2.639871597290039,1.3529677391052246,0.37422943115234375
2016-07-28,100522.5546875,298.5959943135579,-0.0017311293631792068,0.05304397642612457,2.608106255531311,0.2931712865829468,0.3876412709554036
2016-07-29,100446.6875,298.70047760009766,-0.00178532674908638,0.0425694852738161,2.8570550282796225,-0.07788590590159099,0.3821837107340495
2016-07-30,100409.61360677083,298.6769383748372,-0.0025931447744369507,0.03190609216689566,3.670029958089193,0.733548124631246,0.37981287638346356
2016-07-31,100486.52750651042,298.777930577596,-0.0026641972362995148,0.06570618748649437,5.192186991373698,1.1640926996866863,0.395843505859375
2016-08-01,100339.77213541667,298.71609687805176,-0.002843249589204788,0.07047996308619986,6.580300013224284,2.671009143193563,0.39912668863932294
2016-08-02,100007.28255208333,299.3654441833496,-0.005068237893283367,0.0456196174685779,8.788122177124023,2.7750465075174966,0.3895161946614583
2016-08-03,100123.63802083333,298.9432118733724,-0.003874465823173523,0.028750655798091884,6.755609512329102,2.0679550568262735,0.37829144795735675
2016-08-04,100220.35758463542,298.7198944091797,-0.004329046234488487,0.017448311540722017,6.017126719156901,2.88811461130778,0.3747215270996094
2016-08-05,100186.0546875,298.7092005411784,-0.003340674564242363,0.035374420881169044,6.826751073201497,3.235730687777201,0.3826745351155599
2016-08-06,100274.81591796875,298.91468620300293,-0.003255074843764305,0.01254926919926902,6.331899642944336,2.646223505338033,0.36799176534016925
2016-08-07,100378.48160807292,299.056484858195,-0.004147435538470745,0.010341286659240723,5.756305694580078,3.4790881474812827,0.3619874318440755
2016-08-08,100471.82112630208,299.201384862264,-0.003890886902809143,0.012820263377761876,5.848275502522786,3.139519453048706,0.3649559020996094
2016-08-09,100442.11295572917,299.1294460296631,-0.004716997966170311,0.014069984529157864,6.208812713623047,3.860130230585734,0.3634351094563802
2016-08-10,100515.74430338542,298.7958456675212,-0.003590688109397888,0.020866656303400788,5.147985458374023,3.5734127362569175,0.37308184305826825
2016-08-11,100638.23649088542,299.528959274292,-0.0036183763295412064,0.010083881020516827,4.676609039306641,3.2430973052978516,0.3616828918457031
2016-08-12,100626.39794921875,299.4872563680013,-0.0033567287027835846,0.006202709674823836,4.5410614013671875,1.5100574493408203,0.350985844930013
2016-08-13,100540.0234375,299.84241485595703,-0.004522728733718395,0.004205131530756745,5.2417863210042315,1.6661866505940754,0.3407421112060547
2016-08-14,100513.83154296875,299.8295160929362,-0.005127789452672005,0.004544380111951796,5.733481089274089,2.4810669819513955,0.3336162567138672
2016-08-15,100477.85172526042,299.8015956878662,-0.005043119192123413,0.003832828631061602,6.119313557942708,1.7061276038487752,0.32773272196451825
2016-08-16,100398.96875,299.71186955769855,-0.004639763385057449,0.0037795959881350427,5.62557856241862,2.415024161338806,0.32305335998535156
2016-08-17,100318.62320963542,299.4045925140381,-0.0048912037163972855,0.005086875606139074,4.828919092814128,2.9060206413269043,0.32417869567871094
2016-08-18,100373.06494140625,299.0555585225423,-0.003974124789237976,0.006324085593178097,3.3996448516845703,2.478623708089193,0.3363291422526042
2016-08-19,100402.59554036458,299.6639747619629,-0.004522465169429779,0.003602424263949189,4.061047871907552,1.5935986836751301,0.32426007588704425
2016-08-20,100366.06868489583,298.87189356486004,-0.0033621173352003098,0.004593671509724118,3.6792780558268228,2.874060312906901,0.32511329650878906
2016-08-21,100424.71337890625,298.8763993581136,-0.003293357789516449,0.004890659451479706,3.6039861043294272,3.323925018310547,0.3316644032796224
2016-08-22,100496.71940104167,298.97163073221844,-0.003338419832289219,0.006910824485093059,3.359787623087565,3.115793148676554,0.33184178670247394
2016-08-23,100434.82405598958,299.29161580403644,-0.0034416066482663155,0.016529947519302368,3.3390426635742188,2.4685163497924805,0.3590831756591797
2016-08-24,100415.9912109375,299.58792813618976,-0.0038180770352482796,0.007952126860516273,3.378330866495768,1.910623828570048,0.3482933044433594
2016-08-25,100531.76969401042,299.8736750284831,-0.004934312775731087,0.005386540293688569,3.6199652353922525,1.6213741699854534,0.33572959899902344
2016-08-26,100520.6181640625,299.2429841359456,-0.0036911098286509514,0.01232819807812291,3.1379197438557944,1.14112122853597,0.3526083628336589
2016-08-27,100499.55387369792,298.97710545857746,-0.002736569382250309,0.024816030263895783,2.6289405822753906,2.2728347778320312,0.3704001108805339
2016-08-28,100525.71175130208,299.121924718221,-0.002419430762529373,0.022807037830318677,2.5667415857315063,2.5658931732177734,0.37130165100097656
2016-08-29,100468.79134114583,299.6455726623535,-0.003467690199613571,0.0094702482223461,2.5126050313313804,2.095688263575236,0.3565044403076172
2016-08-30,100392.05631510417,299.9653612772624,-0.0035513918846845627,0.00319237252926996,2.5903307596842446,1.589487870534261,0.3390483856201172
2016-08-31,100448.3271484375,299.9044303894043,-0.0043337661772966385,0.0036323010921428533,2.4092884063720703,2.684908946355184,0.3287779490152995
2016-09-01,100531.697265625,299.1232560475667,-0.0038232849910855293,0.007859462499613556,2.4740575154622397,3.205788731575012,0.3421154022216797
2016-09-02,100562.560546875,299.38040351867676,-0.0045691076666116714,0.004507678747074806,2.7627769311269126,2.6180193424224854,0.3379904429117839
2016-09-03,100614.18929036458,299.71085993448895,-0.004818864166736603,0.0025121689817630966,3.068011244138082,1.429160753885905,0.3258126576741536
2016-09-04,100816.02392578125,299.82024637858075,-0.005238652229309082,0.0023200154304454657,3.6633453369140625,1.7344679832458496,0.3161907196044922
2016-09-05,100884.23990885417,299.5489667256673,-0.005210701376199722,0.0026238441466261975,3.2702039082845054,2.0743095874786377,0.3071543375651042
2016-09-06,100898.5556640625,299.0508181254069,-0.00437486357986927,0.003177344799041748,2.848107020060221,2.391144275665283,0.3071918487548828
2016-09-07,100810.357421875,299.15967686971027,-0.004236534237861633,0.002858711077010412,2.4973678588867188,1.2974222898483276,0.30889892578125
2016-09-08,100870.62190755208,299.0575262705485,-0.0039864033460617065,0.0027451296173239825,2.0732497374216714,0.8166857163111368,0.3060162862141927
2016-09-09,100896.60416666667,299.3548933664958,-0.003908801823854446,0.0026693292192021545,1.9353497823079426,-0.024572014808654785,0.3050270080566406
2016-09-10,100822.35660807292,299.57537269592285,-0.004127794876694679,0.0021652132272720337,2.3315473397572837,0.33516184488932294,0.3004951477050781
2016-09-11,100683.08512369792,299.33690388997394,-0.003778335638344288,0.003069467642660584,1.736162821451823,0.9563020070393881,0.3012962341308594
2016-09-12,100630.67529296875,299.73242568969727,-0.004266094416379929,0.0021816683093334177,1.3120365142822266,1.507770260175069,0.3002859751383464
2016-09-13,100678.6123046875,300.09225845336914,-0.003545730374753475,0.0015827000140120617,0.9749151865641276,0.8579222361246744,0.2930177052815755
2016-09-14,100620.6904296875,300.1450532277425,-0.0036629289388656616,0.0051918625831604,1.0221513112386067,0.8386281331380209,0.30196062723795575
2016-09-15,100502.19710286458,299.3013559977214,-0.0022562015801668167,0.04865863919258118,1.3975181579589844,-0.23045770327250162,0.3655382792154948
2016-09-16,100312.88248697917,298.9938596089681,-0.002794792875647545,0.12684494554991943,2.0841903686523438,-2.9374766747156777,0.40073712666829425
2016-09-17,100206.62158203125,298.69070370992023,-0.0015975190326571465,0.11978440719775563,1.9069512685139973,-2.4624053239822388,0.3992907206217448
2016-09-18,100461.11735026042,298.77350997924805,-0.002933882176876068,0.09613566100597382,5.027189254760742,-0.4830269018809001,0.3942445119222005
2016-09-19,100649.60921223958,299.11030197143555,-0.0029711537063121796,0.019078952073869004,4.26678466796875,-0.04495378335316976,0.3710753122965495
2016-09-20,100631.73583984375,299.17608578999835,-0.002865530550479889,0.043786370205054936,3.644965489705404,-1.1408393383026123,0.3762219746907552
2016-09-21,100640.04524739583,298.6066958109538,-0.0019329739734530449,0.10272671282291412,3.6268132527669272,-1.7656970818837483,0.3987242380777995
2016-09-22,100579.84375,299.01635297139484,-0.002947879023849964,0.13621164640278494,2.3552934726079306,-3.9600118001302085,0.38350804646809894
2016-09-23,100434.5947265625,299.2855224609375,-0.003002018667757511,0.019347128622314358,2.1952107747395835,-3.199430465698242,0.36858367919921875
2016-09-24,100358.27392578125,299.25454648335773,-0.0024160193279385567,0.010460034012737651,1.8988806406656902,-1.8312151829401653,0.36004066467285156
2016-09-25,100506.50146484375,299.4624245961507,-0.0029648877680301666,0.004609405354642604,1.5504074096679688,-1.6908078988393147,0.3513018290201823
2016-09-26,100675.74251302083,299.9371515909831,-0.003479205071926117,0.0037059038877487183,2.106236775716146,-2.0206435918807983,0.34038670857747394
2016-09-27,100759.28531901042,300.0411205291748,-0.0036012670025229454,0.0022111833095550537,2.2023194630940757,-2.1928893327713013,0.3248443603515625
2016-09-28,100671.69417317708,300.1008809407552,-0.004284693859517574,0.0017661631106875575,2.1781285603841147,-2.450571656227112,0.3140646616617839
2016-09-29,100620.84619140625,299.9077714284261,-0.004501397721469402,0.0012908726930618286,2.254561106363932,-2.2562017838160195,0.302920659383138
2016-09-30,100584.83121744792,299.5883649190267,-0.004433641210198402,0.0024141818284988403,2.493921915690104,-2.038135051727295,0.30111058553059894
2016-10-01,100605.56119791667,298.3060550689697,-0.0024084076285362244,0.030963361263275146,2.6336371103922525,-1.8345704476038616,0.3597310384114583
2016-10-02,100667.50260416667,297.8699436187744,-0.0022310735657811165,0.04766236543645164,2.0731563568115234,2.306838313738505,0.38269933064778644
2016-10-03,100564.90706380208,298.32663981119794,-0.002889745868742466,0.015030604821163251,-0.5885289510091146,4.604745109875997,0.36520957946777344
2016-10-04,100658.73746744792,298.0297082265218,-0.0033528590574860573,0.01940000057220459,1.9695396423339844,5.420809348424275,0.3694648742675781
2016-10-05,100682.22151692708,299.1721083323161,-0.003294166177511215,0.004068678617443311,3.0060316721598306,2.537235895792643,0.34220123291015625
2016-10-06,100730.63297526042,298.87021509806317,-0.0037452280521392822,0.004700645804348369,2.061436335245768,3.0086923837661743,0.3344675699869792
2016-10-07,100700.40885416667,299.45965003967285,-0.0035761091858148575,0.00209652185435516,0.9620876312255859,2.620973507563273,0.3257579803466797
2016-10-08,100726.8173828125,299.8509890238444,-0.004364488646388054,0.0014507502310152631,0.3924477895100911,3.7477178970972695,0.3122069040934245
2016-10-09,100710.84554036458,299.8174635569255,-0.003938319161534309,0.0026760369537441875,-0.16841634114583334,3.5168024698893228,0.30750274658203125
2016-10-10,100741.82242838542,299.74476941426593,-0.003638635389506817,0.0015815764664921517,0.624847412109375,0.07311693827311198,0.30078697204589844
2016-10-11,100808.18587239583,299.7896728515625,-0.004261567257344723,0.0004419551196406246,1.2900797526041667,-1.7556572755177815,0.2925027211507161
2016-10-12,100794.880859375,299.4469674428304,-0.0042548393830657005,0.00016272957185492487,0.9571030934651693,-2.11501936117808,0.2767957051595052
2016-10-13,100839.42936197917,299.43212509155273,-0.004605322144925594,1.0481476692802971e-05,0.7370103200276693,-2.6774648427963257,0.2621949513753255
2016-10-14,100853.49479166667,299.96535936991376,-0.004532677121460438,3.5315752029418945e-06,0.5713744163513184,-2.249496499697367,0.2484258015950521
2016-10-15,100904.94287109375,300.33560880025226,-0.004091545939445496,5.912209985581285e-06,0.5913155873616537,-1.5774086713790894,0.23645337422688803
2016-10-16,100942.39453125,300.50754165649414,-0.0037510711699724197,0.000409796833935161,0.8038641611735026,-1.4290749629338582,0.22876612345377603
2016-10-17,100881.73763020833,301.03307851155597,-0.00429900549352169,4.261732087229575e-07,0.5747598012288412,-1.6619288126627605,0.21935462951660156
2016-10-18,100779.64501953125,301.31208356221515,-0.004774028435349464,0.0,0.3325799306233724,-1.8802573283513386,0.20767084757486978
2016-10-19,100702.86263020833,300.9744453430176,-0.0054105352610349655,8.52346317969932e-07,0.17062759399414062,-2.2776807943979898,0.19423230489095053
2016-10-20,100651.98795572917,300.57394282023114,-0.005482652224600315,0.0,0.6836732228597006,-3.021776477495829,0.18103472391764322
2016-10-21,100763.47900390625,300.17200152079266,-0.00455399788916111,0.0,0.7177009582519531,-2.569026311238607,0.16968536376953125
2016-10-22,100911.1689453125,300.10665194193524,-0.0040302639827132225,8.52346317969932e-07,0.7965540091196696,-2.492660721143087,0.16056950887044272
2016-10-23,100941.02587890625,300.14772923787433,-0.0037630749866366386,7.79628743430294e-06,1.3873863220214844,-2.383948008219401,0.1529979705810547
2016-10-24,100930.4365234375,299.69052759806317,-0.003701852634549141,5.546212094031944e-06,1.2824687957763672,-2.755523999532064,0.1467583974202474
2016-10-25,100906.71175130208,298.66555468241376,-0.0042406050488352776,0.0,0.7593587239583334,-2.595996697743734,0.1400750478108724
2016-10-26,100934.43701171875,299.47378094991046,-0.004278362728655338,0.0,-0.04510180155436198,-2.5252710978190103,0.13301722208658853
2016-10-27,101032.3701171875,300.3985843658447,-0.004151062108576298,8.52346317969932e-07,-0.34091822306315106,-1.9552955627441406,0.12609354654947916
2016-10-28,100936.0458984375,299.73075040181476,-0.0038653966039419174,8.595229807895066e-07,0.20940017700195312,-1.62887970606486,0.1201489766438802
2016-10-29,100911.88916015625,299.024206161499,-0.003908506594598293,4.351138045421976e-07,-0.15787696838378906,-1.1194961865743,0.11544990539550781
2016-10-30,100970.4609375,299.6573435465495,-0.004379110410809517,2.9981356419739313e-06,-0.7557442982991537,-1.8560352325439453,0.11109352111816406
2016-10-31,101096.376953125,301.04332796732587,-0.003913510590791702,3.4419717849232256e-06,-1.0055408477783203,-2.2417929569880166,0.10715993245442708
2016-11-01,101057.09261067708,300.3497664133708,-0.00406903401017189,1.2814998058274796e-06,-0.8330904642740885,-1.8078155517578125,0.10376739501953125
2016-11-02,101010.99169921875,299.4841759999593,-0.003970571793615818,4.410743663640915e-07,-0.8188184102376302,-1.5663318634033203,0.10103480021158855
2016-11-03,101025.82421875,299.24084790547687,-0.0036897268146276474,0.0,-0.6246306101481119,-1.8173946539560955,0.0989519755045573
2016-11-04,100884.55045572917,299.0916042327881,-0.0034574484452605247,0.0,-0.10464922587076823,-1.7470200856526692,0.09731165568033855
2016-11-05,100778.71940104167,299.0400447845459,-0.0032788198441267014,0.0,0.4129098256429036,-1.835447907447815,0.09598032633463542
2016-11-06,100975.98876953125,298.75295956929523,-0.0031622489914298058,8.583068797918258e-07,0.22272682189941406,-1.3227384487787883,0.0947252909342448
2016-11-07,101094.91748046875,298.958953221639,-0.0034469738602638245,4.414210579284372e-07,0.2189044952392578,-1.7853225072224934,0.0936902364095052
2016-11-08,101150.97688802083,299.3653195699056,-0.0035804426297545433,2.5808803911786526e-06,-0.20116551717122397,-2.2798805236816406,0.09256744384765625
2016-11-09,101186.27864583333,298.86417325337726,-0.0032640714198350906,1.2993812106287805e-06,-0.2533740997314453,-1.7601006825764973,0.09154764811197917
2016-11-10,101085.48258463542,298.58745829264325,-0.003210224211215973,2.5676852146716556e-06,-0.3776226043701172,-1.8967252572377522,0.09073829650878906
2016-11-11,101039.33382161458,298.3542594909668,-0.002924291417002678,8.655407555124839e-07,-0.36585426330566406,-1.3686652183532715,0.09004720052083333
2016-11-12,101097.73583984375,298.51424853007,-0.0028823288157582283,8.52346317969932e-07,-0.4670085906982422,-1.8227424621582031,0.08945719401041667
2016-11-13,101143.96223958333,298.94551213582355,-0.0029351552948355675,8.553265615773853e-07,-0.7270113627115885,-1.8034737904866536,0.08895492553710938
2016-11-14,101075.95719401042,299.2665100097656,-0.0025198422372341156,0.0,-0.09867922465006511,-1.793930451075236,0.08853785196940105
2016-11-15,101005.95475260417,299.56024106343585,-0.0022887662053108215,1.2916735840917681e-06,0.21035051345825195,-1.8815860748291016,0.08819643656412761
2016-11-16,101058.50634765625,300.76476669311523,-0.002395614981651306,2.5802955860854127e-06,-0.5047057469685873,-2.0137952168782554,0.08790779113769531
2016-11-17,101109.43782552083,300.4989185333252,-0.0031489189714193344,0.0,-0.7552529573440552,-2.05741818745931,0.08760134379069011
2016-11-18,100987.03108723958,299.3469352722168,-0.0026686852797865868,0.0,-1.009772817293803,-1.7377267678578694,0.08736038208007812
2016-11-19,100867.46435546875,298.3972682952881,-0.002570105716586113,0.0,-0.5014419555664062,-1.2681573232014973,0.08716773986816406
2016-11-20,100923.87093098958,298.1962095896403,-0.002680545672774315,0.0,-0.5726966857910156,-1.3655071258544922,0.08697573343912761
2016-11-21,100938.2646484375,298.65025266011554,-0.0027829427272081375,1.263999251932546e-06,-0.7931938171386719,-1.7585639953613281,0.0867602030436198
2016-11-22,100932.14143880208,298.62584686279297,-0.0025252513587474823,3.0228700893530913e-06,-0.6954593658447266,-1.2529035409291585,0.08658854166666667
2016-11-23,100907.46337890625,298.5994421641032,-0.0024621253833174706,-1.192074705613777e-08,-0.6543286641438802,-1.460227608680725,0.0863787333170573
2016-11-24,100936.63020833333,299.04335339864093,-0.002662466838955879,1.7069325508600741e-06,-1.0704065958658855,-1.7218462626139324,0.08621152242024739
2016-11-25,100934.69938151042,298.68069585164386,-0.0025780070573091507,0.0,-0.6967213948567709,-1.7558670043945312,0.0860748291015625
2016-11-26,101021.869140625,298.68926493326825,-0.002430010586977005,8.52346317969932e-07,-0.4184583028157552,-1.6572049458821614,0.08595466613769531
2016-11-27,101029.47135416667,298.48748270670575,-0.0022426266223192215,8.52346317969932e-07,-0.1887079874674479,-1.6757551034291585,0.08582814534505208
2016-11-28,101021.88606770833,298.9320068359375,-0.0020110327750444412,1.7262897813452582e-06,0.17055320739746094,-1.5125719706217449,0.0857073465983073
2016-11-29,101100.97835286458,298.28916994730633,-0.0018375776708126068,1.2874602930423862e-06,0.5469334920247396,-1.6310691833496094,0.08565012613932292
2016-11-30,101120.26822916667,298.2419013977051,-0.00205326359719038,1.2814998058274796e-06,0.3850625356038411,-1.9940401713053386,0.08557510375976562
2016-12-01,101062.95865885417,298.2792275746663,-0.0019860118627548218,4.2915343101412873e-07,0.2279841105143229,-2.111986835797628,0.08551025390625
2016-12-02,101032.83463541667,298.90061378479004,-0.0022482983767986298,2.571940342477319e-06,-0.495724360148112,-2.0042017300923667,0.0854174296061198
2016-12-03,101137.25048828125,299.92967287699383,-0.002547048032283783,1.2814998058274796e-06,-1.1795711517333984,-2.3863847653071084,0.08533096313476562
2016-12-04,101195.5693359375,301.0047194163005,-0.0019427500665187836,0.0,-1.0652224222819011,-2.0183392763137817,0.08523495992024739
2016-12-05,101145.61490885417,300.6054922739665,-0.0020352210849523544,0.0,-0.3279423713684082,-1.8481428225835164,0.08514722188313802
2016-12-06,101096.0869140625,299.2987200419108,-0.0025498103350400925,8.523463748133508e-07,-0.9507198333740234,-2.0563507080078125,0.08507537841796875
2016-12-07,101139.77750651042,297.9801616668701,-0.0022931769490242004,1.2848341270910169e-06,-0.26668564478556317,-1.5762966076533,0.08501180013020833
2016-12-08,101113.79134114583,297.9490025838216,-0.00224250927567482,1.7122915210165957e-06,-0.3770565589269002,-1.4155142307281494,0.08489735921223958
2016-12-09,101020.328125,297.4840666453044,-0.001927398145198822,1.2964009101779084e-06,0.10918680826822917,-1.1610957384109497,0.08481343587239583
2016-12-10,100978.16097005208,297.2570260365804,-0.0023597637191414833,-5.960487214906607e-09,0.257571538289388,-2.6033523082733154,0.08472061157226562
2016-12-11,100898.69026692708,297.57823181152344,-0.0022457409650087357,4.351138045421976e-07,-0.044055938720703125,-2.4378854831059775,0.08466720581054688
2016-12-12,100877.16959635417,298.30688158671063,-0.0022211745381355286,8.462452569801826e-07,-0.12479114532470703,-2.7553545236587524,0.08461952209472656
2016-12-13,100821.8134765625,298.8912105560303,-0.002406725659966469,7.785274647176266e-10,-0.5769746700922648,-3.325190226236979,0.08456357320149739
2016-12-14,100931.01106770833,299.9942048390706,-0.0015957457944750786,1.2814997489840607e-06,-0.8026891946792603,-1.5414113601048787,0.08449745178222656
2016-12-15,101042.28076171875,300.5401973724365,-0.0015195580199360847,1.9013881633611618e-06,-0.43542246023813885,-1.8940779368082683,0.08446311950683594
2016-12-16,101187.43489583333,300.97128168741864,-0.0017240047454833984,2.5749204723979346e-06,-0.2913986047108968,-1.742417613665263,0.08442370096842448
2016-12-17,101193.119140625,300.75900077819824,-0.0021839551627635956,0.0,0.09477365016937256,-2.5617385705312095,0.08437156677246094
2016-12-18,101254.61393229167,299.5668017069499,-0.002631116658449173,8.52346317969932e-07,0.18400001525878906,-2.811604380607605,0.08430417378743489
2016-12-19,101205.63883463542,298.26939964294434,-0.0021594474092125893,0.0,0.2483591636021932,-2.601373473803202,0.0842603047688802
2016-12-20,101144.7919921875,298.25584920247394,-0.002028697170317173,0.0,-0.6100667317708334,-1.750467300415039,0.0842145284016927
2016-12-21,101260.16259765625,298.0438111623128,-0.0019482988864183426,3.004074017098901e-06,-0.39257176717122394,-1.6015694936116536,0.08412679036458333
2016-12-22,101222.47086588542,297.5578848520915,-0.0017233658581972122,4.351138045421976e-07,0.4613348642985026,-1.8285350799560547,0.08408164978027344
2016-12-23,101033.82535807292,297.3801778157552,-0.001801556907594204,8.52346317969932e-07,0.7294017871220907,-2.2616002559661865,0.08402824401855469
2016-12-24,100844.94417317708,297.0514399210612,-0.0016737179830670357,4.351138045421976e-07,0.6154422760009766,-1.997117559115092,0.08399772644042969
2016-12-25,100979.296875,297.2982540130615,-0.001943192444741726,4.351138613856165e-07,0.40143366654713947,-2.248947024345398,0.08387184143066406
2016-12-26,101078.72542317708,297.87271054585773,-0.001999491825699806,0.0,-0.14774703979492188,-2.1107763846715293,0.08380699157714844
2016-12-27,101057.09781901042,297.6990286509196,-0.00214279443025589,1.2874602361989673e-06,-0.5495433807373047,-2.0293369690577188,0.08375803629557292
2016-12-28,101087.45833333333,297.41027132670087,-0.0020265355706214905,8.52346317969932e-07,-0.6991125742594401,-1.504007339477539,0.08371734619140625
2016-12-29,101130.43961588542,297.4980977376302,-0.0019245622679591179,0.0,-0.597296396891276,-1.7160568237304688,0.08365376790364583
2016-12-30,101153.05712890625,297.91978454589844,-0.0016685426235198975,8.612870487922919e-07,-0.2463242212931315,-1.243451436360677,0.08356475830078125
2017-01-01,101128.29459635417,297.1288776397705,-0.0016644150018692017,1.2876149639851064e-06,0.48899269104003906,-1.8811723788579304,0.08343760172526042
2017-01-02,101231.21891276042,297.4478403727214,-0.0020033512264490128,1.7099776528084476e-06,0.2317193349202474,-2.5179882446924844,0.08338673909505208
2017-01-03,101193.5048828125,297.63524627685547,-0.00207710824906826,1.2844800494349329e-06,-0.500801682472229,-1.8021583557128906,0.08334604899088542
2017-01-04,101167.89290364583,296.9351743062337,-0.0018790997564792633,4.351138045421976e-07,-0.16829442977905273,-1.406187931696574,0.08326530456542969
2017-01-05,101098.39892578125,296.42433802286786,-0.001671026460826397,8.52346317969932e-07,0.6145042578379313,-1.9212595621744792,0.08321762084960938
2017-01-06,101097.48567708333,295.23033968607587,-0.0016684290021657944,2.098948925777222e-06,0.9770000775655111,-1.9609190622965496,0.08312924702962239
2017-01-07,100948.71809895833,295.0617427825928,-0.0012731943279504776,2.670287983619346e-06,0.23729848861694336,-0.9944810469945272,0.08301417032877605
2017-01-08,100910.75537109375,295.76463317871094,-0.0014154557138681412,1.1205672194591898e-06,0.12682533264160156,-0.9293547868728638,0.08296394348144531
2017-01-09,101003.015625,295.8688596089681,-0.002033039927482605,1.3811591657031386e-06,1.0568586985270183,-2.8247481187184653,0.08288383483886719
2017-01-10,101137.7060546875,295.68822924296063,-0.0026535186916589737,4.2818061274374486e-07,0.5767128864924113,-3.962849219640096,0.08285013834635417
2017-01-11,101134.37841796875,295.4503682454427,-0.0025168489664793015,2.5779008296922257e-06,0.3881688912709554,-4.29686192671458,0.08281707763671875
2017-01-12,100983.64046223958,295.4050687154134,-0.0018444694578647614,-5.960430371487746e-09,0.4064943790435791,-2.7848924001057944,0.08278465270996094
2017-01-13,100921.4443359375,295.7038402557373,-0.0013351207599043846,1.2883065778623859e-06,0.26975226402282715,-1.4365863800048828,0.08272616068522136
2017-01-14,101087.3369140625,296.2207616170247,-0.0011295396834611893,2.5639578780101147e-06,-0.13565444946289062,0.1531505584716797,0.08266067504882812
2017-01-15,101247.81331380208,297.11424763997394,-0.0011778529733419418,4.351138045421976e-07,0.8766419887542725,-1.6253409783045452,0.08259900410970052
2017-01-16,101277.28955078125,297.06491533915204,-0.0015661204233765602,8.52346317969932e-07,0.9934626420338949,-2.3205877939860025,0.08255068461100261
2017-01-17,101232.62369791667,296.88794263203937,-0.0024185236543416977,4.351138045421976e-07,0.8782832622528076,-3.543588956197103,0.08251698811848958
2017-01-18,101291.04150390625,297.45321718851727,-0.002170773223042488,4.351138613856165e-07,0.5255501667658488,-3.738978068033854,0.08246930440266927
2017-01-19,101298.97477213542,298.22913297017413,-0.001709858886897564,4.351138045421976e-07,-0.37347463766733807,-1.7664869626363118,0.08240826924641927
2017-01-20,101287.15201822917,298.03543345133465,-0.0017705783247947693,8.52346317969932e-07,-0.4774640401204427,-1.5491586923599243,0.08236058553059895
2017-01-21,101365.12320963542,298.2101593017578,-0.001797012984752655,0.0,-0.5043748219807943,-1.3716641267140706,0.08230781555175781
2017-01-22,101380.65055338542,298.83313433329266,-0.001661849208176136,1.2814997489840607e-06,-0.1059862772623698,-1.8043288787206013,0.08224805196126302
2017-01-23,101300.9716796875,299.1356964111328,-0.0018135430291295052,1.7188884271490679e-06,-0.37497766812642414,-1.4167917569478352,0.0821520487467448
2017-01-24,101239.99365234375,299.60168011983234,-0.0017792591825127602,8.623470080237894e-07,-0.39869221051534015,-1.177309513092041,0.08209800720214844
2017-01-25,101269.966796875,299.2809429168701,-0.0019932957366108894,0.0,-0.28047358989715576,-1.4787931442260742,0.08203442891438802
2017-01-26,101273.24169921875,298.1573855082194,-0.002371220849454403,4.351138045421976e-07,1.1995198329289753,-3.399352788925171,0.08199310302734375
2017-01-27,101252.75472005208,297.50955390930176,-0.002939768135547638,0.0,0.14677882194519043,-4.2648051182429,0.08196258544921875
2017-01-28,101142.65299479167,299.08749071757,-0.0021334467455744743,0.0,-1.0861504872639973,-2.741564909617106,0.08190345764160156
2017-01-29,101191.51936848958,299.17516072591144,-0.0018752021715044975,8.612871056357108e-07,-0.7532221476236979,-2.125506321589152,0.08183924357096355
2017-01-30,101122.103515625,298.2281907399495,-0.0016633449122309685,4.410743663640915e-07,0.7108071645100912,-2.3172176678975425,0.08178456624348958
2017-01-31,101081.5048828125,298.23475964864093,-0.0021948693320155144,2.1424416836168803e-06,0.9968484242757162,-3.3217235803604126,0.08173942565917969
2017-02-01,101084.82080078125,298.21579615275067,-0.0020356904715299606,8.583068833445395e-07,0.7969131469726562,-2.8807517290115356,0.08169237772623698
2017-02-02,101180.71614583333,298.8277842203776,-0.001459987834095955,1.27641748903784e-06,0.9602876901626587,-1.7054856618245442,0.0816497802734375
2017-02-03,101255.67203776042,298.0058994293213,-0.001469876617193222,1.2886303011327982e-06,1.3741182883580525,-1.4222973982493083,0.0816179911295573
2017-02-04,101151.79964192708,296.97456487019855,-0.001673692837357521,3.3613086998229846e-06,1.6256400346755981,-2.6913767655690513,0.0814832051595052
2017-02-05,101239.35123697917,296.2917588551839,-0.0021875016391277313,4.478394566831412e-05,1.4764124949773152,-3.7949232260386148,0.08170191446940105
2017-02-06,101210.82731119792,296.29423967997235,-0.0027727410197257996,4.351138045421976e-07,0.966983437538147,-3.633461594581604,0.08162816365559895
2017-02-07,101131.94889322917,296.88418515523273,-0.0018857438117265701,2.1517276422855502e-06,1.194552739461263,-2.570379892985026,0.08153978983561198
2017-02-08,101161.08317057292,297.4447949727376,-0.001691419631242752,4.231928301123844e-07,1.5833117167154949,-2.6371676127115884,0.08146158854166667
2017-02-09,101053.68229166667,298.4069080352783,-0.0025808196514844894,8.52346317969932e-07,0.7764536539713541,-3.844177722930908,0.08138402303059895
2017-02-10,100909.62386067708,297.13389523824054,-0.0017080660909414291,0.0,1.5414498647054036,-2.310109774271647,0.0813153584798177
2017-02-11,101089.31998697917,295.99175961812335,-0.0013126526027917862,8.583068797918258e-07,1.171512484550476,-1.2073630491892497,0.08119964599609375
2017-02-12,101214.17415364583,297.1180998484294,-0.0022637061774730682,8.085330414075997e-07,0.49344897270202637,-3.162054101626078,0.08096631368001302
2017-02-13,101276.89208984375,298.54921849568683,-0.0015497617423534393,2.1427867977763526e-06,-0.0018259684244791667,-1.1839017073313396,0.0808881123860677
2017-02-14,101439.92919921875,300.1691309611003,-0.0020268429070711136,4.35456684044766e-07,-0.4479106267293294,-1.3844795227050781,0.08084424336751302
2017-02-15,101438.33561197917,300.80724143981934,-0.0021184245124459267,0.0,-0.39283045132954914,-1.9236259460449219,0.08076922098795573
2017-02-16,101249.31754557292,301.0083694458008,-0.0023695025593042374,2.5849129201560572e-06,-0.4532630443572998,-1.9484206835428874,0.08069801330566406
2017-02-17,101162.76529947917,301.0495039621989,-0.002231057733297348,2.5749205860847724e-06,-0.028299609820048015,-1.7864124377568562,0.08064778645833333
2017-02-18,101197.29459635417,300.9594128926595,-0.0022475291043519974,8.52346317969932e-07,-0.0570990244547526,-2.0184770822525024,0.08059120178222656
2017-02-19,101113.94612630208,300.27138264973956,-0.001936846412718296,1.7106532368416083e-06,0.8411983251571655,-1.4514999389648438,0.08053207397460938
2017-02-20,100901.39583333333,299.41052118937176,-0.0020278161391615868,0.0,1.779140551884969,-1.9659798542658489,0.0804761250813802
2017-02-21,100955.36083984375,297.6006196339925,-0.0017863251268863678,7.783694513818773e-06,1.3947607676188152,-1.4332962036132812,0.08045387268066406
2017-02-22,101077.78483072917,297.28015518188477,-0.002023431472480297,5.826354026794434e-06,1.2303174336751301,-2.412317911783854,0.080413818359375
2017-02-23,101094.97672526042,299.56206194559735,-0.002692694775760174,1.293420723413874e-06,0.43103981018066406,-3.7864850759506226,0.0803082784016927
2017-02-24,101107.673828125,300.9006284077962,-0.0028832824900746346,0.0,0.3721777598063151,-3.9162485599517822,0.08022499084472656
2017-02-25,101003.35074869792,301.28753725687665,-0.002554168924689293,3.424286660447251e-06,-0.3783336877822876,-3.255690256754557,0.08015505472819011
2017-02-26,100836.64957682292,300.5220362345378,-0.0020375801250338554,1.293420723413874e-06,0.09334627787272136,-2.0231006145477295,0.08008893330891927
2017-02-27,100928.04459635417,300.2387866973877,-0.0017258888110518456,4.261732051702438e-07,0.26328086853027344,-1.1668806076049805,0.08000246683756511
2017-02-28,100984.14306640625,299.95431391398114,-0.0018780333921313286,8.70227722771233e-07,0.425717035929362,-1.6587570508321126,0.07991472880045573
2017-03-01,100886.15885416667,300.6303373972575,-0.0022378209978342056,1.7225742112714215e-06,1.002245585123698,-2.6517995595932007,0.07985369364420573
2017-03-02,100751.12125651042,300.17786407470703,-0.0024419762194156647,1.716613724056515e-06,1.3450365861256917,-3.2592883904774985,0.07981427510579427
2017-03-03,100639.77734375,299.0935808817546,-0.001931777223944664,2.5765960458556947e-06,1.4294681549072266,-2.045155644416809,0.07974497477213542
2017-03-04,100661.25716145833,298.30651982625324,-0.0016625337302684784,0.0,1.1886246999104817,-1.0108279784520466,0.07961082458496094
2017-03-05,100672.32828776042,298.9175059000651,-0.0024220608174800873,8.52346317969932e-07,0.9452425638834635,-2.397029240926107,0.07945950826009114
2017-03-06,100639.107421875,298.8760331471761,-0.0016660075634717941,1.7245665731024928e-06,1.4500853220621746,-1.0543100039164226,0.07938575744628906
2017-03-07,100679.54703776042,298.60108439127606,-0.0016189925372600555,0.0,1.2838643391927083,0.16481701532999674,0.07933489481608073
2017-03-08,100700.17496744792,299.0517298380534,-0.001824118196964264,0.0,1.2484378814697266,-1.5400396982828777,0.07925160725911458
2017-03-09,100711.23063151042,298.2900168100993,-0.002035866491496563,2.205371856689453e-06,1.7188561757405598,-1.1340904235839844,0.07906595865885417
2017-03-10,100827.58365885417,297.7784900665283,-0.002234530635178089,0.00044170315385372305,3.1359376509984336,-0.4258257548014323,0.08086840311686198
2017-03-11,101066.6279296875,297.25010108947754,-0.002758258953690529,0.0002568915440406272,2.1768752336502075,-1.707192103068034,0.08416748046875
2017-03-12,101004.45540364583,297.48179817199707,-0.0029809214174747467,4.351138045421976e-07,0.20532004038492838,-2.825094699859619,0.08359336853027344
2017-03-13,100949.61393229167,298.57845369974774,-0.002203758805990219,0.0,0.49131981531778973,-2.162938396135966,0.08304977416992188
2017-03-14,100897.09781901042,299.7219117482503,-0.0016143042594194412,1.2904404798064206e-06,0.5967714786529541,-0.9843921661376953,0.0826708475748698
2017-03-15,100914.07747395833,300.127010345459,-0.0013601351529359818,3.0047578434277966e-06,1.1610253651936848,-0.19284220536549887,0.08243052164713542
2017-03-16,100989.58430989583,299.83124987284344,-0.0016026375815272331,1.286297731439845e-06,1.528986930847168,0.09593780835469563,0.08224105834960938
2017-03-17,100984.25146484375,298.9093271891276,-0.0017083073034882545,4.157423973083496e-06,1.3369509379069011,-0.5609590609868368,0.08209609985351562
2017-03-18,101046.19010416667,299.81199582417804,-0.002293560653924942,1.726374421195942e-06,1.374267578125,-1.6978203852971394,0.08196258544921875
2017-03-19,101069.208984375,299.5228907267253,-0.0020469706505537033,1.2666736211031093e-06,1.4986673990885417,-2.29909884929657,0.0818494160970052
2017-03-20,100969.12906901042,300.0368830362956,-0.0017403364181518555,8.523463748133508e-07,1.278842290242513,-1.6238187154134114,0.08169047037760417
2017-03-21,101058.87874348958,299.7053578694661,-0.0017391284927725792,8.583068797918258e-07,1.8813050587972004,-1.2808794180552165,0.08156140645345052
2017-03-22,100963.3251953125,300.1418463389079,-0.0023101838305592537,8.52346317969932e-07,1.9206479390462239,-2.385309179623922,0.0814361572265625
2017-03-23,100880.24869791667,300.37562370300293,-0.002187349833548069,0.0,1.802712122599284,-2.576412041982015,0.08130645751953125
2017-03-24,100863.73404947917,300.6175066630046,-0.0018540499731898308,8.52346317969932e-07,1.9972241719563801,-1.7131033341089885,0.08123779296875
2017-03-25,100852.1611328125,301.48484865824383,-0.0021838536486029625,1.7082966792258958e-06,1.9492459297180176,-2.143271247545878,0.08118184407552083
2017-03-26,100892.98828125,302.339391708374,-0.0024386728182435036,2.9994251349307888e-06,1.7824109395345051,-2.7104953130086265,0.08112843831380208
2017-03-27,100818.6611328125,303.76530838012695,-0.0025584176182746887,4.380933091852057e-07,1.1739921569824219,-2.4559439420700073,0.0810546875
2017-03-28,100885.84147135417,301.43029340108234,-0.0013961978256702423,8.52346317969932e-07,1.4028739929199219,2.2946290175120034,0.08098602294921875
2017-03-29,100898.60888671875,300.9096508026123,-0.0016026338562369347,9.17315480819525e-06,1.690839131673177,2.175245006879171,0.08088111877441406
2017-03-30,100967.77620442708,300.8229160308838,-0.0017925389111042023,1.8790364265441895e-05,1.6197218497594197,1.4695001443227131,0.08099619547526042
2017-03-31,100924.0615234375,301.77275403340656,-0.0021798955276608467,2.482533432157652e-06,1.5787445704142253,-1.2752234141031902,0.08086013793945312
2017-04-01,100881.23046875,301.4037799835205,-0.0017994455993175507,0.0,1.6666882038116455,-0.4008949597676595,0.08079338073730469
2017-04-02,100824.47932942708,300.6464780171712,-0.002032826654613018,1.7195939108205494e-06,1.9205156564712524,-0.394622802734375,0.0807202657063802
2017-04-03,100862.25944010417,300.43073590596515,-0.0018179956823587418,2.074241632499252e-05,1.4952348073323567,0.9132830301920573,0.080780029296875
2017-04-04,100897.68505859375,300.7832260131836,-0.0020391857251524925,2.0126318190705206e-05,1.9263687133789062,1.5882272720336914,0.08084297180175781
2017-04-05,100830.70735677083,300.8870906829834,-0.001972340978682041,3.166109490848612e-05,2.040828069051107,1.9376147190729778,0.08087984720865886
2017-04-06,100780.595703125,300.5923722585042,-0.001918703317642212,5.109906214784132e-05,2.2967027028401694,0.7448638280232748,0.08127530415852864
2017-04-07,100855.79150390625,299.9736188252767,-0.0029286276549100876,1.8271803753577842e-05,2.0484631856282554,-2.4638654788335166,0.08133761088053386
2017-04-08,100767.76448567708,301.07408078511554,-0.0026827920228242874,1.2814997489840607e-06,1.1508235931396484,-2.9153835773468018,0.0810076395670573
2017-04-09,100640.38264973958,302.7565097808838,-0.0025976821780204773,4.261732051702438e-07,1.2460524241129558,-2.5906180143356323,0.08083089192708333
2017-04-10,100570.84765625,302.5637747446696,-0.001897856593132019,8.523463748133508e-07,1.1919492085774739,0.6027325789133707,0.08066685994466145
2017-04-11,100646.11246744792,302.13083267211914,-0.0013771997764706612,1.2516975402832031e-06,1.2742964426676433,0.24237211545308432,0.08041318257649739
2017-04-12,100696.158203125,302.27066866556805,-0.0019851140677928925,1.0014656140810985e-05,1.5455080668131511,0.030608971913655598,0.08032608032226562
2017-04-13,100650.45084635417,303.0909589131673,-0.002102796919643879,1.721753164929396e-06,1.6296755472819011,0.7301560242970785,0.080230712890625
2017-04-14,100631.79410807292,301.4031105041504,-0.0020149070769548416,2.991649012074049e-06,1.6421178181966145,1.938452124595642,0.08002535502115886
2017-04-15,100533.41585286458,301.4882411956787,-0.0019111214205622673,2.3218989269935264e-05,1.7981726328531902,0.8908564647038778,0.08002344767252605
2017-04-16,100586.6552734375,302.27507909138996,-0.002485038712620735,8.940696716308594e-08,2.0660762786865234,-0.42468257745107013,0.07993253072102864
2017-04-17,100731.32047526042,301.86166127522785,-0.002109239809215069,2.5808803911786526e-06,1.9686959584554036,-0.6921006043752035,0.07984542846679688
2017-04-18,100673.58854166667,302.609219233195,-0.0027895960956811905,4.410743663640915e-07,1.931465784708659,-2.510829130808512,0.07976404825846355
2017-04-19,100658.82584635417,301.43764241536456,-0.0018069185316562653,8.52346317969932e-07,2.1853103637695312,-0.3348124027252197,0.07963244120279948
2017-04-20,100674.42008463542,301.3800271352132,-0.001884637400507927,1.2496113772186845e-05,1.830600102742513,1.2831796805063884,0.07962099711100261
2017-04-21,100753.98746744792,301.2511920928955,-0.002216612920165062,2.7593083814281272e-05,2.215442657470703,3.1951504151026406,0.07967821756998698
2017-04-22,100790.24088541667,301.3279679616292,-0.0020955409854650497,3.553926944732666e-05,2.3998845418294272,2.4639525413513184,0.07988421122233073
2017-04-23,100813.32210286458,301.2101796468099,-0.0020987894386053085,9.73731279323431e-05,2.5345611572265625,1.688900629679362,0.08034261067708333
2017-04-24,100878.96744791667,300.9609959920247,-0.002003330737352371,4.916787145248236e-05,2.328223546346029,0.3405659993489583,0.08076413472493489
2017-04-25,100883.06787109375,300.6783396402995,-0.002326969988644123,1.4981627373344963e-05,2.247433344523112,-1.3886534372965496,0.08071645100911458
2017-04-26,100879.92561848958,300.8401788075765,-0.001977703534066677,1.043897964336793e-05,2.2085132598876953,-1.5702187220255535,0.08063252766927083
2017-04-27,100881.05891927083,301.2958126068115,-0.002205062657594681,7.283687523340632e-06,1.7987410227457683,-2.1889013051986694,0.08056131998697917
2017-04-28,100848.9892578125,301.208038965861,-0.0020429231226444244,8.52346317969932e-07,1.9487584431966145,-1.6476020415623982,0.08037439982096355
2017-04-29,100904.28955078125,300.78213055928546,-0.002063419669866562,5.662441253662109e-07,2.08770751953125,-1.1800389289855957,0.08027203877766927
2017-04-30,100819.56673177083,300.644775390625,-0.0018268432468175888,9.34302806854248e-06,1.97210693359375,-0.4584421714146932,0.08026440938313802
2017-05-01,100806.14908854167,301.0690218607585,-0.001896807923913002,1.2248754046595423e-06,1.5454050699869792,-1.1505591074625652,0.08012708028157552
2017-05-02,100869.75016276042,301.3192780812581,-0.001784120686352253,4.8933781613413885e-06,2.22752316792806,0.051470438639322914,0.08007049560546875
2017-05-03,100866.10026041667,301.4443944295247,-0.0018985830247402191,1.1146463293698616e-05,2.2735570271809897,0.15371576944986978,0.08009274800618489
2017-05-04,100839.359375,301.92054684956867,-0.001726316288113594,8.583068797918258e-07,2.2039197285970054,0.10119064648946126,0.08002726236979167
2017-05-05,100768.88020833333,302.60995229085285,-0.0018856246024370193,0.0,1.9107996622721355,1.2672055959701538,0.07988166809082031
2017-05-06,100886.02376302083,302.375202814738,-0.0020679980516433716,1.7152477198578708e-06,2.2009811401367188,1.8464707533518474,0.0797564188639323
2017-05-07,100908.78662109375,301.95533180236816,-0.002059468999505043,3.482277236344089e-06,2.254610061645508,0.5720976193745931,0.07971636454264323
2017-05-08,100818.17415364583,302.13700739542645,-0.0018879193812608719,7.092952728271484e-06,2.198594411214193,0.7226637601852417,0.07964515686035156
2017-05-09,100685.44612630208,302.17773691813153,-0.001996053382754326,1.8733767944922874e-05,1.9826531807581584,0.5490208864212036,0.07964324951171875
2017-05-10,100675.4677734375,302.0968443552653,-0.0020189397037029266,9.778754836986536e-06,1.7579020659128826,0.10417485237121582,0.07963116963704427
2017-05-11,100717.02750651042,302.4690748850505,-0.001925659365952015,7.471441676898394e-06,2.157751719156901,-0.46060391267140705,0.07959429423014323
2017-05-12,100594.17041015625,303.62269910176593,-0.0019841045141220093,1.5479326425094087e-05,2.0601189931233725,-0.9662363131841024,0.07959238688151042
2017-05-13,100522.49055989583,304.12923431396484,-0.0019736522808670998,5.292892410579952e-06,2.2866973876953125,0.20207560062408447,0.07958157857259114
2017-05-14,100549.60416666667,303.28158887227374,-0.002184869721531868,2.962350845336914e-05,2.7990118662516275,0.9001571734746298,0.07963879903157552
2017-05-15,100573.31005859375,302.77234268188477,-0.0022790981456637383,2.7373433113098145e-05,2.953425089518229,1.4174882968266804,0.07981491088867188
2017-05-16,100468.12272135417,302.8056812286377,-0.0021157804876565933,5.4287910415951046e-05,2.6759859720865884,0.4942690134048462,0.07981618245442708
2017-05-17,100539.06331380208,302.8611303965251,-0.0021465253084897995,0.00010952353477478027,2.994734446207682,1.047319730122884,0.08074506123860677
2017-05-18,100645.173828125,302.6296952565511,-0.0020844880491495132,3.931522286393374e-05,2.6674410502115884,0.10306302706400554,0.08087857564290364
2017-05-19,100774.5244140625,302.5599117279053,-0.0021596159785985947,4.4161081309113115e-05,2.8618526458740234,0.6126106182734171,0.08103307088216145
2017-05-20,100613.576171875,302.720952351888,-0.0024285949766635895,2.5987625125623026e-05,3.1177876790364585,-0.7281226714452108,0.0809033711751302
2017-05-21,100554.59993489583,302.57657559712726,-0.002343364991247654,6.914138793945312e-05,3.0446529388427734,-0.4959820508956909,0.08102099100748698
2017-05-22,100609.96858723958,303.04622077941895,-0.0022258656099438667,0.0001386702060699463,2.8386669158935547,-1.897991935412089,0.08205540974934895
2017-05-23,100564.58072916667,303.31936264038086,-0.00202205590903759,4.86522912979126e-05,2.700660069783529,-2.2156978050867715,0.08216222127278645
2017-05-24,100498.88167317708,303.00865173339844,-0.0019551292061805725,0.00014801919451201684,2.959048589070638,-0.31554798285166424,0.08288383483886719
2017-05-25,100459.55777994792,302.87801806132,-0.002124338410794735,0.00017619460254536534,3.4201717376708984,-0.38213570912679035,0.08363278706868489
2017-05-26,100461.38818359375,302.9576765696208,-0.0023015569895505905,0.00039246678352355957,3.8176161448160806,0.5805929899215698,0.08534685770670573
2017-05-27,100414.83902994792,303.2504355112712,-0.002556605264544487,0.0008608639240215155,4.240049362182617,1.4471917549769084,0.08971595764160156
2017-05-28,100394.64876302083,303.40921274820965,-0.002661321312189102,0.00138346123257449,4.779513041178386,2.341388543446859,0.09695879618326823
2017-05-29,100277.43001302083,303.1051540374756,-0.003983610309660435,0.004343831539152632,5.987881342569987,2.740013519922892,0.11658032735188802
2017-05-30,100122.97867838542,302.2680149078369,-0.0036787325516343117,0.0044870257377169764,4.702892939249675,2.495939532915751,0.14363670349121094
2017-05-31,100110.96256510417,302.33484013875324,-0.0040019191801548,0.003954648971557617,1.8258177439371746,4.003748059272766,0.1719074249267578
2017-06-01,100167.31266276042,302.5692030588786,-0.0037248488515615463,0.0036747723817143196,0.592688242594401,3.791424791018168,0.1806971232096354
2017-06-02,100272.68473307292,302.5310827891032,-0.004010308533906937,0.004582795500652992,0.6226584116617838,3.192099134127299,0.2114384969075521
2017-06-03,100389.79996744792,302.68866539001465,-0.0042857881635427475,0.0022463083266757167,1.0167910257975261,4.886428117752075,0.2072912851969401
2017-06-04,100462.2587890625,302.45796902974445,-0.00438062846660614,0.00237234234805328,1.3875658909479778,5.0283122062683105,0.2007605234781901
2017-06-05,100508.17659505208,302.5596561431885,-0.003986058756709099,0.002297397768359133,1.9986058076222737,4.007224639256795,0.19591585795084634
2017-06-06,100587.16552734375,302.35050137837726,-0.004489915445446968,0.004555243253605568,1.9436111450195312,4.7027580340703325,0.19626490275065103
2017-06-07,100665.5556640625,300.7931658426921,-0.004489571787416935,0.02221916317932937,1.974853515625,4.109271963437398,0.2838128407796224
2017-06-08,100570.38248697917,300.177095413208,-0.0035050949081778526,0.017758792638687737,2.302799860636393,1.9745611747105916,0.3290417989095052
2017-06-09,100416.42268880208,300.5530840555827,-0.0037436606362462044,0.018871197145699625,2.746890385945638,0.2974424759546916,0.33750661214192706
2017-06-10,100281.89388020833,299.47142791748047,-0.0015706270933151245,0.03919129371638519,1.7561302185058594,0.12937005360921225,0.3761952718098958
2017-06-11,100146.87483723958,300.23590151468915,-0.0030877385288476944,0.02563077211380005,1.7475636800130208,1.158447504043579,0.3720111846923828
2017-06-12,100167.72249348958,300.4822476704915,-0.0034889867529273033,0.01279585361470481,1.4094994862874348,1.402659296989441,0.3624560038248698
2017-06-13,100279.07080078125,300.89250500996906,-0.0042357295751571655,0.012106829881645353,1.4987258911132812,2.620856682459513,0.3558247884114583
2017-06-14,100462.18489583333,301.47722180684406,-0.004640161991119385,0.004862254857926018,1.6644795735677083,2.6873753865559897,0.3424053192138672
2017-06-15,100463.25895182292,301.03014755249023,-0.004504462704062462,0.011717447638506684,1.3820184071858723,2.738955815633138,0.3518473307291667
2017-06-16,100412.99527994792,300.9332218170166,-0.005113429389894009,0.005289229152708685,1.9368578592936199,2.7466417948404946,0.34081077575683594
2017-06-17,100429.94563802083,301.07128588358563,-0.004546130076050758,0.0051143109798417186,1.9793618122736614,2.6933021545410156,0.33317820231119794
2017-06-18,100396.921875,301.45385360717773,-0.005099897272884846,0.0043773353099823,2.866203943888346,2.6794318755467734,0.3254578908284505
2017-06-19,100318.94921875,300.8224811553955,-0.005062539130449295,0.005364746081284011,2.768398920694987,3.4211610158284507,0.325686772664388
2017-06-20,100312.2724609375,301.26956113179523,-0.005783991888165474,0.005930975079422751,3.173569361368815,4.43433431784312,0.32598622639973956
2017-06-21,100363.9072265625,301.51059850056964,-0.005853069014847279,0.00398649275302887,4.221158981323242,4.580438613891602,0.3195629119873047
2017-06-22,100428.84765625,301.0428949991862,-0.005095206201076508,0.006333088874669102,4.495299657185872,3.4405689239501953,0.3217315673828125
2017-06-23,100342.83984375,301.3201732635498,-0.005091579630970955,0.005367004871363434,4.336798985799153,2.379597862561544,0.3235848744710286
2017-06-24,100101.19319661458,300.1964391072591,-0.004353981465101242,0.01613858947831659,3.2240938345591226,2.0864832003911338,0.34600830078125
2017-06-25,99944.7080078125,299.7960859934489,-0.004444705322384834,0.01998973302460172,3.245574951171875,3.4655957221984863,0.3649101257324219
2017-06-26,100048.05257161458,299.5858637491862,-0.004141954705119133,0.039670005620791926,3.8439693450927734,4.560482939084371,0.38182322184244794
2017-06-27,100038.75960286458,299.8424701690674,-0.004224248230457306,0.026872187852859497,3.3144423166910806,6.677267074584961,0.378811518351237
2017-06-28,100081.42447916667,299.78657086690265,-0.004605578258633614,0.05365052968437567,5.202917734781901,6.363765915234883,0.3903586069742839
2017-06-29,100097.84798177083,299.94226264953613,-0.0043700262904167175,0.041389872244074866,5.335952123006185,5.8292386929194135,0.38432884216308594
2017-06-30,100129.03206380208,300.0410970052083,-0.0046815648674964905,0.01020747423171997,5.591239293416341,4.035483638445537,0.36646143595377606
2017-07-01,100142.95458984375,299.7657585144043,-0.0040337275713682175,0.009472705386144753,6.196441650390625,3.0944553216298423,0.3622862497965495
2017-07-02,100260.20133463542,299.4092248280843,-0.004179802723228931,0.01280626654624939,4.217466354370117,3.993789712587992,0.365329106648763
2017-07-03,100428.3515625,299.9023723602295,-0.004394051618874073,0.010147631168365479,4.261547088623047,3.4118372599283853,0.3594748179117839
2017-07-04,100484.78466796875,299.5659662882487,-0.004351252689957619,0.009166702628135681,4.1098283131917315,3.3632643620173135,0.3579705556233724
2017-07-05,100476.26188151042,300.17660840352374,-0.0043901121243834496,0.00478628421257099,4.591295878092448,3.031531651814779,0.34869130452473956
2017-07-06,100484.32893880208,300.23026911417645,-0.004565708339214325,0.0053794115781897744,3.6609198252360025,2.941554387410482,0.3433450063069661
2017-07-07,100590.32161458333,299.5449078877767,-0.004212700761854649,0.007612210512149886,2.4220097859700522,2.819782813390096,0.34870465596516925
2017-07-08,100565.33642578125,299.66498438517254,-0.004394226707518101,0.0038640228884787575,2.635719100634257,2.205673178037008,0.3391253153483073
2017-07-09,100553.84895833333,299.5793793996175,-0.0046372925862669945,0.0043039023876190186,2.3569513956705728,3.005964199701945,0.3360970815022786
2017-07-10,100642.63232421875,299.7647120157878,-0.004146307706832886,0.003966093063354492,2.6325912475585938,3.033984104792277,0.3335412343343099
2017-07-11,100609.34700520833,300.1737689971924,-0.004278050735592842,0.005122879147506865,4.064289093017578,2.710527936617533,0.3354206085205078
2017-07-12,100546.33138020833,300.10179901123047,-0.004831353202462196,0.005114647746001566,4.9786332448323565,2.5774383544921875,0.3334776560465495
2017-07-13,100403.63167317708,299.6019814809163,-0.004551520571112633,0.012479056502627373,5.523827870686849,1.3305192391077678,0.35109710693359375
2017-07-14,100356.52799479167,299.05442174275714,-0.003431042656302452,0.025589853405108443,5.671470006306966,1.4565718571345012,0.37258148193359375
2017-07-15,100387.7041015625,299.05678876241046,-0.004296804778277874,0.021332645414986473,5.962288538614909,2.5948647260665894,0.37554931640625
2017-07-16,100300.13444010417,299.2240111033122,-0.00469045527279377,0.027281117438803903,5.8811391194661455,3.1317766507466636,0.37941869099934894
2017-07-17,100191.70035807292,299.35110092163086,-0.004152871668338776,0.07205326259135703,5.881344477335612,2.407822092374166,0.3954461415608724
2017-07-18,100049.97819010417,298.90993817647296,-0.002558758482336998,0.05487643480228144,4.587403615315755,2.4347205559412637,0.39546648661295575
2017-07-19,99847.23421223958,299.37881787618,-0.003081120550632477,0.06683653593063354,4.809241612752278,3.1969980796178183,0.3888098398844401
2017-07-20,99852.43082682292,299.34571011861163,-0.0033847037702798843,0.04511572718547541,6.287865320841472,4.901363372802734,0.3830146789550781
2017-07-21,100027.55061848958,299.60938517252606,-0.004518257454037666,0.02370479702949524,7.591859817504883,4.713176727294922,0.3788350423177083
2017-07-22,100206.2470703125,299.3964049021403,-0.004703765735030174,0.019663262367146217,6.777319590250651,3.5928686459859214,0.3737913767496745
2017-07-23,100238.77294921875,299.7486057281494,-0.0038404669612646103,0.014562666416168213,6.01974360148112,3.8522609074910483,0.36896387736002606
2017-07-24,100265.27229817708,300.241205851237,-0.004671028815209866,0.010870772600071632,6.842684427897136,3.1308318773905435,0.3620726267496745
2017-07-25,100233.1298828125,300.3498700459798,-0.005369502119719982,0.009223970770733558,6.825087865193685,3.0497793753941855,0.3573722839355469
2017-07-26,100301.76220703125,300.0644524892171,-0.004919348284602165,0.008545979857331076,5.927420934041341,2.7069714864095054,0.35535621643066406
2017-07-27,100403.70930989583,299.2542413075765,-0.0033409371972084045,0.014138206839561462,4.978967030843099,1.5427240928014119,0.36135419209798175
2017-07-28,100552.38590494792,298.5913791656494,-0.002875249832868576,0.0164744585751464,4.776257197062175,2.5003064473470054,0.3707294464111328
2017-07-29,100597.15055338542,299.4033667246501,-0.004267578944563866,0.013020476698841321,4.062702178955078,3.47968856493632,0.3645515441894531
2017-07-30,100611.45524088542,299.3210220336914,-0.004058016464114189,0.007974231243128571,3.057348887125651,3.132266044616699,0.3555488586425781
2017-07-31,100607.29069010417,299.1618474324544,-0.00405079685151577,0.013411277532576094,3.1873391469319663,3.327765146891276,0.36493555704752606
2017-08-01,100626.40885416667,299.5801124572754,-0.004252757877111435,0.007925887792964659,3.3059794108072915,3.8873194456100464,0.3580894470214844
2017-08-02,100615.85904947917,299.8456853230794,-0.0051429495215415955,0.005113261937992775,4.302620569864909,3.9082608620325723,0.3431345621744792
2017-08-03,100438.5498046875,299.7212149302165,-0.004662089981138706,0.005519518256182465,5.351214090983073,2.9054243167241416,0.34357325236002606
2017-08-04,100261.51057942708,300.0767230987549,-0.00506789144128561,0.0037592947483062744,5.310435612996419,2.071777105331421,0.3333752950032552
2017-08-05,100260.00651041667,300.2508405049642,-0.005126506090164185,0.004150480031967163,4.383538564046224,2.085815906524658,0.3304437001546224
2017-08-06,100307.40478515625,299.91343180338544,-0.004411650821566582,0.0046915054321239325,3.365981419881185,1.9919030666351318,0.3293113708496094
2017-08-07,100397.86376953125,299.93308512369794,-0.004322061315178871,0.003545790910720825,2.663389205932617,2.419003168741862,0.3255360921223958
2017-08-08,100453.94954427083,299.4779917399089,-0.0038442928344011307,0.004520997405052185,2.6015987396240234,2.563680648803711,0.3268121083577474
2017-08-09,100483.94091796875,299.30635770161945,-0.004155868664383888,0.006577092409031593,2.652554194132487,3.0274262030919394,0.33363978068033856
2017-08-10,100527.38411458333,299.28431765238446,-0.003976805135607719,0.007671246520203567,2.5518296559651694,3.252886494000753,0.34157752990722656
2017-08-11,100620.56282552083,299.41795603434247,-0.004230016842484474,0.00838974118232727,3.099971135457357,2.9409831364949546,0.3477121988932292
2017-08-12,100621.42561848958,300.24470138549805,-0.004822380840778351,0.00480535626411438,4.208381017049153,2.646654725074768,0.3366387685139974
2017-08-13,100731.00032552083,299.5888964335124,-0.004350649192929268,0.007451111078182748,2.9310995737711587,3.2427584330240884,0.3419475555419922
2017-08-14,100821.00081380208,299.27880160013837,-0.0034347325563430786,0.011966943740844727,2.161421457926432,2.580552856127421,0.3545583089192708
2017-08-15,100728.19840494792,299.62781143188477,-0.002913537435233593,0.004820859432186353,2.0715198516845703,1.237330714861552,0.34521039326985675
2017-08-16,100570.84000651042,300.01013056437176,-0.003905222751200199,0.0036396581946291917,2.9016857147216797,0.16418445110321045,0.3352508544921875
2017-08-17,100359.2421875,299.89915974934894,-0.0038910163566470146,0.0034635990857623256,3.0079421997070312,-0.07322557767232259,0.3276074727376302
2017-08-18,100278.33984375,300.1116835276286,-0.0037595070898532867,0.003904209619577159,3.1507542928059897,-0.6685190995534261,0.3248271942138672
2017-08-19,100306.08056640625,299.36794090270996,-0.003336837515234947,0.012121602892875671,3.833876132965088,-0.9900338649749756,0.3484656016031901
2017-08-20,100147.51123046875,298.3538754781087,-0.002423446625471115,0.05769810080528259,4.115354537963867,-0.6848264137903849,0.3886210123697917
2017-08-21,100045.41959635417,298.74947929382324,-0.002453836612403393,0.015378940105335914,2.121690114339193,2.0258000691731772,0.3706982930501302
2017-08-22,100224.57698567708,299.4449831644694,-0.004144400358200073,0.005496621131896973,1.9437891642252605,3.976547876993815,0.3491477966308594
2017-08-23,100509.7470703125,299.6406167348226,-0.004014154896140099,0.00630556046962738,2.6876347859700522,1.9823188781738281,0.3468494415283203
2017-08-24,100502.90934244792,299.77475357055664,-0.003938160836696625,0.007077604532241821,3.2841593424479165,0.013219197591145834,0.3462486267089844
2017-08-25,100299.08870442708,299.42696380615234,-0.003502350300550461,0.029582637548344337,3.897003173828125,-0.07181719938913982,0.3744525909423828
2017-08-26,100147.43977864583,299.5094922383626,-0.0036989785730838776,0.01778307557106018,4.183866818745931,-0.4198060830434163,0.37362925211588544
2017-08-27,100041.34391276042,299.6088644663493,-0.00385076180100441,0.02563943862914897,4.257305105527242,-0.7070229450861613,0.3771673838297526
2017-08-28,99769.64013671875,299.69068400065106,-0.003358880989253521,0.07192940028306793,5.300499518712361,-0.2848675648371379,0.39758046468098956
2017-08-29,99633.71858723958,299.4636090596517,-0.004214901477098465,0.25264268307086013,8.342523574829102,2.5782785415649414,0.40503501892089844
2017-08-30,100200.61962890625,299.1141923268636,-0.00414226483553648,0.014633959531771268,3.8368759155273438,5.273707906405131,0.3676369984944661
2017-08-31,100580.5048828125,299.22308985392254,-0.004249788820743561,0.005226209759712219,2.399997075398763,4.887140274047852,0.3454449971516927
2017-09-01,100629.45719401042,299.0811341603597,-0.0044477395713329315,0.004504755139350891,1.6174335479736328,4.595165252685547,0.3382008870442708
2017-09-02,100580.74674479167,299.49269104003906,-0.004937336780130863,0.007626047730354912,2.4021123250325522,4.3520634571711225,0.3361644744873047
2017-09-03,100666.84700520833,299.4634367624919,-0.0027706539258360863,0.020384922623691182,1.7370719909667969,1.9352282285690308,0.36124293009440106
2017-09-04,100764.9521484375,300.13663482666016,-0.004101977683603764,0.001258984976686861,1.7695763905843098,0.5956255594889323,0.32897694905598956
2017-09-05,100739.46207682292,300.01483090718585,-0.004211932420730591,0.002412223815912995,2.1654624938964844,-0.7116559346516927,0.3185742696126302
2017-09-06,100628.78304036458,300.07569630940753,-0.004127131775021553,0.0019435346125646902,1.532763163248698,-1.055350621541341,0.3135865529378255
2017-09-07,100537.22347005208,300.8698393503825,-0.0047452691942453384,0.0005904495715185476,1.4271221160888672,-2.5763282775878906,0.29774920145670575
2017-09-08,100507.08072916667,301.17542394002277,-0.0041295066475868225,0.005625018477438459,1.1112060546875,-2.2757390340169272,0.2963968912760417
2017-09-09,100447.05029296875,300.2769234975179,-0.0035144034773111343,0.011346027255058289,0.3331915537516276,-0.36186472574869794,0.3418159484863281
2017-09-10,100484.96956380208,300.71678098042804,-0.003619229421019554,0.006480515003204346,0.7640514373779297,-0.23183759053548178,0.3429648081461589
2017-09-11,100548.787109375,301.61631457010907,-0.004321763291954994,0.004513228941164016,0.5016483068466187,-0.3535664876302083,0.32497914632161456
2017-09-12,100617.92952473958,301.75740242004395,-0.004280278459191322,0.008968979120254517,0.1949462890625,0.4398735761642456,0.3334541320800781
2017-09-13,100627.73942057292,301.0370051066081,-0.003752967342734337,0.00031585991382598877,0.9117730458577474,1.2785886526107788,0.32518259684244794
2017-09-14,100586.81673177083,300.7874946594238,-0.00424052681773901,0.008066719769885822,1.5922648111979167,1.4094194173812866,0.32343165079752606
2017-09-15,100515.33821614583,300.1694399515788,-0.003993075340986252,0.008061254024500641,1.4767545064290364,1.3181133270263672,0.3463897705078125
2017-09-16,100393.79410807292,300.7950617472331,-0.0047943368554115295,0.0018307745455672375,1.7153104146321614,1.476196567217509,0.32509485880533856
2017-09-17,100413.92805989583,299.8488032023112,-0.0043829577043652534,0.02069975435733795,1.702328364054362,2.9974869092305503,0.3429330190022786
2017-09-18,100307.36572265625,299.84863471984863,-0.003846835345029831,0.01907035112367339,-0.7386938730875651,1.3441426356633503,0.36482493082682294
2017-09-19,100153.98160807292,300.05006408691406,-0.005052570253610611,0.08446331986834821,4.893481572469075,-4.08521032333374,0.38416417439778644
2017-09-20,100358.24967447917,298.8630434672038,-0.002875993028283119,0.23211440443992615,3.7699739933013916,2.1350001891454062,0.40146827697753906
2017-09-21,100450.10498046875,299.30043919881183,-0.0025005675852298737,0.02220219373703003,1.544634501139323,1.4015703598658245,0.375186284383138
2017-09-22,100645.75032552083,299.7046578725179,-0.003482688218355179,0.003348457387517101,1.3674945831298828,2.2160873413085938,0.34346453348795575
2017-09-23,100817.20377604167,299.9720230102539,-0.003917893394827843,0.0015498697757720947,1.1280676523844402,1.2192598978678386,0.32140668233235675
2017-09-24,100821.13460286458,300.12928263346356,-0.003751283511519432,0.003592312335911174,0.959588368733724,-0.6781444549560547,0.3174915313720703
2017-09-25,100684.87955729167,300.240670522054,-0.004385172389447689,0.001641649007694923,1.5323238372802734,-1.8448100090026855,0.3107751210530599
2017-09-26,100658.46305338542,300.5450083414714,-0.00480920635163784,1.049041748046875e-05,1.3375733693440754,-2.035843809445699,0.2915871938069661
2017-09-27,100647.23307291667,301.20652198791504,-0.0046695927157998085,0.0001481175422668457,1.653076171875,-2.126240372657776,0.2746257781982422
2017-09-28,100570.47591145833,301.3298740386963,-0.004628780297935009,0.002775256103859647,1.682809829711914,-2.190577189127604,0.27252451578776044
2017-09-29,100588.77522786458,300.768710454305,-0.003895154222846031,0.005510238232318443,1.2687517801920574,-1.8644550641377766,0.2923749287923177
2017-09-30,100709.25472005208,301.1052888234456,-0.004080197773873806,0.006178408861217122,0.9248428344726562,-1.4292151133219402,0.3206634521484375
2017-10-01,100634.73860677083,301.7245178222656,-0.004472997039556503,0.0005268007516860962,1.3044293721516926,-1.6243038177490234,0.30010986328125
2017-10-02,100501.66064453125,301.9600836435954,-0.004710353910923004,0.00015362005365204823,1.2766215006510417,-1.8108294407526653,0.27857398986816406
2017-10-03,100526.61767578125,301.9958375295003,-0.004794128239154816,0.0005294024943509612,1.1729927062988281,-2.0659607648849487,0.2629820505777995
2017-10-04,100537.001953125,302.5609925587972,-0.005171329714357853,1.7216403875863762e-06,0.7343514760335287,-1.880502700805664,0.2474969228108724
2017-10-05,100406.328125,302.0525360107422,-0.004805097356438637,4.2021264334834996e-07,0.516442616780599,-1.2892630100250244,0.232269287109375
2017-10-06,100405.64322916667,301.9497636159261,-0.004551544785499573,0.002012574672694001,0.028508504231770832,0.12192364533742268,0.22877883911132812
2017-10-07,100411.83138020833,300.8446210225423,-0.00396918598562479,0.015389943122858796,-0.08795928955078125,0.15139222145080566,0.28078651428222656
2017-10-08,100393.03271484375,300.6013298034668,-0.003887586295604706,0.01866572216113127,0.1731573740641276,0.5973813533782959,0.3282330830891927
2017-10-09,100372.27327473958,300.1599941253662,-0.003454640507698059,0.023447838604841564,0.08625475565592448,1.4119473695755005,0.36768468221028644
2017-10-10,100305.40445963542,298.74533462524414,-0.0023670177906751633,0.03609277606000205,-0.4495595296223958,1.3179656664530437,0.38195037841796875
2017-10-11,100345.50748697917,299.9508647918701,-0.004361875355243683,0.014361247420310974,-1.1939868927001953,4.192644993464152,0.3632081349690755
2017-10-12,100459.57649739583,300.40659523010254,-0.004035600461065769,0.0035610493019362366,0.08495203653971355,2.504091262817383,0.3409016927083333
2017-10-13,100429.83968098958,300.52298100789386,-0.003924284130334854,0.007184291283635957,0.2626304626464844,0.8222541809082031,0.3401788075764974
2017-10-14,100443.42692057292,300.3177324930827,-0.004040626809000969,0.014551335573191437,0.17397932211558023,0.17200024922688803,0.35554758707682294
2017-10-15,100592.22102864583,300.17165819803876,-0.003610566258430481,0.0069093406200408936,0.5224967002868652,0.8114704291025797,0.3529980977376302
2017-10-16,100623.55354817708,300.7663396199544,-0.0034520048648118973,0.0013070583342482678,0.2752884229024251,0.4682280619939168,0.3322772979736328
2017-10-17,100609.25927734375,301.34122403462726,-0.004209334030747414,3.9005279575121676e-05,0.6969095865885416,-1.1574745178222656,0.31210962931315106
2017-10-18,100579.31754557292,301.4165547688802,-0.004528830759227276,2.5711798343763803e-06,0.9623012542724609,-1.0793876647949219,0.29474639892578125
2017-10-19,100530.14046223958,301.1358019510905,-0.004492718726396561,4.48822964926876e-06,0.7645524342854818,-0.66939910252889,0.2811349232991536
2017-10-20,100650.86214192708,300.7756169637044,-0.00479543674737215,1.1920928955078125e-06,0.7923011779785156,2.601658582687378,0.26905377705891925
2017-10-21,100723.91129557292,300.8566538492839,-0.003926694393157959,0.00025606453414184216,0.5840922991434733,2.941359837849935,0.2602227528889974
2017-10-22,100790.57194010417,301.0212033589681,-0.004239872097969055,0.0006463150867830336,0.8134920597076416,2.5185909271240234,0.25496673583984375
2017-10-23,100911.63102213542,300.71070861816406,-0.004249592311680317,0.0001320421694686047,0.6729056437810262,-1.0851058959960938,0.245758056640625
2017-10-24,101018.8388671875,300.5918884277344,-0.0061227018013596535,8.52346317969932e-07,-0.48662439982096356,-2.66650390625,0.23099835713704428
2017-10-25,101065.25260416667,300.72650082906085,-0.005266950465738773,0.0,-0.6183509826660156,-1.808254877726237,0.21634038289388022
2017-10-26,101048.20930989583,301.20642344156903,-0.004781072959303856,0.0,-0.49077701568603516,-0.13315673669179282,0.2030773162841797
2017-10-27,101018.53841145833,300.7816098531087,-0.004099246114492416,8.52346317969932e-07,0.46738624572753906,-0.42502601941426593,0.19284756978352866
2017-10-28,101034.13167317708,300.3542906443278,-0.004648016765713692,8.583068797918258e-07,0.3431069850921631,-1.8568433125813801,0.18316205342610678
2017-10-29,101109.50211588542,300.23148345947266,-0.004137495532631874,8.543190475052143e-07,-0.23183012008666992,-0.4941151936848958,0.17395909627278647
2017-10-30,101062.53369140625,300.7507101694743,-0.005153673700988293,1.7059697370314097e-06,-1.0226434071858723,-1.5706095298131306,0.16428820292154947
2017-10-31,100936.2578125,300.6569703420003,-0.004907186143100262,2.9801867640344426e-09,-0.7372881571451823,-1.6091982523600261,0.1542059580485026
2017-11-01,100993.55940755208,300.4909788767497,-0.005064967088401318,8.523463748133508e-07,-1.1154190301895142,-1.664696494738261,0.14495023091634116
2017-11-02,100946.60188802083,300.0888678232829,-0.004861711524426937,4.261732051702438e-07,-0.8798554738362631,-1.6788891951243083,0.1365509033203125
2017-11-03,100851.86295572917,299.9785499572754,-0.004954862408339977,0.0,-1.5300655364990234,-1.9027620951334636,0.1293055216471354
2017-11-04,100909.91276041667,299.5921338399251,-0.004829206503927708,2.1691254801226023e-06,-1.9499454498291016,-2.005925019582113,0.12312253316243489
2017-11-05,100914.04020182292,299.9344660441081,-0.004312788136303425,2.5796589397941716e-06,-1.2389380137125652,-2.1408392588297525,0.11776479085286458
2017-11-06,100938.40673828125,300.7137629191081,-0.0038976427167654037,8.629914596269828e-07,-0.9422168731689453,-2.191256523132324,0.11337852478027344
2017-11-07,100981.78938802083,300.08165168762207,-0.0035245558246970177,8.550231704873568e-07,-0.4936809539794922,-1.0468544562657673,0.10981369018554688
2017-11-08,100980.12353515625,299.999085744222,-0.003632917068898678,0.0,-0.5263347625732422,-1.4309991200764973,0.10697364807128906
2017-11-09,100887.99788411458,299.99631182352704,-0.0037297215312719345,8.583068797918258e-07,-0.34616851806640625,-2.0263468424479165,0.10437901814778645
2017-11-10,100936.95279947917,299.94446754455566,-0.003746296279132366,0.0,-0.5820074876149496,-1.5270341237386067,0.10204124450683594
2017-11-11,100941.71923828125,299.51447614034015,-0.0036807991564273834,8.608301982349076e-07,-0.42174625396728516,-1.4806793928146362,0.10012626647949219
2017-11-12,100808.20670572917,298.9219207763672,-0.003622889518737793,8.52346317969932e-07,-0.26251220703125,-1.023495078086853,0.09847450256347656
2017-11-13,100694.15283203125,298.1890672047933,-0.0031567998230457306,0.0,-0.06718711058298747,-0.4450214703877767,0.09723091125488281
2017-11-14,100699.06754557292,298.4559523264567,-0.003021249547600746,0.0,0.36356035868326825,-1.587065855662028,0.09633509318033855
2017-11-15,100729.55045572917,299.13742510477704,-0.0035105375573039055,8.52346317969932e-07,0.24100176493326822,-2.654834230740865,0.09540049235026042
2017-11-16,100788.14501953125,299.45375378926593,-0.0035910094156861305,2.1636486735587823e-06,0.2801615397135417,-3.304585893948873,0.09436225891113281
2017-11-17,100801.20865885417,299.31643803914386,-0.0031945016235113144,8.555893487027788e-07,0.053741455078125,-3.2745594580968223,0.09344546000162761
2017-11-18,100897.97672526042,299.70509147644043,-0.0031681982800364494,1.2928771866427269e-06,-0.7016597588857015,-3.041239102681478,0.09264818827311198
2017-11-19,100989.31136067708,299.9353885650635,-0.0031318534165620804,1.2874602361989673e-06,-0.016765594482421875,-3.182200312614441,0.09188397725423177
2017-11-20,101000.96126302083,300.40280024210614,-0.001956854946911335,5.145370960235596e-05,-0.5551891326904297,-1.8865697383880615,0.09147580464680989
2017-11-21,100904.2119140625,300.6222890218099,-0.0022286390885710716,6.619095699988975e-06,-0.21140670776367188,-2.1621507008870444,0.09114710489908855
2017-11-22,100870.61295572917,300.2949155171712,-0.00278422050178051,2.1010637283325195e-06,0.20727411905924478,-2.8001250425974527,0.09064674377441406
2017-11-23,100909.72770182292,299.095417658488,-0.0030646147206425667,1.289177191665658e-06,0.4214948018391927,-2.514792044957479,0.09014002482096355
2017-11-24,101095.41422526042,298.2025788625081,-0.0028933174908161163,8.366146175831091e-07,0.7843666076660156,-2.7469024658203125,0.08971913655598958
2017-11-25,101097.99544270833,298.8199348449707,-0.002387796528637409,1.2934207802572928e-06,0.5980059305826823,-2.427469174067179,0.08940442403157552
2017-11-26,101106.11848958333,299.7557309468587,-0.002615774981677532,0.0,-0.29893386363983154,-2.0475781758626304,0.08903884887695312
2017-11-27,100994.12076822917,298.95520273844403,-0.002619503065943718,4.261732087229575e-07,-0.4149316151936849,-1.084862470626831,0.08867963155110677
2017-11-28,100984.58756510417,298.4303347269694,-0.002380555495619774,2.148747398678097e-06,0.18720316886901855,-1.3855714003245037,0.08841896057128906
2017-11-29,101046.84830729167,298.73044713338214,-0.002832334488630295,8.642672923997452e-07,-0.20205907026926676,-2.2832048734029136,0.08816210428873698
2017-11-30,100927.95149739583,299.04175186157227,-0.0029772035777568817,8.583068833445395e-07,-0.6981665293375651,-2.1402951876322427,0.08785374959309895
2017-12-01,100789.23828125,299.497761408488,-0.002961023710668087,0.0,-1.7907384236653645,-2.065558910369873,0.08759498596191406
2017-12-02,100869.361328125,299.99489720662433,-0.002839915454387665,0.0,-1.744523326555888,-1.9960654973983765,0.08734703063964844
2017-12-03,100834.20979817708,300.60792541503906,-0.002337053418159485,1.704692635939864e-06,-1.3628432750701904,-1.628912091255188,0.08713595072428386
2017-12-04,100700.51171875,299.19935607910156,-0.002856006845831871,0.005558031797363583,-0.6802234649658203,-2.6611488660176597,0.10590108235677083
2017-12-05,100341.98095703125,298.70090357462567,-0.0037454692646861076,0.008544045686619484,-2.5138753255208335,4.988793055216472,0.1862208048502604
2017-12-06,100815.71907552083,297.01980272928876,-0.0032060090452432632,0.0008781492709317718,2.1007811228434243,-0.63019331296285,0.21756807963053384
2017-12-07,100990.296875,296.3178882598877,-0.002734757959842682,1.3649463596721034e-05,0.7588273684183756,-2.5794447660446167,0.19593493143717447
2017-12-08,100955.064453125,297.8679478963216,-0.0021160906180739403,0.00024267368615937812,0.8985118865966797,-1.9787362416585286,0.1798095703125
2017-12-09,100976.02783203125,298.3563690185547,-0.002067035064101219,6.258487701416016e-06,1.3432865142822266,-1.8142495552698772,0.16721534729003906
2017-12-10,101066.7265625,298.2312367757161,-0.002271711826324463,5.039572613441123e-06,0.7727915445963541,-1.7397475242614746,0.1551074981689453
2017-12-11,101224.44938151042,297.31131744384766,-0.0028815176337957382,1.3488531010352744e-05,1.3592821756998699,-2.5276188453038535,0.14480018615722656
2017-12-12,101282.44889322917,296.14563306172687,-0.002673190087080002,2.6658927367861907e-06,0.8084271748860677,-2.363376577695211,0.13553746541341147
2017-12-13,101288.78792317708,295.6636142730713,-0.0028746332973241806,6.084890173951862e-07,0.6637662251790365,-2.2230281829833984,0.12714449564615884
2017-12-14,101286.06819661458,296.08899116516113,-0.0026113037019968033,1.7337082454105257e-06,0.324923833211263,-2.4131414890289307,0.11959457397460938
2017-12-15,101310.43408203125,297.15361913045246,-0.002082968130707741,0.0,0.4698963165283203,-2.7943028608957925,0.11353111267089844
2017-12-16,101329.20393880208,298.55919138590497,-0.0019360147416591644,8.788795753389422e-07,-0.05572191874186198,-2.4206525484720864,0.10846837361653645
2017-12-17,101385.92692057292,299.16468302408856,-0.002811085432767868,1.7186317791129113e-06,-1.3396561940511067,-1.7557499011357625,0.10388882954915364
2017-12-18,101467.31201171875,298.41908836364746,-0.0024660658091306686,4.261732087229575e-07,-1.2124110460281372,-2.0708371798197427,0.10016949971516927
2017-12-19,101370.46370442708,297.89564259847003,-0.0024916548281908035,4.410743663640915e-07,-0.677544911702474,-2.024768114089966,0.09738349914550781
2017-12-20,101403.35872395833,297.56916999816895,-0.0027268100529909134,0.0,-1.0792298316955566,-2.0625635782877603,0.09498023986816406
2017-12-21,101382.24820963542,297.4589557647705,-0.0024127047508955,0.0,-0.6770826975504557,-2.08268674214681,0.0930926005045573
2017-12-22,101231.55517578125,297.62877464294434,-0.0022340985015034676,2.567504509443097e-06,-0.7921212514241537,-1.9599993228912354,0.0916913350423177
2017-12-23,101076.05485026042,297.2998282114665,-0.0020254934206604958,2.564683484251873e-06,-0.37357139587402344,-1.5172330141067505,0.09059715270996094
2017-12-24,101068.28564453125,297.20231374104816,-0.002094796858727932,0.0,0.13140495618184408,-2.6236840089162192,0.08979415893554688
2017-12-25,101124.70686848958,297.8976624806722,-0.0022004740312695503,2.1565725205618946e-06,-0.05870175361633301,-2.8068453073501587,0.08913930257161458
2017-12-26,101178.07747395833,298.3900337219238,-0.002394983544945717,4.1203333012163057e-07,-1.263734261194865,-1.6372906764348347,0.08855628967285156
2017-12-27,101115.04866536458,297.51023356119794,-0.0021146005019545555,1.7367486293551337e-06,-0.1150805155436198,-1.819496790568034,0.08807436625162761
2017-12-28,101076.99251302083,297.2008285522461,-0.002137630246579647,8.344265438609e-07,-0.26682408650716144,-1.5355949401855469,0.08769416809082031
2017-12-29,101139.60384114583,296.8931306203206,-0.0018791183829307556,8.52346317969932e-07,-0.1970952351888021,-0.6920611063639323,0.08736292521158855
2017-12-30,101087.38818359375,296.87210273742676,-0.001811150461435318,8.52346317969932e-07,0.5085896253585815,-1.95652174949646,0.08714040120442708
2018-01-01,100851.48942057292,296.02248764038086,-0.002073296345770359,4.261732051702438e-07,0.6188937028249105,-2.4103822310765586,0.08675003051757812
2018-01-02,100868.88639322917,295.71221987406415,-0.001926882192492485,8.52346317969932e-07,0.6313463846842448,-1.9143181641896565,0.08660952250162761
2018-01-03,101015.85660807292,296.428404490153,-0.0014636516571044922,4.410743663640915e-07,0.7115325927734375,-1.403067946434021,0.08650716145833333
2018-01-04,101076.50537109375,296.6949412027995,-0.0017546489834785461,1.9311904679852887e-06,0.903008778889974,-2.295556386311849,0.08640162150065105
2018-01-05,100955.31868489583,296.57118225097656,-0.0022019241005182266,2.57373812928563e-06,0.6355508168538412,-2.791845122973124,0.08629544576009114
2018-01-06,100980.51774088542,296.0965696970622,-0.002382177859544754,8.603067271906184e-07,0.7009391784667969,-2.670412063598633,0.08620643615722656
2018-01-07,101071.607421875,295.21887652079266,-0.002527378499507904,1.7225738702109084e-06,0.5235506693522135,-3.0166753927866616,0.08608309427897136
2018-01-08,101103.31461588542,295.636967976888,-0.00154839176684618,1.7116101389547111e-06,0.7177708943684896,-1.5232144594192505,0.08600107828776042
2018-01-09,101223.79069010417,296.91815694173175,-0.0014275508001446724,4.351138045421976e-07,0.2511831919352214,-1.4275951385498047,0.08588918050130208
2018-01-10,101229.41796875,298.0358689626058,-0.0018409714102745056,8.463859444418631e-07,-0.5180236101150513,-1.706881841023763,0.08575375874837239
2018-01-11,101149.31315104167,299.00766944885254,-0.0016488293185830116,4.351138045421976e-07,-0.03758108615875244,-1.262511134147644,0.08564567565917969
2018-01-12,101078.7939453125,299.26951853434247,-0.001449037343263626,4.351138045421976e-07,0.3451360861460368,-1.029874563217163,0.08557446797688802
2018-01-13,101057.22526041667,299.5794957478841,-0.0016450267285108566,4.351138045421976e-07,0.6109015146891276,-1.5074507395426433,0.08550389607747395
2018-01-14,101091.38623046875,299.68892669677734,-0.0018214993178844452,0.0,0.5891028245290121,-2.051706314086914,0.08543968200683594
2018-01-15,101053.71923828125,300.0949713389079,-0.0019824132323265076,1.716613667213096e-06,0.5248655875523885,-2.158143997192383,0.08537356058756511
2018-01-16,100948.38216145833,299.72825113932294,-0.0019814148545265198,4.351138045421976e-07,0.022680282592773438,-1.500101089477539,0.08530489603678386
2018-01-17,101007.62418619792,299.2158896128337,-0.0024961959570646286,0.0,0.5853226979573568,-3.0391616821289062,0.08519617716471355
2018-01-18,101066.17936197917,299.38316917419434,-0.0024440214037895203,1.7195939108205494e-06,0.2057361602783203,-2.9351982275644937,0.08513196309407552
2018-01-19,101128.4765625,298.78429412841797,-0.002626975066959858,8.534627795597771e-07,0.8233292897542318,-3.3554914395014444,0.08507283528645833
2018-01-20,101033.22835286458,297.9232762654622,-0.0017783790826797485,0.0,0.5799039204915365,-1.6202324628829956,0.08501116434733073
2018-01-21,100898.83203125,297.9066747029622,-0.0016328971832990646,0.0,0.8121636708577474,-1.389621615409851,0.0849609375
2018-01-22,100825.99397786458,297.0405578613281,-0.0016971752047538757,4.351138045421976e-07,1.5922002792358398,-1.4819698333740234,0.08492215474446614
2018-01-23,100960.30875651042,296.3381354014079,-0.002386254258453846,1.956467883701407e-06,1.1135698954264324,-2.6454888582229614,0.08488845825195312
2018-01-24,100974.15852864583,296.14364687601727,-0.0025776829570531845,1.2844800494349329e-06,0.4961324135462443,-2.977481206258138,0.08479372660319011
2018-01-25,100900.01578776042,296.9737091064453,-0.0022457540035247803,8.582565556025656e-07,0.2643884817759196,-3.106011072794596,0.08473459879557292
2018-01-26,100916.68636067708,296.80582491556805,-0.0019081812351942062,0.0,0.2522231340408325,-2.179938634236654,0.08466911315917969
2018-01-27,100946.87467447917,296.14364306132,-0.001803465187549591,0.0,0.9416917165120443,-2.1543833017349243,0.08461507161458333
2018-01-28,101043.56901041667,296.3609161376953,-0.0020349621772766113,1.7046927496267017e-06,0.9221045176188151,-2.6658663749694824,0.08456865946451823
2018-01-29,101114.142578125,297.96264775594074,-0.001964787021279335,1.788146164471982e-08,0.42220906416575116,-2.7997264862060547,0.08449745178222656
2018-01-30,101145.22721354167,298.81617673238117,-0.0022284071892499924,1.2943312412971864e-06,-0.33498966693878174,-2.5057807763417563,0.08441861470540364
2018-01-31,101183.23616536458,298.2412331899007,-0.0019595902413129807,8.52346317969932e-07,-0.13452347119649252,-1.1036385695139568,0.0843505859375
2018-02-01,101146.91129557292,297.6174602508545,-0.001809658482670784,1.2872037586930674e-06,0.6264870961507162,-1.8987129131952922,0.08426920572916667
2018-02-02,101016.15478515625,297.7918065388997,-0.0019588321447372437,1.309886613398703e-06,0.7159716288248698,-2.6210320790608725,0.08421516418457031
2018-02-03,101000.56722005208,298.50684611002606,-0.002255236729979515,0.0,0.5122553507486979,-3.0431822538375854,0.0841662089029948
2018-02-04,101018.76725260417,297.7471752166748,-0.0017516352236270905,0.0,1.0496463775634766,-1.8127068281173706,0.08411216735839844
2018-02-05,101166.13216145833,297.59023412068683,-0.001628328114748001,1.2784407203980663e-06,0.7436695098876953,-1.579262415568034,0.08407020568847656
2018-02-06,101152.07698567708,298.3334032694499,-0.0015063704922795296,2.10732220580212e-05,0.9170566002527872,-1.5797415177027385,0.08408546447753906
2018-02-07,101095.7255859375,297.6353391011556,-0.001279391348361969,0.0,0.2091759443283081,0.6612205505371094,0.08417065938313802
2018-02-08,101061.4736328125,296.91005261739093,-0.0015019383281469345,4.431605304944242e-06,0.7433376312255859,-0.40061060587565106,0.08412615458170573
2018-02-09,101090.26904296875,297.27704429626465,-0.002337781712412834,4.172325134277344e-07,0.4213848114013672,-1.905912717183431,0.08389345804850261
2018-02-10,101129.57828776042,296.6965668996175,-0.002161601558327675,0.0,0.761531670888265,-2.6333428223927817,0.08373451232910156
2018-02-11,101202.25716145833,296.0655873616536,-0.0017410023137927055,8.583068797918258e-07,1.4074736833572388,-2.570425033569336,0.08371925354003906
2018-02-12,101432.1044921875,295.56881586710614,-0.0018766727298498154,2.354383354941092e-06,0.5901025136311849,-2.082249959309896,0.08359718322753906
2018-02-13,101507.9501953125,297.3079325358073,-0.002318441867828369,1.2874602361989673e-06,0.5594406127929688,-3.1084871689478555,0.08344078063964844
2018-02-14,101377.1083984375,300.0597451527913,-0.0018758755177259445,1.7288033973272832e-06,-1.4215850830078125,-1.9600543975830078,0.08336957295735677
2018-02-15,101460.67447916667,300.5782165527344,-0.0019340505823493004,1.724342268971668e-06,-0.46215565999348956,-2.191502253214518,0.08331680297851562
2018-02-16,101350.96549479167,299.77163251241046,-0.0022366587072610855,8.556250463698234e-07,0.6998467445373535,-2.525193452835083,0.08326466878255208
2018-02-17,101014.66520182292,299.2076988220215,-0.002498048357665539,2.5836693566816393e-06,0.898199200630188,-3.1177796125411987,0.08320808410644531
2018-02-18,100869.74544270833,299.13169860839844,-0.0023428015410900116,8.52346317969932e-07,0.560323437054952,-2.7564481496810913,0.08316294352213542
2018-02-19,100912.92399088542,298.91846402486163,-0.0020782463252544403,1.7195939676639682e-06,0.9355538686116537,-2.4409642616907754,0.08310953776041667
2018-02-20,100902.48714192708,299.04161326090497,-0.002137100324034691,1.281500033201155e-06,1.2445697784423828,-2.6995650927225747,0.08304278055826823
2018-02-21,100793.1982421875,299.8388303120931,-0.0022108424454927444,8.583068833445395e-07,0.6946519215901693,-2.822347640991211,0.08298619588216145
2018-02-22,100744.35172526042,299.74709637959796,-0.0019511934369802475,1.282021415249801e-06,1.3720423380533855,-2.0722764333089194,0.08293851216634114
2018-02-23,100818.54036458333,299.14283688863117,-0.001705569215118885,8.523463748133508e-07,1.1980889638264973,-1.4843130509058635,0.08287620544433594
2018-02-24,100983.53434244792,300.46051025390625,-0.002266639843583107,0.0,0.678045908610026,-2.4244874318440757,0.08279736836751302
2018-02-25,101002.97379557292,301.2502301534017,-0.0023576151579618454,0.0,0.16062355041503906,-1.824932376543681,0.08271344502766927
2018-02-26,100918.11002604167,300.26105944315594,-0.0018307482823729515,1.7046928064701206e-06,0.4987664222717285,-0.3337257305781047,0.08264732360839844
2018-02-27,100843.603515625,300.91979726155597,-0.001991448923945427,1.7175140101244324e-06,0.4733765920003255,-0.7656317154566447,0.08257738749186198
2018-02-28,100818.53548177083,300.84153238932294,-0.0018071550875902176,8.523463748133508e-07,0.6933371225992838,0.21958796183268228,0.08250935872395833
2018-03-01,100820.3076171875,300.2341601053874,-0.0017274245619773865,8.52346317969932e-07,1.1784222920735676,0.0030803680419921875,0.08244959513346355
2018-03-02,100759.09195963542,300.7896779378255,-0.0020450009033083916,1.6152858393070346e-06,1.046735127766927,-0.9634858767191569,0.08234723409016927
2018-03-03,100740.41194661458,301.0656503041585,-0.0022484194487333298,8.523463748133508e-07,1.2720129489898682,-0.5530222256978353,0.08227284749348958
2018-03-04,100770.96272786458,300.0981915791829,-0.0021768808364868164,0.0,1.5429000854492188,-1.0288392305374146,0.08220481872558594
2018-03-05,100876.19596354167,300.9134801228841,-0.0028145797550678253,4.261732051702438e-07,1.145769755045573,-3.1205442746480307,0.08213361104329427
2018-03-06,100822.71142578125,301.7264970143636,-0.00265613105148077,0.0,1.616439938545227,-3.117749571800232,0.08207194010416667
2018-03-07,100813.21012369792,300.1654917399089,-0.001880686730146408,0.0,1.8274275461832683,-1.5986500978469849,0.08201980590820312
2018-03-08,100912.23421223958,299.1990095774333,-0.0019986312836408615,1.7046927496267017e-06,1.5536619822184246,-1.8245195547739665,0.08196576436360677
2018-03-09,100898.78271484375,300.42721939086914,-0.00277603417634964,4.4107423491368536e-07,1.5895907084147136,-3.212012608846029,0.08180681864420573
2018-03-10,100891.43277994792,301.0077660878499,-0.002299962565302849,0.0,1.5510495503743489,-3.412374496459961,0.08174069722493489
2018-03-11,100894.0400390625,302.0392379760742,-0.0024457573890686035,2.1376763470470905e-06,1.0922997792561848,-3.2970077196756997,0.0816802978515625
2018-03-12,100885.3759765625,302.34174664815265,-0.002779928036034107,0.0,0.8771375020345052,-3.4560959339141846,0.08161226908365886
2018-03-13,100866.52180989583,301.87528800964355,-0.002759684808552265,1.2846412005274033e-06,1.629168192545573,-3.3936869700749717,0.0815416971842448
2018-03-14,100845.56852213542,302.0391031901042,-0.0031678006052970886,0.0,1.376055399576823,-3.8228343725204468,0.08148384094238281
2018-03-15,100854.35611979167,300.20252927144367,-0.0006916578859090805,6.987636243138695e-05,-0.08114051818847656,-1.3216260274251301,0.08156712849934895
2018-03-16,100793.68603515625,300.55731137593585,-0.0014701131731271744,3.306822691229172e-07,0.5154692331949869,-0.8336394230524699,0.08195114135742188
2018-03-17,100803.18473307292,300.30021413167316,-0.001716170459985733,0.0,1.4711316426595051,-1.0754559834798176,0.08179982503255208
2018-03-18,100870.9150390625,300.7191282908122,-0.0016869287937879562,7.286965836783565e-05,1.5994561513264973,-0.9551217953364054,0.08193206787109375
2018-03-19,101042.3955078125,299.99416160583496,-0.0021068938076496124,1.7374292156091542e-06,1.5970872243245442,-0.941670815149943,0.08217557271321614
2018-03-20,100976.7236328125,300.2082036336263,-0.002151157706975937,0.0,1.8937418460845947,-1.705190896987915,0.0820477803548177
2018-03-21,100963.81884765625,299.2444477081299,-0.0024591833353042603,4.351138613856165e-07,1.8152503967285156,-1.8147323528925579,0.08192253112792969
2018-03-22,100909.60465494792,298.34036445617676,-0.0023995786905288696,2.5774953655854915e-06,1.7756303151448567,-1.7722021738688152,0.0818341573079427
2018-03-23,100897.46875,298.7194258371989,-0.0016760658472776413,0.0,1.3492190043131511,-0.6205857594807943,0.08171590169270833
2018-03-24,100926.15511067708,300.41311772664386,-0.0019407663494348526,1.716613724056515e-06,1.387581507364909,-1.8099804719289143,0.0815887451171875
2018-03-25,100911.33349609375,303.26244672139484,-0.0027008187025785446,1.7117357060669747e-06,-0.016953786214192707,-2.366499900817871,0.08149147033691406
2018-03-26,100894.30501302083,302.654000600179,-0.001895776018500328,8.52346317969932e-07,0.5813248952229818,0.26166661580403644,0.08140818277994792
2018-03-27,100891.81136067708,300.68206151326496,-0.0015520146116614342,1.0185533881212905e-05,1.6587963104248047,1.8199570973714192,0.08136749267578125
2018-03-28,100886.64501953125,300.2085367838542,-0.0020650140941143036,8.972064676981972e-06,1.637708028157552,0.8501642545064291,0.08133570353190105
2018-03-29,100850.34163411458,300.0513559977214,-0.001907767727971077,2.1442140223371098e-06,1.6716505686442058,0.09152646859486897,0.0812670389811198
2018-03-30,100770.44059244792,299.98792266845703,-0.0019117211923003197,1.7702579384604178e-06,1.7381712595621746,0.8558828830718994,0.08121617635091145
2018-03-31,100741.16487630208,299.9708792368571,-0.0019323509186506271,4.47414095106069e-06,1.762949268023173,0.6371063391367594,0.08119455973307292
2018-04-01,100711.32552083333,300.04002888997394,-0.0022488394752144814,6.351623483169533e-06,1.631032943725586,-1.1668570439020793,0.08118247985839844
2018-04-02,100782.9833984375,300.41830762227374,-0.0021008234471082687,4.351138613856165e-07,1.8573061625162761,-1.2509890000025432,0.08107058207194011
2018-04-03,100737.32486979167,300.5418122609456,-0.00202791765332222,0.0,2.028196334838867,-1.1439441045125325,0.08098538716634114
2018-04-04,100554.93277994792,301.0619723002116,-0.0018846150487661362,8.52346317969932e-07,1.9208261966705322,-0.616670290629069,0.08092498779296875
2018-04-05,100487.67496744792,301.0261923472087,-0.0020381473004817963,8.52346317969932e-07,2.0898311535517373,0.0654442310333252,0.08085378011067708
2018-04-06,100668.34212239583,300.6038595835368,-0.001746179535984993,1.7285346416429093e-06,1.7344678243001301,0.012928167978922525,0.08081118265787761
2018-04-07,100741.60416666667,301.42163340250653,-0.0018702112138271332,0.0,1.7948665618896484,-0.7200897137324015,0.08075777689615886
2018-04-08,100776.2568359375,301.1704502105713,-0.0021663736552000046,1.451060370527557e-06,1.327920913696289,-0.9508881568908691,0.0806427001953125
2018-04-09,100783.53662109375,300.64139556884766,-0.002371322363615036,5.1005193881792366e-06,1.5615005493164062,-1.5281140804290771,0.08046213785807292
2018-04-10,100687.54638671875,300.71619415283203,-0.0019740667194128036,1.0162590911022562e-06,1.9131615956624348,-0.9080648819605509,0.08039601643880208
2018-04-11,100719.2783203125,300.62232208251953,-0.0019030002877116203,4.93526448508419e-06,1.749224344889323,-0.4255771239598592,0.08031336466471355
2018-04-12,100686.587890625,300.6852963765462,-0.0020281383767724037,4.706565107426286e-06,1.5099436442057292,-0.9659988482793173,0.08020909627278645
2018-04-13,100701.04817708333,300.92509269714355,-0.002003124915063381,7.896753686509328e-06,1.8091259002685547,-0.7075990041097006,0.08015632629394531
2018-04-14,100673.04378255208,301.3866818745931,-0.001990886405110359,2.8014183044433594e-06,2.061746597290039,-0.1823966105779012,0.08010419209798177
2018-04-15,100757.4384765625,301.2620105743408,-0.0018200334161520004,8.493661709962907e-06,1.8125197092692058,0.55765700340271,0.08008829752604167
2018-04-16,100796.01204427083,302.03987312316895,-0.0020512044429779053,3.0006419251549232e-06,1.893826166788737,-0.702616016070048,0.08005587259928386
2018-04-17,100841.517578125,303.51382637023926,-0.0019196197390556335,7.79271125743719e-05,1.6187591552734375,0.4904822111129761,0.08028793334960938
2018-04-18,100788.17985026042,303.07605425516766,-0.0022041667252779007,0.0,1.627890904744466,-0.2879459063212077,0.08039093017578125
2018-04-19,100580.82552083333,303.3823922475179,-0.002480611205101013,4.351138613856165e-07,1.770111083984375,-0.6899046897888184,0.0802752176920573
2018-04-20,100711.4931640625,302.457062403361,-0.0022687772288918495,2.148747398678097e-06,1.9250421524047852,0.05030977725982666,0.08020337422688802
2018-04-21,100687.3623046875,301.9761740366618,-0.002500993199646473,3.7203099054750055e-06,1.8285599549611409,-2.4930022160212197,0.08010419209798177
2018-04-22,100702.02897135417,301.9875551859538,-0.002421322278678417,0.0,1.7950992584228516,-1.84264079729716,0.0799268086751302
2018-04-23,100735.36588541667,301.58146985371906,-0.001914292573928833,0.0,1.6168931325276692,-0.20162137349446616,0.0797742207845052
2018-04-24,100700.89664713542,301.8445218404134,-0.0022415723651647568,1.8954276583826868e-06,1.4189236958821614,-0.8159160614013672,0.07966804504394531
2018-04-25,100656.23844401042,301.6141751607259,-0.0023053595796227455,3.0619032145295932e-06,1.8765309651692708,-0.831933339436849,0.07958666483561198
2018-04-26,100634.45947265625,300.6546001434326,-0.002149236388504505,8.919709728161251e-06,1.8708934783935547,-0.9890417655309042,0.07957013448079427
2018-04-27,100718.6669921875,301.0131187438965,-0.0021073995158076286,2.442740310470981e-06,1.8199310302734375,-1.1302650769551594,0.07950719197591145
2018-04-28,100776.20670572917,301.5102596282959,-0.0019369665533304214,4.909492588467401e-06,2.097059885660807,-0.015989144643147785,0.07946586608886719
2018-04-29,100692.50699869792,301.59077008565265,-0.001995667815208435,8.18982260852863e-06,2.366708755493164,0.45564786593119305,0.07945569356282552
2018-04-30,100640.65380859375,301.48434829711914,-0.0021200263872742653,9.256601288143429e-06,2.358680089314779,0.4806977113087972,0.07944488525390625
2018-05-01,100693.4765625,301.63532129923504,-0.0020518070086836815,6.872415497127804e-06,2.2292193174362183,-0.26313034693400067,0.0794207255045573
2018-05-02,100679.45751953125,301.6708761850993,-0.002102969214320183,1.25050543715588e-05,2.2534071604410806,0.2953384319941203,0.0794080098470052
2018-05-03,100666.41292317708,301.63860003153485,-0.001976810395717621,4.4286250044933695e-06,1.8340530395507812,0.5693506002426147,0.07940991719563802
2018-05-04,100671.8974609375,301.9232114156087,-0.0020549437031149864,4.719495763083614e-05,1.9250526428222656,-0.18661053975423178,0.0795148213704427
2018-05-05,100725.74527994792,302.0352490743001,-0.0019975723698735237,4.651815521583558e-05,1.9896297454833984,0.16985702514648438,0.0798962910970052
2018-05-06,100804.02718098958,302.2617638905843,-0.002055203542113304,1.713931550284542e-05,2.2171300252278647,1.1709105173746746,0.07977739969889323
2018-05-07,100729.2197265625,302.27678298950195,-0.0023274384438991547,5.833384528841634e-05,2.6197420756022134,0.053035736083984375,0.08006223042805989
2018-05-08,100635.07568359375,302.05300585428876,-0.002226848155260086,1.1041760444641113e-05,2.1926485697428384,-0.9671404759089152,0.08007176717122395
2018-05-09,100597.11555989583,302.69069417317706,-0.00228729285299778,8.940696716308594e-07,2.004379908243815,-2.4238442182540894,0.07992299397786458
2018-05-10,100756.53743489583,302.51103019714355,-0.001830543391406536,1.0603666304120907e-05,2.6040751139322915,0.8035860061645508,0.079803466796875
2018-05-11,100683.07486979167,302.8019282023112,-0.00207541324198246,4.0057219621303375e-06,2.5769824981689453,0.9130764007568359,0.07971254984537761
2018-05-12,100695.21956380208,302.27523104349774,-0.002230674959719181,3.1441450119018555e-06,2.4496351877848306,0.28376928965250653,0.07966423034667969
2018-05-13,100609.0546875,302.72119013468426,-0.0019354932010173798,2.2739171981811523e-05,2.2980130513509116,0.06997346878051758,0.07961527506510417
2018-05-14,100658.07389322917,302.6975949605306,-0.00218894612044096,5.6836008923255577e-05,2.6989046732584634,0.07124797503153484,0.08001263936360677
2018-05-15,100563.90576171875,302.40574010213214,-0.0021910928189754486,2.8654932975769043e-05,2.421079635620117,-0.2082978884379069,0.08005650838216145
2018-05-16,100477.56298828125,302.5499153137207,-0.002127077430486679,2.0033317468914902e-05,2.7327691316604614,-0.5369867086410522,0.08003997802734375
2018-05-17,100419.31656901042,303.19499524434406,-0.0019969576969742775,4.08560036930794e-05,2.7851409912109375,0.6076496839523315,0.08019828796386719
2018-05-18,100481.40543619792,302.77720705668133,-0.0020646071061491966,7.915496723853721e-06,2.768416086832682,1.6016887823740642,0.08016459147135417
2018-05-19,100442.31787109375,302.67685254414874,-0.0020999666303396225,1.3932585716247559e-05,2.435779571533203,1.3774375120798747,0.08008702596028645
2018-05-20,100470.609375,302.80725987752277,-0.00211348757147789,2.0974874491486162e-05,2.1433582305908203,1.779424826304118,0.08008639017740886
2018-05-21,100516.03238932292,302.6986592610677,-0.0022139661014080048,1.7699026159334608e-05,2.3642762502034507,0.8624535799026489,0.08011817932128906
2018-05-22,100510.79264322917,302.3249034881592,-0.0021644141525030136,2.6115618538824492e-06,2.075169245402018,0.6240572532018026,0.08001391092936198
2018-05-23,100445.14778645833,302.9445997873942,-0.0020243702456355095,9.232759396127221e-06,2.4823182423909507,1.0791428883870442,0.0799407958984375
2018-05-24,100432.525390625,303.14198811848956,-0.0021903421729803085,2.9081106180939287e-05,3.289705276489258,0.18240936597188315,0.08001136779785156
2018-05-25,100416.21435546875,303.22083536783856,-0.002166004851460457,0.00012595946177995643,3.3514391581217446,-1.872100869814555,0.08034706115722656
2018-05-26,100257.97119140625,303.6348196665446,-0.002075815573334694,0.00027190571120172535,3.2739537556966147,-2.397958755493164,0.08240699768066406
2018-05-27,100240.63639322917,303.46985181172687,-0.0020036213099956512,0.00034684480431224074,3.1472752888997397,-1.1220845381418865,0.08382288614908855
2018-05-28,100167.62906901042,303.27214368184406,-0.0026213061064481735,0.0008027404546737671,4.485299428304036,-1.2239046494166057,0.08686383565266927
2018-05-29,100218.49446614583,303.21679560343426,-0.0025133127346634865,0.0006965769183011616,4.446597417195638,-0.4311046202977498,0.09260940551757812
2018-05-30,100238.97200520833,303.2722708384196,-0.002610384486615658,0.001877522468475945,3.7757479349772134,1.6081608931223552,0.09925079345703125
2018-05-31,100323.13932291667,303.4075870513916,-0.0029142051935195923,0.0011041270362071032,3.0373560587565103,1.2298636436462402,0.10881296793619792
2018-06-01,100387.04182942708,303.47602971394855,-0.0026569664478302,0.0004308968782424927,2.4127000172932944,1.3195701042811077,0.10648854573567708
2018-06-02,100457.73274739583,303.40751457214355,-0.0029049329459667206,0.0013856232153557357,1.9716339111328125,0.991793711980184,0.10666592915852864
2018-06-03,100363.79475911458,302.8047898610433,-0.0029556099325418472,0.008310374617167327,2.622119903564453,0.6516971588134766,0.12403043111165364
2018-06-04,100236.44205729167,302.4067192077637,-0.0038825375959277153,0.0022458808834358024,2.517582575480143,1.5051973660786946,0.19956398010253906
2018-06-05,100336.68782552083,302.5171318054199,-0.002673814073204994,0.00143863822216872,1.9378865559895833,0.10832850138346355,0.19950739542643228
2018-06-06,100478.52766927083,302.0501766204834,-0.003378942608833313,0.01893095119953614,2.52467409769694,1.3698705037434895,0.24583562215169272
2018-06-07,100280.41015625,301.264607111613,-0.0030745714902877808,0.013385011424475124,2.4217046101888022,1.2959607442220051,0.29915618896484375
2018-06-08,100015.98942057292,301.5255947113037,-0.004292858764529228,0.013143022910924174,3.250359217325846,0.9962329864501953,0.31168492635091144
2018-06-09,99977.77652994792,300.5522708892822,-0.003836781717836857,0.022414937615394592,3.4047349294026694,2.615841547648112,0.34678014119466144
2018-06-10,100068.80110677083,301.9459768931071,-0.0051994845271110535,0.005671600668279098,5.345371246337891,2.752739588419596,0.3314889272054036
2018-06-11,100150.99527994792,302.2263533274333,-0.005546036176383495,0.005443987790840765,5.862054189046224,2.455695072809855,0.32129160563151044
2018-06-12,100173.638671875,302.3936538696289,-0.005531789734959602,0.004456023994293901,5.792440414428711,3.0313140153884888,0.31072425842285156
2018-06-13,100240.47184244792,302.44373512268066,-0.005765157751739025,0.0052903175352980725,5.303455352783203,2.769469896952311,0.3097756703694661
2018-06-14,100342.04524739583,301.60435549418133,-0.005541110411286354,0.003213879466045455,3.6800060272216797,3.6585753361384072,0.29744211832682294
2018-06-15,100439.06380208333,300.4455210367839,-0.005070701241493225,0.005575082918085172,2.4729626973470054,5.219924449920654,0.3013833363850911
2018-06-16,100572.86181640625,299.6775468190511,-0.00468507781624794,0.007092991471285615,2.2694435119628906,5.0616490840911865,0.31366411844889325
2018-06-17,100487.73079427083,299.50439071655273,-0.004344584420323372,0.030679944157498085,2.8428446451822915,4.589786251386006,0.35169347127278644
2018-06-18,100331.14339192708,299.7521489461263,-0.003367733210325241,0.014236792922019958,1.6825860341389973,2.9838175773620605,0.3637714385986328
2018-06-19,100279.10514322917,301.1469383239746,-0.0038394127041101456,0.0029141247272477244,1.726772944132487,1.6845168670018513,0.3331336975097656
2018-06-20,100276.14990234375,302.0320593516032,-0.004630936309695244,0.0031651268642249875,3.258279800415039,-1.5817350546518962,0.31973520914713544
2018-06-21,100293.83186848958,301.70787556966144,-0.0038713980466127396,0.003027394413948059,3.6216869354248047,-0.7682595252990723,0.3068993886311849
2018-06-22,100299.78092447917,300.84252230326337,-0.0038003232330083847,0.006770521402359009,2.8719259897867837,1.485270380973816,0.31880823771158856
2018-06-23,100267.93131510417,299.56861114501953,-0.0027793115004897118,0.03488035202015638,2.3427066802978516,2.1877273321151733,0.36730384826660156
2018-06-24,100243.65104166667,299.53568776448566,-0.003267688676714897,0.07575045050054996,4.554348627726237,2.7933013836542764,0.39440472920735675
2018-06-25,100130.61686197917,299.69535700480145,-0.0027356380596756935,0.04061913014260199,4.2761077880859375,2.985705256462097,0.38532447814941406
2018-06-26,100053.88850911458,300.1806354522705,-0.0044173263013362885,0.008255095853201055,4.389932632446289,4.4661643505096436,0.360260009765625
2018-06-27,100003.90852864583,300.4498710632324,-0.005333239212632179,0.006324223688977781,3.9431285858154297,4.698817253112793,0.3488515218098958
2018-06-28,100083.45540364583,299.189884185791,-0.004336094483733177,0.008113941550163872,2.165858586629232,4.988678415616353,0.35510508219401044
2018-06-29,100148.46142578125,299.5313243865967,-0.004744947887957096,0.005255693081494428,1.812164306640625,6.034788886706035,0.34638722737630206
2018-06-30,100330.69694010417,299.73592376708984,-0.004669606685638428,0.0038129341834860497,1.1229972839355469,5.728077530860901,0.33843549092610675
2018-07-01,100359.52115885417,299.9917748769124,-0.005172658711671829,0.006922041839118265,1.6450233459472656,5.647511561711629,0.3374493916829427
2018-07-02,100306.06901041667,299.6772543589274,-0.004478065297007561,0.03217367827880935,3.0806808471679688,4.983582456906636,0.37322743733723956
2018-07-03,100345.8291015625,299.23633829752606,-0.003020618110895157,0.04976379525697894,4.23484992980957,4.9029897054036455,0.390109380086263
2018-07-04,100369.38444010417,299.3692099253337,-0.004424741491675377,0.05436126041360012,5.192471822102864,4.936715205510457,0.39064915974934894
2018-07-05,100423.72688802083,299.40786361694336,-0.003556288778781891,0.015419429540543206,4.01962407430013,2.910444657007853,0.3693828582763672
2018-07-06,100404.70572916667,299.2484658559163,-0.0033236611634492874,0.0068121197112418486,3.955423275629679,1.5372286637624104,0.35272979736328125
2018-07-07,100295.38736979167,298.9107042948405,-0.0023676250129938126,0.020202661750431616,3.2167275746663413,0.8377869923909506,0.3686847686767578
2018-07-08,100193.92399088542,298.9935728708903,-0.0027666613459587097,0.0177602618932724,4.150056838989258,1.0096591313680012,0.37456512451171875
2018-07-09,100156.60823567708,299.06716601053876,-0.002505900338292122,0.034377965684427636,3.6465806563695273,2.112813711166382,0.3843758900960286
2018-07-10,100186.19954427083,299.2213904062907,-0.002956971526145935,0.027794361114501953,5.008284250895183,2.190297285715739,0.3828620910644531
2018-07-11,100176.2080078125,299.2302602132161,-0.0028998591005802155,0.028343671560282502,5.157418568929036,2.5394312540690103,0.38454755147298175
2018-07-12,100104.18668619792,298.93141492207843,-0.002678222954273224,0.027669796468785535,5.3607025146484375,2.748598098754883,0.3844960530598958
2018-07-13,100072.65380859375,299.1069533030192,-0.0028359778225421906,0.022052326707864722,5.38670031229655,2.83414626121521,0.3788471221923828
2018-07-14,99959.50537109375,299.44357617696124,-0.003831278532743454,0.020237952380398383,6.1141408284505205,2.166792392730713,0.371734619140625
2018-07-15,99855.26057942708,299.25827471415204,-0.003202849067747593,0.03993930816649893,7.032875696818034,1.766345500946045,0.3879076639811198
2018-07-16,99967.01888020833,299.1243470509847,-0.0030028866603970528,0.05419379653983469,6.844146728515625,2.1012785037358603,0.39268239339192706
2018-07-17,100058.26448567708,299.14368629455566,-0.0033829575404524803,0.030521386861799726,6.313747406005859,2.988531311353048,0.3768990834554036
2018-07-18,100182.19694010417,299.2104301452637,-0.003904998302459717,0.011750072240829468,5.317797342936198,3.5938119888305664,0.3615303039550781
2018-07-19,100204.05078125,299.6722895304362,-0.00438496470451355,0.01297545352384688,5.125213623046875,3.52109702428182,0.3558788299560547
2018-07-20,100173.57486979167,299.16872215270996,-0.003499124199151993,0.024912345409290992,5.192118326822917,3.268324534098307,0.3764394124348958
2018-07-21,100320.1884765625,299.047160466512,-0.003022601827979088,0.022776538267414992,5.69708251953125,2.545446515083313,0.37448692321777344
2018-07-22,100263.60904947917,300.16695467631024,-0.004346839152276516,0.006648779079228007,6.943430582682292,2.368799606959025,0.35543187459309894
2018-07-23,100248.50081380208,300.0400212605794,-0.004260488785803318,0.005871920003642117,7.001688639322917,2.9544454415639243,0.34924952189127606
2018-07-24,100404.38232421875,299.8896910349528,-0.0036190636456012726,0.005280649067117338,6.279047012329102,3.1850220759709678,0.34436480204264325
2018-07-25,100422.59635416667,300.1726824442546,-0.004716577008366585,0.004241104444417942,5.940869649251302,3.2410213549931846,0.33878644307454425
2018-07-26,100469.12109375,299.7691192626953,-0.004146737977862358,0.007305460645454787,5.908391952514648,4.400468945503235,0.3424224853515625
2018-07-27,100387.44970703125,300.1276632944743,-0.00481017678976059,0.005853804945843422,5.902087529500325,4.937210361162822,0.34294700622558594
2018-07-28,100405.20735677083,300.38819948832196,-0.0047156792134046555,0.003312905776624575,5.398794174194336,4.231836875279744,0.3314259847005208
2018-07-29,100385.498046875,300.132817586263,-0.005260167643427849,0.00640291869639853,5.345794677734375,3.7168029149373374,0.3313681284586589
2018-07-30,100360.69563802083,299.9805285135905,-0.005151979625225067,0.00395771861076355,5.1308333079020185,3.4934096733729043,0.32947031656901044
2018-07-31,100397.51985677083,299.99072519938153,-0.005420222878456116,0.00416220128535727,5.471689860026042,3.4098207155863443,0.3224798838297526
2018-08-01,100481.92415364583,299.72136306762695,-0.005449401214718819,0.005826348066324982,5.678513844807942,3.298440933227539,0.3266550699869792
2018-08-02,100633.84814453125,299.4735844930013,-0.0050558894872665405,0.005889454483980927,4.979736963907878,3.363592783610026,0.32912762959798175
2018-08-03,100703.67431640625,299.4991766611735,-0.00512294378131628,0.008022168278692732,5.414614995320638,2.8984721501668296,0.3362916310628255
2018-08-04,100680.99983723958,298.8909206390381,-0.004158194176852703,0.01008211076259613,5.263182957967122,2.8669702212015786,0.3499501546223958
2018-08-05,100616.703125,299.7468153635661,-0.005340208299458027,0.004919445321149851,6.0672353108723955,3.0908313989639282,0.33673095703125
2018-08-06,100453.30712890625,299.8323338826497,-0.006006066687405109,0.005888220667770838,7.3429520924886065,3.440546711285909,0.3332538604736328
2018-08-07,100248.76090494792,299.81286366780597,-0.004904147237539291,0.005234889457597092,6.5380509694417315,3.1887943347295127,0.3307043711344401
2018-08-08,100232.28092447917,299.4636408487956,-0.004276455380022526,0.007284364388851827,5.384127298990886,3.080792705217997,0.3340657552083333
2018-08-09,100550.8447265625,299.1406485239665,-0.0038630273193120956,0.008162274956703186,4.780636469523112,2.8884002765019736,0.3449719746907552
2018-08-10,100680.55110677083,299.1010799407959,-0.004348469898104668,0.00847923755645752,5.282503763834636,2.4577707052230835,0.3438606262207031
2018-08-11,100506.45865885417,298.9478925069173,-0.004337316378951073,0.012790971994398603,6.356546401977539,1.6773018439610798,0.3572247823079427
2018-08-12,100171.61100260417,299.06102561950684,-0.005249775946140289,0.01398764907895611,7.094291051228841,3.5726280212402344,0.3610655466715495
2018-08-13,100192.9306640625,299.6546738942464,-0.005314961075782776,0.010111814346942083,7.337472915649414,2.9123345216115317,0.3530394236246745
2018-08-14,100242.34521484375,299.6401112874349,-0.005033062770962715,0.006648033857345581,6.470679601033528,1.1672166585922241,0.34710057576497394
2018-08-15,100236.81705729167,299.43911679585773,-0.0046577174216508865,0.007217539497901271,6.179480234781901,0.40000967184702557,0.344485600789388
2018-08-16,100175.37613932292,298.99023564656574,-0.004002491012215614,0.014454538559732555,6.797956466674805,-0.11263660589853923,0.3569959004720052
2018-08-17,100105.08854166667,298.6810131072998,-0.0033137788996100426,0.02556505161334144,6.531558990478516,1.5613855123519897,0.3752950032552083
2018-08-18,100290.64583333333,298.64685312906903,-0.0036593377590179443,0.011798988708182634,5.677883783976237,1.9559187094370525,0.3639335632324219
2018-08-19,100329.89208984375,298.95247014363605,-0.004502898082137108,0.009285271167755127,5.791388193766276,1.793330709139506,0.3597405751546224
2018-08-20,100393.94840494792,298.6007957458496,-0.003832112066447735,0.0135812908411026,4.965017318725586,2.3610363006591797,0.3604869842529297
2018-08-21,100413.76920572917,297.9667320251465,-0.0023690098896622658,0.027627062060560093,4.9272200266520185,2.9689876635869346,0.3807729085286458
2018-08-22,100521.2490234375,298.60340627034503,-0.0029407311230897903,0.014946767687717966,5.572973887125651,2.4616768757502236,0.3710988362630208
2018-08-23,100623.66764322917,298.837594350179,-0.004191478714346886,0.013840988278388977,4.847785949707031,2.794774572054545,0.36989593505859375
2018-08-24,100578.54557291667,298.6885846455892,-0.0043227821588516235,0.014395222067832947,4.511943817138672,3.0203253428141275,0.3675117492675781
2018-08-25,100523.61848958333,298.52393468221027,-0.004348522983491421,0.015945032238960266,4.994396209716797,3.1785503228505454,0.3710625966389974
2018-08-26,100374.42122395833,298.3204981486003,-0.004157477058470249,0.01619375050063354,4.954200744628906,3.151729861895243,0.37311871846516925
2018-08-27,100401.48030598958,298.1722691853841,-0.003778258338570595,0.008394390344619751,4.051761627197266,2.014597694079081,0.36403465270996094
2018-08-28,100442.77457682292,298.0684992472331,-0.002451866865158081,0.007423761486904823,2.9939905802408853,2.0477833350499473,0.3588746388753255
2018-08-29,100578.36442057292,298.8130639394124,-0.003754017874598503,0.007153952121729645,3.7419942220052085,1.4511464834213257,0.3545831044514974
2018-08-30,100582.03059895833,298.84916432698566,-0.004091225564479828,0.004932507872581482,3.9977188110351562,0.8901342948277792,0.3432852427164714
2018-08-31,100631.47330729167,299.2316487630208,-0.004808911122381687,0.004941186308712986,3.8785934448242188,1.7651863098144531,0.33935991923014325
2018-09-01,100703.31868489583,298.71765899658203,-0.004046100191771984,0.006444342427130323,3.639585494995117,2.0616563161214194,0.3431294759114583
2018-09-02,100704.53743489583,298.9180374145508,-0.004796061664819717,0.009497731924057007,4.751592397689819,2.1741419633229575,0.34783045450846356
2018-09-03,100727.60970052083,299.02344067891437,-0.004414456896483898,0.005788075923874203,4.174732208251953,1.6762625376383464,0.347049077351888
2018-09-04,100812.25504557292,298.9196383158366,-0.004675011150538921,0.004897940158855363,4.420660018920898,1.4131016333897908,0.34015973409016925
2018-09-05,100737.88362630208,299.03484535217285,-0.004764326848089695,0.0030522733926723333,4.377723058064778,0.9025415579477946,0.33036041259765625
2018-09-06,100666.771484375,298.86368560791016,-0.004817967303097248,0.003328002229864069,3.758424758911133,1.1373387575149536,0.324581782023112
2018-09-07,100659.96321614583,298.6880563100179,-0.0045295413583517075,0.0035955421762992046,3.3219591776529946,1.393412987391154,0.322113037109375
2018-09-08,100656.2294921875,298.8935896555583,-0.004868397489190102,0.0025530606508255005,2.6594632466634116,2.379484494527181,0.3188184102376302
2018-09-09,100807.17236328125,298.79487291971844,-0.004625692963600159,0.0026449248815083592,1.5042584737141926,3.1119462649027505,0.31110890706380206
2018-09-10,101037.96761067708,299.2124659220378,-0.004405107349157333,0.0017635226248557956,1.3798205057779949,1.0334316492080688,0.3060690561930339
2018-09-11,101048.42789713542,299.0491536458333,-0.004598772153258324,0.0016880869865367742,1.7854124704996746,-0.19634906450907388,0.2959067026774089
2018-09-12,100875.27083333333,298.8516788482666,-0.004527008160948753,0.0014846042259932801,1.671836217244466,0.26561538378397626,0.29063669840494794
2018-09-13,100767.19254557292,299.14011828104657,-0.004586033523082733,0.0016009241341521374,1.6332041422526042,1.9415086507797241,0.2833607991536458
2018-09-14,100858.02506510417,299.1496162414551,-0.004266766831278801,0.0026020556688308716,1.1358222961425781,1.7803856134414673,0.28467369079589844
2018-09-15,100886.13053385417,299.3128598531087,-0.003912350162863731,0.003011399507517609,1.2099971771240234,0.34375985463460285,0.29191335042317706
2018-09-16,100749.48697916667,299.53500239054364,-0.004543831571936607,0.001422688364982605,1.5522810618082683,-1.4705905516942341,0.2870496114095052
2018-09-17,100714.06673177083,299.2682164510091,-0.004485614597797394,0.0018551498651504517,1.4441719055175781,-0.783869465192159,0.2774009704589844
2018-09-18,100758.1650390625,299.29845174153644,-0.004419997334480286,0.0020307064056055424,1.3677374521891277,0.13629555702209473,0.2726580301920573
2018-09-19,100693.73990885417,299.41529210408527,-0.003633711487054825,0.0024575382471034857,1.4143517812093098,-0.7823893229166666,0.2768726348876953
2018-09-20,100518.94759114583,299.9061991373698,-0.004160604439675808,0.004516243934631348,1.8148816426595051,-1.2370230356852214,0.29034868876139325
2018-09-21,100423.8603515625,300.59949111938477,-0.0035526081919670105,0.002410978078842163,2.251774470011393,0.31435346603393555,0.2952473958333333
2018-09-22,100645.65608723958,300.03298505147296,-0.003425637260079384,0.0027953386306762695,2.791083653767904,3.736958622932434,0.2966594696044922
2018-09-23,100941.31640625,300.1292730967204,-0.0042459070682525635,0.001990402324736351,1.4555943806966145,3.1577481428782144,0.2880694071451823
2018-09-24,100984.43440755208,300.30538177490234,-0.0038861818611621857,0.0012242252022929279,1.2358328501383464,0.6448712746302286,0.27857017517089844
2018-09-25,100888.9873046875,300.0420735677083,-0.004696615040302277,0.0006469553313408483,1.2186139424641926,-1.6174160242080688,0.2642040252685547
2018-09-26,100732.38802083333,300.44642702738446,-0.004776861518621445,9.1224908373988e-06,1.1966813405354817,-1.880928675333659,0.24509112040201822
2018-09-27,100686.78499348958,301.48044713338214,-0.00394216924905777,0.00013255557689717534,0.5824050903320312,-1.0557937622070312,0.23027737935384116
2018-09-28,100737.23095703125,301.15721384684247,-0.0032938867807388306,0.0020841121673242924,-0.11039288838704427,0.18633270263671875,0.233489990234375
2018-09-29,100786.34130859375,302.21662012736004,-0.004266245290637016,0.00018753496931367408,0.4994983673095703,-1.1520023345947266,0.22886530558268228
2018-09-30,100720.48193359375,302.6037419637044,-0.004368994385004044,0.00014636591204819638,0.4678643544514974,-1.1472387313842773,0.215087890625
2018-10-01,100696.76546223958,302.72969309488934,-0.004940928891301155,5.9977173805236816e-05,-0.759478489557902,-0.6423157453536987,0.20015080769856772
2018-10-02,100797.56705729167,302.42459869384766,-0.004590734839439392,0.0007396725088142375,0.059955596923828125,0.14289029439290366,0.1872539520263672
2018-10-03,100775.1376953125,302.04968643188477,-0.004260429181158543,0.007668107747974773,0.9830926259358724,-0.45317089557647705,0.1923987070719401
2018-10-04,100737.20686848958,302.63764635721844,-0.004579260013997555,0.000291481614112854,-0.31838417053222656,-1.5368993282318115,0.25701014200846356
2018-10-05,100755.75634765625,302.89401117960614,-0.004855351522564888,5.430417752450012e-05,-1.4157969156901042,-1.0188264449437459,0.2287139892578125
2018-10-06,100726.43277994792,302.9723542531331,-0.005145372822880745,1.295460947403626e-06,0.14678573608398438,-1.1768609285354614,0.20563443501790366
2018-10-07,100668.95361328125,303.2200813293457,-0.005121080204844475,8.523463748133508e-07,0.05543073018391927,-0.6293652852376302,0.18531926472981772
2018-10-08,100683.751953125,302.4625053405762,-0.004357980564236641,0.001548239588732514,1.0620587666829426,1.4797221819559734,0.17309888203938803
2018-10-09,100706.447265625,301.81919542948407,-0.004307459108531475,0.0008809208869884344,1.5791130065917969,0.057868520418802895,0.1795934041341146
2018-10-10,100701.86930338542,301.88028081258136,-0.004312929697334766,6.263448199206323e-05,1.4316953023274739,-0.8996798197428385,0.16742579142252603
2018-10-11,100685.919921875,301.7459348042806,-0.004140747711062431,1.454353327545732e-06,1.3508243560791016,-0.8120454152425131,0.1546459197998047
2018-10-12,100739.58968098958,302.26819101969403,-0.004185816273093224,3.3408402373424906e-06,0.8354085286458334,-0.6376616160074869,0.14312171936035156
2018-10-13,100879.41910807292,302.536828994751,-0.0037158504128456116,7.450580596923828e-07,0.6016400655110677,-0.31870587666829425,0.133575439453125
2018-10-14,100944.98502604167,302.1224428812663,-0.004381716251373291,0.0,0.7846666971842448,-1.2051461537679036,0.12518183390299478
2018-10-15,100952.31331380208,302.6851355234782,-0.004346840083599091,8.583068797918258e-07,0.387881596883138,-1.3118634223937988,0.11778895060221355
2018-10-16,100985.7607421875,302.15486844380695,-0.00402427464723587,8.523463748133508e-07,0.6910196940104166,0.6653734842936198,0.111846923828125
2018-10-17,100982.23518880208,301.4555206298828,-0.0035518091171979904,0.0016975432633330456,1.086965560913086,2.27089262008667,0.11438179016113281
2018-10-18,100961.92887369792,301.07644780476886,-0.003259642980992794,0.0023140776179388922,0.8550141652425131,0.04971949259440104,0.1366246541341146
2018-10-19,100977.29947916667,301.6965109507243,-0.0037466250360012054,0.0002130270004272461,0.2206414540608724,-1.4040597279866536,0.13216272989908853
2018-10-20,101053.16031901042,302.3663584391276,-0.003393854945898056,3.176331519938458e-05,0.7769510746002197,-0.5143127838770548,0.12394650777180989
2018-10-21,101112.46549479167,302.2763201395671,-0.0033284928649663925,1.3116001980506553e-05,0.9175744454065958,-0.6646353403727213,0.11677296956380208
2018-10-22,101033.43684895833,302.8239339192708,-0.0038640061393380165,0.0,0.7577594518661499,-1.0567359924316406,0.11030769348144531
2018-10-23,101026.27083333333,301.71362495422363,-0.004728601314127445,8.612871056357108e-07,0.5286006927490234,-2.1741822560628257,0.10480499267578125
2018-10-24,100968.78173828125,302.08872477213544,-0.004098866134881973,8.583068797918258e-07,0.24570147196451822,-1.6568188667297363,0.10043144226074219
2018-10-25,101102.67854817708,301.7634385426839,-0.0030622370541095734,2.5259610538341803e-05,-0.03454144795735677,0.5827348232269287,0.09774589538574219
2018-10-26,101173.99072265625,302.48826281229657,-0.003654324449598789,5.3688883781433105e-05,-0.36371421813964844,-1.8850075801213582,0.09582201639811198
2018-10-27,101166.12060546875,302.21093877156574,-0.00410443264991045,1.2814997489840607e-06,-0.22712008158365884,-1.1479303042093914,0.09376843770345052
2018-10-28,101045.2490234375,302.5490328470866,-0.004567998461425304,4.351138045421976e-07,-0.7001113891601562,-2.394574681917826,0.09195518493652344
2018-10-29,100947.48844401042,302.06929270426434,-0.004262334667146206,8.525721000296471e-07,-0.8744029998779297,-2.3719863891601562,0.09039115905761719
2018-10-30,100914.59423828125,301.33459599812824,-0.0038383323699235916,8.583068797918258e-07,-0.6488672892252604,-2.13696551322937,0.08925565083821614
2018-10-31,100921.57975260417,301.323055267334,-0.0033570164814591408,1.7089562334149377e-06,-0.5444385210673014,-2.0854912996292114,0.088470458984375
2018-11-01,100879.65478515625,301.75814628601074,-0.0029149195179343224,8.52346317969932e-07,-0.2638429005940755,-1.6769415537516277,0.08790969848632812
2018-11-02,100836.18701171875,302.15271759033203,-0.0027778763324022293,0.0,-0.5136027336120605,-1.2555561065673828,0.08751169840494792
2018-11-03,100933.85791015625,302.3405539194743,-0.002105429768562317,0.00019044280048774453,-0.853552500406901,0.9868933359781901,0.08791669209798177
2018-11-04,100965.54182942708,302.5821355183919,-0.00221289973706007,5.173683064185752e-06,-0.05179941654205322,-0.5021082560221354,0.08843358357747395
2018-11-05,101008.68212890625,302.24487113952637,-0.002379472367465496,0.00016337931145926632,0.37311553955078125,-1.1778710683186848,0.08866310119628906
2018-11-06,101017.7900390625,302.95759201049805,-0.003113594837486744,8.52346317969932e-07,0.024740219116210938,-2.411668539047241,0.08857790629069011
2018-11-07,101033.01204427083,302.16522280375165,-0.004085046239197254,8.523463748133508e-07,-0.04291979471842448,-2.749668757120768,0.08782005310058594
2018-11-08,100941.30078125,301.1428902943929,-0.0026871152222156525,8.523463748133508e-07,0.37445831298828125,-1.6105155944824219,0.0873247782389323
2018-11-09,100886.42838541667,301.30155118306476,-0.002423815429210663,0.0,0.3595390319824219,-1.656909704208374,0.0870501200358073
2018-11-10,100973.8623046875,301.32166417439777,-0.002887571230530739,1.2844800849620697e-06,0.40642523765563965,-2.279944578806559,0.08684285481770833
2018-11-11,101049.27587890625,300.8304551442464,-0.0027246372774243355,8.523463748133508e-07,0.5436286926269531,-2.2766051292419434,0.08666356404622395
2018-11-12,100937.13232421875,300.6578420003255,-0.0025444459170103073,8.677103551235632e-07,0.4860738118489583,-1.5239143371582031,0.08648173014322917
2018-11-13,100818.96956380208,299.62445640563965,-0.0022161323577165604,0.0,0.6937710444132487,-1.2424729267756145,0.08633613586425781
2018-11-14,100869.08968098958,299.3428611755371,-0.002235857769846916,3.2138643746293383e-06,0.7068684101104736,-2.1608431339263916,0.08621978759765625
2018-11-15,100986.60481770833,300.88419914245605,-0.0028768982738256454,8.424994462075119e-07,-0.11122683684031169,-2.618119756380717,0.08604812622070312
2018-11-16,100983.32047526042,301.2748260498047,-0.0032205525785684586,8.52346317969932e-07,-0.5231847763061523,-2.578897714614868,0.08592669169108073
2018-11-17,100868.83675130208,300.90478070576984,-0.0023741908371448517,1.2820678989555745e-06,-0.0505987803141276,-1.8170753320058186,0.08582814534505208
2018-11-18,100941.21744791667,300.4049154917399,-0.0017010560259222984,8.372637694264995e-09,0.7837320963541666,-0.7307253281275431,0.08574167887369792
2018-11-19,101151.53597005208,300.33705711364746,-0.0014988379552960396,1.7195939108205494e-06,0.7418371836344401,0.12829323609670004,0.0857086181640625
2018-11-20,101172.99886067708,300.7580197652181,-0.0016776975244283676,1.239776509009971e-06,0.4323170979817708,-0.798886219660441,0.08565711975097656
2018-11-21,101125.80289713542,301.37133026123047,-0.0019178101792931557,5.692243576049805e-06,-0.08256276448567708,-1.330765724182129,0.08561960856119792
2018-11-22,101125.92545572917,302.1004015604655,-0.0025225598365068436,8.52346317969932e-07,-0.07313474019368489,-1.737207055091858,0.08554840087890625
2018-11-23,101300.68277994792,301.6810296376546,-0.002876700833439827,0.0,-0.8471355438232422,-1.6825551986694336,0.0854657491048177
2018-11-24,101341.37662760417,301.23724301656085,-0.002734716050326824,0.0,-0.427303949991862,-1.6643466154734294,0.08538118998209636
2018-11-25,101202.9765625,300.5132916768392,-0.0021133897826075554,0.0,0.2216466267903646,-1.5984785159428914,0.08531443277994792
2018-11-26,101026.54378255208,300.46291160583496,-0.002246517688035965,8.52346317969932e-07,-0.10304641723632812,-1.531307061513265,0.08523877461751302
2018-11-27,101090.51204427083,300.3960196177165,-0.0026249922811985016,0.0,-0.7521394093831381,-1.2636874516805012,0.08518091837565105
2018-11-28,101165.51383463542,299.9112491607666,-0.0023206258192658424,2.59550813552778e-06,-0.5289535522460938,-1.286984880765279,0.08513323465983073
2018-11-29,101283.05419921875,299.62116686503094,-0.0023327330127358437,1.7106531799981894e-06,-0.49675965309143066,-1.4790267944335938,0.08508555094401042
2018-11-30,101254.11669921875,299.7532736460368,-0.002369949594140053,2.580881073299679e-06,-0.5710277557373047,-1.733841896057129,0.08504104614257812
2018-12-01,101002.80029296875,299.33473841349286,-0.0020094383507966995,0.0,-1.0557079315185547,-1.6124248902002971,0.08500607808430989
2018-12-02,100903.27766927083,299.1920566558838,-0.0017985031008720398,0.0,-0.5363941192626953,-0.7775440216064453,0.08496348063151042
2018-12-03,100965.47314453125,299.2746232350667,-0.0016675237566232681,0.0,-0.05132230122884115,-1.5115203857421875,0.08492406209309895
2018-12-04,101067.72298177083,300.13250796000165,-0.001818227581679821,8.583068797918258e-07,-0.5306307474772135,-1.3382593790690105,0.08488210042317708
2018-12-05,100974.00032552083,299.618195215861,-0.001626504585146904,0.0,0.3497149149576823,-1.6869678497314453,0.08483250935872395
2018-12-06,100953.41422526042,299.2750186920166,-0.002151784487068653,1.7172228581330273e-06,0.4543622334798177,-2.2619813283284507,0.0847918192545573
2018-12-07,100959.24934895833,298.9676570892334,-0.0019085090607404709,8.583068051848386e-07,0.7864323854446411,-1.7088076273600261,0.084747314453125
2018-12-08,101046.32373046875,298.7346134185791,-0.0022796308621764183,0.0,0.8806124528249105,-2.511385917663574,0.08469772338867188
2018-12-09,100992.74983723958,298.0040512084961,-0.00242752768099308,8.52346317969932e-07,0.989397406578064,-3.0089654525121055,0.0846570332845052
2018-12-10,101064.93863932292,297.1255448659261,-0.002306101843714714,0.0,0.388278325398763,-2.8294764359792075,0.08459091186523438
2018-12-11,101138.07112630208,297.33875974019367,-0.0018300889059901237,0.0,0.46874046325683594,-2.8285972277323403,0.08449872334798177
2018-12-12,101214.5654296875,297.6425444285075,-0.0015538278967142105,0.0,0.3968365987141927,-2.6825546423594155,0.08443578084309895
2018-12-13,101269.35872395833,298.24691645304364,-0.0031032199040055275,1.726796313050727e-06,-0.5000877380371094,-4.660800854365031,0.08439445495605469
2018-12-14,101244.537109375,299.318359375,-0.0023366734385490417,4.394121901896142e-07,-2.4736462831497192,-3.0281728903452554,0.08434232076009114
2018-12-15,101227.88883463542,299.8535296122233,-0.002033463679254055,8.553265615773853e-07,-2.6406253973642984,-1.854540745417277,0.08428192138671875
2018-12-16,101256.25504557292,298.7893072764079,-0.0021438943222165108,1.287214558942651e-06,-1.5404130617777507,-2.3650203943252563,0.0842272440592448
2018-12-17,101228.61165364583,297.2350495656331,-0.0020210212096571922,1.7046927496267017e-06,-0.4306810696919759,-2.441646615664164,0.08418655395507812
2018-12-18,101287.87288411458,297.41991488138837,-0.001722574234008789,4.351138045421976e-07,-0.3665275573730469,-2.527489344278971,0.08416493733723958
2018-12-19,101299.2333984375,296.9646759033203,-0.001931123435497284,1.2814998626708984e-06,-0.750097910563151,-1.9887927373250325,0.08412488301595052
2018-12-20,101256.70247395833,296.5928243001302,-0.0017654858529567719,8.52346317969932e-07,-0.46645037333170575,-1.585015892982483,0.08409055074055989
2018-12-21,101146.47265625,297.4567216237386,-0.0013025179505348206,1.7131458207586547e-06,-0.16146405537923178,-1.2035880486170452,0.08405685424804688
2018-12-22,101126.97542317708,297.4832820892334,-0.0016160886734724045,8.583068797918258e-07,-0.04145685831705729,-1.9359474579493205,0.0840136210123698
2018-12-23,101144.89290364583,297.9789047241211,-0.0015960317105054855,8.523463748133508e-07,0.624918540318807,-2.5093986988067627,0.08397547403971355
2018-12-24,101147.54524739583,298.3536796569824,-0.0013657649978995323,8.52346317969932e-07,0.6107270320256551,-1.90717609723409,0.08394304911295573
2018-12-25,101127.61962890625,297.8531023661296,-0.0018682284280657768,8.553266184208042e-07,0.9183675050735474,-2.564563512802124,0.08386484781901042
2018-12-26,101219.63313802083,296.67207527160645,-0.0033019380643963814,4.261732087229575e-07,0.5918057759602865,-4.448988199234009,0.08382288614908855
2018-12-27,101191.48795572917,296.1139666239421,-0.002974351868033409,8.463858875984442e-07,-0.6101680994033813,-4.511010527610779,0.08378028869628906
2018-12-28,101131.01676432292,296.00695419311523,-0.0019363220781087875,2.574955942691304e-06,-1.7337485154469807,-2.1923311154047647,0.0837415059407552
2018-12-29,101315.7978515625,296.3381913503011,-0.0018795579671859741,2.14835205269992e-06,-1.585641860961914,-1.8737716674804688,0.08371416727701823
2018-12-30,101468.91048177083,296.52947934468585,-0.0017987694591283798,1.7241968066628033e-06,-1.3731716473897297,-1.6636721293131511,0.08366902669270833
2019-01-01,101547.6416015625,295.8738708496094,-0.0013433918356895447,0.0,-0.2440017064412435,-1.4279550711313884,0.08357874552408855
2019-01-02,101540.02392578125,296.58141771952313,-0.0016662832349538803,8.52346317969932e-07,0.1568089723587036,-2.68483034769694,0.08351453145345052
2019-01-03,101565.64176432292,296.25039990743,-0.001357218250632286,0.0,0.21499232451121011,-1.6589209636052449,0.0834643046061198
2019-01-04,101427.05582682292,296.70306460062665,-0.0013597756624221802,8.52346317969932e-07,0.3040760358174642,-1.5698291460673015,0.08342742919921875
2019-01-05,101305.185546875,295.7232545216878,-0.0014188122004270554,0.0,0.9372463623682658,-2.1276617447535195,0.08338165283203125
2019-01-06,101231.45458984375,296.57343037923175,-0.002524629235267639,1.716613724056515e-06,0.05991522471110026,-4.268789092699687,0.0832684834798177
2019-01-07,101231.1630859375,297.05985832214355,-0.002101709134876728,2.5765862687876506e-06,-0.652184804280599,-3.0049240589141846,0.08322079976399739
2019-01-08,101220.83333333333,296.41819953918457,-0.001704944297671318,8.52346317969932e-07,-0.055302937825520836,-2.3740636110305786,0.08316930135091145
2019-01-09,101203.3388671875,295.56162961324054,-0.0016488516703248024,4.2319288695580326e-07,0.4252859751383464,-2.697824398676554,0.08313179016113281
2019-01-10,101108.29020182292,296.1478964487712,-0.0014512958005070686,1.3094172572891694e-06,0.08286984761555989,-1.9972305297851562,0.08307456970214844
2019-01-11,101193.72900390625,295.76878420511883,-0.001416788436472416,2.1522338897739246e-06,0.8403402964274088,-2.0944639841715493,0.08303451538085938
2019-01-12,101215.96012369792,295.08587010701496,-0.0015939902514219284,0.0,0.7708670298258463,-2.343542734781901,0.08289400736490886
2019-01-13,101269.44091796875,296.3802852630615,-0.0021825945004820824,8.583068797918258e-07,0.2875937620798747,-3.647089878718058,0.0827929178873698
2019-01-14,101164.04313151042,297.86162694295246,-0.001823466271162033,1.293269178859191e-06,-0.5631764729817709,-2.9629063606262207,0.08273760477701823
2019-01-15,101232.81770833333,298.1582851409912,-0.0015312405303120613,0.0,-0.5232321421305338,-1.9682731628417969,0.08268419901529948
2019-01-16,101223.72835286458,297.38021087646484,-0.00127490796148777,8.583068620282575e-07,0.03109761079152425,-1.4140256245930989,0.08261426289876302
2019-01-17,101127.0751953125,297.3998686472575,-0.0017694421112537384,4.2319288695580326e-07,0.4321937561035156,-2.7479070027669272,0.08256085713704427
2019-01-18,101123.763671875,297.315632502238,-0.001476883888244629,2.574336008365208e-06,0.40267054239908856,-1.794310172398885,0.08250999450683594
2019-01-19,101229.75309244792,297.93679364522296,-0.0013287123292684555,8.52346317969932e-07,0.12981796264648438,-0.6326048374176025,0.08245468139648438
2019-01-20,101226.611328125,298.0449161529541,-0.0014136191457509995,8.52346317969932e-07,0.4645589192708333,-0.9378441174825033,0.08239364624023438
2019-01-21,101178.2626953125,296.8212324778239,-0.0015129726380109787,1.4102458862907952e-05,1.3488114674886067,-1.4772198994954426,0.08236122131347656
2019-01-22,101271.49739583333,295.7327175140381,-0.0013152584433555603,4.762411117553711e-05,0.4605151414871216,-0.23191805680592856,0.08237711588541667
2019-01-23,101349.07552083333,295.202875773112,-0.0023810509592294693,9.883642189834063e-05,0.6818190813064575,-3.2552191416422525,0.08328882853190105
2019-01-24,101326.08740234375,295.5486977895101,-0.0024812202900648117,2.5789189521674416e-06,0.8379735549290975,-4.02198600769043,0.08324940999348958
2019-01-25,101352.9365234375,295.3038895924886,-0.0032762903720140457,1.713068115805072e-06,0.22448444366455078,-5.492139935493469,0.08311080932617188
2019-01-26,101369.88688151042,295.83774439493817,-0.00228792242705822,1.2884055422546226e-06,-0.3643945058186849,-5.014963150024414,0.08297920227050781
2019-01-27,101423.72509765625,296.7202231089274,-0.002077094279229641,8.523463748133508e-07,-0.9549935658772787,-4.288599729537964,0.08286285400390625
2019-01-28,101476.35693359375,296.56003824869794,-0.0021125441417098045,4.4191051529196557e-07,-1.4072259267171223,-3.471273938814799,0.08275349934895833
2019-01-29,101453.94759114583,296.29871940612793,-0.0017848871648311615,1.6811059708743414e-06,-0.7126428286234537,-2.640238364537557,0.08266003926595052
2019-01-30,101343.29280598958,296.00598462422687,-0.0012752972543239594,0.0,-0.15611676375071207,-1.5253264506657918,0.0825818379720052
2019-01-31,101256.54459635417,295.85836855570477,-0.001470932736992836,0.0,1.0531407594680786,-2.240692694981893,0.08249664306640625
2019-02-01,101224.93212890625,296.58361053466797,-0.0017524277791380882,2.5868415605145856e-06,0.6727148691813151,-2.951838811238607,0.08243497212727864
2019-02-02,101151.1357421875,296.41147867838544,-0.0015784641727805138,0.0,0.9298636118570963,-2.7198984225591025,0.0823961893717448
2019-02-03,101223.92252604167,297.2411231994629,-0.0010599717497825623,0.0,0.46962591012318927,-1.425359805425008,0.08234850565592448
2019-02-04,101381.80989583333,297.54092089335126,-0.0012261848896741867,1.714922575501987e-06,0.18134943644205728,0.1004489262898763,0.0822906494140625
2019-02-05,101330.455078125,297.54577763875324,-0.0012451140210032463,4.351138045421976e-07,1.1820119222005208,-1.122015357017517,0.08225440979003906
2019-02-06,101146.51725260417,296.4908587137858,-0.001844857819378376,4.351138045421976e-07,2.0065520207087197,-1.668440818786621,0.0822156270345052
2019-02-07,101368.6787109375,294.6493733723958,-0.0024664197117090225,5.169004907656927e-06,1.5257286230723064,-3.195673704147339,0.08216349283854167
2019-02-08,101522.09342447917,293.00378100077313,-0.0028333477675914764,2.1150274278625147e-06,0.7622553507486979,-3.7306246360143027,0.08213361104329427
2019-02-09,101339.16422526042,294.95522689819336,-0.0024392250925302505,8.583068833445395e-07,-0.9251880645751953,-3.2441601753234863,0.08207448323567708
2019-02-10,101307.59130859375,295.6129620869954,-0.0013511981815099716,4.351138045421976e-07,0.03684298197428385,-1.223549524943034,0.08200454711914062
2019-02-11,101262.5859375,297.74990971883136,-0.0012661162763834,1.7195939108205494e-06,-0.07054646809895833,-1.986562728881836,0.08192380269368489
2019-02-12,101339.76025390625,299.5117441813151,-0.0012588147073984146,8.52346317969932e-07,0.35926055908203125,-1.622989018758138,0.08185450236002605
2019-02-13,101403.88395182292,298.7487856547038,-0.001761757768690586,0.0,1.6726671854654949,-3.015680948893229,0.08179346720377605
2019-02-14,101210.17952473958,297.8540693918864,-0.0018174462020397186,8.553265615773853e-07,1.6706492106119792,-2.9658260345458984,0.08175595601399739
2019-02-15,101307.23844401042,296.4645576477051,-0.0017890222370624542,8.52346317969932e-07,1.381296157836914,-2.3601237138112388,0.0817120869954427
2019-02-16,101287.40559895833,296.2443542480469,-0.002053007483482361,4.351138045421976e-07,0.7201786041259766,-2.380059560139974,0.08164660135904948
2019-02-17,101151.04736328125,295.83899815877277,-0.0017726067453622818,0.0,1.1625118255615234,-1.8592660427093506,0.0815900166829427
2019-02-18,100935.12255859375,296.3559487660726,-0.0016467887908220291,8.52346317969932e-07,1.1716601053873699,-1.7358189423878987,0.08154360453287761
2019-02-19,101014.95361328125,297.5210526784261,-0.0015708208084106445,1.7046928064701206e-06,1.1871802012125652,-2.0261656443277993,0.08146603902180989
2019-02-20,101230.4638671875,297.8674538930257,-0.0010959729552268982,1.7225742112714215e-06,1.2330455780029297,-0.347214142481486,0.08142280578613281
2019-02-21,101431.0546875,297.682165145874,-0.0016254531219601631,1.6961233200163406e-06,1.7560914357503254,-2.2243212858835855,0.0813306172688802
2019-02-22,101225.90494791667,299.40252621968585,-0.002004939131438732,1.7228238675670582e-06,0.9120928446451823,-3.229755719502767,0.08129247029622395
2019-02-23,101013.35823567708,300.133638381958,-0.002139417454600334,3.0017681638128124e-06,1.1883659362792969,-3.15591033299764,0.08124860127766927
2019-02-24,100913.70084635417,299.2280731201172,-0.002725031226873398,1.7105289771279786e-06,1.4418296813964844,-3.5566479365030923,0.08120791117350261
2019-02-25,100909.11344401042,298.4680004119873,-0.0020704446360468864,8.52346317969932e-07,1.4817803700764973,-2.888540267944336,0.0811309814453125
2019-02-26,100890.43473307292,297.65902582804364,-0.0018436424434185028,2.5702528319015983e-06,0.9008176326751709,-2.3766321738560996,0.08105913798014323
2019-02-27,100927.044921875,296.727326075236,-0.0014075739309191704,2.2692184984407504e-06,1.1660945415496826,-1.523790995279948,0.08103497823079427
2019-02-28,100956.30729166667,297.50945981343585,-0.0026014363393187523,4.351138613856165e-07,0.6532694498697916,-3.0680580536524453,0.08082008361816406
2019-03-01,100842.91829427083,297.8429838816325,-0.0014831898733973503,0.0,0.7395801544189453,-0.5150460402170817,0.0807342529296875
2019-03-02,100909.24772135417,297.8794180552165,-0.001217312179505825,8.07642834388389e-07,1.6595643361409504,0.8380195697148641,0.08071517944335938
2019-03-03,100988.81559244792,297.1164690653483,-0.0014169374480843544,4.8667192459106445e-05,1.3815892537434895,-0.6723804076512655,0.08097076416015625
2019-03-04,100904.73421223958,297.1593125661214,-0.0015547862276434898,0.00019829571238005883,1.7980205217997234,-1.5004016558329265,0.08179601033528645
2019-03-05,100924.59228515625,297.0259526570638,-0.0016992809250950813,1.0058283805847168e-05,1.7997290293375652,-0.29248468081156415,0.08235677083333333
2019-03-06,101024.99723307292,296.30212148030597,-0.0020762737840414047,2.3458479745386285e-06,1.3741569519042969,-1.5379480918248494,0.0820477803548177
2019-03-07,100917.08870442708,297.1986497243245,-0.002123367041349411,0.0,1.0673433939615886,-2.3909972111384072,0.08179410298665364
2019-03-08,101067.87890625,298.52409108479816,-0.0021202294155955315,8.52346317969932e-07,1.5134944915771484,-3.0771608352661133,0.08153025309244792
2019-03-09,101106.56412760417,299.47833315531415,-0.0020721405744552612,1.7195939108205494e-06,1.4150869846343994,-2.661900798479716,0.08139101664225261
2019-03-10,101087.34993489583,298.8098913828532,-0.0018253326416015625,2.138374497917539e-06,1.8321539560953777,-1.7599700689315796,0.08127721150716145
2019-03-11,101228.09879557292,297.9450340270996,-0.0020075030624866486,3.3915462154254783e-06,1.8074995676676433,-3.191265106201172,0.08110936482747395
2019-03-12,101220.40315755208,298.13916714986163,-0.0017439574003219604,4.334363197244784e-07,1.4964771270751953,-2.0259363651275635,0.08094978332519531
2019-03-13,101304.650390625,298.05937512715656,-0.0019338689744472504,0.0,1.4490772088368733,-2.166349411010742,0.08087539672851562
2019-03-14,101251.19124348958,298.66270955403644,-0.002559281885623932,1.2806197560166765e-06,1.4007818698883057,-3.8775113423665366,0.08080991109212239
2019-03-15,101111.99267578125,300.0547300974528,-0.0027475841343402863,2.5888119239425578e-06,0.8102957407633463,-3.765067537625631,0.08074315388997395
2019-03-16,101039.60091145833,299.15124130249023,-0.0016118530184030533,1.7106532936850272e-06,1.4983291625976562,-1.964820384979248,0.08067067464192708
2019-03-17,101047.53857421875,298.7294356028239,-0.0014604218304157257,1.78813479578821e-08,1.3234952290852864,-1.2077802817026775,0.08057594299316406
2019-03-18,101000.97151692708,299.4094352722168,-0.0020895134657621384,1.7046928064701206e-06,1.200967788696289,-2.140809416770935,0.08046150207519531
2019-03-19,100842.48763020833,299.5510311126709,-0.0018194206058979034,1.2874602930423862e-06,1.4092775980631511,-1.060575803120931,0.08037058512369792
2019-03-20,100900.75032552083,298.34337361653644,-0.0017169378697872162,1.7145424635600648e-06,2.0168895721435547,-1.049400528271993,0.08032035827636719
2019-03-21,101096.61197916667,297.61809794108075,-0.001892903819680214,1.1833348537493293e-05,1.4106178283691406,-2.015221039454142,0.08027267456054688
2019-03-22,101090.66031901042,299.0071913401286,-0.0021245060488581657,1.7210263081324229e-06,1.224190394083659,-2.65657647450765,0.08010419209798177
2019-03-23,100952.06103515625,301.11140632629395,-0.0023426981642842293,3.4567801776574925e-06,1.2806440989176433,-3.0356667836507163,0.0800641377766927
2019-03-24,100786.66780598958,302.90274238586426,-0.002735222689807415,-1.6322701412718743e-08,0.8170757293701172,-3.5767110188802085,0.08001518249511719
2019-03-25,100793.21370442708,303.76672554016113,-0.002727547660470009,0.0,0.49055659770965576,-3.6472462813059487,0.07993189493815105
2019-03-26,100922.72314453125,302.9110336303711,-0.0023647090420126915,0.0,0.9839229583740234,-2.2245009342829385,0.07984860738118489
2019-03-27,101115.79622395833,300.8319905598958,-0.0013315090909600258,1.2814997489840607e-06,1.2549584706624348,0.11749374866485596,0.07977294921875
2019-03-28,100971.31559244792,300.5228462219238,-0.0016571087762713432,0.0,1.532992680867513,0.03719393412272135,0.07968966166178386
2019-03-29,100796.86653645833,301.5976963043213,-0.0020886901766061783,2.151657099602744e-06,2.032780329386393,-0.7991409301757812,0.07963116963704427
2019-03-30,100851.74430338542,300.5556532541911,-0.0017153499647974968,8.318719437738764e-07,1.9860804080963135,0.9191123644510905,0.07956314086914062
2019-03-31,100899.65218098958,300.8554039001465,-0.001979883760213852,0.0,2.0958563486735025,0.15101846059163412,0.07946268717447917
2019-04-01,100951.501953125,299.66455841064453,-0.001966342329978943,1.7254541830880044e-06,1.9646593729654949,0.39735424518585205,0.0793902079264323
2019-04-02,100881.02522786458,299.2957420349121,-0.001748824492096901,2.605182942261308e-06,1.4945767720540364,0.01975826422373454,0.07932090759277344
2019-04-03,100798.09342447917,300.5440146128337,-0.001865684986114502,2.968311207496299e-06,1.4692522684733074,-0.7158126831054688,0.07912190755208333
2019-04-04,100936.52783203125,300.8807150522868,-0.0017888257279992104,3.14712519866589e-06,2.075551986694336,1.5984121958414714,0.0790545145670573
2019-04-05,101044.40380859375,300.69238471984863,-0.0017824135720729828,3.257341120388446e-06,1.8367627461751301,0.7635594209035238,0.07903989156087239
2019-04-06,100969.21956380208,300.9941101074219,-0.0020220912992954254,1.7219060737261316e-06,1.9404646555582683,-1.1198044220606487,0.07900174458821614
2019-04-07,100824.37711588542,300.4922974904378,-0.0018234727904200554,-1.0313385701010702e-08,1.4792416890462239,-0.12284620602925618,0.07892354329427083
2019-04-08,100730.74235026042,300.8879280090332,-0.001903444528579712,1.7257762578992697e-06,1.7424157460530598,-0.7965501944224039,0.07883771260579427
2019-04-09,100863.109375,300.6594880421956,-0.0019204672425985336,2.2688718850361056e-06,1.7257684071858723,0.07114481925964355,0.07875506083170573
2019-04-10,100875.69466145833,300.6993287404378,-0.002028810791671276,3.877282040321006e-06,1.5742212931315105,-1.4589670896530151,0.07862599690755208
2019-04-11,100779.25048828125,301.5204728444417,-0.0019170846790075302,1.727187509459327e-06,1.7536786397298176,-1.0648115873336792,0.07855478922526042
2019-04-12,100748.50651041667,301.7939707438151,-0.002020365558564663,8.583068833445395e-07,1.7439759572347004,-1.1343159278233845,0.07848803202311198
2019-04-13,100738.47054036458,303.1378974914551,-0.002389034256339073,4.351138045421976e-07,1.8684323628743489,-2.1240628957748413,0.0784009297688802
2019-04-14,100728.072265625,303.1537399291992,-0.001909002661705017,5.199313159209851e-05,2.192894617716471,-1.0925384759902954,0.07839902242024739
2019-04-15,100733.91878255208,302.7417589823405,-0.0019124839454889297,0.0,2.139071782430013,0.12993963559468588,0.07866096496582031
2019-04-16,100796.5380859375,301.9098421732585,-0.0022042589262127876,2.1745054880284442e-05,2.235403060913086,1.1856106519699097,0.07863426208496094
2019-04-17,100959.63134765625,301.1771602630615,-0.0033796457573771477,2.6404856612316507e-06,1.9822508494059246,-2.8887017567952475,0.07862345377604167
2019-04-18,100894.8486328125,301.0069325764974,-0.0021572597324848175,1.7058546859516355e-06,1.7115669250488281,-2.920954465866089,0.07853507995605469
2019-04-19,100674.03938802083,302.16620445251465,-0.0022029485553503036,3.007982343206095e-06,1.7052974700927734,-2.057225306828817,0.07845242818196614
2019-04-20,100548.98177083333,301.3436902364095,-0.0016351528465747833,-1.417674866388552e-10,1.5857658386230469,0.7433294455210367,0.07834370930989583
2019-04-21,100598.99495442708,300.86077308654785,-0.0018815770745277405,2.0623206182790454e-06,1.7191168467203777,0.2331308921178182,0.07819557189941406
2019-04-22,100623.0048828125,301.51356569925946,-0.0022569233551621437,1.2248754046595423e-06,1.6205685933430989,-1.8677820364634197,0.0779279073079427
2019-04-23,100737.71028645833,301.81580861409503,-0.002006729133427143,8.52346317969932e-07,1.9607009887695312,-1.7731573581695557,0.07781028747558594
2019-04-24,100751.72216796875,302.23162778218585,-0.002215992659330368,0.0,2.187290827433268,-2.3856263160705566,0.0777600606282552
2019-04-25,100708.11409505208,302.8027763366699,-0.002181652933359146,8.583068797918258e-07,2.163956960042318,-2.744388699531555,0.0777142842610677
2019-04-26,100550.61393229167,303.42955017089844,-0.0018233880400657654,0.0,2.0761197408040366,-1.915186087290446,0.07766342163085938
2019-04-27,100467.81591796875,304.37792523701984,-0.0021269433200359344,0.0,2.197053909301758,0.029737035433451336,0.07756868998209636
2019-04-28,100466.27506510417,304.4072265625,-0.002277640625834465,1.724528942759207e-06,1.9291152954101562,0.5878139734268188,0.07749875386555989
2019-04-29,100559.17024739583,302.4926020304362,-0.0019868118688464165,2.9244549750728766e-06,2.0118319193522134,1.8647352457046509,0.0774676005045573
2019-04-30,100548.35856119792,301.7223777770996,-0.002232905477285385,2.929525749095774e-06,2.7118047078450522,1.734377384185791,0.07736651102701823
2019-05-01,100479.58902994792,301.3203932444255,-0.002136366441845894,1.046359528800167e-05,2.327299118041992,1.6005887985229492,0.07735061645507812
2019-05-02,100519.650390625,301.0676981608073,-0.002271309494972229,1.415312289054782e-05,2.6790332794189453,1.4623489379882812,0.0773913065592448
2019-05-03,100698.60432942708,301.3065725962321,-0.0022585466504096985,1.2847805919591337e-05,3.03291384379069,2.0117791493733725,0.07742118835449219
2019-05-04,100920.89973958333,301.7841917673747,-0.001896655187010765,0.00017699897279044308,2.5768648783365884,1.7366389433542888,0.07821718851725261
2019-05-05,101010.26481119792,301.4906056722005,-0.0019383467733860016,0.00023239850997924805,2.423590342203776,0.013446331024169922,0.08005332946777344
2019-05-06,100774.21061197917,301.73950386047363,-0.002003902569413185,2.625584556881222e-06,2.081571578979492,-1.2825374603271484,0.0797119140625
2019-05-07,100787.31380208333,301.90876324971515,-0.0019994964823126793,0.00011730194091796875,2.879795710245768,0.6144450505574545,0.07950337727864583
2019-05-08,100884.32731119792,301.7739957173665,-0.0022319406270980835,9.392499913474239e-05,3.0479914347330728,0.18369575341542563,0.0807050069173177
2019-05-09,100795.2763671875,301.7088317871094,-0.002261221408843994,0.00014806687831381282,2.7569154103597007,-0.7378278175989786,0.08113924662272136
2019-05-10,100768.85270182292,301.9984016418457,-0.0020952820777893066,7.332614273991567e-05,2.6110382080078125,-1.023616353670756,0.08153279622395833
2019-05-11,100833.75032552083,301.62645594278973,-0.002248581498861313,6.973743438720703e-06,2.4391473134358725,-1.6008272965749104,0.08123779296875
2019-05-12,100745.71728515625,301.8986752827962,-0.0020146016031503677,1.918077458640255e-05,2.426974614461263,-1.0484755039215088,0.08103116353352864
2019-05-13,100706.83056640625,301.708651860555,-0.0020351773127913475,8.884072201453819e-06,2.467157999674479,-0.2891879479090373,0.08086713155110677
2019-05-14,100716.62158203125,301.7973117828369,-0.002004518173635006,1.0365247725019344e-05,2.3267008463541665,-0.16665236155192056,0.0807482401529948
2019-05-15,100812.42008463542,301.7281010945638,-0.0020546717569231987,2.8783082957062334e-05,2.215282440185547,-0.8155718247095743,0.08080991109212239
2019-05-16,100885.66080729167,301.6174958546956,-0.0021797381341457367,2.8240680592261924e-05,2.0515384674072266,-1.7183936834335327,0.08084742228190105
2019-05-17,100845.67220052083,302.14215723673504,-0.0021296022459864616,1.7598271369934082e-05,1.919674555460612,-2.7316606442133584,0.08084869384765625
2019-05-18,100724.5478515625,302.697806040446,-0.0020617973059415817,8.523463748133508e-07,1.8359171549479167,-2.925003170967102,0.08066304524739583
2019-05-19,100708.59912109375,302.98511695861816,-0.0021242722868919373,8.553445240977453e-07,1.721099853515625,-2.890678286552429,0.08046404520670573
2019-05-20,100674.75699869792,302.93084081013996,-0.0018442785367369652,1.7250449104722065e-06,2.199080149332682,-2.367659052213033,0.08026377360026042
2019-05-21,100677.07194010417,303.0085169474284,-0.0017115604132413864,1.9168852720241603e-05,2.5406201680501304,-0.722924550374349,0.08020401000976562
2019-05-22,100630.90543619792,302.6074498494466,-0.002143383026123047,0.00011340677737692317,2.595853805541992,-1.2131537993748982,0.08099174499511719
2019-05-23,100636.13818359375,302.6485347747803,-0.00200100801885128,7.991691614961383e-05,2.502477010091146,0.006712436676025391,0.0813891092936198
2019-05-24,100696.68912760417,302.71181869506836,-0.0020761173218488693,0.00010269880294799805,2.6791998545328775,-0.8617146809895834,0.08164914449055989
2019-05-25,100601.77083333333,302.40039825439453,-0.0022529643028974533,0.00016939545463046102,2.7952295939127603,-0.5326958497365316,0.08306948343912761
2019-05-26,100570.48876953125,302.5715974171956,-0.0021185660734772682,0.000138364857605211,2.8254388173421225,0.38906554381052655,0.08297157287597656
2019-05-27,100528.57877604167,302.81230036417645,-0.002166849561035633,0.00016596403111179825,2.897885004679362,-0.6871927579243978,0.08454195658365886
2019-05-28,100489.97900390625,302.636266708374,-0.00207575224339962,1.9276142040780542e-05,2.559687296549479,-1.0170691013336182,0.08419990539550781
2019-05-29,100419.20524088542,302.67829513549805,-0.0021240338683128357,1.775622371269492e-05,2.945287068684896,-0.4158511559168498,0.08386039733886719
2019-05-30,100397.47216796875,302.5697104136149,-0.0021127257496118546,6.489270691645288e-05,3.1182308197021484,-0.13887902100880942,0.08381970723470052
2019-05-31,100435.63541666667,302.76290130615234,-0.0022356221452355385,0.0001945316791420737,2.994023640950521,1.1846572160720825,0.08456484476725261
2019-06-01,100538.72233072917,303.1155751546224,-0.002206772565841675,0.0002026379107746834,3.194279352823893,1.3144063154856365,0.08623568216959636
2019-06-02,100515.2626953125,303.38065846761066,-0.002189468592405319,9.932518008781699e-05,3.2943293253580728,1.2125062545140584,0.08617464701334636
2019-06-03,100537.49479166667,303.33788744608563,-0.0022990647703409195,0.00041707754134634456,3.8168722788492837,1.8137678702672322,0.08830515543619792
2019-06-04,100481.47591145833,303.1175454457601,-0.002103697508573532,0.0004029572010040283,3.4614060719807944,0.21014205614725748,0.0904375712076823
2019-06-05,100405.947265625,303.43783315022785,-0.002081476151943207,7.277727127075195e-05,3.481185515721639,-0.7134569883346558,0.08957290649414062
2019-06-06,100449.17626953125,303.33151690165204,-0.0019204430282115936,5.5385370387739385e-05,2.7942923307418823,-0.738072395324707,0.08897145589192708
2019-06-07,100440.47347005208,303.51853370666504,-0.0018701348453760147,0.00022689234981498885,3.4613844553629556,0.11958567301432292,0.08878898620605469
2019-06-08,100338.27734375,303.8008804321289,-0.0020705489441752434,0.0006308555603027344,3.046441396077474,-0.371456503868103,0.09267234802246094
2019-06-09,100267.60270182292,303.5918623606364,-0.002167763188481331,0.00029628872870901546,2.7499383290608725,1.5327555338541667,0.09267552693684895
2019-06-10,100123.16780598958,303.56970532735187,-0.0024901777505874634,0.0012830525635649792,2.433168411254883,2.464548110961914,0.09635098775227864
2019-06-11,99914.7783203125,303.3434893290202,-0.0027744658291339874,0.0049566038304078575,-0.6040306091308594,1.3743534088134766,0.12268002827962239
2019-06-12,99875.7275390625,301.3949546813965,-0.005482017062604427,0.032448241921848364,-2.2730604807535806,8.96565310160319,0.2598406473795573
2019-06-13,100129.82096354167,300.3656584421794,-0.004895498044788837,0.010435104370117188,0.4490152994791667,8.23248291015625,0.3093700408935547
2019-06-14,100207.95279947917,300.4834493001302,-0.004873361438512802,0.007802250981228553,0.2887999216715495,7.753168026606242,0.2996940612792969
2019-06-15,100344.15625,300.4584382375081,-0.005047876387834549,0.013419762253818135,1.2701587677001953,7.3656543890635175,0.3262646993001302
2019-06-16,100487.78580729167,300.56702359517413,-0.004993509501218796,0.006532201170919905,1.4540596008300781,6.827915867169698,0.31499989827473956
2019-06-17,100484.74397786458,300.4241822560628,-0.004928802140057087,0.006193455789514246,1.7856645981470745,6.475522398948669,0.313693364461263
2019-06-18,100320.41389973958,300.17260297139484,-0.0046055130660533905,0.013917803632921277,2.371366500854492,5.9662346839904785,0.3310019175211589
2019-06-19,100282.47347005208,300.86716651916504,-0.004304017871618271,0.006646174192383114,2.61760938167572,3.305052955945333,0.3350868225097656
2019-06-20,100383.35237630208,301.12608591715497,-0.004235254600644112,0.0020050168036505056,2.0066261291503906,2.92829163869222,0.3093433380126953
2019-06-21,100335.34847005208,301.1787980397542,-0.00439994502812624,0.0014022350310369802,2.2067699432373047,1.5115307569503784,0.29205894470214844
2019-06-22,100235.74137369792,301.50885073343915,-0.004737231880426407,0.0023519396781921387,2.5076166788736978,0.8293177286783854,0.2825304667154948
2019-06-23,100181.00634765625,301.55376625061035,-0.0035264967009425163,0.0022917528625043815,2.0082340240478516,0.012731035550435385,0.2801634470621745
2019-06-24,100304.06591796875,300.88027064005536,-0.004015768878161907,0.01630401837383033,1.1524467468261719,2.510061264038086,0.3145243326822917
2019-06-25,100374.44466145833,301.15050506591797,-0.004549254663288593,0.012532886862743453,0.9290332794189453,2.856724421183268,0.3440450032552083
2019-06-26,100340.955078125,300.7540092468262,-0.004688413813710213,0.017245054244995117,1.0414594014485676,3.6969075202941895,0.3565184275309245
2019-06-27,100266.49690755208,300.3564790089925,-0.0046186549589037895,0.02838762104511261,3.13737424214681,2.3741734822591147,0.368649164835612
2019-06-28,100246.88916015625,299.4998607635498,-0.002455625683069229,0.10365254580974081,5.189695994059245,0.8419353564580282,0.4025917053222656
2019-06-29,100248.73876953125,299.368855158488,-0.0025495635345578194,0.04700102682329543,4.666762034098308,1.239592432975769,0.38492393493652344
2019-06-30,100288.67073567708,299.29643694559735,-0.002289535477757454,0.019045353136334597,3.668298085530599,1.9671211242675781,0.37505149841308594
2019-07-01,100189.00992838542,299.1876157124837,-0.002001401036977768,0.05562438368792755,3.1092090606689453,1.9913883209228516,0.3936119079589844
2019-07-02,100235.83479817708,299.601416905721,-0.0025726445019245148,0.028579816222190857,2.3416468302408853,2.721064885457357,0.37905311584472656
2019-07-03,100244.50374348958,299.41603724161786,-0.002543153241276741,0.01667739450931549,2.8633397420247397,3.6825979550679526,0.370639165242513
2019-07-04,100180.73502604167,299.75697962443036,-0.0030700284987688065,0.02250075340270996,3.816869099934896,3.5410865942637124,0.37382253011067706
2019-07-05,100065.25472005208,299.38586552937824,-0.003717523068189621,0.01948022246358505,4.6198685963948565,3.871109207471212,0.37554486592610675
2019-07-06,100050.83984375,299.0902633666992,-0.0033582113683223724,0.02561746749836402,4.711610158284505,4.5365051825841265,0.3808218638102214
2019-07-07,100172.8740234375,299.40527216593426,-0.00331710372120142,0.015317979454891884,3.9441649119059243,4.527748425801595,0.372134526570638
2019-07-08,100238.8310546875,299.7424952189128,-0.004155753180384636,0.01151496171951294,4.345917383829753,4.689149936040242,0.366336186726888
2019-07-09,100203.54329427083,299.63841311136883,-0.004606225527822971,0.012482994794840607,4.015584945678711,5.202130635579427,0.3669821421305339
2019-07-10,100276.63720703125,299.3052323659261,-0.003547956235706806,0.01615590310080961,4.7307484944661455,3.703714370727539,0.3710041046142578
2019-07-11,100493.54361979167,298.9243024190267,-0.0030519412830471992,0.013403418053826499,3.8813703457514444,4.704813996950786,0.3696295420328776
2019-07-12,100578.0791015625,299.6150760650635,-0.004016331396996975,0.006558316945927345,2.6063921451568604,5.116768558820088,0.3561261494954427
2019-07-13,100648.94661458333,299.64274342854816,-0.003863910213112831,0.005998700857162476,2.7670373916625977,4.170557498931885,0.34877649943033856
2019-07-14,100565.69449869792,299.8004659016927,-0.004265430383384228,0.007170969247813019,3.729510188102722,3.2292306423187256,0.3485431671142578
2019-07-15,100468.28987630208,299.857474009196,-0.00462762825191021,0.005798399448394775,3.7328712940216064,3.404027303059896,0.3451468149820964
2019-07-16,100556.5068359375,299.6832389831543,-0.004189476370811462,0.0047570288181191245,2.779499650001526,3.4211474657058716,0.3404318491617839
2019-07-17,100502.79866536458,299.8293228149414,-0.0042625367641448975,0.004303446229698693,2.9526979525883994,2.7210098107655845,0.3333136240641276
2019-07-18,100315.56868489583,300.2234878540039,-0.004225296899676323,0.003515586256980896,2.2616024017333984,1.998421311378479,0.32957204182942706
2019-07-19,100160.1435546875,300.75340270996094,-0.004541504196822643,0.0018396764992871795,1.814334233601888,1.983614404996236,0.31685638427734375
2019-07-20,100079.435546875,300.3439776102702,-0.003101341426372528,0.021311792731182777,0.8609911600748698,0.23353044191996256,0.3502623240152995
2019-07-21,99941.138671875,300.5588804880778,-0.003679746761918068,0.014229279756534652,0.28921039899190265,-0.15140597025553384,0.3616956075032552
2019-07-22,99890.98942057292,300.65013631184894,-0.004335432313382626,0.007005625963206086,-0.027455647786458332,3.684030532836914,0.35056495666503906
2019-07-23,100002.11946614583,300.5465342203776,-0.004902569577097893,0.013135316967861854,1.3771387736002605,5.270485917727153,0.35871124267578125
2019-07-24,100303.92854817708,299.97633298238117,-0.0039941295981407166,0.04434164794534112,4.504632314046224,2.1133015950520835,0.38829612731933594
2019-07-25,100474.91878255208,299.8949654897054,-0.0035515548661351204,0.022675210237480314,4.317333221435547,2.4655027389526367,0.37966664632161456
2019-07-26,100377.97347005208,299.37182362874347,-0.0038292594254016876,0.03208500146865845,5.625476837158203,2.368954340616862,0.3837242126464844
2019-07-27,100358.7763671875,299.4728546142578,-0.0036891503259539604,0.03278531031065768,6.394385655721028,1.9500734011332195,0.3865509033203125
2019-07-28,100359.21744791667,299.2216618855794,-0.0033355094492435455,0.020343586802482605,5.015160878499349,1.569490114847819,0.37478001912434894
2019-07-29,100325.4677734375,298.7485815684001,-0.002608807757496834,0.058887296915031584,6.190784454345703,1.9220729271570842,0.39441172281901044
2019-07-30,100406.49967447917,299.19278208414715,-0.0037832800298929214,0.06486386358727714,7.276243845621745,1.9792447884877522,0.3929786682128906
2019-07-31,100494.93619791667,299.2137794494629,-0.0033872807398438454,0.038873841241752416,6.664653778076172,2.129657427469889,0.38811620076497394
2019-08-01,100422.84554036458,298.873566309611,-0.003327988088130951,0.03561110213598795,6.566467920939128,2.366186777750651,0.38231658935546875
2019-08-02,100295.22037760417,299.09461148579913,-0.003146342933177948,0.06566163301467398,6.793195088704427,3.568257530530294,0.39458147684733075
2019-08-03,100178.33235677083,299.01732953389484,-0.003118010237812996,0.14921167492866516,7.959556579589844,3.4387965202331543,0.4066689809163411
2019-08-04,100139.79720052083,299.1727759043376,-0.0033368226140737534,0.09083080291748047,8.30839729309082,-0.42074354489644367,0.40314356486002606
2019-08-05,100143.83024088542,299.0527000427246,-0.003456356003880501,0.0619524955749462,7.901261647542317,1.0445952415466309,0.3973458607991536
2019-08-06,100122.5693359375,299.163231531779,-0.003114664927124977,0.03712719678878784,7.120052973429362,2.1480420033137,0.3854376475016276
2019-08-07,99996.35498046875,299.8742218017578,-0.004741169512271881,0.01750911096121399,7.692982355753581,1.8195163408915203,0.3735160827636719
2019-08-08,99864.76057942708,299.7233638763428,-0.0042006876319646835,0.019816899299616608,7.9727630615234375,2.019016981124878,0.37264569600423175
2019-08-09,99929.6025390625,299.52701632181805,-0.004637271165847778,0.02234519422052017,8.509951909383139,3.250690460205078,0.375918706258138
2019-08-10,100111.5078125,299.9430573781331,-0.006207335740327835,0.012777956734964846,8.160812377929688,4.692914962768555,0.36456934611002606
2019-08-11,100323.41796875,299.47481473286945,-0.0051001328974962234,0.014798400178392512,5.532519658406575,3.9261398315429688,0.36406898498535156
2019-08-12,100389.21370442708,299.3787390391032,-0.004338853061199188,0.0077106446027706,3.7302576700846353,3.179232398668925,0.3553167978922526
2019-08-13,100423.75406901042,299.56551361083984,-0.00395075511187315,0.00704007148732444,3.42287810643514,2.432163874308268,0.35057703653971356
2019-08-14,100500.29866536458,299.35945383707684,-0.0037594707682728767,0.010011851787567139,3.5551223357518515,3.2484302520751953,0.35519854227701825
2019-08-15,100548.80729166667,299.20648765563965,-0.0033798906952142715,0.009457454085350037,3.7337894439697266,3.417650024096171,0.3548297882080078
2019-08-16,100492.37809244792,299.48583793640137,-0.004477538168430328,0.010131740570063386,4.020256678263347,3.419317881266276,0.3577569325764974
2019-08-17,100496.63053385417,299.8699181874593,-0.004628187045454979,0.004098162055015564,3.0176874796549478,3.6988347371419272,0.34106190999348956
2019-08-18,100659.92236328125,299.8600387573242,-0.0041479626670479774,0.0032573938369750977,2.4626661936442056,2.4864985148111978,0.33095868428548175
2019-08-19,100748.38151041667,299.8869692484538,-0.004247481934726238,0.002562284469604492,2.225339889526367,1.9070489009221394,0.31982167561848956
2019-08-20,100719.41585286458,300.1307837168376,-0.00437092874199152,0.0020017876740467955,2.455303192138672,0.8214342594146729,0.3106587727864583
2019-08-21,100675.29622395833,299.3492908477783,-0.003991291858255863,0.008041779521178682,2.742918014526367,0.8142182429631551,0.33086077372233075
2019-08-22,100616.09228515625,299.28970273335773,-0.0041146911680698395,0.005421683192253113,2.7127374013264975,1.5639279683430989,0.33206431070963544
2019-08-23,100612.45882161458,299.1795514424642,-0.0045786891132593155,0.007563732480775798,2.691089630126953,2.3458817402521768,0.3375256856282552
2019-08-24,100551.08235677083,299.2981719970703,-0.004319414496421814,0.004289810443101061,1.6694189707438152,3.125590165456136,0.33182398478190106
2019-08-25,100465.21468098958,299.21778297424316,-0.004359564743936062,0.004684049775789845,1.7508284250895183,2.838206171989441,0.33037249247233075
2019-08-26,100415.36979166667,299.377347946167,-0.004764108918607235,0.004462125897305214,2.3614222208658853,3.368342717488607,0.3263715108235677
2019-08-27,100319.3916015625,299.10199038187665,-0.003895062953233719,0.004891571654411564,1.5629569292068481,3.8819363911946616,0.3275279998779297
2019-08-28,100368.44091796875,299.5515893300374,-0.00454704649746418,0.0047982475187495766,1.1581268310546875,4.379894971847534,0.32563018798828125
2019-08-29,100390.3525390625,299.80448150634766,-0.004178149625658989,0.006598191481202775,1.6891371409098308,3.711880922317505,0.32937876383463544
2019-08-30,100239.10888671875,299.91555976867676,-0.0040282029658555984,0.024138267192370222,2.8539854685465493,2.5702569087346396,0.3623212178548177
2019-08-31,100121.21923828125,299.69596672058105,-0.004527786746621132,0.03046540483512672,3.1600214640299478,3.5410677591959634,0.3743673960367839
2019-09-01,100267.82893880208,299.3517208099365,-0.002884935587644577,0.0169532924889495,2.268777847290039,4.006966272989909,0.36698150634765625
2019-09-02,100362.68375651042,299.5108642578125,-0.003917810507118702,0.02407111525531036,2.9815807342529297,3.5681533813476562,0.3664296468098958
2019-09-03,100275.35139973958,299.3937301635742,-0.0032666120678186417,0.06982594728469849,3.750525156656901,2.5122998555501304,0.3954022725423177
2019-09-04,100124.25830078125,299.19654591878253,-0.0027628596872091293,0.07658942937850455,5.111558278401692,1.4892513354619343,0.3989003499348958
2019-09-05,100081.81917317708,299.42499987284344,-0.0036302171647548676,0.0456779986619722,5.1440989176432295,2.7810275554656982,0.39038530985514325
2019-09-06,100063.03238932292,299.61187108357746,-0.004287106916308403,0.061033470605821094,5.347460428873698,4.480214277903239,0.39046986897786456
2019-09-07,100136.44091796875,299.55428949991864,-0.0040412116795778275,0.08278106153011322,5.479005813598633,3.9899807373682656,0.4013837178548177
2019-09-08,100317.20198567708,299.2094529469808,-0.002925993874669075,0.050811940431589875,4.695926666259766,3.676905314127604,0.3891741434733073
2019-09-09,100285.87841796875,299.568790435791,-0.0035873977467417717,0.02612413465976715,4.6667219797770185,3.062251408894857,0.37970225016276044
2019-09-10,100352.03857421875,299.4069175720215,-0.003545020706951618,0.01868624389171103,3.663031895955404,3.0879510243733725,0.3758748372395833
2019-09-11,100618.68440755208,299.4234498341878,-0.0037714894860982895,0.0066041648387908936,3.036989212036133,3.110249320665995,0.358669916788737
2019-09-12,100736.56298828125,298.85395431518555,-0.0026252083480358124,0.02163824737061759,3.2319329579671225,2.8782806396484375,0.37223180135091144
2019-09-13,100742.17138671875,298.6613572438558,-0.0027657505124807358,0.027550771832466125,3.760949452718099,2.0578409830729165,0.3789348602294922
2019-09-14,100736.13850911458,299.0393536885579,-0.002597532235085964,0.013344842195408546,3.3983211517333984,0.9625734885533651,0.3689123789469401
2019-09-15,100773.8251953125,299.1126194000244,-0.002734311856329441,0.008131653070449829,2.8566487630208335,0.3542957305908203,0.36032994588216144
2019-09-16,100638.51643880208,299.5546162923177,-0.0037428252398967743,0.006143257021903992,3.20994504292806,-0.07496706644694011,0.3502642313639323
2019-09-17,100556.36767578125,299.66291491190594,-0.002930043265223503,0.007853720017976684,1.7920936346054077,-0.6340217590332031,0.3535410563151042
2019-09-18,100549.91243489583,299.8015886942546,-0.003171570599079132,0.02869979441165782,1.4877691666285198,-1.601844350496928,0.36268170674641925
2019-09-19,100396.47574869792,299.38729159037274,-0.0035098884254693985,0.028987765312194824,-0.009930928548177084,0.6779555082321167,0.3807029724121094
2019-09-20,100371.19710286458,299.333402633667,-0.004273032769560814,0.008896547555821144,-1.0877456665039062,6.178938428560893,0.3627554575602214
2019-09-21,100388.40592447917,300.0120271046956,-0.004885803908109665,0.0019269287586212158,-1.0695679982503254,6.381373564402263,0.3363717397054036
2019-09-22,100584.84684244792,300.4067134857178,-0.004851607605814934,0.001156628131866455,0.11170005798339844,5.1322959661483765,0.3152821858723958
2019-09-23,100736.82568359375,300.48342450459796,-0.004331197589635849,0.0012038532723295248,0.6744620005289713,1.7596675157546997,0.3036568959554036
2019-09-24,100634.94417317708,300.21302286783856,-0.003792809322476387,0.020562136173243317,0.6125284830729166,-1.6057631174723308,0.3324089050292969
2019-09-25,100556.80794270833,300.23869768778485,-0.003243565559387207,0.02150106728066703,0.0505975087483724,-1.1614373127619426,0.3672536214192708
2019-09-26,100770.15152994792,299.7045090993245,-0.004500159062445164,0.032699286937770466,0.15387471516927084,4.049910108248393,0.37794748942057294
2019-09-27,101031.8232421875,299.3586483001709,-0.004818711429834366,0.017130213975860897,0.7933101654052734,6.033869902292888,0.36179351806640625
2019-09-28,100946.59114583333,299.71996053059894,-0.004984104074537754,0.0043606873169501625,1.0328504244486492,5.309272766113281,0.3384844462076823
2019-09-29,101029.66276041667,299.6919638315837,-0.004297863692045212,0.005116283893585205,1.4341405232747395,4.058794021606445,0.33908971150716144
2019-09-30,100978.48014322917,299.78524080912274,-0.0038461126387119293,0.006249353289604187,1.5128936767578125,2.86402956644694,0.34246063232421875
2019-10-01,101020.10432942708,299.71463839213055,-0.003448028117418289,0.004813903955948717,1.285715103149414,1.1372127930323284,0.3415234883626302
2019-10-02,101044.99072265625,300.1889654795329,-0.00419284962117672,0.0012144084303145064,1.328168233235677,-0.4726558526357015,0.3272705078125
2019-10-03,100965.8388671875,300.27165095011395,-0.004150095395743847,0.0011617720126650966,0.9345811208089193,-1.396060307820638,0.30921681722005206
2019-10-04,100913.06022135417,300.2754128774007,-0.0044452957808971405,0.0021382272243499756,0.7419617970784506,-1.1476586262385051,0.3055121103922526
2019-10-05,100837.181640625,300.19574038187665,-0.0048133088275790215,0.0027197800891372026,-0.2811393737792969,-0.8912501732508341,0.30599085489908856
2019-10-06,100885.43440755208,300.3836619059245,-0.0045451633632183075,0.0037201225756575695,0.1263713836669922,-0.14570109049479166,0.30535125732421875
2019-10-07,100934.52669270833,300.4873733520508,-0.004356603138148785,0.002164974808692932,0.1453425089518229,-1.0194026629130046,0.30883344014485675
2019-10-08,100836.35807291667,301.2169310251872,-0.0046856459230184555,0.0025413721799836253,-0.22853660583496094,-0.7829329172770182,0.30086835225423175
2019-10-09,100813.484375,300.6025625864665,-0.003651948645710945,0.0029548765833169455,0.25483957926432294,0.7767985661824545,0.3057092030843099
2019-10-10,100824.98876953125,301.1947275797526,-0.004567444324493408,0.005828103423027642,0.09384536743164062,0.5657440026601156,0.30247942606608075
2019-10-11,100817.93033854167,300.29752286275226,-0.004046233370900154,0.0076734542846566,0.47701581319173175,0.3964318831761678,0.33084678649902344
2019-10-12,100874.15413411458,300.7019735972087,-0.004271132871508598,0.007268353383608428,-0.36153411865234375,-0.2606519063313802,0.3298759460449219
2019-10-13,100964.23518880208,301.40194574991864,-0.004593731835484505,0.0042357408967177435,-0.2667715549468994,-0.29652051130930585,0.3278433481852214
2019-10-14,100922.07356770833,302.0598672231038,-0.004603848792612553,0.0004375964403138255,-0.5821730295817057,-1.0524490276972454,0.31022008260091144
2019-10-15,100899.87906901042,302.25510088602704,-0.005943715572357178,-7.363574638930004e-09,-0.9832833607991537,-1.678746501604716,0.2864189147949219
2019-10-16,100893.39990234375,302.05472564697266,-0.005928304046392441,8.583068797918258e-07,-1.1744263966878254,-1.8501201470692952,0.2669378916422526
2019-10-17,100856.61946614583,301.9270483652751,-0.005498131737112999,1.7240497527382104e-06,-0.7479743957519531,-1.2925134499867756,0.2502625783284505
2019-10-18,100873.30485026042,301.052490234375,-0.0033631538972258568,0.002426595964379885,-1.9162171681722004,-0.6000446081161499,0.24381001790364584
2019-10-19,100953.31038411458,299.41929626464844,-0.0025300411507487297,0.015255087614054474,-1.587053934733073,-1.7290089925130208,0.33037439982096356
2019-10-20,100964.44759114583,298.4478505452474,-0.002626928500831127,0.034831720590545956,-1.774288813273112,-1.8492409388224285,0.3756217956542969
2019-10-21,100766.97737630208,300.00157419840497,-0.003401367925107479,0.014017075300216675,-0.5533765157063802,-1.004844069480896,0.3646233876546224
2019-10-22,100667.22151692708,298.96666590372723,-0.002759745344519615,0.02217649681443845,-1.180157979329427,1.1894150972366333,0.37335459391276044
2019-10-23,100497.60205078125,298.9685929616292,-0.0023692846298217773,0.009773304322550302,-1.1535515387852986,0.7910388708114624,0.3678779602050781
2019-10-24,100419.97477213542,299.7887732187907,-0.002636263146996498,0.012942865490913391,-2.451042572657267,-1.1463518540064495,0.35394732157389325
2019-10-25,100236.52962239583,299.9768549601237,-0.004219388589262962,0.005514305829933619,-4.203205108642578,-2.867624282836914,0.3505738576253255
2019-10-26,100540.99983723958,298.95369211832684,-0.001784314401447773,0.018836140632629395,-2.8033320109049478,0.939520517985026,0.3641980489095052
2019-10-27,100786.12093098958,300.136962890625,-0.003997368738055229,0.0005069077014923096,-0.988635778427124,1.993891716003418,0.3278668721516927
2019-10-28,100920.17171223958,300.35617701212567,-0.003975270316004753,7.336437693084008e-05,-0.3200416564941406,0.4074457089106242,0.31145668029785156
2019-10-29,100949.61067708333,301.0430227915446,-0.0039045866578817368,0.000137680768961701,-0.08568763732910156,-1.363588809967041,0.2964776357014974
2019-10-30,100834.24430338542,301.76528549194336,-0.0044022006914019585,0.0002843619402597142,-1.9411595662434895,-0.7939992348353068,0.2839368184407552
2019-10-31,100723.23616536458,301.6136786142985,-0.004959019832313061,0.0004000067710876465,-1.969997485478719,-0.8374436696370443,0.2702382405598958
2019-11-01,100711.98567708333,300.3161328633626,-0.004531320184469223,0.01670217812051078,-1.2658133904139202,1.0190014839172363,0.3128363291422526
2019-11-02,100999.181640625,300.14257367451984,-0.003941446542739868,0.00022581219673156738,-0.9082158406575521,1.835714062054952,0.3156750996907552
2019-11-03,101188.61246744792,300.0333080291748,-0.003908785060048103,7.608532905578613e-05,0.41307512919108075,-0.12677939732869467,0.2967732747395833
2019-11-04,101200.46402994792,300.026029586792,-0.003784855827689171,0.0005260586737563244,0.6719233194986979,-2.1509122451146445,0.2863699595133464
2019-11-05,100952.32063802083,300.53963534037274,-0.004191655665636063,0.00010508000849540622,0.6560420989990234,-2.215820550918579,0.27526219685872394
2019-11-06,100759.84619140625,300.15365409851074,-0.0041833966970443726,9.340047836303711e-05,1.0825138092041016,0.08690337340037028,0.26438140869140625
2019-11-07,100722.75179036458,299.76659138997394,-0.004910868592560291,0.002499520778656006,1.1852677663167317,4.799320340156555,0.2639687856038411
2019-11-08,100871.83512369792,299.0368169148763,-0.0038208961486816406,0.0028681933878829113,1.5226249694824219,3.4050936301549277,0.276394526163737
2019-11-09,100962.92529296875,298.4778575897217,-0.0037943189963698387,0.0008056789636157191,0.07250213623046875,2.0008106231689453,0.27693430582682294
2019-11-10,100943.81689453125,299.5338306427002,-0.0035337554290890694,1.237094392081417e-05,-0.014207204182942709,-1.6597158908843994,0.2602132161458333
2019-11-11,100899.09684244792,300.37166023254395,-0.0037964843213558197,8.583069366352447e-07,0.0420220692952474,-0.9741878509521484,0.24599393208821616
2019-11-12,100986.40852864583,300.44138463338214,-0.0038680601865053177,4.351138613856165e-07,-0.12337621053059895,-1.2418054739634197,0.23396809895833334
2019-11-13,101067.66097005208,300.73836453755695,-0.004200507886707783,0.0,-1.0579166412353516,-1.0728598435719807,0.22274017333984375
2019-11-14,101071.59814453125,300.1952368418376,-0.004821673035621643,1.7106531231547706e-06,-0.8752231597900391,-1.2962291638056438,0.21137873331705728
2019-11-15,101020.68277994792,300.3538462320964,-0.0036298399791121483,1.730024814605713e-05,-0.9385662078857422,-0.5839303334554037,0.20177396138509116
2019-11-16,101032.49039713542,301.0362968444824,-0.0039035072550177574,9.077787296973838e-06,-0.6548544963200887,-1.6552493969599407,0.19347763061523438
2019-11-17,101113.62662760417,301.51305707295734,-0.004112675786018372,8.52346317969932e-07,-0.7817736069361368,-1.9372324148813884,0.18437639872233072
2019-11-18,101064.15641276042,300.34829266866046,-0.004590555094182491,0.0,-0.5301411151885986,-1.8608582814534504,0.1745586395263672
2019-11-19,100976.37516276042,300.0526288350423,-0.004359865561127663,0.0,-0.5560391743977865,-2.1012285947799683,0.1657238006591797
2019-11-20,100936.61458333333,300.0821723937988,-0.003745507448911667,0.0,-0.6183052062988281,-1.7459522485733032,0.1581427256266276
2019-11-21,101056.18017578125,300.66845703125,-0.0036536715924739838,1.2814998058274796e-06,-0.5094830592473348,-1.1587146123250325,0.15096600850423178
2019-11-22,101178.37125651042,301.0571517944336,-0.0037787631154060364,1.2958482216163247e-06,-0.6308104197184244,-1.7239735921223958,0.14410400390625
2019-11-23,101104.21240234375,300.7037041982015,-0.003960033878684044,1.2814998058274796e-06,-0.4829557736714681,-1.792117953300476,0.13743273417154947
2019-11-24,101054.52718098958,300.33788363138837,-0.003992127254605293,8.594906262260338e-07,-0.6381109555562338,-1.3530464172363281,0.1312128702799479
2019-11-25,100978.46598307292,300.1700331370036,-0.0038651982322335243,8.409547831433883e-07,-0.5293089548746744,-1.7499793767929077,0.1258112589518229
2019-11-26,100877.78255208333,300.4138698577881,-0.0037799887359142303,0.0,-0.807098388671875,-1.7435167233149211,0.12096659342447917
2019-11-27,100953.24348958333,300.30314381917316,-0.0038148025050759315,5.566895822539664e-06,-0.7280040979385376,-0.9747791290283203,0.11670303344726562
2019-11-28,100991.38883463542,300.6772816975911,-0.003497134894132614,2.979504643008113e-09,-0.5272632042566935,-1.8984365860621135,0.11300977071126302
2019-11-29,101037.658203125,300.81274604797363,-0.003167754039168358,1.8048286335670127e-05,-0.2660942077636719,-2.432974656422933,0.10995229085286458
2019-11-30,100979.40641276042,301.02113978068036,-0.002976689487695694,2.9578804969787598e-05,-0.4074287414550781,-2.269289016723633,0.10758209228515625
2019-12-01,100998.90104166667,301.07999420166016,-0.0033107222989201546,1.7106532368416083e-06,-0.7385158538818359,-2.4540390570958457,0.10531107584635417
2019-12-02,100981.06754557292,301.21015612284344,-0.0031243544071912766,5.143880798641476e-06,-1.38189697265625,-1.1447216272354126,0.10297203063964844
2019-12-03,101022.61751302083,301.1135190327962,-0.003220374695956707,1.7008185295708245e-05,-1.870144526163737,-0.8037923177083334,0.10117403666178386
2019-12-04,101166.4306640625,300.839542388916,-0.002217121422290802,0.0020209252834888503,0.5151443481445312,0.05480003356933594,0.10237948099772136
2019-12-05,101277.796875,300.05883661905926,-0.002297036349773407,0.0030450820922851562,-1.9506696065266926,-1.9342776934305828,0.15928141276041666
2019-12-06,101167.53727213542,300.7454032897949,-0.0036292029544711113,3.159046173095703e-06,-1.1580703258514404,-2.372949759165446,0.15048662821451822
2019-12-07,101136.25358072917,299.7992941538493,-0.003741038031876087,0.0,-0.5291785399119059,-2.0823065042495728,0.13801956176757812
2019-12-08,101158.38753255208,299.9205614725749,-0.003527538850903511,0.0,-0.8800669511159261,-1.6468449433644612,0.1277618408203125
2019-12-09,101119.53271484375,300.1132170359294,-0.0028862562030553818,8.52346317969932e-07,-0.24594624837239584,-1.467561920483907,0.11974143981933594
2019-12-10,100994.31201171875,299.9395446777344,-0.0027003195136785507,0.0,0.0015513102213541667,-1.6176223754882812,0.11371040344238281
2019-12-11,100926.44368489583,299.3568827311198,-0.002763950265944004,2.038451327734947e-06,0.7121969858805338,-1.9435219764709473,0.10909589131673177
2019-12-12,100941.06575520833,298.3066228230794,-0.0028963517397642136,4.261732051702438e-07,0.9180733362833658,-1.5325891971588135,0.10538482666015625
2019-12-13,101171.71923828125,298.00548553466797,-0.003239227458834648,8.583068620282575e-07,0.040457844734191895,-3.042669932047526,0.10255368550618489
2019-12-14,101287.04638671875,298.06753222147626,-0.0034538572654128075,1.2874602361989673e-06,0.3879775603612264,-3.7051289876302085,0.10000864664713542
2019-12-15,101139.30289713542,298.3529103597005,-0.002895563840866089,1.7136334236056427e-06,0.542408307393392,-3.481080969174703,0.09781964619954427
2019-12-16,101131.2939453125,299.0655059814453,-0.002416282892227173,1.296401080708165e-06,-0.2968241373697917,-2.8342832724253335,0.09616851806640625
2019-12-17,101209.05257161458,299.53793398539227,-0.0026654908433556557,1.2834959761676146e-06,-1.9852015177408855,-2.127194881439209,0.09474436442057292
2019-12-18,101237.99983723958,299.50533930460614,-0.002626369707286358,1.7283012105906437e-06,-1.1113117535909016,-2.167203903198242,0.09344927469889323
2019-12-19,101118.18912760417,299.2271200815837,-0.0026945574209094048,0.0,-0.567818284034729,-2.4436652263005576,0.09237988789876302
2019-12-20,101050.27962239583,299.0094629923503,-0.002177758142352104,4.351138045421976e-07,0.12984116872151694,-1.5922870238622029,0.09153048197428386
2019-12-21,100972.99739583333,299.5350653330485,-0.002223808318376541,0.0,0.17977925141652426,-2.439010977745056,0.09091250101725261
2019-12-22,100951.88004557292,300.15602620442706,-0.0021451078355312347,2.32756127616085e-06,-0.43327490488688153,-1.2136159737904866,0.09034411112467448
2019-12-23,100953.60807291667,299.8837312062581,-0.002027500420808792,0.0,0.12745285034179688,-0.3614185651143392,0.08983675638834636
2019-12-24,101082.67887369792,299.9058615366618,-0.0022306926548480988,0.00021579861640930176,0.43381627400716144,-1.7139435211817424,0.08953348795572917
2019-12-25,101108.7099609375,299.42588806152344,-0.0016494039446115494,0.0010214437987201563,0.5043692588806152,-2.4039882818857827,0.09612083435058594
2019-12-26,101086.85579427083,298.7462914784749,-0.0031066657975316048,0.00033830106258392334,0.7008574803670248,-3.1129521131515503,0.10050392150878906
2019-12-27,100957.94352213542,298.74898020426434,-0.0026323851197957993,4.351138045421976e-07,-0.4500989516576131,-2.214155117670695,0.09762191772460938
2019-12-28,100970.62158203125,299.05060323079425,-0.0025058789178729057,8.52346317969932e-07,-1.7157801787058513,-1.5814127922058105,0.0951690673828125
2019-12-29,101029.71370442708,298.4291852315267,-0.002157408744096756,9.54717396552951e-05,-0.3499557177225749,-1.5722506046295166,0.09380213419596355
2019-12-30,101059.67138671875,297.13509368896484,-0.002298918552696705,8.474924584334076e-07,1.0330094893773396,-2.259882609049479,0.09291585286458333
2020-01-01,101352.91845703125,295.2712879180908,-0.0020129065960645676,2.6375054744676163e-06,0.390028436978658,-1.279714584350586,0.09087944030761719
2020-01-02,101513.6796875,295.87850634257,-0.00213551614433527,8.761881531427207e-07,0.8221866289774576,-2.384321848551432,0.09018325805664062
2020-01-03,101397.9580078125,296.0393772125244,-0.0024990011006593704,2.7477740331960376e-06,0.5697678724924723,-3.7448037465413413,0.08961931864420573
2020-01-04,101240.55387369792,296.05713589986163,-0.002487465739250183,2.5784656827454455e-06,0.10482752323150635,-3.736096898714701,0.08913230895996094
2020-01-05,101193.40852864583,297.5708637237549,-0.002140948548913002,1.721938531318301e-06,-1.5014653205871582,-2.258114496866862,0.08870379130045573
2020-01-06,101282.9501953125,298.6227944691976,-0.0018517598509788513,8.52346317969932e-07,-0.5741157134373983,-1.0032520294189453,0.08830897013346355
2020-01-07,101224.28173828125,297.89709281921387,-0.0014451397582888603,0.0,1.188614050547282,-0.6348857879638672,0.088043212890625
2020-01-08,101258.00113932292,297.0680522918701,-0.002258922904729843,9.63360071182251e-05,0.8226089477539062,-2.594532012939453,0.08840243021647136
2020-01-09,101245.84814453125,296.6992696126302,-0.0030400585383176804,4.4107436991680515e-07,0.061304728190104164,-3.887669245402018,0.08820597330729167
2020-01-10,101197.91878255208,297.9867655436198,-0.001979731023311615,0.0,-0.8757603963216146,-1.6971219380696614,0.08785502115885417
2020-01-11,101259.95377604167,299.02466011047363,-0.0016898475587368011,0.0,-0.5887533823649088,-0.7283306121826172,0.08759371439615886
2020-01-12,101223.00504557292,298.1766242980957,-0.0016511566936969757,1.4990568161010742e-05,0.4752517143885295,-0.48816049098968506,0.08738644917805989
2020-01-13,101151.67106119792,297.031644821167,-0.001573607325553894,0.00016981959333861596,1.0350939432779949,-1.5332729816436768,0.08835347493489583
2020-01-14,101170.66520182292,296.5606689453125,-0.0027485499158501625,1.0833144187927246e-05,0.6127815246582031,-3.2680886586507163,0.08850351969401042
2020-01-15,101245.99088541667,295.3116811116536,-0.0027882112190127373,8.52346317969932e-07,1.6255785624186199,-3.157314737637838,0.08812141418457031
2020-01-16,101371.08251953125,293.65227635701496,-0.0028124498203396797,3.288762792408306e-05,0.5258531173070272,-3.5317599773406982,0.08804575602213542
2020-01-17,101365.61051432292,293.7472546895345,-0.002799839712679386,8.703327125658689e-07,0.17347252368927002,-4.536337057749431,0.08781115214029948
2020-01-18,101221.30875651042,295.97912216186523,-0.0019710632041096687,2.153175387320516e-06,0.35616473356882733,-3.6239378452301025,0.0875562032063802
2020-01-19,101240.99104817708,297.2588005065918,-0.0015381919220089912,8.52346317969932e-07,0.47435251871744794,-2.8661866585413613,0.08732032775878906
2020-01-20,101257.68131510417,297.57423146565753,-0.0014105625450611115,4.261732051702438e-07,0.43271104494730633,-1.406502405802409,0.08711433410644531
2020-01-21,101341.099609375,297.42452176411945,-0.001669430173933506,8.52346317969932e-07,1.045896053314209,-2.1661777893702188,0.08697001139322917
2020-01-22,101379.52180989583,298.5844535827637,-0.0019952012225985527,2.1281070985423867e-06,0.5521117051442465,-3.1964228550593057,0.0868517557779948
2020-01-23,101281.48486328125,299.52254422505695,-0.002189161255955696,1.7225740975845838e-06,-0.04176902770996094,-3.188906987508138,0.08671633402506511
2020-01-24,101274.29833984375,299.2275447845459,-0.002099805511534214,0.0,0.047403971354166664,-2.485663731892904,0.08658854166666667
2020-01-25,101212.57682291667,298.81109555562335,-0.00223494041711092,0.0,0.6743812561035156,-3.009859800338745,0.08648236592610677
2020-01-26,101094.09195963542,297.90178362528485,-0.0018460573628544807,3.4348916528870177e-06,1.3822479248046875,-1.7721544901529949,0.08641370137532552
2020-01-27,101117.80973307292,296.67012850443524,-0.002012498676776886,1.1968612568580284e-05,2.234764734903971,-0.7718919118245443,0.08637491861979167
2020-01-28,101284.36376953125,296.3316790262858,-0.0020408062264323235,0.0003434598446574455,2.212331771850586,-1.2672775983810425,0.08843994140625
2020-01-29,101504.00862630208,295.0022824605306,-0.0029907245188951492,9.020297511597164e-06,1.1337846120198567,-3.372770150502523,0.08873176574707031
2020-01-30,101323.24365234375,295.5016034444173,-0.0025878138840198517,8.553258226129401e-07,0.6063516139984131,-3.4718532959620156,0.08815956115722656
2020-01-31,101139.67805989583,295.55689748128253,-0.002131238579750061,4.351138045421976e-07,0.9884400367736816,-3.0737192233403525,0.08769925435384114
2020-02-01,101142.5400390625,296.782673517863,-0.0017811087891459465,2.5678159545350354e-06,0.530920664469401,-2.3563944498697915,0.08736165364583333
2020-02-02,101336.46858723958,296.6025842030843,-0.001204141415655613,4.5031464424027945e-07,0.1791845957438151,0.3618768056233724,0.08713340759277344
2020-02-03,101341.52180989583,295.9135659535726,-0.0013446006923913956,6.76810736877087e-06,1.107631246248881,-0.20693206787109375,0.08698081970214844
2020-02-04,101249.55615234375,296.8794231414795,-0.0027455613017082214,2.9087066764077463e-06,0.7274850209554037,-3.356069564819336,0.08678181966145833
2020-02-05,101230.52620442708,297.1867275238037,-0.002611381933093071,8.52346317969932e-07,1.1229998270670574,-3.3290313482284546,0.08660570780436198
2020-02-06,101227.0341796875,296.1792793273926,-0.002408847212791443,1.3033928780714632e-06,1.2182903687159221,-2.8768585125605264,0.08649698893229167
2020-02-07,101363.76123046875,295.2966963450114,-0.0023261811584234238,0.0,1.2884152730305989,-2.7536772886912027,0.0863800048828125
2020-02-08,101314.06201171875,297.3022041320801,-0.002281729131937027,8.52346317969932e-07,-0.027329126993815105,-3.135310490926107,0.0862884521484375
2020-02-09,101284.21305338542,298.36906242370605,-0.0022082235664129257,0.0,-0.9046546220779419,-2.6762797037760415,0.08618672688802083
2020-02-10,101192.79036458333,299.5145142873128,-0.0018299408257007599,0.0,-0.8486601511637369,-1.7419363657633464,0.08609580993652344
2020-02-11,101258.84879557292,300.61677742004395,-0.0017003342509269714,8.52346317969932e-07,-0.8211332956949869,-1.1448624928792317,0.08601125081380208
2020-02-12,101406.25211588542,301.0024782816569,-0.0019322559237480164,1.269376809887035e-06,-0.28931554158528644,-1.4998536507288616,0.08593813578287761
2020-02-13,101350.10807291667,301.1974983215332,-0.0025358516722917557,0.0,-0.2982158660888672,-2.7550953229268393,0.08586565653483073
2020-02-14,101200.75048828125,300.2619177500407,-0.002996869385242462,2.5749205860847724e-06,0.40766143798828125,-3.557193120320638,0.08579254150390625
2020-02-15,101172.16731770833,299.1487496693929,-0.0026211868971586227,8.583068833445395e-07,1.2744030157725017,-3.0561346213022866,0.08573722839355469
2020-02-16,101197.61783854167,298.90082359313965,-0.0018301121890544891,1.2868240446550772e-06,1.1924957831700642,-2.0151036580403647,0.08568509419759114
2020-02-17,101245.650390625,299.9196376800537,-0.0017110519111156464,8.52346317969932e-07,0.7193385362625122,-1.1672496795654297,0.08558209737141927
2020-02-18,101200.61344401042,300.6029764811198,-0.002014671452343464,0.0,0.2062835693359375,-0.48654619852701825,0.0854504903157552
2020-02-19,101109.23209635417,299.57386144002277,-0.0021045394241809845,1.7195939108205494e-06,1.3644663492838542,-1.7122085094451904,0.08536974589029948
2020-02-20,101135.15445963542,298.88228670756024,-0.0022248299792408943,0.0,1.3824399312337239,-1.8728853464126587,0.08531379699707031
2020-02-21,101361.02701822917,298.733683904012,-0.002724088728427887,8.523463748133508e-07,1.1572990417480469,-2.485217491785685,0.08516120910644531
2020-02-22,101386.537109375,299.67211469014484,-0.002451382577419281,8.52346317969932e-07,1.1071849664052327,-2.9560912052790322,0.08510907491048177
2020-02-23,101213.43245442708,299.95290756225586,-0.0025547128170728683,8.523463748133508e-07,1.1369266510009766,-2.9824020862579346,0.08506266276041667
2020-02-24,101049.98518880208,299.59218724568683,-0.002702961675822735,2.5717307039485604e-06,1.1145458221435547,-3.052286704381307,0.08502769470214844
2020-02-25,100991.32161458333,300.60749371846515,-0.0035701869055628777,8.553265615773853e-07,-0.13073821862538657,-4.1023606061935425,0.08497047424316406
2020-02-26,101040.42805989583,300.08765347798663,-0.002542913891375065,8.553266184208042e-07,-0.42830848693847656,-2.3529926935831704,0.08489163716634114
2020-02-27,101024.21695963542,300.3354918162028,-0.00242762453854084,0.0,-0.4842567443847656,-1.3638034264246623,0.08481788635253906
2020-02-28,100890.29768880208,300.12459627787274,-0.0019074995070695877,8.52346317969932e-07,1.0041650136311848,-1.435742457707723,0.084747314453125
2020-02-29,100917.67154947917,298.7608350118001,-0.002041950821876526,1.7059372794392402e-06,1.8005822499593098,-1.8757363557815552,0.08470217386881511
2020-03-01,101019.98274739583,298.57802391052246,-0.002299681305885315,2.9801867640344426e-09,1.6301708221435547,-2.540992101033529,0.08461697896321614
2020-03-02,101122.17415364583,297.7437089284261,-0.0017510242760181427,3.7431715895763773e-06,1.5352643330891926,-0.9050725698471069,0.08452542622884114
2020-03-03,101168.02783203125,297.6951084136963,-0.0019754990935325623,7.3265941864519846e-06,2.0052884419759116,-0.17204888661702475,0.08447774251302083
2020-03-04,101127.34114583333,297.43586349487305,-0.001930532045662403,2.8774142265319824e-05,1.1397823492685955,-0.5854993263880411,0.08459726969401042
2020-03-05,100998.02034505208,297.5112883249919,-0.002032794989645481,9.924173355102539e-05,1.6748353640238445,0.2415403127670288,0.08462969462076823
2020-03-06,101050.48567708333,297.8534361521403,-0.0024120500311255455,0.0005410850048015448,2.950368881225586,0.5396376450856527,0.08831787109375
2020-03-07,101236.2392578125,296.83320299784344,-0.002670181915163994,0.000401085615123975,1.4737103780110676,-2.0481874545415244,0.09102312723795573
2020-03-08,101153.19645182292,297.0980930328369,-0.0022710412740707397,1.7258576008316595e-06,1.6791629791259766,-1.6748385826746623,0.08989524841308594
2020-03-09,101046.2265625,297.6579240163167,-0.0020263008773326874,8.523463748133508e-07,2.3514086405436196,-1.3316752115885417,0.08889071146647136
2020-03-10,101087.4189453125,297.7941360473633,-0.001721685752272606,1.767277717590332e-05,2.2464377085367837,-0.7278728485107422,0.0883038838704427
2020-03-11,101179.07161458333,297.422087987264,-0.0024436842650175095,1.960992790372984e-06,2.301144282023112,-1.7582441965738933,0.08777491251627605
2020-03-12,101333.08219401042,296.78336842854816,-0.0025127045810222626,9.021461011116116e-05,1.4920412699381511,-2.716606775919596,0.08783912658691406
2020-03-13,101329.71516927083,297.23839632670087,-0.003337522968649864,0.0,0.9367910623550415,-4.082427024841309,0.08742777506510417
2020-03-14,101063.47916666667,299.26964314778644,-0.0031519178301095963,1.7046928064701206e-06,0.4046179453531901,-4.244487841924031,0.08699671427408855
2020-03-15,100942.755859375,300.3298257191976,-0.001874854788184166,0.0,0.2983849843343099,-1.6709944407145183,0.0866254170735677
2020-03-16,101038.14046223958,300.83043098449707,-0.001526874490082264,0.0,0.6219081878662109,-0.772295872370402,0.08637237548828125
2020-03-17,101108.92952473958,300.80422910054523,-0.002007698640227318,8.583068833445395e-07,1.3623555501302083,-1.8300317923227947,0.08617146809895833
2020-03-18,101142.66129557292,300.5593910217285,-0.0020193029195070267,8.551529049327655e-07,1.7389368613560994,-1.4209556579589844,0.08603858947753906
2020-03-19,101113.79638671875,299.71881167093915,-0.002296091988682747,1.7225742112714215e-06,1.657713254292806,-1.041419227917989,0.08589808146158855
2020-03-20,101143.91878255208,298.7589225769043,-0.0020526908338069916,1.004047709329825e-05,1.8930765787760417,-0.42428040504455566,0.08587074279785156
2020-03-21,101131.95524088542,298.7068328857422,-0.0021238047629594803,1.715522500944644e-06,1.3090953826904297,-1.5397979815800984,0.08577601114908855
2020-03-22,101066.173828125,300.08337084452313,-0.0020527569577097893,0.0,1.7173681259155273,-2.6982813278834024,0.0857098897298177
2020-03-23,100934.05517578125,301.25115331013996,-0.0021837344393134117,4.351138045421976e-07,1.535756508509318,-2.3174949089686074,0.08552296956380208
2020-03-24,100755.17041015625,301.90338071187335,-0.0019042659550905228,1.043081283569336e-06,1.8912124633789062,-0.8511074384053549,0.08544031778971355
2020-03-25,100816.78108723958,301.2881336212158,-0.0017572566866874695,0.0,1.664578119913737,1.3114939133326213,0.08539326985677083
2020-03-26,100922.27067057292,301.3559392293294,-0.001858430914580822,2.205371856689453e-05,1.382759730021159,0.3070614735285441,0.08544158935546875
2020-03-27,101073.75341796875,302.0994122823079,-0.0030200453475117683,4.917383193969727e-07,1.6620502471923828,-3.7491073608398438,0.08544603983561198
2020-03-28,101008.7119140625,302.3793417612712,-0.0033049248158931732,8.553266184208042e-07,1.5988705952962239,-4.33327317237854,0.08538373311360677
2020-03-29,100859.15055338542,302.60480372111004,-0.002634829841554165,8.672474791637796e-07,1.5631205240885417,-3.1176947752634683,0.08530807495117188
2020-03-30,100930.06103515625,301.6846338907878,-0.0021069739013910294,0.0,1.8273951212565105,-1.558630108833313,0.0852343241373698
2020-03-31,101038.35481770833,301.0725860595703,-0.002730363979935646,1.3004656125303882e-06,2.2452945709228516,-2.7800091902414956,0.0851300557454427
2020-04-01,100958.8955078125,301.3681532541911,-0.00254879891872406,0.0,1.9253609975179036,-3.182023366292318,0.08505185445149739
2020-04-02,100814.5166015625,302.2472229003906,-0.0025063883513212204,2.148747341834678e-06,1.789144515991211,-3.1148808797200522,0.08499399820963542
2020-04-03,100859.05061848958,301.49570592244464,-0.0019926689565181732,8.53861422456248e-07,2.1473477681477866,-1.8739579518636067,0.08493868509928386
2020-04-04,100927.89876302083,301.3283913930257,-0.0019313711673021317,1.707440617337852e-06,2.208073298136393,-1.2120485703150432,0.0848706563313802
2020-04-05,101038.50862630208,301.18489201863605,-0.0018033534288406372,2.029538052283897e-06,2.190235137939453,0.6668635209401449,0.08482042948404948
2020-04-06,101091.84440104167,300.2294839223226,-0.002165118232369423,2.428889274597168e-06,1.9539114634195964,1.256482442220052,0.08466402689615886
2020-04-07,101026.33349609375,300.11509132385254,-0.0021920129656791687,1.0907648970714945e-06,2.0710856119791665,0.70292862256368,0.08457438151041667
2020-04-08,101133.82535807292,300.3795750935872,-0.0021844934672117233,8.52346317969932e-07,1.8652655283610027,-0.11621729532877605,0.08451334635416667
2020-04-09,101044.00618489583,300.2485574086507,-0.0022243745625019073,0.0,1.8367093404134114,-1.5845934947331746,0.08444595336914062
2020-04-10,101016.99772135417,301.2065995534261,-0.0020482810214161873,1.3006434187445848e-06,2.1093056996663413,-1.1956555843353271,0.08435821533203125
2020-04-11,101059.05387369792,302.05056381225586,-0.0018972018733620644,0.0,1.9639981587727864,-0.6059977213541666,0.08419736226399739
2020-04-12,100979.67041015625,302.05420684814453,-0.0018480969592928886,2.1264645511109848e-06,1.7007001241048176,2.0058956146240234,0.08410008748372395
2020-04-13,100866.69954427083,302.0969530741374,-0.0019543832167983055,1.2814998058274796e-06,1.6704966227213542,1.8273448944091797,0.08396402994791667
2020-04-14,100871.84537760417,302.50011825561523,-0.002097225748002529,0.0,1.4715124766031902,0.4654388427734375,0.08379618326822917
2020-04-15,100914.81722005208,302.75257937113446,-0.0021673720329999924,8.583068797918258e-07,1.6307322184244792,1.7199733257293701,0.08369890848795573
2020-04-16,100883.98502604167,302.2990430196126,-0.002257351763546467,3.615021704206356e-06,1.7170874277750652,2.878962437311808,0.0836334228515625
2020-04-17,100856.7646484375,302.222998936971,-0.002111392095685005,1.9750769411075453e-06,2.197970708211263,1.1481825510660808,0.08359845479329427
2020-04-18,100893.75455729167,302.8957716623942,-0.0022750282660126686,1.695018056580011e-06,1.8821112314860027,0.7835280100504557,0.08353106180826823
2020-04-19,100801.02718098958,303.6476256052653,-0.002368016168475151,0.0,1.4587923685709636,-1.6870497862497966,0.08345095316569011
2020-04-20,100765.08984375,304.5323136647542,-0.003470580093562603,8.636380606219518e-07,1.7437191009521484,-3.1187220414479575,0.08336194356282552
2020-04-21,100887.42154947917,302.71821848551434,-0.0020606908947229385,8.52346317969932e-07,2.102479934692383,-0.34474960962931317,0.08328310648600261
2020-04-22,100821.65413411458,302.52071889241535,-0.001948419027030468,0.0,2.0347417195638022,0.27277644475301105,0.08322842915852864
2020-04-23,100819.18798828125,302.49595896402997,-0.0021842466667294502,0.0,2.362691879272461,0.321303923924764,0.08313878377278645
2020-04-24,100786.92496744792,302.4923350016276,-0.002231140621006489,4.2110681484075485e-06,2.346803665161133,0.6216767628987631,0.08307774861653645
2020-04-25,100863.82421875,302.32465807596844,-0.002409054897725582,1.2564659019886903e-05,2.2825635274251304,0.13068135579427084,0.08311780293782552
2020-04-26,100916.79720052083,301.71511395772296,-0.0024433527141809464,1.5467405319213867e-05,2.3662192026774087,-0.6891746520996094,0.08306439717610677
2020-04-27,101028.37532552083,302.0778331756592,-0.002351117320358753,5.3554773330688477e-05,2.4474124908447266,-1.0001194477081299,0.08348464965820312
2020-04-28,100809.9541015625,302.9137217203776,-0.002288181334733963,0.0,2.0197626749674478,-2.267199238141378,0.08338038126627605
2020-04-29,100817.44970703125,303.2605921427409,-0.0018898788839578629,3.0374526886589592e-05,2.4356486002604165,0.9250333309173584,0.08328755696614583
2020-04-30,100959.35758463542,302.83559735616046,-0.0022967495024204254,6.355047226591637e-05,3.015560785929362,0.8705470561981201,0.08381589253743489
2020-05-01,100918.16748046875,302.50178718566895,-0.0020578037947416306,2.702474593618831e-05,2.6894849141438804,-0.5197181701660156,0.08381144205729167
2020-05-02,100795.095703125,302.6946881612142,-0.0021819770336151123,8.630156516531429e-05,2.717890421549479,-1.1241473356882732,0.08408292134602864
2020-05-03,100802.947265625,302.78282992045087,-0.0023573506623506546,3.741979588767208e-05,2.456996281941732,-1.223290205001831,0.08458264668782552
2020-05-04,100889.14192708333,302.3504187266032,-0.002147737890481949,8.249282814176695e-06,2.439722696940104,-0.6719865004221598,0.08438491821289062
2020-05-05,100773.60660807292,302.86860783894855,-0.0021773334592580795,3.701272930811683e-06,2.4053827921549478,-1.6120591163635254,0.08421770731608073
2020-05-06,100698.02034505208,302.8962987263997,-0.0020325370132923126,2.562999725341797e-06,2.0417442321777344,-0.6955370108286539,0.08409182230631511
2020-05-07,100787.16715494792,302.1791356404622,-0.0023660995066165924,4.649162292480469e-06,2.2547950744628906,-0.4710591634114583,0.0839373270670573
2020-05-08,100804.79931640625,302.32010014851886,-0.002208337187767029,3.9273500437531084e-05,2.3414491017659507,-0.056070963541666664,0.08398183186848958
2020-05-09,100809.34407552083,302.26709302266437,-0.0022880379110574722,1.0818243026733398e-05,2.1420987447102866,-0.9361375172932943,0.0841204325358073
2020-05-10,100795.09228515625,302.43708483378094,-0.00211300328373909,8.583068833445395e-07,2.1827526887257895,-0.7122234503428141,0.08398628234863281
2020-05-11,100765.08170572917,302.76021512349445,-0.0024117259308695793,1.9669532775878906e-06,2.2396666208902993,-1.6931830247243245,0.08386993408203125
2020-05-12,100717.17203776042,302.4534378051758,-0.002364594489336014,6.216764347755088e-06,2.2086302439371743,-1.8032690286636353,0.08379300435384114
2020-05-13,100667.55224609375,302.8385181427002,-0.0020084623247385025,2.9206275939941406e-06,2.5222110748291016,-0.9307346343994141,0.08374913533528645
2020-05-14,100636.1171875,303.2461401621501,-0.0022039879113435745,-1.4901161193847656e-08,2.7985661824544272,-1.311285416285197,0.08367029825846355
2020-05-15,100594.28141276042,303.5754686991374,-0.0022729244083166122,0.0002255320547988049,2.7207260131835938,-2.128089666366577,0.08405176798502605
2020-05-16,100609.00732421875,303.2675298055013,-0.0020060688257217407,2.16066837310791e-05,2.985605756441752,-0.9958184162775675,0.08552360534667969
2020-05-17,100554.75065104167,303.15619532267254,-0.002136398106813431,3.53395938823553e-05,3.1793548663457236,-1.4384711980819702,0.08558591206868489
2020-05-18,100476.92268880208,303.26538213094074,-0.0023432420566678047,0.00013528764247894287,3.75355593363444,-2.090486685434977,0.08566220601399739
2020-05-19,100445.03483072917,302.7967236836751,-0.0023438017815351486,0.00014130771160125732,3.397048314412435,-0.8222628434499105,0.08679644266764323
2020-05-20,100481.9404296875,302.95331382751465,-0.0022870320826768875,8.031129829078054e-05,3.261442184448242,0.5074060757954916,0.08741060892740886
2020-05-21,100616.82470703125,303.0454241434733,-0.0022436194121837616,6.245076656341553e-05,3.3385257720947266,0.8834090232849121,0.08715248107910156
2020-05-22,100700.212890625,302.73424339294434,-0.0021187830716371536,5.061924457550049e-05,3.0381317138671875,-0.09551425774892171,0.0873858133951823
2020-05-23,100696.53531901042,302.9324067433675,-0.0022511184215545654,5.970895290374756e-05,3.1369641621907554,-1.0405774116516113,0.08705711364746094
2020-05-24,100739.42317708333,303.2170937856038,-0.002247041091322899,0.00015760760567928855,3.3716405232747397,-0.9437075853347778,0.08755874633789062
2020-05-25,100772.61263020833,302.9989814758301,-0.0021435003727674484,0.00020401179790496826,3.182112375895182,-0.5381431579589844,0.088531494140625
2020-05-26,100791.32975260417,303.15076382954913,-0.0022110547870397568,0.000107822976474381,3.4112733205159507,0.40354490280151367,0.088470458984375
2020-05-27,100733.35074869792,303.31419372558594,-0.002486038953065872,0.00019099116320830944,3.513861338297526,0.6672171751658121,0.08865038553873698
2020-05-28,100663.52425130208,303.5362898508708,-0.0024212654680013657,0.0006696539357164966,3.8397852579752603,1.2590601444244385,0.0897534688313802
2020-05-29,100650.67220052083,303.843360265096,-0.002296052873134613,0.0006477534770965576,3.372166951497396,0.796106735865275,0.09390449523925781
2020-05-30,100689.57242838542,303.82286643981934,-0.0026627182960510254,0.0008090019225051037,3.130739212036133,-0.9795017242431641,0.09728495279947917
2020-05-31,100719.77018229167,304.1410032908122,-0.003132866695523262,0.0037247180938670965,2.4266274770100913,-1.6221301158269246,0.10168520609537761
2020-06-01,100703.26432291667,302.10247866312665,-0.002651384100317955,0.006126657128334045,0.06286557515462239,-0.1556182305018107,0.20459429423014322
2020-06-02,100357.00309244792,300.6199385325114,-0.004683634266257286,0.017976839786456367,-3.24700927734375,-2.9426702658335366,0.264224370320638
2020-06-03,99791.42740885417,300.2834243774414,-0.006060600280761719,0.12577791810031158,2.2548828125,-6.7962179978688555,0.3757623036702474
2020-06-04,100526.56624348958,300.08194796244305,-0.0033499151468276978,0.011856013536448273,1.7434361775716145,3.7594483693440757,0.36185773213704425
2020-06-05,100590.8525390625,300.5230140686035,-0.004554539918899536,0.007347598671913147,1.6211096445719402,4.843564669291179,0.3468163808186849
2020-06-06,100565.82470703125,300.2840328216553,-0.004667902365326881,0.007765760331778893,1.4305826822916667,5.092267235120137,0.3446839650472005
2020-06-07,100557.30582682292,300.3893559773763,-0.004632819443941116,0.006205305457115173,1.9580672184626262,4.88276743888855,0.3381970723470052
2020-06-08,100600.18424479167,299.93421173095703,-0.0036350004374980927,0.005984485149383545,1.6445528666178386,3.9456045230229697,0.3390522003173828
2020-06-09,100568.77408854167,300.56035868326825,-0.0042243050411343575,0.006543177366154396,1.9791304270426433,2.888983885447184,0.33768335978190106
2020-06-10,100469.04671223958,300.61668332417804,-0.0039790915325284,0.01115723252286216,1.7060559590657551,2.1166910330454507,0.3484795888264974
2020-06-11,100230.81168619792,300.48961639404297,-0.0042392294853925705,0.011372804641723633,1.384865442911784,2.9858142534891763,0.355862299601237
2020-06-12,100031.50927734375,300.7984034220378,-0.00419243797659874,0.007649384594060393,0.6344394683837891,3.0134785970052085,0.3408069610595703
2020-06-13,100086.22526041667,300.3559118906657,-0.0035964008420705795,0.015891224145889282,0.5014686584472656,2.7633359829584756,0.3649781545003255
2020-06-14,100229.87646484375,300.5529028574626,-0.0037602996453642845,0.021210658550216976,0.8108119964599609,3.2224788665771484,0.3723901112874349
2020-06-15,100154.40120442708,300.7309964497884,-0.003963233903050423,0.012712356552071924,1.3493843078613281,2.830367088317871,0.3645636240641276
2020-06-16,100080.50732421875,300.7924969991048,-0.004164613783359528,0.009144724823784145,1.1820907592773438,2.707679112752279,0.3568166097005208
2020-06-17,100102.57438151042,300.27118555704754,-0.004348045215010643,0.010618461190460948,0.8107649485270182,4.821585973103841,0.3535016377766927
2020-06-18,100368.00211588542,300.09970410664874,-0.004121995531022549,0.022488497467520574,1.7981363932291667,6.025288263956706,0.3725579579671224
2020-06-19,100499.35611979167,300.6138916015625,-0.004086673259735107,0.004859222113964279,1.466000239054362,5.650348822275798,0.34922345479329425
2020-06-20,100574.60009765625,300.6699752807617,-0.004793547093868256,0.00590585185841519,1.7725391387939453,4.933981458346049,0.3458932240804036
2020-06-21,100455.45475260417,300.18280665079754,-0.004709677770733833,0.012501789868395008,2.0304444630940757,4.427825927734375,0.35784022013346356
2020-06-22,100298.6904296875,300.5437711079915,-0.004583033733069897,0.0077387988567352295,1.7543106079101562,4.810930252075195,0.3533770243326823
2020-06-23,100398.7705078125,300.60161781311035,-0.0054784491658210754,0.006184875965118408,0.4379018147786458,6.418262481689453,0.35257593790690106
2020-06-24,100451.11669921875,300.99671173095703,-0.005106981843709946,0.0037332773208618164,0.6544768015543619,4.712071339289348,0.33709081013997394
2020-06-25,100348.60091145833,301.44393157958984,-0.005065847188234329,0.007347237463648071,0.7780329386393229,3.152936657269796,0.3373565673828125
2020-06-26,100342.05924479167,301.40918350219727,-0.004558725282549858,0.008301863074301252,1.0367546081542969,2.5907249450683594,0.3452231089274089
2020-06-27,100416.8818359375,301.1315523783366,-0.004300495609641075,0.010401234030723572,1.2264703114827473,3.060936609903971,0.3570213317871094
2020-06-28,100387.22330729167,300.7534809112549,-0.004174595698714256,0.014954095828443315,0.9500064849853516,2.734360376993815,0.3623949686686198
2020-06-29,100293.91031901042,300.5110549926758,-0.0034906864166259766,0.012742971925604252,1.3001085917154949,1.5711294412612915,0.3655802408854167
2020-06-30,100156.10416666667,300.5370674133301,-0.004254856146872044,0.011684447526931763,0.41266504923502606,3.6290827989578247,0.361850102742513
2020-07-01,100308.06429036458,300.4921983083089,-0.004366906359791756,0.011689842255879768,1.3719444274902344,4.911581039428711,0.36174265543619794
2020-07-02,100269.62434895833,300.34192784627277,-0.004271412268280983,0.021247558801462674,1.8575121561686199,3.5702855587005615,0.3673775990804036
2020-07-03,100147.56103515625,300.20357577006024,-0.003925969824194908,0.09657251238820663,4.501187721888225,-0.5635069211324056,0.3971436818440755
2020-07-04,99998.537109375,299.9595197041829,-0.002958051860332489,0.12874676585187217,5.952051401138306,2.893262187639872,0.40134557088216144
2020-07-05,100009.15006510417,299.93875821431476,-0.0035758325830101967,0.03994379066199372,5.104533513387044,5.204314549763997,0.3839009602864583
2020-07-06,99917.54329427083,300.06249046325684,-0.00480304192751646,0.02805350422858055,5.7946949402491255,6.393880208333333,0.3733234405517578
2020-07-07,100077.04557291667,300.2221870422363,-0.004385046660900116,0.038363486528396606,5.2265550295511884,5.054058472315471,0.3849232991536458
2020-07-08,100379.92757161458,299.9535388946533,-0.004666057415306568,0.012234240770339966,2.7674172719319663,5.6600446701049805,0.3690185546875
2020-07-09,100352.193359375,299.8171469370524,-0.004275101236999035,0.008847921997585217,2.1568711598714194,5.26221489906311,0.35840733846028644
2020-07-10,100429.5048828125,299.6881904602051,-0.003927728161215782,0.008614096045675979,2.0962746938069663,5.364962379137675,0.352322260538737
2020-07-11,100423.54427083333,299.41065724690753,-0.0027497708797454834,0.007847788929836952,2.666631062825521,4.69242266813914,0.35168011983235675
2020-07-12,100444.97932942708,299.79150390625,-0.0037261322140693665,0.01768860518927795,3.1262588500976562,3.2570502758026123,0.36619822184244794
2020-07-13,100325.64567057292,299.7761681874593,-0.0038061048835515976,0.030004417896236646,3.2163893381754556,1.861794153849284,0.3803539276123047
2020-07-14,100288.033203125,299.84676933288574,-0.003466907888650894,0.026940566301355773,2.6689720153808594,2.126693606376648,0.37850379943847656
2020-07-15,100103.13590494792,299.7348925272624,-0.0032779453322291374,0.08494301772350354,4.467177073160808,1.0417806307474773,0.40007972717285156
2020-07-16,99850.84733072917,299.4532992045085,-0.003917880356311798,0.025483974814410004,3.4301058451334634,5.591593265533447,0.3785419464111328
2020-07-17,99916.07828776042,299.7756118774414,-0.004554320126771927,0.020668122172253334,1.7360623677571614,6.807125091552734,0.3716716766357422
2020-07-18,100335.95963541667,300.0046672821045,-0.004801689647138119,0.006101831793785095,1.2271728515625,6.41338316599528,0.3522561391194661
2020-07-19,100501.42496744792,300.4014250437419,-0.00433382298797369,0.005219802260398865,2.0849761962890625,3.2997353871663413,0.3445059458414714
2020-07-20,100327.42236328125,300.6699682871501,-0.004173554480075836,0.00467810189110196,1.4615143140157063,3.151112715403239,0.3361396789550781
2020-07-21,100444.81282552083,300.223082224528,-0.0036360258236527443,0.007510000467295441,0.5398114522298177,3.2669748067855835,0.3513914744059245
2020-07-22,100530.09391276042,300.4959074656169,-0.003673132508993149,0.006759375333786011,1.4113248189290364,2.4448525110880532,0.34411875406901044
2020-07-23,100499.40218098958,300.3359915415446,-0.002997792325913906,0.008474171161651611,1.4231243133544922,2.086538553237915,0.34899012247721356
2020-07-24,100534.19742838542,299.8825200398763,-0.00322586577385664,0.01175027489661673,0.9378878275553385,2.357476552327474,0.3590596516927083
2020-07-25,100568.958984375,299.89561971028644,-0.003895648755133152,0.011318296194076538,0.2844155629475911,3.6171436309814453,0.35871632893880206
2020-07-26,100675.17464192708,300.16804122924805,-0.004748551174998283,0.007246494293212891,1.1424179077148438,4.517227967580159,0.3470910390218099
2020-07-27,100712.3046875,300.42882410685223,-0.004523709416389465,0.006304645538325104,2.4227256774902344,2.5380442142486572,0.34667332967122394
2020-07-28,100566.79150390625,300.3056475321452,-0.004086652770638466,0.007030628591394361,2.098804473876953,1.5933022499084473,0.34511439005533856
2020-07-29,100389.00130208333,299.7583866119385,-0.0032425764948129654,0.02581842693712133,1.4476696650187175,0.9216673374176025,0.3676109313964844
2020-07-30,100381.20572916667,299.821990331014,-0.0031181443482637405,0.014274299144631186,1.2678686380386353,1.3670638004938762,0.37135887145996094
2020-07-31,100331.23128255208,300.1943950653076,-0.003900669515132904,0.012355623219093559,1.4303353627522786,2.8101521730422974,0.3610076904296875
2020-08-01,100286.27018229167,300.5472494761149,-0.004870688542723656,0.003983026742901075,0.45328330993652344,4.46291708946228,0.3455511728922526
2020-08-02,100170.85888671875,300.49187151590985,-0.005189592018723488,0.013437524437904358,0.8186756372451782,5.581301689147949,0.34972699483235675
2020-08-03,99925.18017578125,299.94275029500324,-0.004592228680849075,0.04225093126296997,4.255873362223308,4.225444793701172,0.3826713562011719
2020-08-04,99542.16878255208,299.7118612925212,-0.0037430226802825928,0.1521764494754052,7.156686782836914,4.930199305216472,0.4033253987630208
2020-08-05,99393.4794921875,299.92428461710614,-0.0028387401252985,0.2664285898208618,7.904900868733724,0.02356561024983724,0.4068304697672526
2020-08-06,99655.65218098958,299.9741439819336,-0.0035917339846491814,0.04363315555048075,7.293582280476888,4.3910285631815595,0.37899335225423175
2020-08-07,100207.63460286458,300.03135172526044,-0.004784048534929752,0.010853201150894165,5.138470967610677,6.1525728305180865,0.35944684346516925
2020-08-08,100399.38395182292,300.2183723449707,-0.005013708025217056,0.0062722861766815186,5.379793802897136,4.51468551158905,0.34690411885579425
2020-08-09,100346.68880208333,299.9390303293864,-0.004269968718290329,0.006344605117021729,4.369852701822917,3.5686798095703125,0.344451904296875
2020-08-10,100377.72965494792,298.9400742848714,-0.0028706593438982964,0.02367227767604163,3.3719895680745444,3.633374810218811,0.37171173095703125
2020-08-11,100541.59293619792,299.15817705790204,-0.0023904629051685333,0.019108468294138703,3.958646774291992,3.4975268840789795,0.37181981404622394
2020-08-12,100612.64860026042,299.4860782623291,-0.0029401322826743126,0.02684121131886741,5.104073842366536,3.0586740175882974,0.37667401631673175
2020-08-13,100374.05533854167,299.37843132019043,-0.0033967820927500725,0.037371518909537826,5.453589757283528,3.323593020439148,0.3790200551350911
2020-08-14,100201.83642578125,298.8257001241048,-0.003044343553483486,0.036575204133839634,5.31162412961324,4.829142252604167,0.38632837931315106
2020-08-15,100239.27506510417,299.0840492248535,-0.002682901918888092,0.042209088802337646,5.264782110850017,3.8959975242614746,0.38771311442057294
2020-08-16,100306.44791666667,299.08522097269696,-0.0027745505794882774,0.03047262132167816,5.304637908935547,2.8152671257654824,0.3822714487711589
2020-08-17,100272.96240234375,299.1936887105306,-0.0029722582548856735,0.01893959939479828,4.884339650472005,3.138842741648356,0.3801231384277344
2020-08-18,100417.71858723958,298.9884904225667,-0.0029844753444194794,0.018927896022791657,4.4317061106363935,3.644766847292582,0.37595685323079425
2020-08-19,100341.74951171875,299.46983019510907,-0.00395378191024065,0.012672635818621103,4.493660608927409,2.946693936983744,0.3701883951822917
2020-08-20,100270.31005859375,299.14616775512695,-0.0034648049622774124,0.03463237782784745,4.433977127075195,2.5914398431777954,0.38232866923014325
2020-08-21,100406.82779947917,299.1760902404785,-0.0034866416826844215,0.034101155908672354,4.752647399902344,3.869046131769816,0.3846581776936849
2020-08-22,100455.64892578125,299.3072967529297,-0.003284042701125145,0.01278552155642032,4.686775207519531,4.4422721068064375,0.3680655161539714
2020-08-23,100496.53727213542,299.3710231781006,-0.003922146745026112,0.009215518670234957,4.342840830485026,4.995269775390625,0.3600603739420573
2020-08-24,100602.9716796875,299.31395530700684,-0.0043355124071240425,0.011939376592636108,3.691247304280599,4.640315651893616,0.3586432139078776
2020-08-25,100820.12516276042,299.9673703511556,-0.00479458924382925,0.00668567419052124,3.0500221252441406,4.086992541948955,0.3492285410563151
2020-08-26,100811.52164713542,300.1753641764323,-0.00525745190680027,0.004031914472477638,3.281970977783203,3.6516289710998535,0.335269292195638
2020-08-27,100679.42333984375,299.08849398295087,-0.0039938073605299,0.010358333587646484,2.551390449206034,2.9704887866973877,0.35222816467285156
2020-08-28,100521.33723958333,298.9592736562093,-0.0036029089242219925,0.03237162828435203,3.3767600059509277,3.768161177635193,0.3766663869222005
2020-08-29,100481.64095052083,298.8186950683594,-0.0029951967298984528,0.04218908548354605,3.6441758473714194,3.9094185034434,0.386627197265625
2020-08-30,100553.47314453125,298.6231740315755,-0.0029248297214508057,0.022075194120304786,3.8074963887532554,4.683177312215169,0.3781941731770833
2020-08-31,100750.23258463542,299.0831349690755,-0.0036495747044682503,0.006513494253056251,2.316783905029297,3.8167734940846763,0.3583882649739583
2020-09-01,100853.51529947917,299.49623743693036,-0.003822055645287037,0.002260252833366394,1.6677780151367188,1.5830893913904827,0.3391297658284505
2020-09-02,100747.86458333333,300.2981211344401,-0.0041283173486590385,0.0008302927017211914,1.203320821126302,-1.0786149899164836,0.3205852508544922
2020-09-03,100656.5927734375,300.69807688395184,-0.004311680793762207,0.0003376901149749756,0.5146465301513672,-1.4726474682490032,0.3046226501464844
2020-09-04,100602.08772786458,300.9607931772868,-0.004444995895028114,0.015552081392286254,0.14090728759765625,-0.6697760025660197,0.31467628479003906
2020-09-05,100528.3330078125,301.2578926086426,-0.004577551037073135,0.0011346930887157214,0.6243559519449869,0.3171590169270833,0.3321552276611328
2020-09-06,100484.11458333333,301.24356842041016,-0.0034510064870119095,0.005464647580254223,1.0586166381835938,0.7958236138025919,0.33394432067871094
2020-09-07,100584.30843098958,301.0425605773926,-0.0037257596850395203,0.005394273996351728,1.289990743001302,0.828665574391683,0.3355064392089844
2020-09-08,100636.09244791667,300.8544330596924,-0.003870701417326927,0.0028349339960982434,0.7252890268961588,-0.5688298543294271,0.3331839243570964
2020-09-09,100453.27311197917,301.10561752319336,-0.004288332536816597,0.004836779832658067,0.24156570434570312,-0.3139095703760783,0.3271020253499349
2020-09-10,100279.19075520833,300.61697514851886,-0.0037531759589910507,0.005550190806275168,0.9381103515625,0.8127507368723551,0.3354066212972005
2020-09-11,100263.84244791667,300.40460268656415,-0.0039966898038983345,0.02556261420249939,0.5476373036702474,-0.3141121069590251,0.3638954162597656
2020-09-12,100410.91666666667,300.37919425964355,-0.005734311416745186,0.03973037004470825,1.292035420735677,2.3035717805226645,0.36831092834472656
2020-09-13,100627.06315104167,300.2857608795166,-0.005489738658070564,0.003093630075454712,3.085508346557617,4.0449027220408125,0.33823204040527344
2020-09-14,100586.94482421875,299.5434850056966,-0.003405330702662468,0.0061700373886992566,0.8775812784830729,2.8534056345621743,0.3453998565673828
2020-09-15,100566.67610677083,299.5874532063802,-0.0034859729930758476,0.014675366878407203,0.5190664927164713,2.3529268900553384,0.35537083943684894
2020-09-16,100615.08821614583,299.92637634277344,-0.0038285814225673676,0.01206788420677185,1.4835853576660156,1.272321065266927,0.3602822621663411
2020-09-17,100653.6357421875,299.57016309102374,-0.0034333430230617523,0.05474585592736503,1.8337237040201824,1.0609086354573567,0.37880198160807294
2020-09-18,100535.1181640625,299.48559761047363,-0.002321617677807808,0.021883048024562868,1.2338104248046875,1.6864426930745442,0.3728790283203125
2020-09-19,100302.80338541667,299.99837557474774,-0.002620108425617218,0.006950843334209367,0.2889722188313802,0.43742549419403076,0.35332298278808594
2020-09-20,100139.46435546875,300.27241706848145,-0.0025479961186647415,0.00624448464247962,0.6326077779134115,-0.09432792663574219,0.3514595031738281
2020-09-21,100047.28743489583,300.3037796020508,-0.0034532062709331512,0.016119590401558526,1.555948257446289,0.35500554243723553,0.35747019449869794
2020-09-22,100048.421875,299.5445213317871,-0.0024750642478466034,0.1313949912786434,1.4742132822672527,-0.2880922158559163,0.399234135945638
2020-09-23,100316.53401692708,299.3243598937988,-0.002219720743596554,0.12213411927223206,2.504486083984375,1.86371644337972,0.39869054158528644
2020-09-24,100675.25830078125,300.34733454386395,-0.003727019764482975,0.004071459174156189,1.4315770467122395,2.5138487815856934,0.34099388122558594
2020-09-25,100700.23551432292,300.33319600423175,-0.0031675007194280624,0.004213157296078407,2.637922922770182,1.4572811126708984,0.3401724497477214
2020-09-26,100712.0888671875,300.3781000773112,-0.0046755727380514145,0.0011654496192932129,2.574061075846354,0.7245792150497437,0.31768353780110675
2020-09-27,100831.00113932292,299.25390307108563,-0.003960891626775265,0.0021183669566084973,1.3222090403238933,1.5086807012557983,0.3101234436035156
2020-09-28,100860.56168619792,299.7575937906901,-0.004355789162218571,0.0008107870817184448,0.7119483947753906,0.6721363464991251,0.29799779256184894
2020-09-29,100789.1728515625,299.61247698465985,-0.004231695085763931,0.0013041490372529552,0.9962482452392578,-0.44918568929036456,0.2883370717366536
2020-09-30,100740.90494791667,299.7866948445638,-0.004588138312101364,0.002015936374618832,1.3302440643310547,-0.7335796356201172,0.2839361826578776
2020-10-01,100767.6923828125,299.99256324768066,-0.004483182914555073,0.0006379485130310059,1.1032301584879558,-1.096789797147115,0.28109486897786456
2020-10-02,100763.55826822917,300.6119022369385,-0.003829721361398697,0.0020231157541275024,0.6289068857828776,-0.6824005047480265,0.27146466573079425
2020-10-03,100795.81884765625,300.686679204305,-0.003550443798303604,0.003576171398151473,1.0639832814534504,-0.05938275655110677,0.2795829772949219
2020-10-04,100895.24072265625,299.9630374908447,-0.0034644948318600655,0.004905387759208679,0.8363978068033854,1.0621825853983562,0.30358250935872394
2020-10-05,100846.18050130208,300.0555369059245,-0.0038766171783208847,0.002129286527633667,0.7760372161865234,0.2652880350748698,0.3015340169270833
2020-10-06,100807.70100911458,300.7166525522868,-0.004157177172601223,0.0012866437434126965,0.5295384724934896,-0.9710854689280192,0.2817802429199219
2020-10-07,100824.55159505208,301.14256540934247,-0.0040298160165548325,0.0002434849739074707,1.0413150787353516,-1.2147783438364665,0.2662467956542969
2020-10-08,100732.48388671875,301.6221288045247,-0.004138335585594177,0.0001981201990588488,0.7082869211832682,-1.4517794847488403,0.2497431437174479
2020-10-09,100686.4208984375,302.10088030497235,-0.004182023927569389,4.380941049930698e-07,0.5305379231770834,-0.3518759409586589,0.23419634501139322
2020-10-10,100628.76416015625,301.4825967152913,-0.003888441249728203,0.005050346255302429,0.5490398406982422,2.0983539819717407,0.24295171101888022
2020-10-11,100468.85465494792,300.8803227742513,-0.003017336130142212,0.0054092198610291575,-0.19523302714029947,1.3499560753504436,0.2894725799560547
2020-10-12,100283.36930338542,300.3110294342041,-0.00314195454120636,0.009493057088548085,0.1205279032389323,0.6253466606140137,0.3234780629475911
2020-10-13,100260.52766927083,301.2246551513672,-0.0038882484659552574,0.003685016127462859,-0.03607527414957682,0.6598373651504517,0.30650774637858075
2020-10-14,100249.40348307292,301.05201085408527,-0.0023020990192890167,0.014060989022254944,1.0621999104817708,-0.5140978495279948,0.3224194844563802
2020-10-15,100001.95263671875,301.3606262207031,-0.00459999218583107,0.02397938072681427,-0.49754544099171955,-3.6404510339101157,0.3549245198567708
2020-10-16,100143.44205729167,301.4206434885661,-0.005529619753360748,0.00048199659238434833,-3.063535292943319,3.7488571405410767,0.3199087778727214
2020-10-17,100516.88118489583,300.8891544342041,-0.004685821011662483,9.773864206863436e-05,-1.070330301920573,4.764664093653361,0.29576746622721356
2020-10-18,100715.4462890625,300.55433146158856,-0.004017684608697891,2.6217102970349515e-05,0.2860647837320964,2.5872785647710166,0.27872339884440106
2020-10-19,100714.85009765625,300.5930658976237,-0.0036559756845235825,0.0012690184098005375,0.7484385172526041,-0.13620424270629883,0.2698205312093099
2020-10-20,100689.90201822917,300.4070580800374,-0.003384205512702465,0.0048828125,0.38170115152994794,-0.8522534370422363,0.283969243367513
2020-10-21,100707.09049479167,300.46714782714844,-0.0037035327404737473,0.006866100430386268,0.2858270009358724,-0.6931734482447306,0.3140767415364583
2020-10-22,100629.23193359375,300.22155888875324,-0.0039885444566607475,0.005163872241972456,-0.042827606201171875,-0.5259740749994913,0.32039451599121094
2020-10-23,100661.54703776042,300.36414909362793,-0.003987620584666729,0.0016265571116491628,0.5870668490727743,0.9504846731821696,0.30546315511067706
2020-10-24,100841.47802734375,300.16593805948895,-0.004072340205311775,0.002397507429122925,0.3362255096435547,2.1432920694351196,0.2959423065185547
2020-10-25,100989.53629557292,300.4010467529297,-0.003833496943116188,0.005186830091702177,0.8765087922414144,0.7882081667582194,0.3092142740885417
2020-10-26,101028.00618489583,301.05135981241864,-0.004170941188931465,2.7165256710759422e-05,0.2706921895345052,-0.5232969919840494,0.2944939931233724
2020-10-27,100976.52587890625,301.37609736124676,-0.005073396489024162,1.1747204098355724e-08,0.10065841674804688,-1.5510199467341106,0.2697397867838542
2020-10-28,101027.0908203125,300.9572397867839,-0.004359657876193523,0.0,0.4910157521565755,-0.29028956095377606,0.2513135274251302
2020-10-29,101080.0986328125,299.89484214782715,-0.004160761833190918,1.0371208141179977e-06,0.041875203450520836,-0.5662830670674642,0.23733202616373697
2020-10-30,101024.97216796875,300.3243414560954,-0.00463885348290205,3.4405547921778634e-06,0.32029791673024494,-1.6782715717951457,0.22418912251790366
2020-10-31,101039.54231770833,300.4291852315267,-0.005235040560364723,8.52346317969932e-07,0.059911092122395836,-2.33094851175944,0.2103118896484375
2020-11-01,101121.57584635417,300.502623240153,-0.004542838782072067,0.0,0.3516743977864583,-1.9704500834147136,0.19713211059570312
2020-11-02,101193.80289713542,300.80518531799316,-0.0036801835522055626,4.549622531158093e-05,-0.018970489501953125,-1.6388505299886067,0.18706830342610678
2020-11-03,101135.46256510417,301.35046259562176,-0.004441877827048302,4.351138045421976e-07,-0.509941299756368,-1.7573121388753254,0.17614618937174478
2020-11-04,101087.17399088542,300.9134216308594,-0.004528377205133438,1.7106532368416083e-06,-0.5596613089243571,-1.304588794708252,0.16482098897298178
2020-11-05,101191.37174479167,300.70036697387695,-0.004776076413691044,1.78813479578821e-08,-0.733205517133077,-1.4064445495605469,0.15435345967610678
2020-11-06,101323.42073567708,300.3219299316406,-0.004968705587089062,3.4433696782798506e-06,-1.0842979749043782,-2.0414676666259766,0.14412752787272134
2020-11-07,101341.93473307292,300.2553431193034,-0.004466723650693893,1.7136334804490616e-06,-1.161481221516927,-2.0564375718434653,0.13545099894205728
2020-11-08,101349.37890625,300.836669921875,-0.0040439423173666,0.0,-1.2371406555175781,-1.6741000811258953,0.12810325622558594
2020-11-09,101221.63541666667,300.01248423258465,-0.0039707086980342865,2.139806667855737e-06,-0.5142873128255209,-1.3091607888539631,0.12198448181152344
2020-11-10,101069.22347005208,299.3579686482747,-0.00437755323946476,1.721102592000534e-06,-1.0604171752929688,-1.4202998876571655,0.1168047587076823
2020-11-11,101159.59033203125,298.9920590718587,-0.0042468104511499405,-8.767074177740142e-09,-1.2908191680908203,-1.7763035694758098,0.11212666829427083
2020-11-12,101213.51497395833,299.0568987528483,-0.0038877232000231743,8.52346317969932e-07,-0.8992258707682291,-2.350399971008301,0.10824267069498698
2020-11-13,101120.84423828125,300.48921457926434,-0.0031746458262205124,8.523463748133508e-07,-0.6855284372965494,-2.455617984135946,0.1051495869954427
2020-11-14,100957.80924479167,301.15042304992676,-0.0026516569778323174,4.351138613856165e-07,-0.20613225301106772,-1.292375644048055,0.10262362162272136
2020-11-15,101004.00944010417,301.2973492940267,-0.002842765301465988,1.3024215945733886e-06,0.23879559834798178,-2.443921128908793,0.10076077779134114
2020-11-16,101010.81949869792,301.6842454274495,-0.003298291005194187,1.708582431092509e-06,-0.1246350606282552,-2.694405515988668,0.09888966878255208
2020-11-17,100877.73893229167,301.79916826883954,-0.0031625330448150635,3.8575223584302876e-06,-0.1481614112854004,-2.6858221292495728,0.09723854064941406
2020-11-18,100932.3955078125,300.9971529642741,-0.002679739147424698,1.4770030929867062e-05,0.4324410756429036,-1.726388414700826,0.0959917704264323
2020-11-19,100971.6298828125,300.93297322591144,-0.003518262878060341,0.0002662539482116699,0.37815602620442706,-3.4354139963785806,0.0967877705891927
2020-11-20,101063.6162109375,300.81797981262207,-0.003032846376299858,5.716085433959961e-05,0.6138401031494141,-2.892716328303019,0.09587351481119792
2020-11-21,101124.14908854167,299.8887933095296,-0.0030928105115890503,4.351138045421976e-07,0.8066819508870443,-2.733228246370951,0.09447606404622395
2020-11-22,101206.56494140625,299.1300671895345,-0.0023302771151065826,0.0,0.4746551513671875,-1.6499096949895222,0.09351857503255208
2020-11-23,101219.44938151042,299.1839955647786,-0.002660623751580715,0.0,1.0080502827962239,-2.26279087861379,0.09281476338704427
2020-11-24,101076.34342447917,299.96511205037433,-0.0024823052808642387,1.7106532936850272e-06,0.7815259297688802,-2.0552250146865845,0.09200604756673177
2020-11-25,101029.07340494792,300.00047938028973,-0.002644788473844528,2.164164584428363e-06,0.2711048126220703,-2.1776532332102456,0.09129269917805989
2020-11-26,101086.4345703125,300.17921765645343,-0.0033750878646969795,0.0,-0.310496727625529,-3.2454517682393393,0.09059460957845052
2020-11-27,101260.4521484375,300.6896832784017,-0.0038718068972229958,0.0,-2.3333136240641275,-3.2596054077148438,0.08981768290201823
2020-11-28,101214.57763671875,300.36830457051593,-0.002023007720708847,4.351138045421976e-07,-1.2798670927683513,-1.211171309153239,0.08927154541015625
2020-11-29,101263.037109375,300.2966416676839,-0.002059011720120907,7.003545761108398e-07,-0.2477842171986898,-0.8117476304372152,0.0889129638671875
2020-11-30,101259.17333984375,300.6786460876465,-0.0021430635824799538,4.351138045421976e-07,0.5323702494303385,-2.235119422276815,0.0885759989420573
2020-12-01,101226.95166015625,301.1622568766276,-0.0020970534533262253,0.0,0.705233613650004,-1.5862247149149578,0.08822059631347656
2020-12-02,101078.51090494792,300.57847023010254,-0.0025344714522361755,2.1576879589702003e-06,0.20002480347951254,-1.9240366617838542,0.08792622884114583
2020-12-03,101070.93229166667,299.68387603759766,-0.0027359258383512497,-2.3842403606977314e-08,-0.3145917256673177,-1.2527325948079426,0.08767000834147136
2020-12-04,100998.16097005208,298.95694669087726,-0.002590769901871681,8.553265615773853e-07,-0.24288717905680338,-1.3588781356811523,0.08740234375
2020-12-05,101042.46419270833,299.42318471272785,-0.0026765577495098114,5.684341886080802e-14,-0.7543112436930338,-1.7436840136845906,0.08715120951334636
2020-12-06,101188.65869140625,299.43273480733234,-0.0028764531016349792,1.2993811537853617e-06,-0.9203224182128906,-1.8399697542190552,0.08692614237467448
2020-12-07,101287.55110677083,299.5505491892497,-0.002687501721084118,0.0,-1.4905153910319011,-1.825709621111552,0.08673985799153645
2020-12-08,101259.75016276042,299.48433748881024,-0.002456510439515114,0.0,-0.6912523905436198,-1.7496744791666667,0.08658154805501302
2020-12-09,101116.00260416667,300.2345434824626,-0.0018438855186104774,8.189678190717586e-06,-0.16370773315429688,-0.5955656369527181,0.08645693461100261
2020-12-10,101109.86311848958,300.47822761535645,-0.0017620697617530823,0.0012557506561279297,0.030165354410807293,-1.062358061472575,0.08998743693033855
2020-12-11,101164.12288411458,298.66413561503094,-0.0019508404657244682,0.0018448472022960516,-0.22338358561197916,-1.8498388528823853,0.10946019490559895
2020-12-12,101077.76204427083,298.7390028635661,-0.0027672508731484413,0.0025157183408737183,-0.2829945882161458,-2.8801048596700034,0.12095896402994792
2020-12-13,100993.41422526042,298.46436818440753,-0.0021631773561239243,0.0003170102834246791,0.37351449330647785,-2.6947590112686157,0.13016192118326822
2020-12-14,101097.10172526042,297.8607012430827,-0.0021616779267787933,0.0015581578015257946,-0.11860446135203044,-2.76763387521108,0.138397216796875
2020-12-15,101239.44742838542,298.50427691141766,-0.0024984534829854965,2.041459083557129e-06,0.433177908261617,-4.024322946866353,0.1316095987955729
2020-12-16,101291.89290364583,298.7369524637858,-0.002372901886701584,2.5749205292413535e-06,0.4495493570963542,-3.874776522318522,0.1229705810546875
2020-12-17,101281.8671875,299.20934677124023,-0.0023372527211904526,8.52346317969932e-07,-0.010379791259765625,-2.9743850231170654,0.11540667215983073
2020-12-18,101267.58138020833,299.2208112080892,-0.0024003246799111366,8.52346317969932e-07,-0.41974568367004395,-2.4349482456843057,0.10900815327962239
2020-12-19,101340.36555989583,299.213436126709,-0.0027127452194690704,0.0,-1.2255503336588542,-2.2803221543629966,0.10388692220052083
2020-12-20,101366.09521484375,298.4663798014323,-0.0027615604922175407,8.583068797918258e-07,-0.9503206809361776,-2.095796585083008,0.09984588623046875
2020-12-21,101214.32584635417,298.106777826945,-0.0027444027364253998,2.14601732295705e-06,-1.01762859026591,-1.907372275988261,0.09670321146647136
2020-12-22,101129.40771484375,297.2563393910726,-0.002377077005803585,-3.230525180697441e-09,-0.6792004903157552,-1.377640962600708,0.09426053365071614
2020-12-23,101008.41927083333,296.96513175964355,-0.0020560193806886673,8.52346317969932e-07,-0.20571517944335938,-2.129557251930237,0.09246253967285156
2020-12-24,100923.34293619792,297.6198450724284,-0.0020264219492673874,4.351138045421976e-07,0.046646674474080406,-2.5923558870951333,0.09111467997233073
2020-12-25,100999.87434895833,298.64844131469727,-0.0018268749117851257,1.2845866876887158e-06,-0.45787739753723145,-1.0446542104085286,0.09006627400716145
2020-12-26,101158.15169270833,298.66471735636395,-0.001665031537413597,2.1516208903449296e-06,0.023202260335286457,-0.9110539754231771,0.08925374348958333
2020-12-27,101131.97526041667,298.4799009958903,-0.0024033784866333008,8.523463748133508e-07,0.7439219156901041,-3.6553052266438804,0.08869997660319011
2020-12-28,101120.10498046875,296.7094586690267,-0.003453426994383335,8.52346317969932e-07,0.7078562577565511,-4.5808060963948565,0.08819135030110677
2020-12-29,101054.34749348958,296.58244705200195,-0.0019576139748096466,8.613236559540383e-07,0.9292322794596354,-3.3498973846435547,0.0878003438313802
2020-12-30,101045.12972005208,297.4042682647705,-0.0016599958762526512,8.52346317969932e-07,0.5396250486373901,-3.191970109939575,0.08749135335286458
2021-01-01,101070.93717447917,298.79063669840497,-0.0012708008289337158,9.834766387939453e-07,0.4274239142735799,-1.0481465657552083,0.0869916280110677
2021-01-02,101121.22330729167,298.45416768391925,-0.001702670007944107,3.898143768310547e-05,1.26032292842865,-2.4321217139561973,0.08703422546386719
2021-01-03,100979.55094401042,297.9135513305664,-0.0021908488124608994,0.0006632149219463201,1.053976019223531,-2.6953582763671875,0.08774503072102864
2021-01-04,101011.38232421875,297.56324704488117,-0.0021743755787611008,0.0001333236693312756,1.1578540802001953,-2.6603094736735025,0.09289296468098958
2021-01-05,101104.77587890625,297.69484456380206,-0.0021831002086400986,6.2465666701427836e-06,0.9544785817464193,-3.8234689633051553,0.09160423278808594
2021-01-06,101009.10758463542,298.10879453023273,-0.00210654828697443,0.00026697814464426983,0.5836077531178793,-4.085739811261495,0.09168243408203125
2021-01-07,100800.80192057292,298.81447982788086,-0.001333744265139103,0.0008711665868759155,0.9020889202753702,-1.9872167905171711,0.09346898396809895
2021-01-08,100820.49641927083,298.9938538869222,-0.0015767412260174751,0.001179391145701203,-0.2592779000600179,-2.6175931294759116,0.10265413920084636
2021-01-09,100888.21923828125,299.5023085276286,-0.0016591064631938934,0.00015017731800526235,0.3584884802500407,-2.343088944753011,0.10406748453776042
2021-01-10,100949.66422526042,300.2317918141683,-0.0017446838319301605,5.46652674984216e-05,0.27964337666829425,-1.8786114851633708,0.10124270121256511
2021-01-11,101051.16487630208,300.69290987650555,-0.0021643582731485367,1.7225742112714215e-06,0.299899419148763,-2.237318674723307,0.09778340657552083
2021-01-12,101064.02522786458,301.1102466583252,-0.0024156318977475166,2.572633036379557e-06,0.09559774398803711,-2.84030012289683,0.09469858805338542
2021-01-13,101035.44612630208,300.1364917755127,-0.002330477349460125,8.52346317969932e-07,0.6241162618001302,-3.0177906354268393,0.09244982401529948
2021-01-14,100974.86832682292,298.70717366536456,-0.0022255005314946175,8.52346317969932e-07,1.178680419921875,-2.633728861808777,0.09098370869954427
2021-01-15,100946.91129557292,297.5117696126302,-0.002209319733083248,0.0,1.484326680501302,-2.323649446169535,0.08994166056315105
2021-01-16,100848.44140625,296.89435895284015,-0.0020362678915262222,0.0,0.9649779001871744,-1.7288737694422405,0.089111328125
2021-01-17,100953.54606119792,297.45910771687824,-0.0017859898507595062,2.682209014892578e-07,1.2820148468017578,-1.5711320241292317,0.08848381042480469
2021-01-18,101062.85367838542,298.31165822347003,-0.001956593245267868,4.351138045421976e-07,0.9563172658284506,-2.5708945194880166,0.08798726399739583
2021-01-19,101087.63053385417,298.90923436482746,-0.0021049994975328445,0.0,0.9865541060765585,-2.967575271924337,0.08757845560709636
2021-01-20,101187.56461588542,298.114252726237,-0.0024636993184685707,0.0,1.0526402791341145,-3.184641679128011,0.08722686767578125
2021-01-21,101166.54524739583,296.7875893910726,-0.001959283836185932,0.0,1.0872872670491536,-2.5659117301305137,0.08697891235351562
2021-01-22,101064.78938802083,297.59664789835614,-0.0016194963827729225,0.0,0.9725493987401327,-2.537523547808329,0.08676719665527344
2021-01-23,101113.64876302083,298.125098546346,-0.001934950239956379,4.351138045421976e-07,1.0939639409383137,-2.8416190147399902,0.08658536275227864
2021-01-24,101202.62955729167,297.62066078186035,-0.0023179352283477783,0.0,0.8838411966959635,-3.368705153465271,0.08644612630208333
2021-01-25,101260.36832682292,296.9335168202718,-0.0023077605292201042,0.0,0.9757480621337891,-3.2418996493021646,0.08632342020670573
2021-01-26,101186.08902994792,296.3005790710449,-0.002036057412624359,4.351138045421976e-07,1.0307356516520183,-3.156395594278971,0.0862274169921875
2021-01-27,101164.41569010417,296.1142978668213,-0.0017558243125677109,4.351138045421976e-07,1.1049461364746094,-2.6432679494222007,0.08614158630371094
2021-01-28,101215.90787760417,296.40905062357587,-0.002134486101567745,1.2814997489840607e-06,0.9981795152028402,-3.533732811609904,0.08608182271321614
2021-01-29,101270.36832682292,297.0551242828369,-0.0019039921462535858,1.2986694741812244e-06,0.6584860483805338,-2.891792337099711,0.08601570129394531
2021-01-30,101202.0771484375,297.38403065999347,-0.0016797445714473724,1.7157172464976611e-06,0.6714649200439453,-2.4079564412434897,0.08594703674316406
2021-01-31,101259.43082682292,297.96130625406903,-0.0017496608197689056,4.351138045421976e-07,0.3489373524983724,-2.6029046376546225,0.08584785461425781
2021-02-01,101374.62581380208,299.57586161295575,-0.0019039716571569443,1.2818524055546732e-06,-0.3747539520263672,-2.3292380571365356,0.0857696533203125
2021-02-02,101381.47021484375,299.24438794453937,-0.0019422564655542374,1.2814997489840607e-06,-0.043010711669921875,-1.674731175104777,0.0856920878092448
2021-02-03,101308.88346354167,297.79578018188477,-0.0017227251082658768,1.7200663364747015e-06,0.5877348581949869,-1.4334486722946167,0.0856157938639323
2021-02-04,101286.66748046875,298.13510195414227,-0.0022039245814085007,1.2814998058274796e-06,1.0006351470947266,-2.911400477091471,0.08554903666178386
2021-02-05,101254.62320963542,298.01099650065106,-0.0028596920892596245,1.725554398035456e-06,0.6809349060058594,-4.015557487805684,0.08550516764322917
2021-02-06,101184.615234375,298.8705857594808,-0.0026292866095900536,1.2891325695818523e-06,-1.0688101450602214,-3.374852935473124,0.08544540405273438
2021-02-07,101270.58463541667,298.7835871378581,-0.002325281500816345,1.2934457913615915e-06,-1.1729278564453125,-2.55912446975708,0.08537546793619792
2021-02-08,101299.85139973958,298.4730307261149,-0.0022845622152090073,8.485461080454115e-07,-0.5964158376057943,-2.314558664957682,0.08531888326009114
2021-02-09,101192.0966796875,297.89063835144043,-0.0019289618358016014,1.7225742112714215e-06,0.017685572306315105,-1.69483749071757,0.08525721232096355
2021-02-10,101075.43912760417,297.46974817911786,-0.0017339065670967102,0.0,0.5718574523925781,-1.9784622192382812,0.08519744873046875
2021-02-11,100970.26741536458,297.86981137593585,-0.001714935526251793,4.261732087229575e-07,0.8574632008870443,-2.163036346435547,0.08511988321940105
2021-02-12,101072.18798828125,297.623530069987,-0.0016500316560268402,8.52346317969932e-07,1.3625799814860027,-1.8042240142822266,0.08505439758300781
2021-02-13,101200.22916666667,297.44812138875324,-0.0017504775896668434,8.52346317969932e-07,1.3600660959879558,-1.8804504871368408,0.08499717712402344
2021-02-14,101191.4892578125,297.78790855407715,-0.0017366092652082443,2.5794424800551496e-06,1.4894709984461467,-2.0348640282948813,0.0849622090657552
2021-02-15,101116.17513020833,297.60567537943524,-0.0019496940076351166,8.486429123877315e-07,1.73096760114034,-2.493709087371826,0.08492469787597656
2021-02-16,101110.49739583333,297.16639645894367,-0.0018289349973201752,8.52346317969932e-07,1.6050408681233723,-2.3983681996663413,0.08483250935872395
2021-02-17,101040.337890625,297.9902261098226,-0.0018446622416377068,1.7046927496267017e-06,1.20674463113149,-2.400450269381205,0.08473014831542969
2021-02-18,101133.77034505208,298.8063329060872,-0.0016849040985107422,0.00010559260834952511,-0.16321945190429688,-0.5356670618057251,0.08503087361653645
2021-02-19,101308.68863932292,299.4870853424072,-0.0021649105474352837,5.066394805908203e-07,-2.2033482789993286,-0.9789602756500244,0.08550008138020833
2021-02-20,101278.93229166667,299.3295415242513,-0.002568819560110569,0.0,-1.2377463579177856,-2.0374197959899902,0.0854021708170573
2021-02-21,101233.88899739583,300.2668654123942,-0.0022266190499067307,0.0,-1.1040013631184895,-2.0788962046305337,0.08530108133951823
2021-02-22,101250.77099609375,300.3475462595622,-0.0016477713361382484,2.9967990258228383e-06,0.2096703847249349,-0.5188640753428141,0.08522224426269531
2021-02-23,101119.13004557292,300.2472063700358,-0.0015721889212727547,8.523453516318114e-07,0.8946908315022787,-0.9336588780085245,0.08516693115234375
2021-02-24,101014.96110026042,300.27172533671063,-0.0019948743283748627,8.52346317969932e-07,1.015250523885091,-1.8924009799957275,0.0850690205891927
2021-02-25,101078.69173177083,300.416197458903,-0.0024439580738544464,0.0,1.6153788963953655,-2.758855660756429,0.0850067138671875
2021-02-26,100996.04378255208,299.4036439259847,-0.0020649898797273636,8.52346317969932e-07,1.8582788705825806,-2.179593046506246,0.08494822184244792
2021-02-27,100894.21793619792,300.013188680013,-0.002305068075656891,1.2884902389487252e-06,1.272952397664388,-2.7444390853246055,0.08483378092447917
2021-02-28,100895.9189453125,301.35007731119794,-0.0023942478001117706,1.7046927496267017e-06,1.0033022562662761,-3.093468983968099,0.08476003011067708
2021-03-01,101124.57405598958,302.11169179280597,-0.0025063324719667435,4.351138045421976e-07,1.0077927907307942,-3.6165695985158286,0.08469899495442708
2021-03-02,101147.56022135417,301.6505349477132,-0.0029538795351982117,0.0,1.045766830444336,-3.4561365048090615,0.08461570739746094
2021-03-03,100976.44938151042,301.7781403859456,-0.0025898683816194534,0.0,0.9944566090901693,-3.3709466457366943,0.0845349629720052
2021-03-04,100992.65869140625,301.85535049438477,-0.0021568872034549713,4.351138045421976e-07,0.3218994140625,-2.0047779083251953,0.08444976806640625
2021-03-05,101097.48665364583,300.37815920511883,-0.001689918339252472,1.2904405366498395e-06,1.3875592549641926,-0.224761962890625,0.08439318339029948
2021-03-06,101164.85888671875,299.7785275777181,-0.0014597345143556595,1.1980533599853516e-05,1.1627038319905598,0.49666062990824383,0.08422787984212239
2021-03-07,101112.09293619792,299.53187878926593,-0.002283685840666294,0.00011081099501097924,1.3069464365641277,-1.9776543378829956,0.08504358927408855
2021-03-08,101080.55257161458,300.1102587381999,-0.002328643575310707,4.4107436991680515e-07,1.471615473429362,-2.7306927839914956,0.08490943908691406
2021-03-09,101082.80061848958,301.49929491678876,-0.002305145375430584,0.0,1.3744195302327473,-2.67314612865448,0.08469708760579427
2021-03-10,101078.17903645833,300.68299802144367,-0.002010994590818882,1.2934207802572928e-06,1.5917898813883464,-2.106385827064514,0.0845794677734375
2021-03-11,101129.38053385417,299.69276491800946,-0.0019408520311117172,1.7195939676639682e-06,1.7552248636881511,-1.9414327541987102,0.0844256083170573
2021-03-12,101201.44677734375,300.6170120239258,-0.0025848839432001114,0.0,1.3947747548421223,-2.9569575786590576,0.08431307474772136
2021-03-13,101110.259765625,302.2984205881755,-0.002811690792441368,1.7212887541973032e-06,0.7216968536376953,-3.273989995320638,0.08422406514485677
2021-03-14,100928.2470703125,301.9798946380615,-0.0021700728684663773,1.7180329905386316e-06,1.5443751017252605,-2.6108659505844116,0.08415285746256511
2021-03-15,100904.87418619792,302.3091462453206,-0.0026161642745137215,3.867342002195073e-09,1.4686279296875,-3.053949991861979,0.0840899149576823
2021-03-16,100920.68619791667,301.80931727091473,-0.0023952117189764977,0.0,1.522403319676717,-2.8633975187937417,0.08401743570963542
2021-03-17,100804.4267578125,301.56691869099933,-0.0020860685035586357,4.351138613856165e-07,1.4061012665430705,-2.2318488359451294,0.08395576477050781
2021-03-18,100868.623046875,300.8908297220866,-0.0017661741003394127,8.52346317969932e-07,1.6862951914469402,-1.2749431133270264,0.08390998840332031
2021-03-19,100917.70084635417,300.4841187795003,-0.002296287566423416,3.003499841724988e-06,1.9771849314371746,-2.3406100273132324,0.08388074239095052
2021-03-20,100773.9033203125,299.8290723164876,-0.0019961167126893997,4.351138613856165e-07,1.8005987803141277,-1.9178517659505208,0.08375167846679688
2021-03-21,100786.45979817708,300.32349395751953,-0.0016797613352537155,4.148483185417717e-06,1.5479920705159504,-0.5073800484339396,0.08359972635904948
2021-03-22,100977.54378255208,301.22859382629395,-0.0020724255591630936,1.043081283569336e-06,1.1240475972493489,-2.126122792561849,0.08347765604654948
2021-03-23,101002.41829427083,302.11652183532715,-0.0025912588462233543,1.806020634376182e-06,1.0321890513102214,-2.9838905334472656,0.08342043558756511
2021-03-24,100985.4580078125,302.6916103363037,-0.002280307002365589,8.52346317969932e-07,0.7099806467692057,-2.50469970703125,0.08336830139160156
2021-03-25,100896.0068359375,303.9859612782796,-0.003634120337665081,8.553265615773853e-07,0.4020061492919922,-3.752580722173055,0.08329518636067708
2021-03-26,100792.8427734375,303.9713929494222,-0.002980676479637623,4.261732051702438e-07,0.4021485646565755,-3.237792412439982,0.08320681254069011
2021-03-27,100710.02034505208,303.7914632161458,-0.0025178631767630577,2.575286202954885e-06,0.5661703745524088,-2.4164180755615234,0.08311780293782552
2021-03-28,100717.41373697917,301.32703971862793,-0.001415865495800972,1.2806219729100121e-06,1.3830006917317708,0.7006994883219401,0.08307266235351562
2021-03-29,100731.20768229167,300.87726910909015,-0.001651344820857048,4.287158446913963e-06,1.7996069590250652,0.105621337890625,0.0830217997233073
2021-03-30,100744.56136067708,300.04621505737305,-0.002026611939072609,8.52346317969932e-07,1.9684289296468098,0.9033934275309244,0.08287366231282552
2021-03-31,100668.64697265625,300.0281302134196,-0.001959056593477726,3.7640879213540757e-06,1.8731676737467449,-0.5304075876871744,0.08280690511067708
2021-04-01,100642.1513671875,300.24297587076825,-0.0019554104655981064,7.423056445077236e-06,2.08311398824056,1.214245319366455,0.08278592427571614
2021-04-02,100657.5283203125,300.1599400838216,-0.00215286947786808,7.12833200964269e-05,1.5261414845784504,1.516891598701477,0.08326784769694011
2021-04-03,100824.865234375,300.0250924428304,-0.0021329429000616074,2.4187894496208173e-06,1.8137893676757812,2.3571293354034424,0.08316357930501302
2021-04-04,100951.5771484375,300.4825960795085,-0.001855853945016861,3.3934064163076982e-06,1.963216781616211,-0.3577995300292969,0.08307456970214844
2021-04-05,100895.81624348958,301.29384994506836,-0.0020746085792779922,1.9128335111417982e-06,1.6854718526204426,-2.4710216522216797,0.08298428853352864
2021-04-06,100836.30224609375,302.39951197306317,-0.0024368325248360634,4.261732087229575e-07,1.815955678621928,-2.5531578063964844,0.08289527893066406
2021-04-07,100898.26253255208,301.94461186726886,-0.0021636933088302612,0.0,2.126413941383362,-1.6963742574055989,0.08278719584147136
2021-04-08,100793.041015625,301.4561023712158,-0.0016287695616483688,0.0,2.2042980194091797,0.09344863891601562,0.08271980285644531
2021-04-09,100751.09049479167,301.56795501708984,-0.0019291788339614868,0.0,1.8492406209309895,-0.7888391415278116,0.08265177408854167
2021-04-10,100875.60709635417,301.914270401001,-0.0018959678709506989,0.0,1.9377555847167969,-0.20765240987141928,0.08257039388020833
2021-04-11,100980.63785807292,302.09536425272626,-0.001798449084162712,1.8060206912196008e-06,1.6088059743245442,0.19341913859049478,0.08248710632324219
2021-04-12,101035.31022135417,302.4348672231038,-0.002180693671107292,4.229580383707798e-06,1.9045210282007854,-0.24030367533365884,0.08238156636555989
2021-04-13,100948.974609375,303.02331225077313,-0.0018862038850784302,0.0002119511608107416,1.432952880859375,0.21303228537241617,0.08330853780110677
2021-04-14,100911.50667317708,302.7529417673747,-0.0021269116550683975,3.709197039825085e-05,1.5477301279703777,0.8181036710739136,0.0842119852701823
2021-04-15,100923.00146484375,302.0924243927002,-0.0023276079446077347,0.0003417313594127336,1.4745063781738281,0.2855418920516968,0.08576393127441406
2021-04-16,100906.435546875,301.724604288737,-0.002571169286966324,2.995205306888238e-06,2.1259066263834634,-1.6440162658691406,0.0868695576985677
2021-04-17,100992.93489583333,301.915080388387,-0.002045886591076851,1.6033649394842087e-06,1.9805501302083333,-2.0661168893178306,0.08661905924479167
2021-04-18,100972.1953125,302.93248176574707,-0.0019540563225746155,4.351138045421976e-07,1.976681391398112,-1.4097760518391926,0.08639589945475261
2021-04-19,100875.17692057292,301.9113648732503,-0.0021013040095567703,4.76837158203125e-06,2.606355667114258,1.1067010561625164,0.08603096008300781
2021-04-20,100835.28401692708,301.6071891784668,-0.0020588161423802376,2.6941299438476562e-05,2.1838417053222656,0.3751665751139323,0.0860595703125
2021-04-21,100978.58333333333,301.7186584472656,-0.0022853296250104904,4.991888999938965e-06,2.126008987426758,-0.9873145818710327,0.08603858947753906
2021-04-22,100930.95328776042,301.83913803100586,-0.002109500579535961,1.3001368301956973e-06,1.645162026087443,-2.1221186319986978,0.08593940734863281
2021-04-23,100936.70751953125,301.2921899159749,-0.0021217213943600655,2.621537817049102e-06,2.085409164428711,-1.063618262608846,0.08580525716145833
2021-04-24,100880.28922526042,301.46557299296063,-0.0021212007850408554,1.2874602930423862e-06,1.8095073699951172,-1.6166921456654866,0.08569272359212239
2021-04-25,100752.32763671875,302.9018491109212,-0.0016993219032883644,6.581274192285491e-09,2.1440016428629556,-0.3686791658401489,0.0856030782063802
2021-04-26,100752.46858723958,303.19148953755695,-0.0018908912315964699,0.00030371546745300293,2.254582087198893,1.4848953485488892,0.08696683247884114
2021-04-27,100860.12337239583,302.8566157023112,-0.0022661536931991577,0.000562756594149505,2.249866485595703,0.6916122436523438,0.09039942423502605
2021-04-28,100903.99137369792,302.7182674407959,-0.0025390516966581345,0.00047922432412406124,2.344529946645101,-0.6177104314168295,0.092926025390625
2021-04-29,100829.73860677083,302.870086034139,-0.0023249704390764236,8.583068797918258e-07,2.3749307791392007,-0.8736359675725301,0.09188906351725261
2021-04-30,100750.61490885417,302.5260721842448,-0.0022596120834350586,4.6360492603980674e-05,2.166799545288086,-0.5739445288976034,0.08979606628417969
2021-05-01,100686.78092447917,303.26357014973956,-0.0022621555253863335,5.945563316345215e-05,1.9835681915283203,-1.7046887874603271,0.08866055806477864
2021-05-02,100733.62109375,303.3631280263265,-0.0018977727741003036,3.956258296966553e-05,1.8008441925048828,-0.1470524470011393,0.08794212341308594
2021-05-03,100688.87776692708,303.71117146809894,-0.0022892318665981293,0.00012437403201559505,1.9280554453531902,-0.8369137446085612,0.08780288696289062
2021-05-04,100656.84261067708,303.3485692342122,-0.0024727359414100647,8.583068797918258e-07,1.8981622060139973,-1.2969257434209187,0.08740870157877605
2021-05-05,100675.01822916667,303.31704839070636,-0.0023217014968395233,8.52346317969932e-07,2.3007806142171225,-1.4564175208409627,0.08684094746907552
2021-05-06,100748.57600911458,303.21589342753094,-0.002053510397672653,1.6677379505836143e-05,2.28083602587382,-0.13151045640309653,0.08660570780436198
2021-05-07,100833.80289713542,303.16210238138837,-0.0020622434094548225,2.0259618754181474e-05,2.0782032012939453,-0.12221495310465495,0.08652432759602864
2021-05-08,100650.4267578125,303.4847297668457,-0.0021404772996902466,2.2351741790771484e-06,2.326219399770101,-0.48379747072855633,0.08636411031087239
2021-05-09,100647.94401041667,303.01791763305664,-0.002214750275015831,7.764112410768576e-06,2.6082045237223306,0.5673821767171224,0.08626365661621094
2021-05-10,100617.52180989583,302.93362363179523,-0.0023942282423377037,6.6678913412943075e-06,2.6307010650634766,-0.5039450724919637,0.08619117736816406
2021-05-11,100678.5439453125,302.96567153930664,-0.002458050847053528,0.0001327633857499677,2.9462916056315103,-0.6810665130615234,0.08627382914225261
2021-05-12,100498.91927083333,302.89398765563965,-0.002705696038901806,0.00019550919529365274,2.9298890431722007,-0.0441813071568807,0.08807436625162761
2021-05-13,100419.34814453125,302.79738934834796,-0.0022331150248646736,1.067666534027012e-05,2.469090143839518,-0.4113326867421468,0.08734194437662761
2021-05-14,100214.61474609375,303.19853591918945,-0.002374294213950634,4.880040950183684e-05,2.0397040049235025,-2.510663390159607,0.08696047465006511
2021-05-15,99908.23763020833,305.5299638112386,-0.002177635207772255,0.00018205954620498233,0.5946661631266276,-2.9354575077692666,0.08743476867675781
2021-05-16,99606.70393880208,304.1224772135417,-0.004064078442752361,0.008819541540788123,-7.015842437744141,-2.4135843912760415,0.1039886474609375
2021-05-17,99740.62581380208,300.0545488993327,-0.0058851782232522964,0.1150254040955474,-2.08107058207194,12.399754206339518,0.36829566955566406
2021-05-18,100251.77311197917,300.14859708150226,-0.004566779360175133,0.023888924717955007,2.3654371897379556,8.108380476633707,0.3750146230061849
2021-05-19,100405.07405598958,300.8414414723714,-0.004160539247095585,0.00742661356925467,2.2653865814208984,3.3319788376490274,0.34984397888183594
2021-05-20,100626.07063802083,301.54140599568683,-0.004975467920303345,0.001045125722839657,1.918011983235677,1.752914269765218,0.31802113850911456
2021-05-21,100667.146484375,301.6112174987793,-0.005574285984039307,0.0006104558706283569,2.6221001942952475,0.7327889204025269,0.2914358774820964
2021-05-22,100625.79964192708,301.91376368204754,-0.004821190610527992,0.000352710485458374,2.2774937947591147,0.5466836293538412,0.2737115224202474
2021-05-23,100728.4794921875,302.2124309539795,-0.005212975665926933,0.0007761567831039429,2.54786745707194,-0.7948983510335287,0.2601693471272786
2021-05-24,100769.29052734375,301.93418312072754,-0.005592923611402512,0.001937875625674934,2.6941146850585938,-2.0505951245625815,0.25339190165201825
2021-05-25,100601.32877604167,302.05151748657227,-0.005429461598396301,0.0019174665212631226,3.775925318400065,-1.7311299641927083,0.25163014729817706
2021-05-26,100508.34326171875,302.4712740580241,-0.0060610901564359665,0.00031593584952815945,4.45616340637207,0.049102783203125,0.23423449198404947
2021-05-27,100544.77034505208,302.4487012227376,-0.005781704559922218,0.004433616995811462,4.978356043497722,1.0899715423583984,0.2379589080810547
2021-05-28,100581.04069010417,302.27245076497394,-0.004937782883644104,0.0038064122200012207,3.2392152150472007,1.279764175415039,0.2531331380208333
2021-05-29,100674.8779296875,302.04386774698895,-0.004541756585240364,0.0018794238567352295,1.9467112223307292,2.2176806131998696,0.2550493876139323
2021-05-30,100634.87516276042,301.65672238667804,-0.0047265877947211266,0.003460112214042965,1.3885491689046223,3.4204864501953125,0.2569427490234375
2021-05-31,100480.2021484375,301.1581287384033,-0.004231984727084637,0.011612147092819214,1.4557965596516926,3.1096343994140625,0.3048483530680339
2021-06-01,100511.18538411458,301.1915334065755,-0.004107901826500893,0.00953735886088225,0.7425665060679117,2.9126017491022744,0.3236096700032552
2021-06-02,100607.62760416667,301.4647630055745,-0.00397520512342453,0.0049113929271698,0.5793490012486776,2.071741739908854,0.31301307678222656
2021-06-03,100673.50602213542,301.77266629536945,-0.005034429021179676,0.003484542807655089,0.4768333435058594,2.1590291261672974,0.30492083231608075
2021-06-04,100676.9267578125,301.795415242513,-0.005321023054420948,0.004202216863632202,1.0192629496256511,1.9267959594726562,0.29843775431315106
2021-06-05,100646.24739583333,300.63488960266113,-0.003770807757973671,0.006399089097971711,0.641188899676005,2.3694788614908853,0.31969134012858075
2021-06-06,100680.48014322917,300.8604195912679,-0.004815386608242989,0.004569768905643201,1.3450419108072917,2.6328049500783286,0.3148854573567708
2021-06-07,100710.2978515625,300.53658866882324,-0.004805226810276508,0.006699889898300171,2.131964365641276,3.1786648432413735,0.32226816813151044
2021-06-08,100622.88362630208,300.1245307922363,-0.0038794782012701035,0.021656113862889015,2.7624327341715493,2.6196168263753257,0.3503990173339844
2021-06-09,100503.63736979167,300.2715098063151,-0.004175402224063873,0.02651447057723999,3.449806809425354,1.9588191509246826,0.3753509521484375
2021-06-10,100434.7001953125,300.3081448872884,-0.004112080670893192,0.01797361671924591,3.6142171223958335,3.448217193285624,0.3697834014892578
2021-06-11,100348.79313151042,300.28325843811035,-0.004747483879327774,0.017006203532218933,3.111069997151693,4.017195224761963,0.3671588897705078
2021-06-12,100371.89664713542,300.4611053466797,-0.003780926577746868,0.01154617965221405,3.422000249226888,1.8222393989562988,0.3622843424479167
2021-06-13,100331.7646484375,300.28650283813477,-0.004560909233987331,0.008029285073178016,2.8535467783610025,3.8970396916071572,0.3557904561360677
2021-06-14,100185.59912109375,300.32505989074707,-0.004930905066430569,0.007652997970581055,2.6357669830322266,3.8596861362457275,0.3506978352864583
2021-06-15,100074.94173177083,299.83654340108234,-0.004641181789338589,0.010345411695823259,2.433842341105143,4.362276474634807,0.3562914530436198
2021-06-16,100190.70589192708,299.78681500752765,-0.00451325997710228,0.009474921226399147,2.6368306477864585,5.39857264359792,0.3580830891927083
2021-06-17,100297.22737630208,299.4336401621501,-0.004443535581231117,0.010807287693012313,3.029193878173828,5.843043367067973,0.36032676696777344
2021-06-18,100457.61637369792,299.03328069051105,-0.004530907608568668,0.014908194541931152,3.5034688313802085,5.28680694103241,0.3657665252685547
2021-06-19,100616.46712239583,298.7580560048421,-0.0037874197587370872,0.01235710332355211,3.5029048919677734,4.880043029785156,0.3640251159667969
2021-06-20,100709.85563151042,299.404234568278,-0.0039983997121453285,0.008561768612253218,2.771596908569336,4.071860631306966,0.3604348500569661
2021-06-21,100721.01839192708,300.14681243896484,-0.004101724363863468,0.004901900887489319,2.602428436279297,2.8657950162887573,0.34769121805826825
2021-06-22,100691.4423828125,300.2856903076172,-0.003906404599547386,0.005117952823638916,2.6811434427897134,1.7975246111551921,0.3445027669270833
2021-06-23,100662.62255859375,300.1562099456787,-0.0043620765209198,0.005904648437024207,2.5175463358561196,2.725791414578756,0.34537315368652344
2021-06-24,100720.66617838542,298.7103576660156,-0.002906588837504387,0.010316199064220655,2.852261225382487,3.39057449499766,0.3582204182942708
2021-06-25,100575.76774088542,299.55984115600586,-0.002713681198656559,0.012373274908156873,2.934817632039388,1.9418245951334636,0.3643983205159505
2021-06-26,100595.09619140625,300.75144386291504,-0.004167032428085804,0.0036365538835525513,3.3440093994140625,0.11933835347493489,0.34524091084798175
2021-06-27,100713.51188151042,300.5681858062744,-0.0038657402619719505,0.00593237578868866,1.3924922943115234,-0.7525151570638021,0.336605707804362
2021-06-28,100603.92171223958,299.53927993774414,-0.003106197342276573,0.017024490237133705,0.665734608968099,0.7210566202799479,0.362674077351888
2021-06-29,100583.0234375,300.81404876708984,-0.004667462781071663,0.0024670600891063543,1.8316160837809246,2.1436611811319985,0.33705393473307294
2021-06-30,100585.98209635417,300.6997013092041,-0.0043605901300907135,0.00592571794976493,2.6545565525690713,1.9127342303593953,0.3416830698649089
2021-07-01,100415.58479817708,301.47174644470215,-0.005789047107100487,0.003974214196205139,4.432973861694336,2.465224107106527,0.33450889587402344
2021-07-02,100488.98990885417,301.5699876149495,-0.005998385138809681,0.003648698329925537,4.142184575398763,4.046633164087932,0.32546552022298175
2021-07-03,100580.568359375,301.1037877400716,-0.00506281852722168,0.003714615106503061,2.7729008992513022,3.0287077824274697,0.3201885223388672
2021-07-04,100650.70003255208,300.84265454610187,-0.004608836956322193,0.003201610440157765,2.0700085957845054,2.188016891479492,0.32038434346516925
2021-07-05,100605.61962890625,300.8928877512614,-0.0045471591874957085,0.0022469913100167105,1.9524861971537273,1.217585841814677,0.31384023030598956
2021-07-06,100481.81038411458,301.01125462849933,-0.004539893940091133,0.0010206252336502075,1.7118848164876301,0.63807213306427,0.3015460968017578
2021-07-07,100518.33756510417,301.64742914835614,-0.004999837838113308,0.0025294661521861883,2.487377166748047,-0.3839847644170125,0.2935523986816406
2021-07-08,100457.3115234375,300.2600517272949,-0.0043187495321035385,0.012244798785843614,2.3910528818766275,1.7507236401240032,0.336181640625
2021-07-09,100295.82047526042,300.20733642578125,-0.003404058516025543,0.008163660764580527,2.3216768900553384,0.8078021208445231,0.34002240498860675
2021-07-10,100176.97574869792,299.6019452412923,-0.003022868186235428,0.048908624052899086,2.9879366556803384,-0.28531646728515625,0.38538233439127606
2021-07-11,100003.5126953125,300.16258239746094,-0.002628810703754425,0.015365082025425636,0.2898845672607422,0.5793543656667074,0.3657347361246745
2021-07-12,99902.39908854167,300.5723819732666,-0.005038249306380749,0.03561454117289031,4.711472193400065,3.7216173013051352,0.36963144938151044
2021-07-13,100124.8291015625,299.845661799113,-0.0032442063093185425,0.045713293298774715,4.510131200154622,3.11214288075765,0.389956792195638
2021-07-14,100111.548828125,299.6180953979492,-0.003107740543782711,0.07194473470766027,5.116813023885091,1.7076707283655803,0.3964608510335286
2021-07-15,100035.95540364583,299.9063186645508,-0.003986523486673832,0.03712053894986411,3.9319483439127603,3.024856964747111,0.3848012288411458
2021-07-16,100354.36018880208,299.51928901672363,-0.0035447506234049797,0.036846548318862915,3.40474001566569,3.745957056681315,0.3875414530436198
2021-07-17,100481.68603515625,299.8375720977783,-0.003128187730908394,0.07489432692517539,4.213155746459961,0.02495574951171875,0.3929176330566406
2021-07-18,100390.06868489583,299.8617407480876,-0.003551490604877472,0.038825732469490504,4.707316716512044,-1.013384262720744,0.38625144958496094
2021-07-19,100417.14046223958,299.7174828847249,-0.004410814493894577,0.02897605299949646,5.729796727498372,1.1963591972986858,0.378268559773763
2021-07-20,100596.54345703125,299.0816300710042,-0.0027786623686552048,0.02309286594390869,4.889955520629883,2.7062847216924033,0.3773460388183594
2021-07-21,100370.314453125,299.6749496459961,-0.003539016470313072,0.045198649168014526,7.5596357981363935,1.7662620544433594,0.388247807820638
2021-07-22,100133.8154296875,300.0410664876302,-0.004561283625662327,0.0162409245967865,7.3240610758463545,0.2894268035888672,0.37178929646809894
2021-07-23,100182.02262369792,299.51409912109375,-0.0036178650334477425,0.022576475143431196,6.04881223042806,0.16421759128570557,0.37484995524088544
2021-07-24,100350.66292317708,299.47022501627606,-0.0035555753856897354,0.00945719480514029,4.870397567749023,1.3046853144963582,0.363772710164388
2021-07-25,100412.24690755208,299.1311155954997,-0.0038926340639591217,0.011707361745550315,5.554073969523112,2.233863671620687,0.3659655253092448
2021-07-26,100439.0400390625,299.2511278788249,-0.0043898820877075195,0.011735612154001984,5.02291997273763,3.37992795308431,0.3635292053222656
2021-07-27,100377.43408203125,299.56136830647785,-0.0048945751041173935,0.010082542896270752,4.826019922892253,4.417838414510091,0.36125818888346356
2021-07-28,100449.7138671875,299.98018137613934,-0.004287509247660637,0.01254803240288993,5.330853780110677,4.337672869364421,0.36662038167317706
2021-07-29,100554.255859375,300.2556667327881,-0.0050325412303209305,0.014304447658616937,6.51861572265625,3.54304301738739,0.362213134765625
2021-07-30,100643.65934244792,300.3950201670329,-0.004475937224924564,0.006670036911959443,6.659661610921224,2.6942058404286704,0.3572489420572917
2021-07-31,100709.20084635417,300.48257064819336,-0.005134548060595989,0.003888533581690723,7.323168436686198,1.9329325358072917,0.3385168711344401
2021-08-01,100553.39469401042,300.26212946573895,-0.0051958197727799416,0.003215509653045956,6.801113764444987,2.191503326098124,0.3279774983723958
2021-08-02,100642.63785807292,299.37590408325195,-0.004665503278374672,0.006259316248691249,5.711568832397461,3.0263057152430215,0.33188629150390625
2021-08-03,100747.47249348958,299.0903263092041,-0.004325251094996929,0.013082835907539447,5.44365119934082,2.822316805521647,0.3547554016113281
2021-08-04,100691.24153645833,299.92477480570477,-0.004790324717760086,0.005608484148979187,6.2211558024088545,2.8888136545817056,0.3446311950683594
2021-08-05,100508.21484375,300.0558904012044,-0.004680179990828037,0.004462569952011108,5.691966374715169,2.318750739097595,0.3364086151123047
2021-08-06,100453.12255859375,300.1653639475505,-0.004766557365655899,0.003693079948391187,4.551811854044597,1.9242250521977742,0.32650311787923175
2021-08-07,100573.27018229167,299.5502580006917,-0.004176274873316288,0.004562872648136818,3.012430191040039,2.4167338212331138,0.327304204305013
2021-08-08,100696.00260416667,299.7864882151286,-0.004391549155116081,0.003899348944571557,1.9376449584960938,3.0031238396962485,0.3254934946695964
2021-08-09,100799.40983072917,299.8547706604004,-0.004498729482293129,0.0027805666250060312,2.2204996744791665,3.0994415283203125,0.3180700937906901
2021-08-10,100766.4873046875,299.57873153686523,-0.004215097054839134,0.00631655752658844,2.6544672648111978,3.059490124384562,0.32543373107910156
2021-08-11,100775.31868489583,299.5423221588135,-0.004183376207947731,0.00506167943234459,2.826054890950521,2.3632582823435464,0.3287283579508464
2021-08-12,100843.45849609375,299.66770044962567,-0.0040840767323970795,0.00436563561464709,3.0829461415608725,1.63772718111674,0.32805506388346356
2021-08-13,100694.09440104167,299.5960292816162,-0.004268459975719452,0.004405498416666376,3.562371571858724,1.813017209370931,0.32446543375651044
2021-08-14,100559.41666666667,298.7967020670573,-0.004013294354081154,0.008157076289194265,3.4189605712890625,2.578972895940145,0.3332589467366536
2021-08-15,100616.89599609375,298.8177032470703,-0.003910910338163376,0.007391631603240967,2.5779247283935547,2.6340906620025635,0.34266217549641925
2021-08-16,100721.26497395833,299.44045956929523,-0.0038569290190935135,0.0031213372944876028,1.9513797760009766,2.267674287160238,0.3320471445719401
2021-08-17,100690.90934244792,299.09794489542645,-0.0027854153886437416,0.005564528703587257,1.7532488505045574,1.8057563702265422,0.3294989267985026
2021-08-18,100531.76302083333,298.7505880991618,-0.0019632233306765556,0.015333977341583704,2.356027603149414,0.3520309130350749,0.3571796417236328
2021-08-19,100535.81722005208,298.56418736775714,-0.0016337092965841293,0.02565519530014626,2.776224136352539,0.8000467618306478,0.3769232432047526
2021-08-20,100598.84488932292,298.42459805806476,-0.0027303947135806084,0.027983618462769755,2.7573585510253906,0.9325554768244425,0.375820795694987
2021-08-21,100705.82340494792,298.5165901184082,-0.0015229899436235428,0.0372220456599166,2.4873893658320108,1.6168196201324463,0.38124974568684894
2021-08-22,100721.00162760417,299.29589653015137,-0.0030086375772953033,0.0037669777870128485,1.0152914921442668,3.2907297213872275,0.347201665242513
2021-08-23,100712.248046875,299.9301567077637,-0.004256119951605797,0.0014978826044966809,1.134669582049052,3.000714659690857,0.32689476013183594
2021-08-24,100700.47542317708,300.08580080668133,-0.0042190272361040115,0.0018919809826343226,1.6615257263183594,2.3245715697606406,0.3144060770670573
2021-08-25,100582.1875,299.9075126647949,-0.004604114219546318,0.0027502674731181287,1.9690087636311848,2.598656932512919,0.3119068145751953
2021-08-26,100443.25667317708,299.786434173584,-0.004376858472824097,0.003848490118969039,2.465874989827474,2.798056443532308,0.31453386942545575
2021-08-27,100401.48111979167,299.8358618418376,-0.004442207515239716,0.002326332652557994,1.6470565795898438,2.7962364753087363,0.3086535135904948
2021-08-28,100297.38330078125,299.620418548584,-0.004277026280760765,0.002205455303187165,1.1514021555582683,2.4386746883392334,0.3025093078613281
2021-08-29,100332.69352213542,299.7070941925049,-0.00382110383361578,0.0016389366410294315,1.4623343149820964,1.4207710822423298,0.29937108357747394
2021-08-30,100441.55517578125,299.37690862019855,-0.0029842434450984,0.020183318853373322,1.8531735738118489,-0.7134064435958862,0.33308156331380206
2021-08-31,100434.00830078125,298.84401448567706,-0.002137456089258194,0.07680686116208335,3.6991151173909507,0.6155015627543131,0.3941211700439453
2021-09-01,100502.22428385417,299.01500002543133,-0.0026762373745441437,0.011356282234089576,2.8620580037434897,3.841211756070455,0.3693523406982422
2021-09-02,100485.34895833333,299.34008661905926,-0.004387194290757179,0.010938620047227232,2.4114513397216797,5.3236844937006635,0.35805638631184894
2021-09-03,100459.56917317708,299.14258511861163,-0.004212304949760437,0.01634651051608671,2.284409840901693,4.093498229980469,0.36716779073079425
2021-09-04,100521.86800130208,299.4303792317708,-0.003788706846535206,0.010798930977216514,2.667779286702474,2.0700810750325522,0.36428070068359375
2021-09-05,100537.56803385417,299.39853922526044,-0.0035773739218711853,0.006109073758125305,2.7761917114257812,1.33123779296875,0.3547382354736328
2021-09-06,100455.07291666667,299.4576816558838,-0.0034986212849617004,0.02987275174308479,2.5611680348714194,-0.6673045555750529,0.37372271219889325
2021-09-07,100222.93863932292,299.3755524953206,-0.0022021224722266197,0.03556215763092041,1.820630391438802,-1.2902569770812988,0.38422711690266925
2021-09-08,100270.99365234375,299.5158240000407,-0.004233691841363907,0.022842127084629738,5.309462865193685,4.6827395757039385,0.37827809651692706
2021-09-09,100593.03743489583,299.3672517140706,-0.004430783912539482,0.011156601166817381,4.600355784098308,4.628827055295308,0.36545880635579425
2021-09-10,100526.82861328125,299.0856170654297,-0.004202118143439293,0.012712231810041885,3.6402816772460938,4.868283947308858,0.36262067159016925
2021-09-11,100293.89469401042,299.4465738932292,-0.004100104793906212,0.025068283081054688,3.4521255493164062,5.153717041015625,0.3726431528727214
2021-09-12,100163.06526692708,299.53347460428876,-0.0036654844880104065,0.029547184705734253,4.056168874104817,2.333428144454956,0.38099034627278644
2021-09-13,100081.41243489583,299.8581371307373,-0.004023025743663311,0.02579172551628517,6.175142923990886,2.081989804903666,0.38028589884440106
2021-09-14,100206.17431640625,299.96775754292804,-0.0038933884352445602,0.012555333971874916,5.339630762736003,4.077617327372233,0.3663978576660156
2021-09-15,100370.52099609375,299.87937609354657,-0.004212286323308945,0.007423186302162321,3.604954401652018,5.39247481028239,0.3539727528889974
2021-09-16,100491.63639322917,299.738068262736,-0.00486813485622406,0.00421620309350601,2.591923395792643,4.8123100598653155,0.33821678161621094
2021-09-17,100560.86067708333,299.9051049550374,-0.00440584123134613,0.0026635927213760624,2.3527959187825522,3.8519131342569985,0.32653236389160156
2021-09-18,100743.00032552083,299.340763092041,-0.004153374582529068,0.004500329494476318,1.8422037760416667,3.692275802294413,0.3230552673339844
2021-09-19,100902.95719401042,299.29275194803876,-0.003721841610968113,0.01629881334537231,1.603965123494466,2.8573774099349976,0.3552010854085286
2021-09-20,100794.03108723958,299.80174446105957,-0.0037693893536925316,0.007651463150978088,2.250434239705404,1.5159982045491536,0.35034815470377606
2021-09-21,100667.80696614583,299.344269434611,-0.003541777841746807,0.014801520109074318,3.1956975062688193,0.34948984781901044,0.3660119374593099
2021-09-22,100520.89453125,299.03339258829754,-0.0023739077150821686,0.008961933851139747,2.491064707438151,0.5007038116455078,0.36393292744954425
2021-09-23,100575.48404947917,299.3805224100749,-0.0035755205899477005,0.004029273986759563,1.7069021860758464,2.244556427001953,0.3462696075439453
2021-09-24,100664.33121744792,299.62619400024414,-0.0038666026666760445,0.0020838140881664913,1.4779791434605916,2.1988417307535806,0.3316243489583333
2021-09-25,100659.60660807292,299.35175641377765,-0.0029193274676799774,0.0026101645069047663,1.2977371215820312,1.859649419784546,0.32433319091796875
2021-09-26,100474.12906901042,299.67077318827313,-0.003434840589761734,0.002597934007553704,1.1304709911346436,0.5300293763478597,0.323944091796875
2021-09-27,100337.74967447917,299.0515327453613,-0.0023205354809761047,0.010301440954208374,1.318072001139323,0.17029507954915366,0.3419183095296224
2021-09-28,100304.2314453125,299.1247437795003,-0.003214159980416298,0.04116790294636985,2.8179009755452475,3.1022008260091147,0.3713823954264323
2021-09-29,100445.76399739583,299.34299596150714,-0.003911820240318775,0.018351847720680325,1.6684551239013672,6.086710492769877,0.36788304646809894
2021-09-30,100750.4921875,299.95486386617023,-0.004444570280611515,0.003475251793759071,0.3317737579345703,4.878268639246623,0.34562937418619794
2021-10-01,100820.75602213542,300.4795977274577,-0.004306681454181671,0.0004948765039216596,0.44223976135253906,1.0278588930765789,0.32126426696777344
2021-10-02,100767.11702473958,300.3166853586833,-0.0029624849557876587,0.0033744366314820695,0.3186632792154948,-2.4820054372151694,0.32289886474609375
2021-10-03,100709.39908854167,300.7452901204427,-0.003999159671366215,0.002514304217285712,0.09740102291107178,-1.8515494267145793,0.31830406188964844
2021-10-04,100647.89013671875,301.1052443186442,-0.004402098245918751,0.0010366886854171753,0.6973005930582682,-1.6554352045059204,0.30449485778808594
2021-10-05,100646.58626302083,301.6672649383545,-0.0044260043650865555,3.165304650565304e-05,0.5112597147623698,-2.4462846914927163,0.2891133626302083
2021-10-06,100522.66015625,301.771048227946,-0.004509974271059036,0.0016563355922762923,-0.6845779418945312,-1.8269763787587483,0.28232765197753906
2021-10-07,100529.11555989583,301.64544169108075,-0.004926690831780434,0.00102919340133667,-0.42191123962402344,1.209157943725586,0.276211420694987
2021-10-08,100647.43863932292,300.48909695943195,-0.00465373694896698,0.0063988566398620605,0.04250017801920573,3.1021108627319336,0.2972189585367839
2021-10-09,100785.34765625,300.41261609395343,-0.003993956372141838,0.008434712886810303,0.22143109639485678,2.518711725870768,0.3279349009195964
2021-10-10,100734.99039713542,300.442440032959,-0.003928470425307751,0.0030181854963302612,0.020660400390625,1.0620717604955037,0.31903076171875
2021-10-11,100608.5322265625,300.20484352111816,-0.003963354974985123,0.004018679568901007,0.09158643086751302,-0.03327441215515137,0.3151563008626302
2021-10-12,100567.5048828125,300.66142145792645,-0.004049805924296379,0.0025132030247618786,-0.0402533213297526,-0.6741632223129272,0.31694602966308594
2021-10-13,100510.33317057292,301.4512430826823,-0.004368179477751255,0.0001493990421295166,0.23624042669932047,-0.9878747463226318,0.2958335876464844
2021-10-14,100436.64208984375,301.63448905944824,-0.004542630165815353,2.9741508456027077e-05,0.2995313008626302,-1.0014986594518025,0.2770525614420573
2021-10-15,100242.81380208333,301.7907517751058,-0.005920278839766979,8.52346317969932e-07,-0.043172200520833336,-2.2877436876296997,0.2598489125569661
2021-10-16,100235.62386067708,301.030476252238,-0.005990146659314632,0.0,0.6219342549641927,-2.529105226198832,0.24288241068522134
2021-10-17,100397.41438802083,300.65858459472656,-0.004609378054738045,1.7106532936850272e-06,1.9823106129964192,-0.9632948637008667,0.2303320566813151
2021-10-18,100727.81917317708,300.6984399159749,-0.004821273498237133,0.00016540884968208047,3.038794199625651,-0.630826989809672,0.21996752421061197
2021-10-19,101074.49593098958,300.0513407389323,-0.004247788339853287,0.00037147402758819226,1.0539658864339192,-0.4344984292984009,0.21180597941080728
2021-10-20,101235.74430338542,299.7471923828125,-0.004799251444637775,2.4259090423583984e-05,0.5009454091389974,-2.574648459752401,0.20200538635253906
2021-10-21,101171.21549479167,300.45654424031574,-0.004741331562399864,0.0,0.2913087209065755,-2.5728183587392173,0.1896979014078776
2021-10-22,101165.02555338542,300.63308080037433,-0.004733214154839516,1.7195939108205494e-06,0.40963300069173175,-2.2361904780069985,0.1777782440185547
2021-10-23,101210.62255859375,299.8977470397949,-0.004814543761312962,8.583068797918258e-07,0.8140888214111328,-2.807301918665568,0.16715685526529947
2021-10-24,101253.62093098958,299.2967338562012,-0.004309249110519886,0.0,0.40821393330891925,-2.1390275160471597,0.15793863932291666
2021-10-25,101129.36344401042,299.87892468770343,-0.0042186155915260315,4.9782639166551235e-06,0.4809303283691406,-2.778850555419922,0.14994239807128906
2021-10-26,101006.41748046875,300.88619168599445,-0.003951572813093662,8.52346317969932e-07,-0.5183118184407552,-2.4421436389287314,0.1427173614501953
2021-10-27,101059.78727213542,300.86390177408856,-0.004632133990526199,8.52346317969932e-07,-0.500878651936849,-2.239437739054362,0.13474718729654947
2021-10-28,101093.55159505208,300.90835698445636,-0.004733888432383537,0.0,-1.4321448008219402,-2.446153004964193,0.12739435831705728
2021-10-29,101229.85026041667,300.3837782541911,-0.0052710603922605515,0.0,-1.6100514729817708,-2.851711392402649,0.12076377868652344
2021-10-30,101209.9873046875,300.3018385569255,-0.004510512575507164,8.52346317969932e-07,-0.7233587900797526,-2.671869913736979,0.11487579345703125
2021-10-31,101094.48356119792,300.263490041097,-0.0035809194669127464,0.0,0.025973399480183918,-1.9353760083516438,0.11052640279134114
2021-11-01,100967.58186848958,300.24346415201825,-0.0030657686293125153,0.0,0.009501338005065918,-0.9767265319824219,0.10746383666992188
2021-11-02,100941.04345703125,301.09364827473956,-0.003290463238954544,1.713645133349928e-06,-0.4551963806152344,-1.3167203267415364,0.1049029032389323
2021-11-03,100932.93489583333,301.662322362264,-0.004314889200031757,1.7109309169427434e-06,-0.7189470926920573,-2.6398845911026,0.10228284200032552
2021-11-04,100902.57242838542,301.30218505859375,-0.0030272528529167175,2.592011128399463e-06,-0.31832313537597656,-1.0462183157602947,0.09991836547851562
2021-11-05,100885.47379557292,301.1394443511963,-0.0025865547358989716,0.000123250484421078,-0.42156982421875,0.05393576622009277,0.09910202026367188
2021-11-06,100840.05973307292,300.2047920227051,-0.002971113659441471,0.013382592797274384,-0.05798212687174479,-1.1280715465545654,0.15560595194498697
2021-11-07,100817.35888671875,300.5937957763672,-0.0035739829763770103,1.7203702782353503e-06,-0.1943798065185547,-0.6735657056172689,0.22386741638183594
2021-11-08,100982.15852864583,299.95800018310547,-0.004231885075569153,1.7093202018259035e-06,-0.13338963190714517,-0.8843739827473959,0.19655863444010416
2021-11-09,101032.7216796875,299.8919595082601,-0.005146760493516922,1.7069392583834997e-06,-1.2093079884847004,-2.063908894856771,0.17503484090169272
2021-11-10,100939.01513671875,299.32345390319824,-0.004647678695619106,1.698316168585734e-06,-0.6202863057454427,-2.126791000366211,0.15648651123046875
2021-11-11,100793.70035807292,299.58620897928876,-0.004601280204951763,1.7131405911641195e-06,-1.3154157002766926,-2.477531631787618,0.14110692342122397
2021-11-12,100767.0791015625,299.95800081888837,-0.00423605740070343,1.2928152841595875e-06,-0.7286097208658854,-2.80971896648407,0.127899169921875
2021-11-13,100751.59342447917,300.5155957539876,-0.003196174278855324,1.7136334804490616e-06,0.24645868937174478,-2.6226699352264404,0.11774190266927083
2021-11-14,100738.56477864583,301.0636412302653,-0.0028293654322624207,1.284479992591514e-06,0.0427093505859375,-2.0925076802571616,0.11075846354166667
2021-11-15,100569.76529947917,300.99670855204266,-0.0025559579953551292,4.351138045421976e-07,0.1855475107828776,-1.9576244354248047,0.10567220052083333
2021-11-16,100565.09505208333,301.88420486450195,-0.0023691244423389435,2.5549530960233824e-05,-0.7811876932779948,-1.2671877543131511,0.10214678446451823
2021-11-17,100734.50960286458,300.6884593963623,-0.0019308878108859062,0.008772584795849525,0.0320746103922526,0.1685943603515625,0.1456775665283203
2021-11-18,100718.63834635417,299.99365933736163,-0.002673625946044922,0.005303913354868683,0.07481956481933594,-0.18505223592122397,0.22840181986490884
2021-11-19,100473.41927083333,300.7443148295085,-0.0032618260011076927,0.0012904137372515834,0.3441365559895833,-0.49381566047668457,0.23458035786946616
2021-11-20,100454.1787109375,301.8195171356201,-0.0033990265801548958,0.00034558176992049994,-1.0115636189778645,-1.4635683695475261,0.21483866373697916
2021-11-21,100807.47884114583,300.72654088338214,-0.0035228924825787544,0.010297549880419865,-0.3379036585489909,0.7361577351888021,0.2348944346110026
2021-11-22,101050.81233723958,300.1361853281657,-0.0027828849852085114,0.0010430514811901048,-0.06536483764648438,0.13619438807169595,0.2642784118652344
2021-11-23,100971.74462890625,300.88364855448407,-0.003476174548268318,0.00020091831680701944,1.1279996236165364,-2.0233287811279297,0.23339970906575522
2021-11-24,100959.40120442708,301.58270263671875,-0.00367121584713459,4.7981738930502615e-05,0.18267440795898438,-2.30777907371521,0.21035130818684897
2021-11-25,101004.68994140625,301.48037910461426,-0.004122027195990086,4.380941049930698e-07,0.06410972277323405,-2.311822017033895,0.18987655639648438
2021-11-26,101067.02164713542,300.4264094034831,-0.0036087073385715485,0.0,0.033537864685058594,-1.5483157237370808,0.17203267415364584
2021-11-27,101056.0869140625,300.23792966206867,-0.0035968171432614326,8.553266184208042e-07,-0.12306551138559978,-1.7556406656901042,0.15730603535970053
2021-11-28,101131.91715494792,299.83883476257324,-0.00421370193362236,4.368416739453096e-10,-1.554593523343404,-1.6284239292144775,0.14405377705891928
2021-11-29,101122.099609375,300.20337613423663,-0.003921026363968849,4.351138045421976e-07,-1.8232436974843342,-1.8826262950897217,0.13222567240397134
2021-11-30,101063.29052734375,300.269245783488,-0.00279841385781765,0.0007612466811792729,-1.8136640787124634,-1.0739039182662964,0.1256567637125651
2021-12-01,100990.46256510417,296.61217943827313,-0.003831043839454651,0.046231767535118706,-2.19703737894694,-4.065131823221843,0.22988065083821616
2021-12-02,100936.92659505208,296.33373896280926,-0.0027411971241235733,0.03453303277484565,-1.5318470001220703,0.9011188348134359,0.3700110117594401
2021-12-03,101104.55550130208,297.5754922231038,-0.002070990391075611,0.0027925699948241345,-0.49795977274576825,0.971174955368042,0.3412329355875651
2021-12-04,101151.12874348958,297.9903271993001,-0.0026690149679780006,0.0014117062082732446,0.3193365732828776,0.783200224240621,0.31661415100097656
2021-12-05,101193.71630859375,297.32970237731934,-0.00277542881667614,0.0007855244430174935,0.24527422587076822,0.24936850865681967,0.3078492482503255
2021-12-06,101165.96207682292,298.38795534769696,-0.003555680625140667,6.994652574121574e-05,-0.49047406514485675,-2.1379408041636148,0.28966712951660156
2021-12-07,101164.39208984375,299.3100751241048,-0.004196587949991226,1.7238896816706983e-06,-1.138497034708659,-2.082060972849528,0.2714551289876302
2021-12-08,101182.77229817708,299.56629943847656,-0.004563191905617714,0.0,-1.5201428731282551,-2.2648382584253945,0.25488535563151044
2021-12-09,101348.68766276042,299.43356132507324,-0.003972206264734268,1.7239907492694329e-06,-1.3385340372721355,-2.416475017865499,0.24101829528808594
2021-12-10,101347.3935546875,299.4226360321045,-0.0036409562453627586,8.52346317969932e-07,-1.135422666867574,-2.0513532161712646,0.22939682006835938
2021-12-11,101337.39306640625,299.51997057596844,-0.0038285478949546814,1.2874602930423862e-06,-1.168932835261027,-1.8827840089797974,0.2180029551188151
2021-12-12,101305.12727864583,299.21615664164227,-0.0036152517423033714,0.0,-0.8126271565755209,-1.882002830505371,0.2077922821044922
2021-12-13,101267.6943359375,298.8765748341878,-0.00385975930839777,8.553266184208042e-07,-0.8943703969319662,-2.0640065670013428,0.1974004109700521
2021-12-14,101255.96663411458,297.7187906901042,-0.004233071580529213,2.1636485598719446e-06,0.22757466634114584,-3.030071258544922,0.18705177307128906
2021-12-15,101266.84016927083,297.31760851542157,-0.0030517205595970154,4.410743663640915e-07,0.347866694132487,-2.414038062095642,0.17869122823079428
2021-12-16,101365.50716145833,297.5705801645915,-0.003215685486793518,9.834766387939453e-07,0.2640870412190755,-3.1781806151072183,0.17176691691080728
2021-12-17,101386.47135416667,297.47654978434247,-0.0034052878618240356,4.351138045421976e-07,0.23082987467447916,-3.2113723754882812,0.16375160217285156
2021-12-18,101366.33040364583,297.8983675638835,-0.003427211195230484,0.0,-0.6776460011800131,-2.1305516560872397,0.15588951110839844
2021-12-19,101437.75081380208,297.6022440592448,-0.003547603264451027,0.0,-0.9603309631347656,-1.925793965657552,0.1478862762451172
2021-12-20,101411.10319010417,297.2185236612956,-0.003336753696203232,1.2934207802572928e-06,-0.6676540374755859,-1.8189524412155151,0.14079920450846353
2021-12-21,101391.13444010417,296.6383336385091,-0.0028006499633193016,8.583068833445395e-07,0.1537189483642578,-1.4757143656412761,0.13489850362141928
2021-12-22,101226.99365234375,296.26732953389484,-0.0028142547234892845,6.735323836437601e-07,0.4740180969238281,-1.9744669596354167,0.1301275889078776
2021-12-23,101202.00797526042,295.95339075724286,-0.0029152091592550278,0.0,0.6199190219243368,-1.7795811494191487,0.12570953369140625
2021-12-24,101271.43701171875,295.22087987263996,-0.002627801150083542,4.100799458228721e-06,0.6219971974690756,-1.4766960144042969,0.12193234761555989
2021-12-25,101323.92154947917,295.1985333760579,-0.0025947578251361847,1.1265277862548828e-05,0.3610020875930786,-1.9143765767415364,0.11871846516927083
2021-12-26,101391.451171875,296.3747272491455,-0.0026745647192001343,2.8428171958694293e-06,0.2659289439519246,-2.768822511037191,0.11561266581217448
2021-12-27,101327.75130208333,297.14936510721844,-0.0026342011988162994,-2.6559519028523937e-09,0.2800528208414714,-2.5284443696339927,0.11243311564127605
2021-12-28,101284.36555989583,296.7766195933024,-0.0030272044241428375,4.410743663640915e-07,0.47036083539326984,-3.5110488732655845,0.10949389139811198
2021-12-29,101318.5419921875,296.5761604309082,-0.003308740444481373,4.266559567867034e-06,0.03091152509053548,-3.973891099294027,0.10676511128743489
2021-12-30,101398.140625,297.5382372538249,-0.0026334701105952263,1.7151471070064872e-06,-1.4727840820948284,-1.9939249753952026,0.1041425069173177
2022-01-01,101504.0205078125,298.363972345988,-0.002470705658197403,1.7225741544280027e-06,-0.7795823415120443,-1.672854741414388,0.09995015462239583
2022-01-02,101350.98258463542,298.580410639445,-0.002229033038020134,0.0,-0.5166778564453125,-1.6947301228841145,0.09842999776204427
2022-01-03,101331.56217447917,298.2459023793538,-0.0022154226899147034,1.6901151980164286e-06,-0.37822802861531574,-0.838494618733724,0.09718767801920573
2022-01-04,101281.85302734375,298.2506224314372,-0.0022818967700004578,0.0,-0.014265696207682291,-0.9918022155761719,0.0961290995279948
2022-01-05,101277.3857421875,297.704532623291,-0.002080327831208706,4.3213367462158203e-07,0.7272968292236328,-1.1501763661702473,0.09525998433430989
2022-01-06,101209.31103515625,296.8835932413737,-0.0024323510006070137,1.2099741866222757e-06,0.6124184926350912,-1.8801563183466594,0.09459177652994792
2022-01-07,101209.68636067708,296.8121960957845,-0.0020561236888170242,0.0009082734583785168,1.0819250742594402,0.5772603352864584,0.09472020467122395
2022-01-08,101318.54020182292,295.5652084350586,-0.0028310175985097885,0.009130343794822693,0.4490350087483724,-1.1573969920476277,0.16419283548990884
2022-01-09,101311.05240885417,294.4662227630615,-0.005478948354721069,8.553266184208042e-07,0.523040771484375,-4.542359193166097,0.1919854482014974
2022-01-10,101306.92789713542,293.5461991628011,-0.0039824144914746284,1.2858445188612677e-06,0.5857749780019125,-3.680387496948242,0.1721515655517578
2022-01-11,101281.97119140625,294.06856536865234,-0.0026907585561275482,2.050399700692651e-06,0.38059818744659424,-1.9557690620422363,0.15799458821614584
2022-01-12,101224.15006510417,294.5588633219401,-0.002798972651362419,0.0,0.46282045046488446,-3.0186631282170615,0.1457360585530599
2022-01-13,101154.97265625,294.6419258117676,-0.0022184401750564575,1.285171833842469e-06,0.1475836435953776,-0.8121299743652344,0.13565444946289062
2022-01-14,101176.37418619792,295.20689392089844,-0.002127319574356079,4.2793154705123015e-05,0.30887603759765625,-1.4379182656606038,0.12784767150878906
2022-01-15,101210.83479817708,296.6198088328044,-0.0027752071619033813,-2.4083703920041444e-08,-1.0313727060953777,-2.4124221801757812,0.12022463480631511
2022-01-16,101266.4326171875,297.74811999003094,-0.0026579592376947403,0.0,-1.3519872029622395,-1.7311325073242188,0.11293284098307292
2022-01-17,101471.111328125,298.09727732340497,-0.0022624842822551727,2.1401110643637367e-06,-0.6767164866129557,-1.9093389511108398,0.10734812418619792
2022-01-18,101386.05013020833,297.4203046162923,-0.0024916203692555428,1.2878651318715129e-06,0.3647790749867757,-2.8103720347086587,0.10317611694335938
2022-01-19,101244.28336588542,296.81689453125,-0.0024163350462913513,0.0,0.6818943023681641,-2.323130488395691,0.09982363382975261
2022-01-20,101106.70393880208,296.0412457784017,-0.0023614875972270966,4.410743663640915e-07,0.9335943857828776,-1.8762067159016926,0.09726460774739583
2022-01-21,101109.07828776042,296.0780080159505,-0.0015474027022719383,1.0625134848396556e-05,0.742852528889974,-0.7368278503417969,0.09554608662923177
2022-01-22,100938.53759765625,296.5000712076823,-0.0026793424040079117,0.0022605299949418622,3.234999974568685,-0.4098358154296875,0.10660680135091145
2022-01-23,101119.02652994792,293.9374631245931,-0.003300141543149948,9.362399578094482e-05,2.0360399881998696,-2.7101879119873047,0.11013158162434895
2022-01-24,101147.62451171875,293.1526590983073,-0.0034932829439640045,1.704692635939864e-06,0.11417194207509358,-3.2455228169759116,0.1054229736328125
2022-01-25,101105.24593098958,294.12072944641113,-0.0029128147289156914,8.52346317969932e-07,-0.025201916694641113,-3.5221391916275024,0.10100364685058594
2022-01-26,101108.29296875,295.3030312856038,-0.0026287557557225227,0.0,-0.3226594130198161,-3.294339895248413,0.09761301676432292
2022-01-27,101156.47770182292,296.48194885253906,-0.002496786415576935,2.5773711627152807e-06,-1.3460254669189453,-2.838874419530233,0.09490394592285156
2022-01-28,101267.52490234375,296.8709201812744,-0.0025814902037382126,4.0690828839728965e-07,-1.3448467254638672,-2.7059806187947593,0.09278678894042969
2022-01-29,101333.71695963542,296.56440925598145,-0.002340313047170639,1.2814998058274796e-06,-0.5503406524658203,-2.169577638308207,0.09116490681966145
2022-01-30,101175.021484375,295.79672686258954,-0.0019361302256584167,4.351138045421976e-07,0.44909922281901044,-2.070338567097982,0.0900281270345052
2022-01-31,101139.00862630208,295.3697859446208,-0.0022071991115808487,1.7285328794969246e-06,0.6857113838195801,-2.5374868313471475,0.08928426106770833
2022-02-01,101040.49918619792,295.79898325602215,-0.0022019390016794205,8.52346317969932e-07,0.801548441251119,-2.9747769037882485,0.08869489034016927
2022-02-02,101066.63981119792,295.720698038737,-0.0016925428062677383,0.0,1.2202911376953125,-1.9079672892888386,0.08817799886067708
2022-02-03,101023.84619140625,295.6256586710612,-0.0014211274683475494,4.304349421957454e-05,1.1808604796727498,0.7015539805094401,0.0879224141438802
2022-02-04,101025.7119140625,295.1661847432454,-0.0021227672696113586,4.5567750817099295e-06,0.30639902750651044,-0.3309270143508911,0.08782196044921875
2022-02-05,101082.26334635417,295.38395500183105,-0.0022465866059064865,8.52346317969932e-07,0.8155905405680338,-1.5781611601511638,0.08749898274739583
2022-02-06,101256.63020833333,295.81918716430664,-0.0020732861012220383,2.1526329874177463e-06,1.0452156066894531,-1.5465147495269775,0.08718935648600261
2022-02-07,101335.41617838542,295.0337880452474,-0.0020805280655622482,1.0818918667609978e-06,1.381551742553711,-2.0976479848225913,0.08697128295898438
2022-02-08,101262.57779947917,294.84022331237793,-0.0018623899668455124,4.351138613856165e-07,1.2081724802652996,-1.5049781799316406,0.08675130208333333
2022-02-09,101225.13916015625,295.68260129292804,-0.002133956179022789,7.424413524859119e-06,0.1892401377360026,-2.5040772755940757,0.08657391866048177
2022-02-10,101139.18717447917,297.7875836690267,-0.0027355700731277466,4.291536193079537e-07,-0.04866917928059896,-3.431617101033529,0.08641306559244792
2022-02-11,101091.61474609375,298.94598960876465,-0.0029290951788425446,0.0,-0.8413861592610677,-3.0492000579833984,0.08620389302571614
2022-02-12,101063.44449869792,298.0875949859619,-0.0023204050958156586,0.0,0.14853858947753906,-2.5318965117136636,0.08603223164876302
2022-02-13,100915.36686197917,297.26075553894043,-0.0020150570198893547,2.573267693151138e-06,1.0020128885904949,-2.165809710820516,0.08592987060546875
2022-02-14,100976.19124348958,297.1471118927002,-0.002457244321703911,2.570480319263879e-06,1.3365643819173176,-2.7557737827301025,0.08576011657714844
2022-02-15,100982.82633463542,296.4476941426595,-0.002043643966317177,8.634974619781133e-07,1.3812745412190754,-2.7049859364827475,0.08569717407226562
2022-02-16,100808.03857421875,296.12267812093097,-0.0018396871164441109,0.0,1.1577587127685547,-1.8505215644836426,0.08556365966796875
2022-02-17,100714.3681640625,296.6049868265788,-0.0017512217164039612,9.238719940185547e-07,1.1309763590494792,-1.2461929321289062,0.08545176188151042
2022-02-18,100875.02213541667,296.89809862772626,-0.001782495528459549,2.384185791015625e-07,1.1512393951416016,-0.5558081865310669,0.08539326985677083
2022-02-19,101053.26123046875,297.4906419118245,-0.001914309337735176,8.615441338122309e-07,1.1568717956542969,-1.86667795976003,0.08529599507649739
2022-02-20,100983.79150390625,298.04281489054364,-0.002665013074874878,4.351138045421976e-07,0.8687585194905599,-2.452824910481771,0.08510398864746094
2022-02-21,100931.57568359375,297.4267209370931,-0.0026752185076475143,0.0,1.1596171061197917,-2.623622258504232,0.08498191833496094
2022-02-22,101029.05159505208,297.5496578216553,-0.001971069723367691,1.724633477806492e-06,1.2608489990234375,-1.9116686979929607,0.08490498860677083
2022-02-23,101170.84342447917,297.7863032023112,-0.00198272243142128,8.70227722771233e-07,1.4586474100748699,-2.0582682689030967,0.08478482564290364
2022-02-24,101277.95133463542,298.7236557006836,-0.0023002028465270996,0.0,1.2302786509195964,-2.2878238757451377,0.08469772338867188
2022-02-25,101201.27311197917,298.16891288757324,-0.002455444075167179,8.52346317969932e-07,1.4738667805989583,-2.522791544596354,0.08463541666666667
2022-02-26,101219.99462890625,298.3393262227376,-0.0024693021550774574,4.351138045421976e-07,1.2418028513590496,-2.946985880533854,0.084503173828125
2022-02-27,101224.19303385417,298.59370676676434,-0.002426277846097946,8.52346317969932e-07,1.0590159098307292,-2.607508818308512,0.08443323771158855
2022-02-28,101191.10579427083,298.8668015797933,-0.0026269052177667618,8.702277796146518e-07,1.194923202196757,-2.9010950326919556,0.08437474568684895
2022-03-01,101150.5400390625,299.3490988413493,-0.0023068953305482864,0.0,1.158316930135091,-2.759302775065104,0.08431243896484375
2022-03-02,101063.29329427083,300.733824412028,-0.0024937978014349937,8.612870487922919e-07,0.6392173767089844,-2.842402776082357,0.0842425028483073
2022-03-03,101073.67594401042,301.697940826416,-0.0033166026696562767,1.7225727333425311e-06,0.5003039042154948,-4.292159795761108,0.0841687520345052
2022-03-04,101075.20882161458,301.1964054107666,-0.003203042782843113,1.2874602930423862e-06,0.5536289215087891,-4.047546188036601,0.08408927917480469
2022-03-05,100971.37825520833,300.49842007954913,-0.001969730481505394,1.7225742112714215e-06,0.971246083577474,-2.0111568371454873,0.08403396606445312
2022-03-06,100897.79410807292,300.54655774434406,-0.001985473558306694,4.288553100195713e-06,1.1693763732910156,-2.0977887312571206,0.08399454752604167
2022-03-07,100917.96451822917,300.9074249267578,-0.0018317652866244316,2.157688072657038e-06,1.112722396850586,-1.6471347014109294,0.08396657307942708
2022-03-08,100899.97005208333,301.81304359436035,-0.0023129843175411224,5.513429641723633e-07,-0.3043994903564453,-1.6442433595657349,0.08391189575195312
2022-03-09,100910.69596354167,301.6715558369954,-0.002234118990600109,0.00011608662163098415,-0.3743127187093099,-1.9994358619054158,0.08442179361979167
2022-03-10,100905.68863932292,301.25563049316406,-0.0023023271933197975,8.52346317969932e-07,0.466250737508138,-1.8864574432373047,0.08472887674967448
2022-03-11,100872.52555338542,300.9435869852702,-0.0022257911041378975,3.009438514567364e-05,0.3894112904866536,-1.3029898802439372,0.08476193745930989
2022-03-12,100860.14371744792,301.425682703654,-0.0023348303511738777,8.665701329846343e-07,0.29315364360809326,-0.8092445532480875,0.08477719624837239
2022-03-13,100887.98323567708,302.8412558237712,-0.003692915663123131,4.351138045421976e-07,-0.2996419270833333,-2.6096578439076743,0.08466084798177083
2022-03-14,100900.73372395833,302.6693522135417,-0.0030624009668827057,1.7256346040994686e-06,0.7051467895507812,-2.8054428100585938,0.0845489501953125
2022-03-15,100747.81608072917,303.1407012939453,-0.003072630614042282,0.0,1.1161816914876301,-3.1955905755360923,0.08446693420410156
2022-03-16,100625.63427734375,303.58115005493164,-0.0030619464814662933,4.351138045421976e-07,1.1799271901448567,-3.553133487701416,0.08438746134440105
2022-03-17,100575.01513671875,303.3819046020508,-0.0028787069022655487,8.612870487922919e-07,1.7902762095133464,-2.836740732192993,0.08430671691894531
2022-03-18,100537.05354817708,302.6025047302246,-0.002494499087333679,0.0,1.6690788269042969,-1.4786790211995442,0.08423932393391927
2022-03-19,100579.50569661458,300.97514788309735,-0.0019622575491666794,8.52346317969932e-07,2.006711761156718,0.3276107708613078,0.08408737182617188
2022-03-20,100678.46044921875,300.01384290059406,-0.0015289243310689926,3.010713953699451e-06,1.894969383875529,0.23966081937154135,0.08406448364257812
2022-03-21,100694.89404296875,301.41568120320636,-0.002547282725572586,8.603078072155768e-07,1.789205551147461,-2.095422546068827,0.08404350280761719
2022-03-22,100629.46468098958,303.28986740112305,-0.003637394867837429,4.351138045421976e-07,1.2794300317764282,-3.9842362801233926,0.08397738138834636
2022-03-23,100568.0009765625,303.8509585062663,-0.0033308109268546104,1.7195939108205494e-06,0.8733063141504923,-3.955308119455973,0.08390235900878906
2022-03-24,100661.33268229167,301.1625118255615,-0.001316126435995102,1.9934470856242115e-06,1.6186060508092244,0.6393370230992635,0.08384958902994792
2022-03-25,100828.99886067708,300.79013951619464,-0.0013978714123368263,2.564997828358173e-06,1.4233436584472656,0.7340420484542847,0.08381907145182292
2022-03-26,101001.42041015625,300.62064997355145,-0.0016919998452067375,0.0,1.8626391092936199,-0.09667078653971355,0.08376884460449219
2022-03-27,100998.90413411458,300.9468466440837,-0.00194597989320755,2.1338461806408304e-06,1.8009815216064453,-0.2161039113998413,0.08367220560709636
2022-03-28,100881.33756510417,301.60011863708496,-0.0019961996003985405,0.0,1.5212351481119792,-0.9556694030761719,0.08354123433430989
2022-03-29,100796.248046875,302.05539004007977,-0.0024451836943626404,8.583068797918258e-07,1.935447057088216,-0.9992538293202718,0.08347320556640625
2022-03-30,100784.24544270833,301.30617332458496,-0.0022182390093803406,0.0,1.580416997273763,-0.9157044092814127,0.08340835571289062
2022-03-31,100853.16569010417,299.87610816955566,-0.0022875964641571045,1.7434358596801758e-05,1.6846472422281902,-0.6058906316757202,0.0834515889485677
2022-04-01,100844.34261067708,299.84712473551434,-0.0023147836327552795,7.420072222430463e-06,1.6891460418701172,-0.3798540433247884,0.08337593078613281
2022-04-02,100950.74235026042,300.2606493631999,-0.0020489953458309174,3.0250805025389127e-06,1.8574377695719402,0.8991712729136149,0.08333778381347656
2022-04-03,100859.89925130208,300.8293259938558,-0.0021329857409000397,1.4036892821422953e-06,2.0940428177515664,-0.3359088897705078,0.08329327901204427
2022-04-04,100931.99723307292,301.2182261149089,-0.0018024472519755363,2.056358425761573e-06,1.9508895079294841,0.7625946998596191,0.08324241638183594
2022-04-05,101061.9453125,301.571875890096,-0.0019063269719481468,2.04145902671371e-06,1.8658746083577473,0.9839718341827393,0.08318710327148438
2022-04-06,101075.43245442708,301.4438196818034,-0.002144124358892441,6.797711137096485e-06,2.201746622721354,0.9829659859339396,0.08312098185221355
2022-04-07,100911.84407552083,301.4768943786621,-0.0020374171435832977,1.0988636240938376e-06,1.826724370320638,0.7185994784037272,0.08303387959798177
2022-04-08,100785.22900390625,301.9300422668457,-0.0022256560623645782,0.0,1.7030181884765625,2.0405274629592896,0.08273887634277344
2022-04-09,100762.25634765625,301.9105084737142,-0.0020055901259183884,1.8030405044555664e-06,1.7790196736653645,2.274964928627014,0.08266067504882812
2022-04-10,100767.14729817708,301.69345537821454,-0.002270687371492386,1.2233853340148926e-05,2.0372543334960938,1.089342991511027,0.08272361755371094
2022-04-11,100665.15690104167,301.6932665506999,-0.0021650344133377075,8.523463748133508e-07,1.7807389100392659,-0.04661377271016439,0.08267466227213542
2022-04-12,100541.47623697917,302.06155649820965,-0.0023486241698265076,1.956606297426333e-06,1.9065823157628377,-1.2856425444285076,0.0826098124186198
2022-04-13,100473.66585286458,302.3021405537923,-0.0023769354447722435,2.2351741790771484e-06,1.9744723240534465,-1.4627975225448608,0.08249918619791667
2022-04-14,100579.23128255208,302.14329719543457,-0.002086780034005642,3.0994415283203125e-06,2.415673851966858,1.0267456769943237,0.08243306477864583
2022-04-15,100646.31022135417,301.33602142333984,-0.0024864180013537407,1.748648202237746e-05,2.1387002070744834,0.838029146194458,0.08248837788899739
2022-04-16,100586.5068359375,300.69496218363446,-0.0022965949028730392,8.404254003835376e-07,2.084786812464396,0.6918239990870158,0.08243306477864583
2022-04-17,100703.82356770833,301.00038210550946,-0.002242090180516243,4.354119198524131e-06,1.9945335388183594,0.7544405857721964,0.08232879638671875
2022-04-18,100897.71598307292,301.29829533894855,-0.0021867817267775536,1.2099741866222757e-06,2.2240880330403647,-0.14721262454986572,0.0822156270345052
2022-04-19,100999.37418619792,301.58440653483075,-0.0020388979464769363,4.351138045421976e-07,2.302290916442871,-1.0518349806467693,0.0821685791015625
2022-04-20,100706.42724609375,302.8666820526123,-0.0023562125861644745,8.523463748133508e-07,1.8029747009277344,-2.7544518311818442,0.08212216695149739
2022-04-21,100536.61897786458,305.28406524658203,-0.0032756002619862556,2.0653114688684582e-05,1.098549524943034,-3.715102712313334,0.08217938741048177
2022-04-22,100604.87841796875,304.42519760131836,-0.0020531509071588516,8.597827978462647e-07,1.511068344116211,-1.387829581896464,0.08208084106445312
2022-04-23,100730.96761067708,303.53593254089355,-0.0018499847501516342,0.0004921436308791272,1.7996464967727661,1.6816880702972412,0.08439381917317708
2022-04-24,100713.2109375,302.9845447540283,-0.0019428543746471405,7.003546329542587e-07,1.3124783833821614,0.8487536112467448,0.08629735310872395
2022-04-25,100588.11067708333,303.9374529520671,-0.002932904288172722,4.351138045421976e-07,1.7109400431315105,-1.5181363423665364,0.0860443115234375
2022-04-26,100655.81917317708,303.26100667317706,-0.002596345730125904,2.5581157387932763e-06,1.8553326924641926,-0.7499577601750692,0.08583132425944011
2022-04-27,100522.4404296875,304.3182652791341,-0.00264687929302454,1.2874602930423862e-06,2.006006876627604,-2.279116670290629,0.08568064371744792
2022-04-28,100688.05517578125,303.9164244333903,-0.0019250661134719849,1.296401023864746e-06,1.9797643025716145,1.4096974929173787,0.08556493123372395
2022-04-29,100735.83382161458,303.00440470377606,-0.0020632389932870865,8.52346317969932e-07,2.013756434122721,0.2832145690917969,0.08548990885416667
2022-04-30,100619.18684895833,302.7284386952718,-0.0022032614797353745,2.893805401527061e-06,2.273095885912577,1.854320724805196,0.0854339599609375
2022-05-01,100548.29443359375,302.70660909016925,-0.002240944653749466,4.211366177742093e-05,2.418480555216471,1.6090375979741414,0.0854339599609375
2022-05-02,100564.45670572917,302.9160391489665,-0.0022694766521453857,4.6253204345703125e-05,2.6339747111002603,1.661251703898112,0.0857531229654948
2022-05-03,100661.25,302.83938725789386,-0.002283918671309948,9.965896606445312e-05,2.5660107930501304,0.10000415643056233,0.08632850646972656
2022-05-04,100769.87548828125,302.2523021697998,-0.002509406767785549,3.4894277451513744e-05,2.4433371225992837,-1.0407474438349407,0.08656819661458333
2022-05-05,100695.63362630208,302.21408526102704,-0.0025062337517738342,3.9917230537867e-05,2.213334401448568,-2.236709237098694,0.08641433715820312
2022-05-06,100654.99365234375,302.1889508565267,-0.0023267390206456184,4.64022159576416e-05,2.242529551188151,-1.963120977083842,0.08674430847167969
2022-05-07,100569.22802734375,302.81364186604816,-0.002123521640896797,6.854534149169922e-07,2.5756524403889975,-1.2685858408610027,0.08649253845214844
2022-05-08,100381.33772786458,303.101858774821,-0.0021422766149044037,3.096461284712859e-06,2.715173085530599,-1.7078899542490642,0.08630879720052083
2022-05-09,100324.19026692708,302.8594512939453,-0.0021964553743600845,3.1414627926551475e-05,3.5299765268961587,-1.4511871337890625,0.08628018697102864
2022-05-10,100302.43733723958,302.7338072458903,-0.002132571302354336,1.735389232138118e-05,3.43644650777181,-1.3957483768463135,0.0863494873046875
2022-05-11,100322.76432291667,303.0155092875163,-0.0022624218836426735,0.00024633407588225964,3.8032728830973306,1.0440189441045125,0.08671315511067708
2022-05-12,100401.26969401042,303.0265827178955,-0.0020920392125844955,0.00010608136653900146,4.102455774943034,1.6296041409174602,0.08851114908854167
2022-05-13,100363.24300130208,302.6776752471924,-0.001888170838356018,3.615319718619503e-05,3.2781880696614585,1.6316280364990234,0.08812586466471355
2022-05-14,100439.09098307292,302.61591148376465,-0.002189936116337776,0.00013150870790923364,3.3347269694010415,1.9544130961100261,0.0878003438313802
2022-05-15,100547.3515625,302.88203112284344,-0.002279730513691902,0.0002807408570788539,3.639455795288086,-0.23736993471781412,0.08910878499348958
2022-05-16,100415.49397786458,303.01513226826984,-0.0021924488246440887,0.00010692477218299246,2.950018564860026,-0.6788327296574911,0.08910306294759114
2022-05-17,100367.244140625,302.6871566772461,-0.0022432971745729446,0.00010123848915100098,3.094780604044596,0.02743212381998698,0.08884620666503906
2022-05-18,100394.59537760417,302.28915723164874,-0.002375529147684574,0.00010228455056449093,2.719731648763021,-0.9686874151229858,0.08837954203287761
2022-05-19,100458.47249348958,302.6018263498942,-0.002452496439218521,0.00010757148265838623,3.4239184061686196,0.21947534879048666,0.0880279541015625
2022-05-20,100556.53190104167,302.76719347635907,-0.002485906705260277,0.00011208653450012207,3.8327725728352866,2.007790486017863,0.08862368265787761
2022-05-21,100484.14615885417,303.07800102233887,-0.0025704950094223022,0.0005044162272724861,4.528796513875325,2.6444677114486694,0.08884811401367188
2022-05-22,100325.44319661458,303.09033966064453,-0.0024879593402147293,0.0006853073834349743,4.941200892130534,2.27806548277537,0.09347979227701823
2022-05-23,100280.26416015625,303.1873658498128,-0.002322673797607422,0.0005847364663509325,4.6802419026692705,2.3184614976247153,0.09553273518880208
2022-05-24,100599.3779296875,302.98218727111816,-0.0024791965261101723,0.0015886187548517228,4.135365804036458,0.9386870463689169,0.09929656982421875
2022-05-25,100747.11181640625,302.6249059041341,-0.0029955776408314705,0.0006404101847579113,3.5100809733072915,-0.15680432319641113,0.10560035705566406
2022-05-26,100734.96598307292,302.7830893198649,-0.0029882360249757767,0.00015812516211966,3.9489123026529946,0.7633112271626791,0.10308265686035156
2022-05-27,100686.08089192708,303.08197021484375,-0.003129224292933941,0.00093039870262146,4.392934799194336,1.734235366185506,0.10277748107910156
2022-05-28,100626.63590494792,303.18809763590497,-0.002847268246114254,0.00040293037881156124,4.555798212687175,2.0580711364746094,0.10022544860839844
2022-05-29,100612.11458333333,303.0224831899007,-0.002476445399224758,0.0003450146805903387,4.411321640014648,1.2014861901601155,0.0993499755859375
2022-05-30,100576.88883463542,302.9830156962077,-0.00229756161570549,8.275807107338551e-05,4.1450990041097,0.4417622884114583,0.09667332967122395
2022-05-31,100518.19612630208,302.8194770812988,-0.0024921000003814697,0.00018158154853153974,3.8595555623372397,-0.03831831614176432,0.09448496500651042
2022-06-01,100537.40218098958,302.70544815063477,-0.0024342481046915054,7.651746273040771e-05,3.644249598185221,-0.5356380939483643,0.09254137674967448
2022-06-02,100551.07405598958,302.36521975199383,-0.0021297037601470947,0.0005117297172496649,3.5441646575927734,-0.5898116032282511,0.09321403503417969
2022-06-03,100510.36751302083,302.8369948069255,-0.002349618822336197,8.259117602804622e-05,3.7430197397867837,-0.7140423456827799,0.09244219462076823
2022-06-04,100467.86881510417,302.8058802286784,-0.0021925317123532295,0.00017012560749662953,3.5054346720377603,-0.6063822110493978,0.09095509847005208
2022-06-05,100482.11653645833,302.8133316040039,-0.002347358502447605,0.00021735131736022595,3.0050837198893228,0.3371849060058594,0.09170277913411458
2022-06-06,100521.71061197917,302.8912754058838,-0.0020933691412210464,3.0726193358532328e-06,2.4609832763671875,1.3790569305419922,0.08998298645019531
2022-06-07,100536.35807291667,302.94373003641766,-0.0019027162343263626,0.0016856074332167736,2.6264254252115884,2.291421969731649,0.09115537007649739
2022-06-08,100490.51969401042,302.4615395863851,-0.0035514654591679573,0.003760236501648251,3.055535634358724,1.5177473624547322,0.12201182047526042
2022-06-09,100383.67268880208,302.14248339335126,-0.0035029472783207893,0.008620081399840274,2.2044893900553384,2.3251001437505088,0.15481694539388022
2022-06-10,100400.42464192708,301.4859784444173,-0.0046992432326078415,0.013841955710290677,1.4380900065104167,3.798553466796875,0.2461706797281901
2022-06-11,100471.6318359375,300.0360577901204,-0.004400013014674187,0.03197006492416676,1.2580795288085938,4.8510487874348955,0.3422749837239583
2022-06-12,100506.365234375,299.64632987976074,-0.003541402518749237,0.03312497436934336,0.4935658772786458,5.047301610310872,0.36292584737141925
2022-06-13,100605.80631510417,300.6117337544759,-0.00466593261808157,0.007505559921259675,1.0319169362386067,5.421135266621907,0.3456122080485026
2022-06-14,100569.57503255208,301.39033762613934,-0.005207763984799385,0.003719946741966851,1.8132445017496746,5.06342073281606,0.3244775136311849
2022-06-15,100523.69954427083,301.01480356852215,-0.004563832655549049,0.005430403351738278,1.9027798970540364,3.485312064488729,0.32013575236002606
2022-06-16,100496.59928385417,300.79578971862793,-0.00504996906965971,0.005576461553573608,1.851340611775716,4.062920173009236,0.3193963368733724
2022-06-17,100420.17057291667,301.2378037770589,-0.004665466025471687,0.00716791152950691,1.5545851389567058,4.0361281633377075,0.31935564676920575
2022-06-18,100472.56689453125,300.7896200815837,-0.004873668774962425,0.008993385135795506,1.5373204549153645,4.654903570810954,0.33189137776692706
2022-06-19,100498.52132161458,300.0347277323405,-0.004613833501935005,0.030794462986591498,2.2375500996907554,4.299260377883911,0.36533355712890625
2022-06-20,100368.40608723958,299.21080589294434,-0.0024569109082221985,0.050698742270469666,3.154239018758138,3.049146294593811,0.3889535268147786
2022-06-21,100192.67171223958,299.5693531036377,-0.003376394510269165,0.02078796923160553,2.0966370900472007,3.989551385243734,0.3734111785888672
2022-06-22,100365.05647786458,299.6505552927653,-0.0035394420847296715,0.03643705844878653,0.6616872151692709,2.89404296875,0.377224604288737
2022-06-23,100413.59488932292,299.853058497111,-0.0032249679788947105,0.0229839622974346,-0.3727715810139974,1.7409457763036091,0.3761761983235677
2022-06-24,100181.439453125,300.32056554158527,-0.0037549007683992386,0.009803373349086542,-1.9860827128092449,3.715763250986735,0.3617401123046875
2022-06-25,99878.30338541667,300.97862879435223,-0.0054710302501916885,0.003546825051273572,-3.0652879079182944,5.388520956039429,0.3466593424479167
2022-06-26,100012.6162109375,300.4685064951579,-0.004989178851246834,0.007567748427277365,-1.5257288614908855,6.69772203763326,0.33766810099283856
2022-06-27,100303.00016276042,299.7417755126953,-0.0042796265333890915,0.02316094338893393,1.8015848795572917,5.695128679275513,0.37064234415690106
2022-06-28,100378.24951171875,299.8646430969238,-0.0033346470445394516,0.015421840548469845,1.9333621263504028,4.488414128621419,0.3652566274007161
2022-06-29,100248.87109375,300.02952575683594,-0.00420336052775383,0.014201885461716302,2.652904510498047,3.3788825273513794,0.3671277364095052
2022-06-30,100263.20247395833,299.97838083902997,-0.004433100111782551,0.02049463987350464,3.2267818450927734,3.3274123271306357,0.3745307922363281
2022-07-01,100322.00374348958,299.0680815378825,-0.0026643555611371994,0.03154828436771595,3.917475382486979,3.208561420440674,0.38381067911783856
2022-07-02,100167.56298828125,299.5176467895508,-0.004041899926960468,0.013713836669921875,3.8801918029785156,3.775516629219055,0.36824289957682294
2022-07-03,100192.51904296875,299.49366505940753,-0.004302851855754852,0.013587075471775734,3.5369764963785806,4.238789876302083,0.37078285217285156
2022-07-04,100100.77425130208,299.8012530008952,-0.004362471401691437,0.031713747978205475,4.450893402099609,3.3527700106302896,0.37860870361328125
2022-07-05,100003.63199869792,299.41558901468915,-0.003644518554210663,0.05380528221684244,5.891703287760417,2.5881271362304688,0.39223162333170575
2022-07-06,100231.99202473958,299.22554715474445,-0.003151153214275837,0.055058377981083595,4.5874911944071455,4.368478298187256,0.38959503173828125
2022-07-07,100486.82080078125,299.68291028340656,-0.003257635049521923,0.0532429024642056,6.190646847089131,1.780379335085551,0.38944053649902344
2022-07-08,100379.74934895833,299.3348782857259,-0.0031115487217903137,0.026878066367409303,6.129507064819336,1.0853242079416912,0.37989362080891925
2022-07-09,100267.53483072917,299.1835397084554,-0.0033676186576485634,0.03542254974956904,6.814490000406901,1.1422317425409954,0.3859100341796875
2022-07-10,100387.65804036458,299.26582463582355,-0.0034668250009417534,0.028352920397253456,6.623752593994141,0.9519126812616984,0.37970606486002606
2022-07-11,100501.0849609375,298.6646436055501,-0.003012671135365963,0.06993336975574493,7.205816308657329,0.04474341869354248,0.3982950846354167
2022-07-12,100434.14306640625,298.76236724853516,-0.0025600455701351166,0.045799210667553325,6.430909474690755,0.6202723185221354,0.3892993927001953
2022-07-13,100070.81949869792,298.9409376780192,-0.002513192594051361,0.08927098249154142,7.748769760131836,1.8327936331431072,0.4014447530110677
2022-07-14,99812.27962239583,299.0312557220459,-0.003545669838786125,0.06384823620319224,7.165719985961914,5.813998381296794,0.3896198272705078
2022-07-15,99929.7119140625,299.37469418843585,-0.0036997292190790176,0.02804411203640811,6.058814366658528,5.563608805338542,0.3787364959716797
2022-07-16,100072.64990234375,299.65642166137695,-0.004542768932878971,0.01813960671421455,5.85140597820282,5.312941074371338,0.3724110921223958
2022-07-17,100371.17122395833,299.62288602193195,-0.0045369938015937805,0.009685078263260039,4.74521275361379,3.2821441094080606,0.36130650838216144
2022-07-18,100448.13216145833,298.8531888326009,-0.003149735741317272,0.02095179259777069,3.937764803568522,2.671955386797587,0.3724721272786458
2022-07-19,100518.8232421875,299.0670286814372,-0.0027094976976513863,0.011775463819390097,3.9639371236165366,2.1601409912109375,0.36555735270182294
2022-07-20,100589.2255859375,299.77163251241046,-0.003999477252364159,0.00775815867706342,3.974557876586914,2.0883461634318032,0.3531074523925781
2022-07-21,100642.20914713542,299.7043107350667,-0.004013930447399616,0.006959007945567919,3.4492314656575522,1.6878831386566162,0.34877459208170575
2022-07-22,100628.68229166667,300.15687370300293,-0.0042771827429533005,0.0060357510534458925,3.3597582976023355,1.6437345345815022,0.3433125813802083
2022-07-23,100488.09537760417,298.82969093322754,-0.0031202295795083046,0.042145340983154256,4.239464441935222,1.5713889996210735,0.3749217987060547
2022-07-24,100453.58821614583,298.5826867421468,-0.0022414950653910637,0.03810064762581078,3.8477560679117837,2.7431475718816123,0.3867944081624349
2022-07-25,100622.9306640625,299.3348032633464,-0.0035839062184095383,0.008467623591421614,2.7557621002197266,3.2047146956125894,0.36074384053548175
2022-07-26,100728.7978515625,299.6128724416097,-0.0032852953299880028,0.005576097800201296,2.1247730255126953,2.1845525105794272,0.35248438517252606
2022-07-27,100750.27685546875,299.4207407633464,-0.0031455066055059433,0.006975495815254362,1.3221079508463542,1.2960224151611328,0.3509966532389323
2022-07-28,100812.53108723958,300.36054102579754,-0.0039545390754938126,0.002521044015679763,1.3650398254394531,-0.26289133230845135,0.33893903096516925
2022-07-29,100741.83024088542,300.6355323791504,-0.0038855355232954025,0.0022023379788151942,1.3575897216796875,-1.4173600276311238,0.3267809549967448
2022-07-30,100626.7451171875,300.8319435119629,-0.004404107108712196,0.0013815140285373673,2.213036855061849,-0.5272103150685629,0.3128763834635417
2022-07-31,100491.80908203125,300.8172257741292,-0.004919806495308876,0.0021315306425044867,2.5681050618489585,-0.012292226155598959,0.3053334554036458
2022-08-01,100502.6689453125,300.72281138102215,-0.004751913249492645,0.0027220457068892756,2.650651295979818,0.08918885389963786,0.3048235575358073
2022-08-02,100397.2666015625,300.4667212168376,-0.004422330297529697,0.004212960600796123,2.608266830444336,-0.32250181833902997,0.30739784240722656
2022-08-03,100323.32633463542,300.2974961598714,-0.004116415977478027,0.005120524764056,1.957934061686198,0.44313812255859375,0.3173675537109375
2022-08-04,100213.63948567708,299.88793754577637,-0.003730256110429764,0.019187439494317005,1.654879887898763,1.184674580891927,0.3488922119140625
2022-08-05,100051.94498697917,299.08777236938477,-0.002169395796954632,0.051842650771106946,1.9149449666341145,1.2883492310841878,0.3834756215413411
2022-08-06,99948.07047526042,299.5694287618001,-0.0034709665924310684,0.019557094573940503,2.3083022832870483,2.9088502327601113,0.3744424184163411
2022-08-07,99914.48616536458,299.62300936381024,-0.0037019774317741394,0.05928564380582202,3.20213254292806,2.355065623919169,0.3881676991780599
2022-08-08,99743.791015625,299.487024307251,-0.0038997260853648186,0.07701101899147034,5.630688349405925,5.668066024780273,0.39437230428059894
2022-08-09,99715.70182291667,299.70331891377765,-0.0054759494960308075,0.017008556948212572,6.698383331298828,6.7723052104314165,0.368710199991862
2022-08-10,99629.24153645833,299.5353895823161,-0.005632011219859123,0.029436925053591523,6.898431777954102,7.134530941645305,0.37299346923828125
2022-08-11,99851.82877604167,299.5248165130615,-0.005273953080177307,0.025758171081537995,7.664832433064778,7.211796323458354,0.37966473897298175
2022-08-12,100225.02180989583,299.6572634379069,-0.005725337192416191,0.01654205719564672,7.02259635925293,6.697488943735759,0.3689950307210286
2022-08-13,100389.63541666667,299.8750464121501,-0.005327949300408363,0.011933558074776585,6.181973139444987,4.657806833585103,0.36246808369954425
2022-08-14,100532.67692057292,299.8524595896403,-0.005886921659111977,0.017210435867241358,6.614291508992513,3.713725527127584,0.36080678304036456
2022-08-15,100530.17659505208,298.79320335388184,-0.003467891365289688,0.05337789317885111,5.8849131266276045,3.204394062360128,0.3906847635904948
2022-08-16,100484.75,298.6965497334798,-0.003427710384130478,0.029638206958679802,6.216188430786133,5.030537883440654,0.38278452555338544
2022-08-17,100611.40983072917,298.9589900970459,-0.004687080159783363,0.02101685106754303,5.2184804280598955,5.310607989629109,0.37609100341796875
2022-08-18,100643.28092447917,299.46071434020996,-0.004560044035315514,0.015906172990696632,4.616129557291667,3.659366329511007,0.37044715881347656
2022-08-19,100687.46077473958,299.04756863911945,-0.003976771607995033,0.015366388533948339,4.179243723551433,2.778529087702433,0.3682657877604167
2022-08-20,100630.14029947917,299.3709144592285,-0.004312707111239433,0.008752247691120374,4.639160792032878,1.656634251276652,0.3607584635416667
2022-08-21,100530.02799479167,299.62513669331867,-0.00456901453435421,0.004909570036545574,5.133546829223633,1.3361851771672566,0.34757741292317706
2022-08-22,100409.40478515625,299.465674718221,-0.004740452393889427,0.006792086362850114,5.939975738525391,1.2971359491348267,0.34640057881673175
2022-08-23,100485.41829427083,299.31333859761554,-0.004797306843101978,0.007142844796078407,5.5720876057942705,3.1119463046391806,0.348171869913737
2022-08-24,100696.76188151042,298.8928578694661,-0.00406686682254076,0.007418844103767697,3.828313191731771,3.1194916566212973,0.3507531483968099
2022-08-25,100675.04768880208,298.9525369008382,-0.003735009580850601,0.004304969310755524,1.879264195760091,2.6266119480133057,0.3434899648030599
2022-08-26,100689.70458984375,299.3972161610921,-0.004306227900087833,0.0022270679473876953,2.149742762247721,1.113901138305664,0.3295084635416667
2022-08-27,100698.37858072917,299.5876013437907,-0.004513655789196491,0.001963898539543152,2.3166834513346353,0.6047829389572144,0.31760279337565106
2022-08-28,100662.3330078125,299.5567372639974,-0.004273338243365288,0.0021118015050838324,2.2588609059651694,-0.29343382517496747,0.31024169921875
2022-08-29,100796.34586588542,299.8145338694255,-0.004167966544628143,0.000967070460319519,1.2905998229980469,-0.8681066433588663,0.2998879750569661
2022-08-30,100775.44514973958,300.56517664591473,-0.004208428785204887,0.0004735171793868176,1.4311307271321614,-1.8624626000722249,0.28755633036295575
2022-08-31,100614.59488932292,300.7607847849528,-0.004073292016983032,0.009310543289263506,0.9706306060155233,-1.4817623694737752,0.2905985514322917
2022-09-01,100582.650390625,300.0863577524821,-0.0038219448179006577,0.013972905278194503,0.6990724802017212,-1.0237986246744792,0.3476734161376953
2022-09-02,100629.37076822917,300.8079376220703,-0.004566177725791931,0.0035372125252592923,0.4085394541422526,-0.13090252876281738,0.3356761932373047
2022-09-03,100645.87255859375,300.76114018758136,-0.004642849788069725,0.004746171832039181,1.6002235412597656,2.3897254864374795,0.32817649841308594
2022-09-04,100654.52880859375,300.3822027842204,-0.003663433715701103,0.005469487899006253,1.9237726926803589,0.57624351978302,0.3380247751871745
2022-09-05,100657.01204427083,300.46782811482746,-0.0040762899443507195,0.00599243098503166,2.1683802207310996,-0.41482897599538165,0.33629798889160156
2022-09-06,100604.06087239583,300.37763023376465,-0.003864152356982231,0.006873092455180085,1.175397237141927,-1.0163167317708333,0.3374945322672526
2022-09-07,100557.78238932292,300.67749786376953,-0.004438195377588272,0.011131047776547831,0.8922748565673828,-1.7896995544433594,0.342007319132487
2022-09-08,100396.84635416667,300.0614178975423,-0.003727821633219719,0.02321901225190004,0.29990514119466144,-0.8254237174987793,0.3707262674967448
2022-09-09,100327.65852864583,300.49548784891766,-0.004375535994768143,0.008161905407860104,-0.4077033996582031,2.1406902074813843,0.3540337880452474
2022-09-10,100296.95263671875,300.2699279785156,-0.004191490821540356,0.008890667557714949,-0.48807652791341144,2.1363735596338906,0.34858131408691406
2022-09-11,100070.3251953125,300.34973398844403,-0.0034061260521411896,0.012213941130926997,0.6082655588785807,-0.15341695149739584,0.3546428680419922
2022-09-12,100005.39176432292,299.63977940877277,-0.0031959423795342445,0.020132482051849365,1.9879512786865234,1.5143744150797527,0.37198638916015625
2022-09-13,100265.89013671875,299.29275703430176,-0.003107563592493534,0.040123105049019614,4.306052525838216,2.4932226737340293,0.3840802510579427
2022-09-14,100504.6259765625,299.3951473236084,-0.004890077747404575,0.023443061113255226,4.712104161580403,5.700974782307942,0.37713877360026044
2022-09-15,100616.79850260417,299.3491802215576,-0.004325864836573601,0.0482164451853464,5.804108301798503,4.442019780476888,0.38778241475423175
2022-09-16,100520.35725911458,298.7259712219238,-0.002618832513689995,0.058566969456478546,4.420127868652344,2.6526293754577637,0.3947245279947917
2022-09-17,100631.09163411458,298.6964403788249,-0.003775034099817276,0.016232798449777874,2.7287069956461587,3.5178139209747314,0.36807823181152344
2022-09-18,100777.76969401042,298.676575978597,-0.003241065889596939,0.014005416631693635,2.334954579671224,1.421597162882487,0.3673909505208333
2022-09-19,100817.68994140625,298.621639251709,-0.0026872456073760986,0.0036431018734219833,1.7312997182210286,1.7379206418991089,0.34776560465494794
2022-09-20,100756.77408854167,298.71367899576825,-0.0016531404107809067,0.004876807332038879,1.4280344645182292,0.5199488401412964,0.34488487243652344
2022-09-21,100770.37679036458,298.6276683807373,-0.001637795940041542,0.007558077573776245,1.602500279744466,0.6499511003494263,0.3497314453125
2022-09-22,100810.83854166667,298.7524897257487,-0.00202045775949955,0.004090133309262001,1.722389856974284,2.1518528858820596,0.3421897888183594
2022-09-23,100794.09293619792,298.67528978983563,-0.00379050150513649,0.004631098759148244,1.8235638936360676,3.8622734546661377,0.3346900939941406
2022-09-24,100740.42643229167,298.42961565653485,-0.003491882234811783,0.0074900265167343605,2.013820012410482,2.797372817993164,0.34451738993326825
2022-09-25,100769.83512369792,298.87189928690594,-0.0037238970398902893,0.003214854001896583,1.3960094451904297,1.4778982798258464,0.3378092447916667
2022-09-26,100905.09456380208,299.20903460184735,-0.003652729094028473,0.002066001295929709,1.2953255971272786,0.15672735373179117,0.3265005747477214
2022-09-27,100763.1318359375,299.3280378977458,-0.0036621466279029846,0.0011146754026363226,0.8205108642578125,0.010994593302408854,0.3151257832845052
2022-09-28,100657.19856770833,299.29539489746094,-0.003143688663840294,0.0030243575572335146,0.5177129109700521,-0.23753472169240317,0.3134269714355469
2022-09-29,100685.90787760417,299.38208198547363,-0.0035256613045930862,0.008060577511685096,1.2459831237792969,-0.8907972971598307,0.33493296305338544
2022-09-30,100742.22265625,299.74659665425617,-0.003882918506860733,0.0074462443590164185,1.3235416412353516,-1.3319629033406575,0.3407478332519531
2022-10-01,100782.65885416667,299.6160316467285,-0.0035360390320420265,0.0027898460626261112,1.5719979604085286,-0.5150494972864786,0.33554331461588544
2022-10-02,100793.20930989583,299.7126890818278,-0.003995468840003014,0.001337289810180664,1.7136497497558594,-0.939051071802775,0.31597455342610675
2022-10-03,100836.78190104167,300.1771418253581,-0.004811772145330906,0.0009424924849668059,1.3062884012858074,-2.1311683654785156,0.30430030822753906
2022-10-04,100798.60758463542,300.5871162414551,-0.004811961203813553,0.0006454719755879523,1.1503931681315105,-2.7740866343180337,0.2874940236409505
2022-10-05,100654.57242838542,300.65491612752277,-0.0036409739404916763,0.001855747535273622,1.3470935821533203,-1.976253867149353,0.28467051188151044
2022-10-06,100507.18050130208,300.37057240804035,-0.004553474485874176,0.015880622609209638,2.8110764821370444,-2.3111358483632407,0.3158098856608073
2022-10-07,100406.2587890625,298.6305643717448,-0.0029608700424432755,0.04964204132556915,3.8306541442871094,-1.2121347188949585,0.3808816274007161
2022-10-08,100678.3154296875,299.28594907124835,-0.002788599580526352,0.020331308245658875,2.692108154296875,2.708829323450724,0.36710039774576825
2022-10-09,100836.41080729167,299.883487701416,-0.003996802493929863,0.0006943076847960583,0.8762998183568319,2.3970724741617837,0.3299115498860677
2022-10-10,100889.79166666667,300.19724464416504,-0.0038724876940250397,0.0010979712008634124,0.6030978361765543,-0.015793323516845703,0.31274668375651044
2022-10-11,100789.36295572917,299.9228394826253,-0.0035345563665032387,0.004955291748046875,0.2502663930257161,0.43909438451131183,0.3213278452555339
2022-10-12,100858.02132161458,299.4636713663737,-0.0033859824761748314,0.015423530340189728,0.04871559143066406,-0.4680009682973226,0.35744349161783856
2022-10-13,100830.48942057292,300.14726066589355,-0.003762875683605671,0.008397981524410625,-0.4709154764811198,0.07006704807281494,0.3510723114013672
2022-10-14,100785.05143229167,300.61758550008136,-0.002907584421336651,0.000681617856020722,-0.9517663319905599,-0.6109798749287924,0.3327859242757161
2022-10-15,100711.8486328125,301.2092634836833,-0.005861638113856316,4.1830393726627335e-07,-0.6516424814860026,-2.2880965868631997,0.30940691630045575
2022-10-16,100877.10498046875,301.5540402730306,-0.005969446152448654,0.00012521186630465309,-0.9106038411458334,-1.5621869166692097,0.28992652893066406
2022-10-17,100995.60709635417,300.13019434611004,-0.004037011414766312,0.014133402705169829,-0.664679209391276,0.9658330281575521,0.32368914286295575
2022-10-18,100992.40901692708,299.18953132629395,-0.003327387385070324,0.009225490689232174,0.07349586486816406,2.277578353881836,0.35254542032877606
2022-10-19,100960.00309244792,299.69546127319336,-0.003899732604622841,0.0025489836930887577,-0.34607330958048504,0.620576540629069,0.3350900014241536
2022-10-20,101020.2783203125,300.1887143452962,-0.003910425119102001,0.0009862687787176583,-0.2435461680094401,-0.6901944875717163,0.3201243082682292
2022-10-21,101137.74039713542,300.8416112263997,-0.0045691486448049545,0.0011964142322540283,-1.1648343404134114,-0.6052939494450887,0.3062426249186198
2022-10-22,101224.9384765625,300.42285283406574,-0.00470281857997179,0.0003968775272369385,-1.0438588460286458,-0.7729464371999105,0.2941125233968099
2022-10-23,101162.48079427083,300.023094813029,-0.006112082861363888,4.261732051702438e-07,-0.6169134775797526,-2.082150379816691,0.277557373046875
2022-10-24,100974.58154296875,299.3381996154785,-0.005198769271373749,0.0,0.09168243408203125,-0.9619251489639282,0.26242319742838544
2022-10-25,101069.44352213542,298.74303817749023,-0.0046906303614377975,1.7284671116613026e-06,0.3529675801595052,-1.137285590171814,0.2501360575358073
2022-10-26,101184.45296223958,299.10916328430176,-0.005270320922136307,2.384185791015625e-07,-0.028219223022460938,-2.3093905448913574,0.23816299438476562
2022-10-27,101138.94108072917,299.36543464660645,-0.004916134290397167,8.561632398595975e-07,-0.3819224039713542,-1.5197444359461467,0.22576522827148438
2022-10-28,101066.68619791667,299.275915145874,-0.005050454288721085,8.52346317969932e-07,-1.0351250966389973,-1.4409539699554443,0.21351496378580728
2022-10-29,101061.57275390625,299.4393316904704,-0.005186719819903374,1.2784129808096623e-06,-1.4131522973378499,-1.4522335926691692,0.20150311787923178
2022-10-30,101099.49202473958,299.3581714630127,-0.0051402747631073,8.583068051848386e-07,-0.8556925455729166,-2.014038403828939,0.18959617614746094
2022-10-31,101052.5087890625,299.3783531188965,-0.004805494099855423,8.583068797918258e-07,-0.8564764658610026,-1.8560484250386555,0.1783727010091146
2022-11-01,101133.10611979167,299.14646021525067,-0.004918377846479416,1.2814998058274796e-06,-1.354958216349284,-1.7866045633951824,0.16759427388509116
2022-11-02,101044.31689453125,299.11251703898114,-0.004355099052190781,8.70227722771233e-07,-0.4637020428975423,-2.066605051358541,0.15831375122070312
2022-11-03,101028.73323567708,299.48626136779785,-0.004460728727281094,8.583068797918258e-07,-1.2211021184921265,-1.905763069788615,0.14968172709147134
2022-11-04,101117.74104817708,299.24034309387207,-0.0043191248551011086,1.7285346416429093e-06,-0.9593793153762817,-1.969553828239441,0.14185206095377603
2022-11-05,101242.42073567708,299.40233421325684,-0.004243532195687294,8.516956881976512e-07,-0.8158770799636841,-1.6577001810073853,0.13466771443684897
2022-11-06,101248.88118489583,299.4659989674886,-0.003858957439661026,8.542835416847083e-07,-0.5296673774719238,-1.3305676380793254,0.1284631093343099
2022-11-07,101197.75130208333,298.5732885996501,-0.0036144526675343513,4.351138045421976e-07,-0.26138703028361004,-1.195929765701294,0.12353006998697917
2022-11-08,101174.62923177083,299.16629791259766,-0.0037112338468432426,4.351138045421976e-07,0.005679965019226074,-2.0162975788116455,0.11936314900716145
2022-11-09,101159.27620442708,299.52379671732587,-0.00356440432369709,8.562217885810242e-07,0.3042157491048177,-2.1379143397013345,0.1154645284016927
2022-11-10,101197.67692057292,299.54514567057294,-0.0038839634507894516,0.0,-0.6070219675699869,-2.1064640283584595,0.11191813151041667
2022-11-11,101208.26953125,299.73794809977215,-0.0042350273579359055,4.351138613856165e-07,-1.3681583404541016,-2.639262318611145,0.1084276835123698
2022-11-12,101170.556640625,299.8092784881592,-0.0039836205542087555,2.5689600988698658e-06,-1.1867733001708984,-2.774903972943624,0.10527610778808594
2022-11-13,101079.04850260417,299.6184018452962,-0.0036172494292259216,4.351138045421976e-07,-0.8197402954101562,-2.0988805294036865,0.10264205932617188
2022-11-14,101132.359375,299.5188274383545,-0.0029872432351112366,8.52346317969932e-07,-0.08110491434733073,-1.2805989980697632,0.10068384806315105
2022-11-15,101134.44889322917,299.48788515726727,-0.0030659744516015053,0.0,0.07011477152506511,-2.4049459298451743,0.09922154744466145
2022-11-16,101099.82405598958,299.65993881225586,-0.003508317284286022,2.1536690724133223e-06,-0.013678630193074545,-2.5190295378367105,0.09783554077148438
2022-11-17,101082.47379557292,299.4610513051351,-0.003916256129741669,0.0,-0.6182632446289062,-2.746375322341919,0.09643809000651042
2022-11-18,101118.00764973958,298.8889897664388,-0.003779199905693531,8.583068797918258e-07,-0.7931807438532511,-2.6535110473632812,0.0951245625813802
2022-11-19,101084.2880859375,298.49003410339355,-0.0035180924460291862,4.351138080949113e-07,-0.9721088409423828,-2.127110163370768,0.09399922688802083
2022-11-20,100987.07373046875,297.8434918721517,-0.003631005994975567,0.0,-1.2711143493652344,-2.15771492322286,0.09306017557779948
2022-11-21,101014.11311848958,297.2207387288411,-0.0031937817111611366,4.351138045421976e-07,-0.5785967508951823,-2.1420048077901206,0.09221839904785156
2022-11-22,101002.07568359375,298.19612820943195,-0.00291283056139946,0.0,-0.24515342712402344,-2.5755211114883423,0.09154828389485677
2022-11-23,101008.51025390625,298.93103472391766,-0.0027619078755378723,1.716613667213096e-06,0.09143257141113281,-2.4211319287618003,0.09087181091308594
2022-11-24,100970.43994140625,299.00796445210773,-0.002535741776227951,0.0,0.19212007522583008,-2.1750325361887612,0.09030787150065105
2022-11-25,101007.49088541667,299.5868892669678,-0.002156139351427555,1.7097644331443007e-06,0.18077619870503744,-1.6123088598251343,0.08986155192057292
2022-11-26,100878.87646484375,299.9148654937744,-0.0019333362579345703,9.153552582574775e-09,0.5909269650777181,-0.814965565999349,0.08953285217285156
2022-11-27,100750.40445963542,299.214168548584,-0.0023639313876628876,4.351138045421976e-07,0.7273216247558594,-1.3254754543304443,0.08923021952311198
2022-11-28,100898.13997395833,297.943510055542,-0.002945356070995331,4.410743663640915e-07,0.940999706586202,-2.2818965911865234,0.08894093831380208
2022-11-29,100962.36848958333,297.9099871317546,-0.0025344565510749817,8.614646844762319e-07,0.7751431465148926,-2.0407803058624268,0.08871014912923177
2022-11-30,101017.82877604167,298.9738852183024,-0.002360430546104908,4.351138045421976e-07,-0.20606104532877603,-1.48297119140625,0.08840624491373698
2022-12-01,100997.7841796875,298.6020202636719,-0.0026682615280151367,8.591829896431591e-07,-0.36426734924316406,-1.0884329477945964,0.08811759948730469
2022-12-02,100957.28059895833,298.50379371643066,-0.0026020854711532593,8.583068833445395e-07,-0.19767061869303384,-1.8158125480016072,0.0878143310546875
2022-12-03,100974.3544921875,299.117862701416,-0.0025443658232688904,0.0,0.4445801575978597,-2.5029951333999634,0.08758354187011719
2022-12-04,101042.48486328125,299.65802510579425,-0.001908985897898674,0.0,0.39497260252634686,-1.897491216659546,0.0873883565266927
2022-12-05,101118.23111979167,300.27213795979816,-0.0019450560212135315,2.3400783465632458e-05,0.06169585386912028,-2.376230557759603,0.08738772074381511
2022-12-06,101060.08772786458,300.3712781270345,-0.0021792668849229813,8.568167118028214e-07,0.3390724261601766,-2.4889204502105713,0.08726056416829427
2022-12-07,101003.61962890625,299.6597048441569,-0.002300683408975601,0.0,0.1917500098546346,-2.1833284298578897,0.0871124267578125
2022-12-08,100972.86344401042,299.2288125356038,-0.0027698706835508347,1.284479992591514e-06,-0.6569892168045044,-1.9557871421178181,0.08697764078776042
2022-12-09,100856.14322916667,297.2015012105306,-0.003024670295417309,0.0,-0.40747706095377606,-1.5461312135060628,0.08680979410807292
2022-12-10,100810.61442057292,297.5117696126302,-0.0027390876784920692,2.1517276422855502e-06,-0.6542015075683594,-2.072161078453064,0.08666419982910156
2022-12-11,100865.68294270833,298.97189966837567,-0.0020493166521191597,8.70227722771233e-07,0.1163317362467448,-1.9480711221694946,0.08654530843098958
2022-12-12,100818.7607421875,300.2595920562744,-0.001573333516716957,0.00017507672237115912,-0.20777376492818198,-1.1931253671646118,0.08698844909667969
2022-12-13,100876.18212890625,301.3221861521403,-0.0017790915444493294,0.00011621564681263408,-1.3092677593231201,-1.2215311527252197,0.08781242370605469
2022-12-14,100997.91975911458,300.71823438008624,-0.0015664175152778625,4.815642461153402e-05,-0.3434683481852214,-0.9307435353597006,0.0885938008626302
2022-12-15,100943.11328125,300.3236452738444,-0.0017863400280475616,-1.0693895546864951e-08,0.13865025838216147,-0.7700023253758749,0.08830070495605469
2022-12-16,100937.43684895833,300.43824831644696,-0.002037123776972294,8.553265615773853e-07,0.277010440826416,-1.3567493756612141,0.08792559305826823
2022-12-17,101021.22998046875,301.15590540568036,-0.0021075811237096786,1.7199189983330143e-06,0.16903952757517496,-2.0705579121907554,0.08756573994954427
2022-12-18,100963.24283854167,301.27111562093097,-0.0024961959570646286,2.1457663024193607e-06,0.09753036499023438,-2.3684058586756387,0.08729044596354167
2022-12-19,100849.16145833333,300.42892773946124,-0.0027775615453720093,4.261732051702438e-07,-0.09209609031677246,-2.4283867677052817,0.08705202738444011
2022-12-20,100820.65087890625,299.4707857767741,-0.0025973692536354065,1.2904404798064206e-06,0.12485357125600179,-2.013789971669515,0.08686192830403645
2022-12-21,100913.50569661458,299.0247662862142,-0.002321956679224968,1.7187232401738584e-06,0.21497472127278647,-2.0695199569066367,0.08672396341959636
2022-12-22,100903.25911458333,298.91028086344403,-0.002258601598441601,8.642672923997452e-07,0.9044144948323568,-2.632417639096578,0.0866228739420573
2022-12-23,100985.71907552083,297.9236691792806,-0.0029592569917440414,1.2814998058274796e-06,1.0688845316569011,-3.2940738995869956,0.08653450012207031
2022-12-24,101069.74674479167,296.60536829630536,-0.003383008763194084,2.1427869114631903e-06,0.5615374247233073,-3.9922873179117837,0.08645820617675781
2022-12-25,101109.43489583333,295.2392037709554,-0.0018587671220302582,1.7086835555346624e-06,0.9421806335449219,-2.0987118085225425,0.086395263671875
2022-12-26,101235.10123697917,296.055383682251,-0.0016036778688430786,8.523463748133508e-07,0.5789629618326823,-2.142030199368795,0.08634630839029948
2022-12-27,101271.720703125,297.38671875,-0.0017173122614622116,8.52346317969932e-07,0.630761464436849,-3.067552407582601,0.08624013264973958
2022-12-28,101368.39599609375,297.6880963643392,-0.0016808267682790756,5.684341886080802e-14,0.6681486765543619,-2.820760130882263,0.08618545532226562
2022-12-29,101505.51936848958,297.57470385233563,-0.0017101988196372986,0.0,0.9453957875569662,-2.486995220184326,0.08610280354817708
2022-12-30,101586.68343098958,297.8646634419759,-0.0019655004143714905,4.351138045421976e-07,0.7034952640533447,-2.9104740619659424,0.08598518371582031
2023-01-01,101472.75179036458,296.14651107788086,-0.0021300194784998894,8.52346317969932e-07,0.6643536885579427,-3.113786061604818,0.08588981628417969
2023-01-02,101414.45572916667,297.05898157755536,-0.0018989183008670807,4.351138045421976e-07,0.4619941711425781,-3.1281604766845703,0.08584531148274739
2023-01-03,101376.34114583333,296.8797378540039,-0.001866104081273079,1.7163231973427173e-06,0.7558575471242269,-3.014284133911133,0.08580080668131511
2023-01-04,101250.43147786458,296.6996205647786,-0.001578550785779953,1.720861632747983e-06,0.21141270796457926,-1.8075242439905803,0.08573277791341145
2023-01-05,101367.93766276042,297.57960510253906,-0.0013530459254980087,1.7106532936850272e-06,0.07650689284006755,-1.2324822346369426,0.0856615702311198
2023-01-06,101483.12158203125,298.9316762288411,-0.0017674081027507782,8.732079095352674e-07,-0.6221781969070435,-1.4215602080027263,0.0856030782063802
2023-01-07,101452.57177734375,299.1511885325114,-0.001745639368891716,2.1467194528668188e-06,-0.6134316126505533,-1.7595626910527546,0.085540771484375
2023-01-08,101376.5810546875,298.62400754292804,-0.0022483346983790398,0.0,-0.41495831807454425,-2.082245707511902,0.08548164367675781
2023-01-09,101483.25439453125,297.556578318278,-0.0025311140343546867,1.2904404798064206e-06,-0.13725713888804117,-2.2204383611679077,0.0854034423828125
2023-01-10,101366.32405598958,297.10852305094403,-0.002210262231528759,4.351138045421976e-07,-0.05011153221130371,-2.415027658144633,0.08533859252929688
2023-01-11,101241.27848307292,296.2380485534668,-0.0018317261710762978,0.0,0.8496925036112467,-2.3093770345052085,0.08527946472167969
2023-01-12,101192.68831380208,296.0626742045085,-0.0016840994358062744,1.2814998626708984e-06,0.9776287078857422,-2.485193967819214,0.08524004618326823
2023-01-13,101318.97444661458,294.89703941345215,-0.002426592633128166,2.4795531885501987e-06,0.7665398120880127,-3.115575989087423,0.08513832092285156
2023-01-14,101245.25390625,294.7257588704427,-0.0026811491698026657,0.0,0.6460175514221191,-3.904518802960714,0.08509508768717448
2023-01-15,101083.828125,294.5040340423584,-0.0016889143735170364,1.3049809126641776e-06,1.0132694244384766,-2.7347829341888428,0.0850690205891927
2023-01-16,101146.77685546875,294.31694348653156,-0.001607060432434082,1.7216834748978727e-06,0.8758413394292196,-2.20949923992157,0.08502896626790364
2023-01-17,101200.40576171875,294.5701656341553,-0.0014218688011169434,4.351138045421976e-07,0.8452645142873129,-2.027259906133016,0.08495330810546875
2023-01-18,101264.013671875,295.64612706502277,-0.0012970734387636185,4.261732051702438e-07,0.6712286869684855,-1.1627280712127686,0.08486302693684895
2023-01-19,101241.52294921875,295.33724784851074,-0.0012910012155771255,1.949071815943171e-06,0.9221987724304199,-1.4476747512817383,0.08473459879557292
2023-01-20,101259.39762369792,295.3127867380778,-0.0016236668452620506,2.065001808659872e-06,1.0077966054280598,-1.6383814016977947,0.08465003967285156
2023-01-21,101261.14860026042,295.64734331766766,-0.0020353561267256737,4.351138045421976e-07,1.1164182027180989,-2.5156192779541016,0.08451779683430989
2023-01-22,101198.50927734375,295.408047358195,-0.0026352843269705772,0.0,0.9346504211425781,-3.630276322364807,0.08448155721028645
2023-01-23,101138.94514973958,294.9470297495524,-0.002397608943283558,8.612871056357108e-07,1.2793814341227214,-3.7310730616251626,0.08446629842122395
2023-01-24,101185.07503255208,294.72604688008624,-0.0022866055369377136,4.351138045421976e-07,1.1444193522135417,-3.762261072794596,0.08445231119791667
2023-01-25,101172.09505208333,294.9188543955485,-0.0025018472224473953,4.351138045421976e-07,0.9127591451009115,-5.071255485216777,0.08443196614583333
2023-01-26,101109.31168619792,296.03850173950195,-0.0016506779938936234,8.536523523616779e-07,0.8001785278320312,-4.012200355529785,0.0844103495279948
2023-01-27,100983.34765625,298.37366612752277,-0.0011202767491340637,8.553265615773853e-07,0.26711400349934894,-1.2997792561848958,0.08436393737792969
2023-01-28,100925.57454427083,297.2283655802409,-0.0010233018547296524,0.00011424720281638656,0.47736040751139325,1.156041145324707,0.08433214823404948
2023-01-29,100958.18277994792,296.63836161295575,-0.0012084655463695526,0.0006710187811336255,1.3250821431477864,-0.2990436553955078,0.08910814921061198
2023-01-30,101201.67757161458,297.13851102193195,-0.002186785452067852,2.652353884968761e-06,0.8258293469746908,-3.698507308959961,0.08995119730631511
2023-01-31,101102.05143229167,298.91176160176593,-0.0023032240569591522,2.5600713797757635e-06,-0.0698239008585612,-4.043155392011006,0.08906809488932292
2023-02-01,101088.18391927083,299.72729937235516,-0.0020122192800045013,1.2933428479300346e-06,-1.9164689381917317,-2.3180160522460938,0.08831723531087239
2023-02-02,101098.05240885417,299.4940897623698,-0.002233363687992096,1.7106532936850272e-06,-0.6332982381184896,-2.5393636226654053,0.08769925435384114
2023-02-03,101163.50862630208,298.5903485616048,-0.002179606817662716,0.0,-0.034267425537109375,-2.2240411837895713,0.0872357686360677
2023-02-04,101025.4921875,298.00842730204266,-0.0019605066627264023,0.0,0.5382671356201172,-2.5966784159342446,0.08692169189453125
2023-02-05,100973.81640625,297.33783022562665,-0.0017444249242544174,1.267870288756967e-06,1.0068025986353557,-1.823365290959676,0.08669853210449219
2023-02-06,101041.28304036458,297.6252892812093,-0.002351878210902214,4.351138045421976e-07,1.1899746259053547,-3.02874755859375,0.08645184834798177
2023-02-07,100999.95524088542,297.8107713063558,-0.002242801710963249,1.7106532936850272e-06,0.6419066588083903,-3.0624605814615884,0.08631134033203125
2023-02-08,101004.25276692708,298.3706652323405,-0.0020768754184246063,4.261732051702438e-07,0.5185532172520956,-2.807182947794596,0.0861981709798177
2023-02-09,101075.43115234375,298.2605781555176,-0.0018638409674167633,1.2814997489840607e-06,0.7230004072189331,-2.087895075480143,0.08607800801595052
2023-02-10,101201.9541015625,297.6929105122884,-0.0022092610597610474,8.52346317969932e-07,1.1914412180582683,-2.8143285115559897,0.08596102396647136
2023-02-11,101270.64778645833,298.01023928324383,-0.002498602494597435,8.548760206394945e-07,0.8162250518798828,-3.550950368245443,0.08586184183756511
2023-02-12,101243.82503255208,299.63756052652997,-0.002890974283218384,0.0,-0.3103504180908203,-3.9446569283803306,0.08577855428059895
2023-02-13,101232.68587239583,299.50161425272626,-0.0023003481328487396,0.0,-0.20248031616210938,-3.02851665019989,0.08568382263183594
2023-02-14,101179.18929036458,298.50089836120605,-0.0019959956407546997,8.609598580733291e-07,0.15455047289530435,-2.1562105417251587,0.08560625712076823
2023-02-15,101034.59749348958,298.6447931925456,-0.0019766604527831078,2.9711448519265105e-06,0.09926859537760417,-2.0619301795959473,0.08552106221516927
2023-02-16,101095.49153645833,300.44800758361816,-0.0025601498782634735,3.162767825415358e-08,-0.4283765157063802,-2.804711898167928,0.08545176188151042
2023-02-17,101112.30777994792,300.8372440338135,-0.002546854317188263,0.0,-0.21974690755208334,-3.0479303201039634,0.08536148071289062
2023-02-18,101072.40885416667,300.38791847229004,-0.002352433279156685,2.1583064722108247e-06,-0.24906031290690103,-2.447716395060221,0.08528963724772136
2023-02-19,101061.54052734375,300.0140132904053,-0.0020174654200673103,1.7306896324953414e-06,0.10354169209798177,-1.467333436012268,0.08523623148600261
2023-02-20,101132.06722005208,298.45937220255536,-0.001388642005622387,0.0,1.0229345957438152,-0.28306321303049725,0.08519681294759114
2023-02-21,101189.93994140625,298.6518306732178,-0.0021072980016469955,2.57942849657411e-06,1.455889383951823,-2.315024654070536,0.08514849344889323
2023-02-22,101121.59586588542,298.3590227762858,-0.0022259894758462906,2.139806667855737e-06,1.2924181620279949,-2.9200466871261597,0.08510398864746094
2023-02-23,101044.28759765625,299.53905359903973,-0.0025874441489577293,1.284479992591514e-06,0.9502735137939453,-3.3147122065226235,0.08506329854329427
2023-02-24,101184.49837239583,300.49480692545575,-0.002567634917795658,1.716613724056515e-06,0.7525628407796224,-3.24663507938385,0.08500353495279948
2023-02-25,101329.07194010417,300.36765734354657,-0.0025334609672427177,2.1461837604874745e-06,0.7603880167007446,-3.448763132095337,0.08494631449381511
2023-02-26,101358.50341796875,300.6854362487793,-0.0025589000433683395,8.52346317969932e-07,0.6118191083272299,-3.4763123194376626,0.0848859151204427
2023-02-27,101310.59912109375,299.98358662923175,-0.002373785711824894,8.70227722771233e-07,0.9645029703776041,-2.9309699138005576,0.08481852213541667
2023-02-28,101361.46451822917,299.002228418986,-0.0017536981031298637,2.5817898290370067e-06,1.1511548360188801,-1.9035414059956868,0.0847638448079427
2023-03-01,101381.59944661458,299.74006207784015,-0.0020374543964862823,8.583068620282575e-07,0.7120874325434366,-2.4561116298039756,0.08468246459960938
2023-03-02,101400.78450520833,301.05994542439777,-0.0018415562808513641,0.0,0.39977606137593585,-1.7093682289123535,0.08461062113444011
2023-03-03,101424.69075520833,300.6139545440674,-0.001489458605647087,8.52346317969932e-07,1.0913683573404949,-0.3913676341374715,0.08451207478841145
2023-03-04,101405.66162109375,300.40264956156415,-0.0015826262533664703,4.351138045421976e-07,1.1876220703125,-0.2781715393066406,0.08445994059244792
2023-03-05,101340.01708984375,301.17256927490234,-0.0017882417887449265,1.940131085120811e-06,0.1651312510172526,-0.5788342555363973,0.0843658447265625
2023-03-06,101202.65494791667,302.0673592885335,-0.003180094063282013,0.0005193746338250094,-2.4651807149251304,-1.4535231987635295,0.0851910909016927
2023-03-07,101193.64925130208,301.7813065846761,-0.0029072463512420654,4.786953655866455e-05,-1.9146397908528645,-1.0082922379175823,0.08828544616699219
2023-03-08,101210.69222005208,301.00350125630695,-0.002476384863257408,1.7164804262392863e-06,-0.016536712646484375,-2.7204943100611367,0.08763694763183594
2023-03-09,101177.9873046875,302.20960744222003,-0.003074733540415764,6.122036211309023e-10,-0.9170811971028646,-3.165372848510742,0.08702850341796875
2023-03-10,101080.54654947917,301.84425989786786,-0.0028473585844039917,4.351138045421976e-07,0.11316998799641927,-3.350122610727946,0.08658981323242188
2023-03-11,101012.92838541667,302.0490328470866,-0.002124520018696785,1.3002727996536123e-06,-0.20059585571289062,-2.0966638724009194,0.08633041381835938
2023-03-12,100955.91943359375,301.58724784851074,-0.001666530966758728,8.70227722771233e-07,-0.41863441467285156,-0.3838232755661011,0.08616193135579427
2023-03-13,100885.60774739583,301.3864453633626,-0.0015282351523637772,8.384401439798239e-07,0.1547876993815104,0.6715731223424276,0.08606338500976562
2023-03-14,100713.78743489583,302.141565322876,-0.0019725579768419266,8.52346317969932e-07,0.9485771258672079,-1.1734377940495808,0.08594004313151042
2023-03-15,100692.76839192708,301.18003908793133,-0.001611027866601944,3.6872142061383784e-05,0.6504230499267578,0.34972421328226727,0.08600234985351562
2023-03-16,100858.91569010417,300.35293769836426,-0.0014616930857300758,0.000145310163492951,0.6317441860834757,1.8625222444534302,0.08670298258463542
2023-03-17,100897.26481119792,299.5029544830322,-0.0018859347328543663,0.0008338781715906407,0.5570198694864908,0.06252098083496094,0.09087371826171875
2023-03-18,100795.29361979167,299.7006721496582,-0.0024659493938088417,3.655825827308945e-05,1.7176467180252075,-0.7848075230916342,0.09240404764811198
2023-03-19,100808.84602864583,299.1385917663574,-0.0025713955983519554,0.00044310390944701794,2.7429987589518228,0.21171271800994873,0.09159342447916667
2023-03-20,100786.19287109375,298.9324245452881,-0.0026952633634209633,0.0008143412505887682,1.9584522247314453,0.27983959515889484,0.09643046061197917
2023-03-21,100891.76839192708,298.90198135375977,-0.0021643443033099174,0.0007767950421744274,1.6918837229410808,0.3880208333333333,0.0996246337890625
2023-03-22,100923.78059895833,299.3693396250407,-0.0022354284301400185,0.00015799240713931795,1.3821061452229817,-1.0363868872324626,0.09712028503417969
2023-03-23,100954.33056640625,298.9238573710124,-0.0024548759683966637,0.0008075743912741018,1.3014244238535564,-1.5421929359436035,0.09967358907063802
2023-03-24,100978.45458984375,299.1996949513753,-0.0024337265640497208,7.172518235165626e-05,1.5327103932698567,-1.9983281294504802,0.09702046712239583
2023-03-25,101061.30631510417,298.39059321085614,-0.003314734436571598,8.643015121378994e-07,1.4557908376057942,-2.881641983985901,0.0938262939453125
2023-03-26,101022.4462890625,298.42163848876953,-0.002119367942214012,1.5377997328869242e-06,1.4036331176757812,-2.1958345969518027,0.09152030944824219
2023-03-27,100979.84358723958,298.6285597483317,-0.001757502555847168,5.155801773071289e-06,1.4585367838541667,-1.1398635307947795,0.08992322285970052
2023-03-28,100913.02229817708,298.9501368204753,-0.0019701533019542694,2.086162567138672e-06,1.5117842356363933,-1.2563318411509197,0.08877054850260417
2023-03-29,100994.01529947917,299.1430524190267,-0.0019287755712866783,1.5527008940807718e-06,1.874991734822591,-0.6913379828135172,0.08800061543782552
2023-03-30,100913.48876953125,299.6000862121582,-0.0021024616435170174,7.128715515136719e-05,2.448810577392578,0.1766035556793213,0.08783276875813802
2023-03-31,100887.28824869792,299.48862648010254,-0.001880832016468048,0.00045683979988098145,2.074310302734375,-1.1911871433258057,0.08988126118977864
2023-04-01,100928.009765625,299.83229382832843,-0.002311776392161846,3.861931585191769e-05,1.577901840209961,-1.6633878151575725,0.089691162109375
2023-04-02,100880.3759765625,299.6231333414714,-0.0022982656955718994,4.077763160736936e-05,2.1865743001302085,-1.1015997330347698,0.08869107564290364
2023-04-03,100886.8525390625,299.5349413553874,-0.0020639076828956604,0.00011188237084525099,1.680318832397461,-1.2995766003926594,0.08859697977701823
2023-04-04,100924.34488932292,300.0680383046468,-0.001960272900760174,0.0,1.8839530944824219,-1.8235704898834229,0.08780161539713542
2023-04-05,100891.48649088542,300.60708554585773,-0.0019369889050722122,1.1026859283447266e-06,1.9848931630452473,-1.795491059621175,0.08726882934570312
2023-04-06,100872.57796223958,301.83120918273926,-0.002516191452741623,8.52346317969932e-07,1.5510514577229817,-3.270660400390625,0.08686637878417969
2023-04-07,100978.51416015625,303.18858273824054,-0.0022518206387758255,1.1943825768412353e-05,0.6199266115824381,-2.510910987854004,0.08661969502766927
2023-04-08,101125.28629557292,302.8321240743001,-0.0016971249133348465,7.334169953310266e-05,0.6403446197509766,-0.5784546931584676,0.08677482604980469
2023-04-09,101079.52473958333,302.8947474161784,-0.0022848304361104965,1.2814997489840607e-06,1.1834532419840496,-1.737451712290446,0.08669344584147136
2023-04-10,100959.48860677083,303.6394233703613,-0.002533338963985443,8.52346317969932e-07,1.5777327219645183,-2.0685826937357583,0.08638254801432292
2023-04-11,100999.93603515625,303.4065411885579,-0.0027197618037462234,3.004073732881807e-06,1.895999272664388,-2.5477218627929688,0.08618927001953125
2023-04-12,100922.37581380208,304.13023948669434,-0.0029003070667386055,-1.1921656550839543e-08,1.538906733194987,-3.278205394744873,0.0860430399576823
2023-04-13,100896.2470703125,304.0307795206706,-0.0024013957008719444,0.0,1.6606419881184895,-3.2474315961201987,0.08591779073079427
2023-04-14,100890.04069010417,303.22678502400714,-0.002467520534992218,4.351138045421976e-07,1.9149604241053264,-2.8141624530156455,0.0858294169108073
2023-04-15,100885.36295572917,302.15784645080566,-0.002285527065396309,1.7830697061071987e-06,1.9235852559407551,-1.9724459648132324,0.08575503031412761
2023-04-16,100787.58447265625,301.9512875874837,-0.002392953261733055,8.425147370871855e-07,1.829257329305013,-2.674800435702006,0.0856005350748698
2023-04-17,100815.0087890625,302.38473320007324,-0.0020724739879369736,1.7131263234659855e-06,1.7488110860188801,-2.7018590768178306,0.08543841044108073
2023-04-18,100801.6767578125,304.6509094238281,-0.0028495145961642265,1.7224063526555256e-06,1.3608468373616536,-3.682161331176758,0.08536465962727864
2023-04-19,100528.83577473958,304.93875948588055,-0.002598067745566368,2.5781586714401783e-06,1.7059472401936848,-3.1273279984792075,0.08527565002441406
2023-04-20,100462.4541015625,303.15548451741535,-0.0023581478744745255,1.296401023864746e-06,2.0669174194335938,-1.8367411692937214,0.0852203369140625
2023-04-21,100560.72916666667,301.62638028462726,-0.00212967861443758,0.0,2.2104110717773438,-1.2583171526590984,0.08516502380371094
2023-04-22,100636.107421875,301.1700661977132,-0.002075130119919777,6.4373016357421875e-06,2.3363946278889975,-0.41492501894632977,0.08514022827148438
2023-04-23,100646.390625,300.97425333658856,-0.0020170090720057487,7.49826431274414e-05,1.9489517211914062,-0.7358941634496053,0.0854810078938802
2023-04-24,100636.82861328125,301.44030634562176,-0.001760781742632389,1.7195937971337116e-06,2.073685963948568,-0.6028702656428019,0.08563613891601562
2023-04-25,100666.15348307292,301.96044921875,-0.0019060177728533745,9.627687234115001e-06,2.01444943745931,1.8127283255259197,0.08556111653645833
2023-04-26,100734.57893880208,301.22265307108563,-0.002302464097738266,5.017220973968506e-05,2.5390701293945312,2.243107477823893,0.08587074279785156
2023-04-27,100766.82958984375,301.4583098093669,-0.002211320213973522,6.915628910064697e-05,1.9591115315755208,-1.034281611442566,0.08586374918619792
2023-04-28,100811.7978515625,301.5158042907715,-0.0021719075739383698,7.941126813193478e-05,2.430239995320638,-0.5763450066248575,0.08660380045572917
2023-04-29,100729.57633463542,301.3827412923177,-0.0020985184237360954,1.0660290172381792e-05,2.0966402689615884,-0.8433943589528402,0.08661397298177083
2023-04-30,100626.45247395833,300.9757874806722,-0.002388051711022854,0.0006634354591028568,2.1417128245035806,-0.916084885597229,0.08994992574055989
2023-05-01,100659.71484375,300.8618933359782,-0.0021371524780988693,0.0002906433570046829,1.9780941009521484,0.086212158203125,0.09079551696777344
2023-05-02,100723.37972005208,301.2292111714681,-0.0022754380479454994,0.0006231397389910853,2.069110870361328,-0.43122053146362305,0.09347025553385417
2023-05-03,100830.361328125,301.2603816986084,-0.0025088051334023476,0.0005002766847610474,1.8679275512695312,-0.48515955607096356,0.09484799702962239
2023-05-04,100760.04410807292,301.39197476704913,-0.0024463236331939697,0.0003479510545680853,1.9961315393447876,-0.6644960641860962,0.09481493631998698
2023-05-05,100677.81640625,301.6432393391927,-0.0022217994555830956,0.00020322476825640479,2.181912104288737,-0.5305165449778239,0.09302711486816406
2023-05-06,100694.70703125,301.99292119344074,-0.0023675113916397095,9.51230525920721e-05,2.8121700286865234,-1.1056448618570964,0.09180068969726562
2023-05-07,100682.0986328125,302.4708480834961,-0.0019513368606567383,0.0001917719840989207,2.9283949534098306,-1.1793305079142253,0.09099324544270833
2023-05-08,100629.45426432292,302.5144036610921,-0.0015343856066465378,9.358823298910579e-05,2.348834991455078,-1.3904775778452556,0.09102757771809895
2023-05-09,100669.99788411458,302.9818592071533,-0.0017907582223415375,1.3301173520829934e-05,2.4189771016438804,-0.9947986602783203,0.0896453857421875
2023-05-10,100535.71354166667,303.6610558827718,-0.0017672087997198105,8.52346317969932e-07,2.362806955973307,0.5106980800628662,0.08844629923502605
2023-05-11,100591.56298828125,303.569621404012,-0.00189959816634655,1.1354683806530375e-06,1.7963600158691406,1.6034919420878093,0.08761342366536458
2023-05-12,100650.81526692708,303.34821701049805,-0.002190330997109413,3.266334488216671e-06,1.8714345296223958,3.1464380423227944,0.08713785807291667
2023-05-13,100738.02799479167,303.4775810241699,-0.0022873561829328537,4.488229723875747e-06,2.7445621490478516,2.0733227332433066,0.0868542989095052
2023-05-14,100682.16422526042,303.3000132242839,-0.0023473985493183136,0.0001526474952697754,3.341006596883138,1.1806045770645142,0.08669471740722656
2023-05-15,100788.75895182292,303.5338617960612,-0.0024385396391153336,0.0002169519661947561,3.3714720408121743,0.6962108612060547,0.08835474650065105
2023-05-16,100930.37027994792,303.3499501546224,-0.0024000192061066628,0.0003334373236043575,3.1076768239339194,0.2939409812291463,0.08960533142089844
2023-05-17,100943.96272786458,303.2461471557617,-0.0026154685765504837,0.00011786222444243322,2.8060054779052734,-1.49151611328125,0.08925310770670573
2023-05-18,101024.05013020833,303.00646591186523,-0.002413528971374035,1.7091631889343262e-05,2.3860295613606772,-2.154553929964701,0.08832931518554688
2023-05-19,100860.84098307292,303.1205800374349,-0.0022654756903648376,4.4479966163635254e-05,2.8972365061442056,-2.290187040964762,0.08761278788248698
2023-05-20,100829.9599609375,302.96237246195477,-0.0022056251764297485,0.000102996826171875,3.034353256225586,-1.0560042063395183,0.08748499552408855
2023-05-21,100921.42138671875,303.06385167439777,-0.002533974125981331,0.00023704767227172852,2.9548975626627603,-1.5161819458007812,0.08882395426432292
2023-05-22,100956.83544921875,302.7976010640462,-0.002209177240729332,1.7696619028839677e-05,2.2896461486816406,-1.601258357365926,0.08802731831868489
2023-05-23,100954.99169921875,303.0848274230957,-0.0021767988801002502,4.890859122497204e-05,2.7441654205322266,-1.961273471514384,0.08739344278971355
2023-05-24,100929.2392578125,303.3848196665446,-0.002382466569542885,0.00011320814843429616,3.682471593221029,0.2870216369628906,0.0877978006998698
2023-05-25,100961.39371744792,303.5686887105306,-0.0027717631310224533,0.0007916241884231567,4.113134384155273,1.7059576908747356,0.0883026123046875
2023-05-26,100992.56184895833,302.960693359375,-0.0032953163608908653,0.001426240801606582,3.9966164429982505,0.9631372292836508,0.10016314188639323
2023-05-27,100881.0947265625,303.4613564809163,-0.0023053837940096855,0.00027546286571578094,3.677932103474935,0.331360658009847,0.09766960144042969
2023-05-28,100805.8232421875,303.67648951212567,-0.002370443195104599,0.00015282281736972436,2.981095631917318,-1.0540529886881511,0.09570121765136719
2023-05-29,100768.05436197917,303.4218056996663,-0.0021142279729247093,1.1116266250610352e-05,2.3096593221028647,-1.5322043498357136,0.09241231282552083
2023-05-30,100756.79313151042,303.8028030395508,-0.00199988204985857,1.842975609633868e-05,2.357401967048645,-1.057326078414917,0.090301513671875
2023-05-31,100696.04866536458,303.65889104207355,-0.002177901566028595,0.00011837482452392578,2.273392995198568,-1.2916510502497356,0.08946736653645833
2023-06-01,100734.4140625,303.3418203989665,-0.0023493692278862,9.692609309652767e-05,3.0164852142333984,-0.745526115099589,0.08878008524576823
2023-06-02,100784.63899739583,303.7885316212972,-0.0024838484823703766,0.00011330669730114096,3.0623169342676797,-0.48564207553863525,0.0886383056640625
2023-06-03,100725.40201822917,304.2061475118001,-0.002316383644938469,0.0004297822712828747,3.4482701619466147,-0.35226941108703613,0.0895538330078125
2023-06-04,100690.56575520833,303.5396308898926,-0.002760480158030987,0.0027210861443904832,3.085143725077311,-0.17831222216288248,0.10722668965657552
2023-06-05,100652.63216145833,303.58335812886554,-0.003245296888053417,0.0009025514124800793,3.400824864705404,0.7159687280654907,0.11202557881673177
2023-06-06,100594.77034505208,303.63904190063477,-0.00330142118036747,0.0011249746298069851,3.2291138966878257,0.6926415761311849,0.11237589518229167
2023-06-07,100593.42985026042,303.6961587270101,-0.002939833328127861,0.00022611320008536495,2.7513853708902993,2.148278554280599,0.10612678527832031
2023-06-08,100587.88753255208,303.8468557993571,-0.002782238647341728,0.0009902745484282605,1.9182408650716145,3.225006103515625,0.10425186157226562
2023-06-09,100367.74869791667,303.8228823343913,-0.003557139076292515,0.002134469151428675,0.8310006459554037,5.67658257484436,0.11038017272949219
2023-06-10,100256.48486328125,303.0238488515218,-0.004976693540811539,0.006715279424042819,-0.1504230499267578,7.552249948183696,0.15123303731282553
2023-06-11,100167.0048828125,302.9979890187581,-0.004654992371797562,0.0027137547731399536,-1.281335671742757,7.743855079015096,0.175018310546875
2023-06-12,100196.54817708333,302.01009432474774,-0.004262163303792477,0.005561122298235688,-0.24821790059407553,9.05131741364797,0.1908289591471354
2023-06-13,100378.119140625,301.5947443644206,-0.0047483891248703,0.007588785972398426,1.6945610046386719,8.572211583455404,0.2302729288736979
2023-06-14,100524.83821614583,301.6712525685628,-0.004907228052616119,0.006221912036039612,2.9008878072102866,7.836503267288208,0.2549781799316406
2023-06-15,100505.53059895833,302.4366111755371,-0.0059219421818852425,0.0051969626896948284,3.798132578531901,8.263383388519287,0.2489954630533854
2023-06-16,100489.09049479167,301.45559056599933,-0.004770628176629543,0.00552078637088016,4.621945063273112,6.803553144137065,0.24905713399251303
2023-06-17,100589.54573567708,301.7614351908366,-0.0049598077312111855,0.005866205115125922,5.0809586842854815,4.041048248608907,0.2549444834391276
2023-06-18,100599.80729166667,301.71446800231934,-0.00455427635461092,0.0038785934448242188,4.325338999430339,1.8674495220184326,0.2525768280029297
2023-06-19,100470.3583984375,302.27566210428876,-0.004655084572732449,0.0024254918098449707,4.140522638956706,1.7752896149953206,0.23977279663085938
2023-06-20,100428.77392578125,302.0079593658447,-0.004589651711285114,0.004138781651249701,3.575010061264038,1.917994777361552,0.2333215077718099
2023-06-21,100473.4267578125,302.16566467285156,-0.004449888132512569,0.002489614486592018,3.281590779622396,2.137371023495992,0.2327861785888672
2023-06-22,100475.62874348958,302.01163482666016,-0.004572458565235138,0.0022303423692733304,3.225198745727539,2.414607206980387,0.2184015909830729
2023-06-23,100430.64339192708,301.01360003153485,-0.004571830853819847,0.006271232542360394,2.5198796590169272,3.5063512325286865,0.23068618774414062
2023-06-24,100338.65576171875,300.21346219380695,-0.003784586675465107,0.01902971565715461,2.7421188354492188,2.1940758228302,0.3090089162190755
2023-06-25,100383.154296875,299.4789816538493,-0.002788674086332321,0.019498903208045704,2.960158665974935,3.306491216023763,0.3417307535807292
2023-06-26,100469.35172526042,299.39393615722656,-0.0026223016902804375,0.025281235770194144,3.6081873575846353,2.895975112915039,0.36466217041015625
2023-06-27,100467.3125,299.2373847961426,-0.001991574652493,0.05343604981898764,3.529623031616211,2.7188295125961304,0.3876749674479167
2023-06-28,100527.01041666667,299.5915864308675,-0.0020835576578974724,0.08168479204177359,4.452353795369466,2.9290306170781455,0.39910443623860675
2023-06-29,100507.70947265625,299.68256187438965,-0.0026703067123889923,0.05282597839828895,5.243206779162089,1.7921682993570964,0.39236704508463544
2023-06-30,100487.79508463542,299.5944830576579,-0.002947305329144001,0.061271683027428026,6.449750463167827,1.7130467494328816,0.39676475524902344
2023-07-01,100614.43017578125,299.49361928304035,-0.0027791373431682587,0.04429440439499288,4.7714589436848955,3.303123434384664,0.3896783192952474
2023-07-02,100475.28238932292,299.82423464457196,-0.003509952686727047,0.024843335151672363,3.839496612548828,3.0476557413736978,0.3785266876220703
2023-07-03,100290.02734375,300.2416763305664,-0.004023305140435696,0.022623971104565044,3.4269892374674478,1.9207199414571126,0.3776041666666667
2023-07-04,100091.4033203125,300.2279523213704,-0.0036006979644298553,0.023183646798031532,3.274339040120443,2.1617801984151206,0.37935129801432294
2023-07-05,99970.16438802083,299.8909346262614,-0.0032686693593859673,0.02669945359224357,2.545309066772461,2.1542720794677734,0.37688636779785156
2023-07-06,100105.212890625,299.49549039204913,-0.0030474867671728134,0.08730207681651336,5.401344418525696,2.929281234741211,0.3972371419270833
2023-07-07,100258.24381510417,299.5512777964274,-0.003107737749814987,0.0693187892435958,6.389097372690837,4.129526138305664,0.3954633076985677
2023-07-08,100415.18245442708,300.0566342671712,-0.004381020553410053,0.014465998016067516,5.123711903889974,4.691916783650716,0.36292457580566406
2023-07-09,100492.99169921875,300.5604419708252,-0.00487116351723671,0.007278312364260131,4.9181569417317705,4.252560933430989,0.34906260172526044
2023-07-10,100552.046875,300.7245178222656,-0.004505738615989685,0.00472477141249783,4.1162058512369795,3.239949663480123,0.33289464314778644
2023-07-11,100556.37353515625,300.5060469309489,-0.003999991342425346,0.004251388399154621,3.4966049194335938,1.8678677876790364,0.328304926554362
2023-07-12,100470.53987630208,299.75499471028644,-0.0029300255700945854,0.007976696298214847,2.6614100138346353,1.8491052389144897,0.3347969055175781
2023-07-13,100481.9130859375,299.7293783823649,-0.0037778951227664948,0.019104107440170992,3.568548838297526,2.2327253023783364,0.36365000406901044
2023-07-14,100631.6455078125,299.79429880777997,-0.004120996221899986,0.021206402778620514,4.334859212239583,2.188017805417379,0.375363032023112
2023-07-15,100644.45182291667,299.6423740386963,-0.003337189555168152,0.006766468286514282,3.4386088053385415,2.2011462450027466,0.3573843638102214
2023-07-16,100566.45198567708,299.184414545695,-0.0036571649834513664,0.010244309902191162,3.6497522989908853,2.385239084561666,0.35904820760091144
2023-07-17,100425.35432942708,299.3808237711589,-0.003595837391912937,0.03001407086838981,4.6597639719645185,2.2596656878789267,0.37756983439127606
2023-07-18,100283.92952473958,299.2540651957194,-0.0027050450444221497,0.044246348405124536,6.333742141723633,1.049418568611145,0.3899854024251302
2023-07-19,100092.38948567708,299.6869939168294,-0.003519337624311447,0.05095386189918827,6.756987889607747,1.5699629386266072,0.3918374379475911
2023-07-20,100181.6123046875,299.6125036875407,-0.0036055780947208405,0.02567625429696818,6.0144392649332685,1.8573123216629028,0.38034820556640625
2023-07-21,100381.22900390625,299.43381118774414,-0.002940194681286812,0.058634307980433675,5.214446306228638,1.6371448040008545,0.3885885874430339
2023-07-22,100354.35465494792,299.3091812133789,-0.003071356564760208,0.04962280988689827,6.506404876708984,1.6578649679819744,0.38807106018066406
2023-07-23,100309.9990234375,299.2941646575928,-0.003230688162147999,0.06398063898075179,7.960739771525065,2.7214333613713584,0.3924662272135417
2023-07-24,100368.46012369792,299.5659605662028,-0.0038284435868263245,0.033573144674299726,6.159726460774739,3.118106722831726,0.38238080342610675
2023-07-25,100535.41927083333,299.201691309611,-0.00289946049451828,0.0486785839143522,5.362001419067383,2.16404398282369,0.3901971181233724
2023-07-26,100609.57666015625,299.18583997090656,-0.002728145569562912,0.08659078191169556,6.721443812052409,0.07522690296173096,0.4014568328857422
2023-07-27,100641.45882161458,299.20244216918945,-0.0024046730250120163,0.05089610219001628,6.043903827667236,0.11054488023122151,0.3865947723388672
2023-07-28,100652.03206380208,299.1716302235921,-0.0029343552887439728,0.031598106026649475,5.9011179606119795,0.9881397088368734,0.3846728006998698
2023-07-29,100686.86848958333,299.3044319152832,-0.0030677160248160362,0.014371232152484481,4.949204762776692,1.9899098475774128,0.37336285909016925
2023-07-30,100589.39762369792,299.533535639445,-0.004209891892969608,0.014882847666740417,5.456071853637695,2.190571904182434,0.3666788736979167
2023-07-31,100564.93733723958,299.30076026916504,-0.004134608432650566,0.014061588048889462,5.4014466603597,2.1998087565104165,0.3664417266845703
2023-08-01,100557.919921875,299.52773729960126,-0.0043580662459135056,0.009238415705738134,5.098186492919922,3.0643959045410156,0.3600292205810547
2023-08-02,100609.24267578125,299.4851989746094,-0.004320276901125908,0.009969291090953902,5.5234527587890625,2.9711002111434937,0.358700434366862
2023-08-03,100557.44384765625,299.9021116892497,-0.004693625494837761,0.006899076700108253,5.940469741821289,2.9289766947428384,0.349917729695638
2023-08-04,100681.74625651042,300.1394106547038,-0.003847675397992134,0.004885727167124543,5.75795046488444,2.9255784352620444,0.3405011494954427
2023-08-05,100844.26139322917,300.32014592488605,-0.004595894366502762,0.004118287563319001,5.795069654782613,2.650978684425354,0.33444786071777344
2023-08-06,100743.66015625,300.2743631998698,-0.004701972007751465,0.004133269190788269,5.790326436360677,2.5616082350413003,0.3268419901529948
2023-08-07,100584.85563151042,300.19027010599774,-0.005198519676923752,0.004560542106617049,5.783216039339702,2.7989354530970254,0.3264382680257161
2023-08-08,100682.32698567708,300.1713002522786,-0.0050467271357774734,0.003607908011588279,4.834381103515625,3.288921276728312,0.317779541015625
2023-08-09,100876.90250651042,300.0850575764974,-0.0039936862885952,0.0031413935548698646,3.9628849029541016,2.4528518517812095,0.316653569539388
2023-08-10,100923.79622395833,299.69128672281903,-0.0036874692887067795,0.005698958039261015,3.0629075368245444,2.0321012338002524,0.3246205647786458
2023-08-11,100868.93505859375,300.0615603129069,-0.004356591030955315,0.0033713966608033274,2.787576675415039,1.8875250816345215,0.31901295979817706
2023-08-12,100838.11800130208,299.5329984029134,-0.0039866529405117035,0.005795443058008942,3.8106250762939453,1.5259004433949788,0.3253053029378255
2023-08-13,100690.5322265625,300.3620497385661,-0.005356961861252785,0.0047672092914012865,5.418537179629008,2.505049387613932,0.3218530019124349
2023-08-14,100732.00520833333,300.693307240804,-0.00540933758020401,0.0037588030099868774,4.972189585367839,3.457948088645935,0.3167336781819661
2023-08-15,100777.96858723958,300.4182809193929,-0.00464524794369936,0.004474356770515442,3.7432454427083335,2.8431643644968667,0.31792322794596356
2023-08-16,100829.041015625,300.18044153849286,-0.004522848874330521,0.002570539712905884,3.3177642822265625,1.3060417175292969,0.30971844991048175
2023-08-17,100841.49576822917,300.27245712280273,-0.004995907656848431,0.0036216378211975098,3.605091094970703,-0.23026593526204428,0.3040625254313151
2023-08-18,100679.60856119792,300.14255777994794,-0.004359748214483261,0.0037518292665481567,3.8929030100504556,-0.7590834299723307,0.307769775390625
2023-08-19,100576.62369791667,299.93508466084796,-0.0040921419858932495,0.004523828625679016,3.942880630493164,-0.9864195585250854,0.30820592244466144
2023-08-20,100584.61165364583,300.1252549489339,-0.004342352971434593,0.0033201009034655726,3.744014104207357,-0.7206064065297445,0.30891863505045575
2023-08-21,100633.18408203125,299.88731384277344,-0.003930171951651573,0.0036111086606069875,2.9394493103027344,0.5753785371780396,0.30773353576660156
2023-08-22,100672.0810546875,299.472349802653,-0.003453223966062069,0.005646231770413124,2.5741348266601562,1.5782121022542317,0.3185170491536458
2023-08-23,100608.06477864583,300.3654982248942,-0.0049863550812006,0.0034726647901379692,3.4759394327799478,2.6301282246907554,0.31257883707682294
2023-08-24,100537.73014322917,299.71422322591144,-0.0044614896178245544,0.007853940955669714,3.5728944142659507,3.7251776456832886,0.3235759735107422
2023-08-25,100580.74983723958,299.4697717030843,-0.004166781902313232,0.008091166615486145,3.088839848836263,3.9017093181610107,0.33322397867838544
2023-08-26,100751.05550130208,299.4983145395915,-0.004288375377655029,0.010437798500049666,3.3352788289388022,2.996551752090454,0.3457450866699219
2023-08-27,100814.66813151042,299.17711512247723,-0.0041209980845451355,0.007413387298583984,2.954030990600586,2.7069371541341147,0.3447144826253255
2023-08-28,100786.21468098958,299.0071334838867,-0.004106089472770691,0.005425259470939636,2.331470489501953,2.9247055451075235,0.3386389414469401
2023-08-29,100762.43831380208,299.93607838948566,-0.004166658967733383,0.0024237900972252646,1.9567807515462239,2.2136141459147134,0.32429949442545575
2023-08-30,100816.31998697917,300.41290219624835,-0.004255346953868866,0.0008498436453123759,1.2514773607254028,0.3782302935918172,0.30666478474934894
2023-08-31,100788.62662760417,300.7148094177246,-0.0044242385774850845,0.001088622212307655,1.0906359354654949,-0.71660844484965,0.29220008850097656
2023-09-01,100745.35465494792,301.30388768513996,-0.004787629470229149,0.0004895518068224192,1.3205909729003906,-1.0907158851623535,0.275424321492513
2023-09-02,100745.00048828125,300.5112482706706,-0.0033341236412525177,0.010886705864891155,1.1191959381103516,0.429401954015096,0.32039833068847656
2023-09-03,100624.69921875,300.34555435180664,-0.0037088505923748016,0.004616814851658546,1.946207046508789,-0.3545309702555339,0.3242785135904948
2023-09-04,100535.35807291667,300.415719350179,-0.004664607346057892,0.0014134019613152304,2.2702223459879556,-1.1246371666590373,0.3067944844563802
2023-09-05,100485.783203125,300.53837966918945,-0.004658624529838562,0.0016596317291259766,2.3069839477539062,-1.405800501505534,0.2932427724202474
2023-09-06,100479.61848958333,301.24693489074707,-0.005000868812203407,0.0024137496948242188,3.6597906748453775,-0.5841122468312582,0.2836723327636719
2023-09-07,100458.74007161458,300.1701030731201,-0.003227205015718937,0.014690566062824928,4.352738698323567,-0.2753395239512126,0.3280556996663411
2023-09-08,100498.19856770833,299.94231605529785,-0.0025493307039141655,0.06165693700313568,4.903282801310222,-1.5574754079182942,0.3881918589274089
2023-09-09,100507.07552083333,300.208491007487,-0.0028566690161824226,0.01613397300241104,3.929164250691732,-0.4048934777577718,0.3722057342529297
2023-09-10,100520.16292317708,300.13763364156085,-0.003008970059454441,0.004175559272425744,2.772179921468099,1.4557174444198608,0.3502674102783203
2023-09-11,100603.654296875,300.0237414042155,-0.003580799326300621,0.005493044265847402,2.812847137451172,1.2926260630289714,0.3449910481770833
2023-09-12,100641.46305338542,300.66951115926105,-0.004625224508345127,0.003943964838981628,3.326707204182943,1.3186073303222656,0.3391990661621094
2023-09-13,100589.71028645833,300.39785893758136,-0.004636060446500778,0.003330695629017555,2.8098939259847007,1.9670900503794353,0.33120155334472656
2023-09-14,100593.48095703125,300.3267701466878,-0.004547847434878349,0.003053495287815622,2.2319024403889975,1.9852104187011719,0.32535680135091144
2023-09-15,100594.43815104167,300.68826993306476,-0.004846083000302315,0.0030853688716874217,2.746485392252604,1.7146406571070354,0.31974538167317706
2023-09-16,100538.48209635417,300.3039379119873,-0.0027308836579322815,0.0038452446460723877,4.0501454671223955,1.6900825500488281,0.32562828063964844
2023-09-17,100434.75,299.6496098836263,-0.003842053934931755,0.007555830478565895,3.7686691284179688,3.6679763793945312,0.3348407745361328
2023-09-18,100488.35481770833,299.2429714202881,-0.004384784027934074,0.011880233883857727,3.058832367261251,5.0608571370442705,0.353610356648763
2023-09-19,100636.77750651042,299.5099271138509,-0.004410168156027794,0.010795646905894074,2.6027208964029946,5.10179328918457,0.35965538024902344
2023-09-20,100653.814453125,299.6864941914876,-0.0040953513234853745,0.017413616180419922,2.176013946533203,4.035200754801433,0.36435381571451825
2023-09-21,100709.98828125,299.7449900309245,-0.00366411916911602,0.02389514744271537,1.8453388214111328,2.798134525616964,0.3753833770751953
2023-09-22,100705.50569661458,299.7939573923747,-0.0029008621349930763,0.027127885818458708,0.7944774627685547,2.087890346844991,0.3760236104329427
2023-09-23,100807.12858072917,299.24230575561523,-0.002601262181997299,0.07198777794837952,1.6547692616780598,1.7164645195007324,0.3941942850748698
2023-09-24,100806.41243489583,298.9960422515869,-0.0020697563886642456,0.045276641845703125,1.4156328837076824,1.6621919870376587,0.3874187469482422
2023-09-25,100712.93375651042,299.377742767334,-0.0025512557476758957,0.015164106969336899,1.2702929178873699,0.4783031940460205,0.37073326110839844
2023-09-26,100679.25830078125,300.2383066813151,-0.00349334254860878,0.018013247847552094,1.1189314524332683,-0.26746920744578045,0.35626475016276044
2023-09-27,100600.09895833333,300.2939821879069,-0.002773440442979336,0.015523970127105713,0.3831653594970703,-1.4622784852981567,0.368343989054362
2023-09-28,100460.52425130208,300.90012486775714,-0.0029806476086378098,0.013428330421447754,0.0475012461344401,-1.203320582707723,0.3618316650390625
2023-09-29,100395.78108723958,301.38262875874835,-0.003392467275261879,0.002912166714622799,-0.49671916166941327,-0.5185985167821249,0.34383710225423175
2023-09-30,100378.96956380208,302.25383313496906,-0.004017835482954979,0.005309089013849189,1.1078287760416667,-1.4327133893966675,0.3353150685628255
2023-10-01,100493.30582682292,302.00743293762207,-0.003161117434501648,0.0008702573419050452,2.650121053059896,0.10152884324391682,0.3226458231608073
2023-10-02,100798.15804036458,300.66125170389813,-0.0028871940448880196,0.0009594857692718506,2.3520940144856772,1.1176996231079102,0.31463877360026044
2023-10-03,100912.81429036458,300.4906260172526,-0.004571794532239437,0.00045833586148091854,2.033283233642578,-0.20754218101501465,0.2996114095052083
2023-10-04,100966.72314453125,300.9872849782308,-0.004344133660197258,0.000630110502243042,1.333248774210612,-0.5951184829076132,0.2868048350016276
2023-10-05,100904.55843098958,300.721715927124,-0.004741169512271881,0.0004501461982613364,1.1877930959065754,-1.0178572336832683,0.2742347717285156
2023-10-06,100846.54671223958,300.44812901814777,-0.00470932200551033,0.0007272660732269287,1.1065740982691448,-1.3525931040445964,0.2665284474690755
2023-10-07,100884.43831380208,300.8041528065999,-0.00458271149545908,8.653104305267334e-05,0.83369513352712,-2.4630754788716636,0.2556082407633464
2023-10-08,100958.58219401042,301.39429410298663,-0.004504520446062088,0.00028716934616568324,0.6933739980061849,-2.730076471964518,0.2441997528076172
2023-10-09,101075.6083984375,301.5120023091634,-0.005386875942349434,4.965066807471885e-06,0.6268297831217448,-2.653008143107096,0.23164876302083334
2023-10-10,101064.89518229167,301.3584206899007,-0.005562451668083668,1.728812890178233e-06,0.5560506184895834,-3.0612780253092446,0.21756807963053384
2023-10-11,101053.11979166667,301.29464594523114,-0.004832238890230656,0.0,0.8832678000132242,-2.7874593337376914,0.2049280802408854
2023-10-12,101078.80240885417,301.88873799641925,-0.00411504041403532,2.9981135298839945e-06,1.0659563541412354,-2.1650060017903647,0.19418716430664062
2023-10-13,101088.18326822917,302.4053961435954,-0.0039709508419036865,2.802004871682584e-06,1.0688247680664062,-1.3302351633707683,0.18426005045572916
2023-10-14,101084.64908854167,301.4587046305339,-0.003834601491689682,0.0006751745938800013,0.6208992004394531,-0.9129899342854818,0.17853291829427084
2023-10-15,100925.54134114583,301.90709114074707,-0.004592687822878361,2.5570392381268903e-06,0.7609093983968099,-1.6720672845840454,0.17198053995768228
2023-10-16,100944.7138671875,302.89746856689453,-0.005069918930530548,1.3970898500303974e-06,-0.40080583095550537,-2.201313018798828,0.16113980611165366
2023-10-17,101087.04182942708,302.06417147318524,-0.004144544713199139,4.140436641364431e-05,0.1322320302327474,-0.43354801336924237,0.15103912353515625
2023-10-18,101108.25667317708,302.67450586954754,-0.004546556621789932,2.562998815847095e-06,-0.11155128479003906,-1.9370606740315754,0.1430962880452474
2023-10-19,101100.27783203125,302.04758071899414,-0.004615394398570061,1.7225741544280027e-06,0.19312667846679688,-2.049853960673014,0.13460540771484375
2023-10-20,101069.23828125,302.4938882191976,-0.003997989930212498,1.443726461047845e-05,-0.5671965281168619,-0.9050337473551432,0.12762832641601562
2023-10-21,101136.48193359375,302.7476056416829,-0.003903942182660103,9.835223028176188e-05,-0.5638135274251302,-0.9642098744710287,0.12213643391927083
2023-10-22,101166.2265625,302.462594350179,-0.004103831946849823,0.0,0.3927008310953776,-1.8068186044692993,0.11740684509277344
2023-10-23,101034.66373697917,302.07835070292157,-0.004486938938498497,1.716613667213096e-06,0.13731956481933594,-2.107763687769572,0.11275227864583333
2023-10-24,101033.30696614583,302.07311248779297,-0.004098888486623764,1.710653371844728e-06,-0.11268933614095052,-1.8817853530248005,0.10856946309407552
2023-10-25,101184.84130859375,301.9244798024495,-0.004157792776823044,4.351138613856165e-07,-0.14573033650716147,-1.7150555849075317,0.10493214925130208
2023-10-26,101174.42936197917,301.79054896036786,-0.004323435015976429,1.2874602361989673e-06,-0.14222399393717447,-1.882772405942281,0.10174051920572917
2023-10-27,101050.05582682292,301.5716800689697,-0.004441153258085251,1.7195939676639682e-06,-0.5751698811848959,-1.8630990187327068,0.09892908732096355
2023-10-28,101032.47379557292,301.458101272583,-0.004142525605857372,1.033356511470629e-09,-1.0796858469645183,-1.4079126119613647,0.09675343831380208
2023-10-29,100988.24739583333,301.38633791605633,-0.003913372755050659,1.2646932532334176e-06,-0.7428766886393229,-1.7102185090382893,0.09501075744628906
2023-10-30,100981.59488932292,301.7746861775716,-0.003622930496931076,1.716028918963275e-06,-0.8780415852864584,-1.1500858465830486,0.09354782104492188
2023-10-31,101058.43538411458,301.40786870320636,-0.0031783469021320343,1.2814997489840607e-06,-0.28819529215494794,-1.1541913747787476,0.09236590067545573
2023-11-01,101099.1591796875,301.1675942738851,-0.0035366779193282127,1.7180245777126402e-06,-0.16313298543294272,-1.3996450106302898,0.09136390686035156
2023-11-02,101008.83072916667,301.4804433186849,-0.00368655938655138,2.5716951199683535e-06,-0.3286850055058797,-1.9729390541712444,0.09048716227213542
2023-11-03,100833.22770182292,301.60900497436523,-0.003372224047780037,-8.696304121258436e-09,-0.20288848876953125,-1.9605871041615803,0.08971023559570312
2023-11-04,100818.09195963542,302.15743827819824,-0.0034040305763483047,3.4391878216410987e-06,-0.9667695363362631,-1.5552273591359456,0.08903884887695312
2023-11-05,100985.8134765625,301.75609588623047,-0.0028307028114795685,1.7089405446313322e-06,-0.23337427775065103,-0.7811743418375651,0.08851432800292969
2023-11-06,101086.41276041667,301.7730019887288,-0.003401443362236023,1.7249962525056617e-06,-0.554473876953125,-1.714624007542928,0.08808390299479167
2023-11-07,101048.9921875,301.57290776570636,-0.003258977085351944,0.0,-0.22332445780436197,-1.811147689819336,0.08767000834147136
2023-11-08,101076.7021484375,300.98435656229657,-0.001918308436870575,0.00011461388476163847,0.34926605224609375,0.9657491048177084,0.08803367614746094
2023-11-09,101136.70833333333,301.44550196329754,-0.002251184545457363,0.0025037078909804222,-0.09491475423177083,-0.6359519958496094,0.1006011962890625
2023-11-10,101248.75081380208,301.8950964609782,-0.002906029112637043,6.529688835144043e-05,-0.10060874621073405,-0.051473259925842285,0.11243375142415364
2023-11-11,101255.4140625,302.8574333190918,-0.0033907629549503326,3.010032742167823e-06,-0.18321959177652994,-2.0559367338816323,0.10621007283528645
2023-11-12,101228.037109375,302.88412221272785,-0.003696547821164131,0.0,-0.3542623122533162,-2.14169450600942,0.10047403971354167
2023-11-13,101176.3193359375,302.15514119466144,-0.003018355928361416,1.727127028061659e-06,-0.11480776468912761,-0.9799711306889852,0.09637641906738281
2023-11-14,101150.4326171875,301.1471697489421,-0.002645594999194145,0.0,0.3289998372395833,-0.9723707834879557,0.09383900960286458
2023-11-15,101132.20572916667,300.84180577596027,-0.002917911857366562,8.583068797918258e-07,0.0333331823348999,-1.410567045211792,0.09194501241048177
2023-11-16,101177.560546875,300.71443939208984,-0.0029048603028059006,1.7265305700675526e-06,-0.22655868530273438,-1.2701975504557292,0.09047190348307292
2023-11-17,101131.58170572917,300.66084543863934,-0.0027740998193621635,1.7136334236056427e-06,-0.32515589396158856,-1.341194788614909,0.08939043680826823
2023-11-18,101098.22509765625,300.1041914621989,-0.002554922364652157,4.351138045421976e-07,0.02785936991373698,-1.1953195333480835,0.08862559000651042
2023-11-19,101082.81070963542,301.26579729715985,-0.0025577349588274956,2.5857789296424016e-06,0.5444744825363159,-2.4560470581054688,0.08810043334960938
2023-11-20,101103.80615234375,302.0304724375407,-0.002166014164686203,8.70227722771233e-07,0.4371528625488281,-1.6140717267990112,0.08763058980305989
2023-11-21,101058.99267578125,302.13941701253253,-0.0028983308002352715,4.351138045421976e-07,0.008835037549336752,-2.085750420888265,0.0872344970703125
2023-11-22,101008.60221354167,300.8979841868083,-0.003014504909515381,1.7225742112714215e-06,-0.06946361064910889,-2.6459058125813804,0.08694076538085938
2023-11-23,100823.34358723958,301.10900624593097,-0.002795778214931488,8.583068797918258e-07,-0.20352681477864584,-2.8468939463297525,0.08672396341959636
2023-11-24,100880.28385416667,301.8105697631836,-0.0017626630142331123,8.523463748133508e-07,-0.9506099224090576,-1.088889439900716,0.08655802408854167
2023-11-25,101051.56477864583,301.58342997233075,-0.0015897955745458603,0.00019881129264831543,-0.18397140502929688,0.8451551198959351,0.086944580078125
2023-11-26,101113.68782552083,299.04741350809735,-0.002538316883146763,0.006802254915214689,0.7162843545277914,-0.49202243487040204,0.13315836588541666
2023-11-27,100985.57340494792,299.5892925262451,-0.0027497904375195503,0.00023866237063430162,0.35481897989908856,-1.4181350072224934,0.1571826934814453
2023-11-28,100926.55419921875,298.97934913635254,-0.0030034976080060005,3.229379643698849e-05,0.6765403747558594,-2.5239283243815103,0.14477221171061197
2023-11-29,101045.52962239583,298.2117265065511,-0.0026631802320480347,1.5556811376882251e-06,0.6638272603352865,-1.4148315985997517,0.13299433390299478
2023-11-30,101084.130859375,298.517884572347,-0.002559402957558632,-1.4901161193847656e-08,0.9424381256103516,-2.3227842251459756,0.1231676737467448
2023-12-01,101024.44514973958,298.38038380940753,-0.0021476075053215027,4.3272970060570515e-06,0.7537047068277994,-1.7061526377995808,0.11533610026041667
2023-12-02,100923.56494140625,299.4573745727539,-0.0019255653023719788,3.3229589462280273e-05,0.6165262858072916,-1.37715748945872,0.1092987060546875
2023-12-03,100932.88525390625,301.17727788289386,-0.0022116051986813545,0.0,-0.3085486094156901,-1.7327872514724731,0.10414822896321614
2023-12-04,100843.42838541667,301.2843157450358,-0.0023742150515317917,4.9173831939697266e-06,-0.13995806376139322,-3.137954672177633,0.0998369852701823
2023-12-05,100777.38525390625,300.8608868916829,-0.0024669133126735687,9.76324071189083e-06,-0.13858795166015625,-3.2097962697347007,0.09660975138346355
2023-12-06,100887.45458984375,300.32337379455566,-0.0022952109575271606,0.0,-0.23041534423828125,-2.251074473063151,0.09408251444498698
2023-12-07,100995.89306640625,299.70681889851886,-0.0022282972931861877,0.0,-0.09673500061035156,-1.8423442840576172,0.09211921691894531
2023-12-08,101048.91796875,299.79939969380695,-0.002094510942697525,2.840567617568013e-06,0.065643310546875,-2.103923797607422,0.09066581726074219
2023-12-09,101090.99348958333,300.07078742980957,-0.002216491848230362,0.0,0.004889170328776042,-2.8284648259480796,0.08954175313313802
2023-12-10,101020.51171875,300.85561752319336,-0.0021125301718711853,2.5560521521583723e-06,-0.2807634274164836,-2.0885045925776162,0.08870887756347656
2023-12-11,101049.88395182292,300.44242032368976,-0.002411646768450737,8.52346317969932e-07,0.1550006866455078,-3.05980650583903,0.08807436625162761
2023-12-12,100996.54410807292,299.4504750569661,-0.002448955550789833,1.7106532368416083e-06,0.21194140116373697,-2.8909403483072915,0.0876019795735677
2023-12-13,101082.35123697917,299.1723264058431,-0.0018964968621730804,8.52346317969932e-07,0.20290311177571616,-1.9993756612141926,0.0872510274251302
2023-12-14,101192.10237630208,299.71950976053876,-0.0019730571657419205,8.52346317969932e-07,-0.49707603454589844,-1.071828842163086,0.08696810404459636
2023-12-15,101267.5751953125,299.31272252400714,-0.002132149413228035,1.7106532368416083e-06,-0.34781964619954425,-0.8591168324152628,0.08675320943196614
2023-12-16,101187.05078125,299.30328877766925,-0.0025270283222198486,8.52346317969932e-07,-0.7919274568557739,-2.8616305589675903,0.08657900492350261
2023-12-17,101113.55094401042,299.8272355397542,-0.0020986218005418777,1.7106532936850272e-06,-1.3445181051890056,-2.6882787148157754,0.08643341064453125
2023-12-18,101201.34228515625,300.6502151489258,-0.002269139513373375,1.7046928064701206e-06,-2.9848314921061196,-1.9763999780019124,0.08631070454915364
2023-12-19,101282.64664713542,300.21311442057294,-0.002145666629076004,0.0,-1.9722788333892822,-1.7858975330988567,0.08619944254557292
2023-12-20,101260.39322916667,299.27227846781415,-0.0021776333451271057,4.261732051702438e-07,-0.9660091002782186,-2.009761095046997,0.08610153198242188
2023-12-21,101190.38313802083,299.1266161600749,-0.0014006458222866058,1.9371509552001953e-06,-0.3206795851389567,-1.3795833587646484,0.08604367574055989
2023-12-22,101212.4423828125,298.6483160654704,-0.0011560525745153427,2.4020670821300882e-06,-0.3830242156982422,-1.9125785827636719,0.08604939778645833
2023-12-23,101280.76123046875,298.6756896972656,-0.0017622308805584908,1.7106532936850272e-06,0.027945200602213543,-2.052534739176432,0.08600044250488281
2023-12-24,101374.81884765625,298.6076068878174,-0.0019191689789295197,1.2905774724458752e-06,-0.41934839884440106,-1.2965816656748455,0.08592987060546875
2023-12-25,101350.0830078125,298.9950091044108,-0.0020340178161859512,8.52346317969932e-07,-0.4409882624944051,-1.7120871543884277,0.08585166931152344
2023-12-26,101365.94449869792,299.0075518290202,-0.001691238023340702,2.58088101645626e-06,-0.09784193833669026,-1.5921810468037922,0.08576901753743489
2023-12-27,101345.02571614583,299.6312135060628,-0.0018444843590259552,8.52346317969932e-07,-0.11745210488637288,-2.7160936991373696,0.08566538492838542
2023-12-28,101222.23486328125,298.9177074432373,-0.0016356725245714188,0.0,-0.005123813947041829,-1.2010122934977214,0.0855700174967448
2023-12-29,101204.212890625,298.6897799173991,-0.0015203561633825302,8.52346317969932e-07,0.1553045908610026,-1.2919247945149739,0.08548482259114583
2023-12-30,101175.78385416667,298.6075433095296,-0.0014605764299631119,0.0,0.45093663533528644,-1.5180269877115886,0.08542633056640625
