date,surface_pressure,temperature_2m,total_evaporation_sum,total_precipitation_sum,u_component_of_wind_10m,v_component_of_wind_10m,volumetric_soil_water_layer_1
01-01-2010,91130.47689,293.6388048,-0.002764098,2.92E-06,-3.04762586,0.005307674,0.425994237
02-01-2010,91259.2679,293.1866366,-0.003230246,6.22E-06,-2.613795598,-0.709940394,0.40108935
03-01-2010,91235.09554,292.5836601,-0.003046918,1.56E-05,-1.826649984,-0.604717731,0.382525762
04-01-2010,91060.95329,292.6717332,-0.003213729,2.34E-06,-1.535960118,-1.040081342,0.366551717
05-01-2010,90944.38509,293.6889661,-0.003193036,4.35E-07,-2.146431009,-0.762781223,0.351880391
06-01-2010,90960.49121,293.3885314,-0.002781324,0,-2.73629125,-0.294583003,0.339378993
07-01-2010,91065.59619,292.8997879,-0.002759683,1.34E-06,-2.14280955,-0.259291967,0.328802109
08-01-2010,91081.97363,294.2560113,-0.002773697,0,-2.344215393,-0.425636649,0.319277445
09-01-2010,91097.85938,294.7797572,-0.001844866,0.000741988,-2.64642938,0.573778907,0.315737406
10-01-2010,91182.81559,295.2033482,-0.002069822,4.67E-05,-2.229899208,1.314229925,0.310780207
11-01-2010,91254.65495,295.5156358,-0.002095927,0.000156182,-1.792697271,1.738203208,0.305725098
12-01-2010,91326.88037,295.1777884,-0.002047542,0.00145312,-1.00787735,0.747106552,0.307500203
13-01-2010,91375.07454,294.9646994,-0.001717816,0.001625463,-1.22205925,0.19587485,0.317870458
14-01-2010,91419.91634,295.5799255,-0.002177318,3.69E-05,-2.922335307,0.511154373,0.317510605
15-01-2010,91519.64616,293.9892673,-0.00233854,2.57E-06,-3.224173387,-0.166847706,0.309589386
16-01-2010,91596.97054,293.194259,-0.00236314,9.80E-06,-3.172659556,-0.275728345,0.302140554
17-01-2010,91566.76742,294.4087874,-0.002219377,1.53E-05,-3.000258446,-0.251234094,0.295822779
18-01-2010,91438.42904,294.8397439,-0.001959817,0.000267506,-2.032606721,0.215146184,0.292147954
19-01-2010,91295.33073,294.6321214,-0.00189,0.000289443,-2.34104983,0.244641304,0.289674759
20-01-2010,91364.5472,294.5768153,-0.002063109,2.57E-06,-2.14451774,0.028277477,0.285971959
21-01-2010,91272.82699,293.3719527,-0.002396716,0,-2.11793836,-0.773742676,0.281447728
22-01-2010,91261.53451,293.0136534,-0.002328295,8.52E-07,-2.027521769,-0.542180896,0.277230581
23-01-2010,91234.23096,292.7520828,-0.002207292,2.14E-06,-2.725785573,-0.137675603,0.273729324
24-01-2010,91145.77067,293.3633175,-0.002237149,8.59E-06,-2.138739268,0.262135903,0.270568848
25-01-2010,91190.40169,294.4090201,-0.001848013,6.42E-06,-2.424467961,0.443195979,0.267983754
26-01-2010,91265.229,294.3029753,-0.001780616,5.59E-06,-2.724748611,0.465000669,0.265778224
27-01-2010,91278.5957,294.2493547,-0.001483574,1.15E-05,-2.76640447,0.431394299,0.264075597
28-01-2010,91306.01969,294.3921903,-0.001764257,3.50E-06,-3.129877726,0.536261797,0.262411118
29-01-2010,91308.24593,294.4705372,-0.001854357,2.15E-06,-2.743467331,-0.176930825,0.260718028
30-01-2010,91289.24463,294.7298539,-0.001968601,2.58E-06,-2.39781479,-0.181808472,0.259143194
31-01-2010,91292.60465,294.7577877,-0.001871129,2.57E-06,-2.076981306,-0.393323859,0.257770538
01-02-2010,91216.86719,294.4980933,-0.00176809,2.14E-06,-2.18925031,0.123031139,0.256612142
02-02-2010,91174.0109,294.1016814,-0.001834821,4.30E-06,-2.926167806,0.142524163,0.255645752
03-02-2010,91173.89388,294.0652898,-0.001872844,3.84E-06,-2.949702581,0.167731682,0.254804611
04-02-2010,91210.47965,294.0261332,-0.001833767,2.17E-06,-2.904097239,0.226760228,0.254080455
05-02-2010,91273.66276,293.6333961,-0.001731502,1.73E-06,-3.167810917,0.122392058,0.253513336
06-02-2010,91338.37386,293.8374182,-0.001565805,1.71E-06,-3.63560613,0.205263734,0.253091812
07-02-2010,91315.85433,293.7983716,-0.001445761,3.03E-06,-3.127320608,0.366755883,0.252658844
08-02-2010,91108.88411,294.9915536,-0.001681053,4.35E-07,-2.330200831,-0.052695751,0.252320608
09-02-2010,91003.3387,295.8229618,-0.001780779,8.50E-07,-1.327402751,0.828175426,0.251980464
10-02-2010,91037.73454,296.5359249,-0.001506318,3.19E-06,-1.779676437,1.132772406,0.25174586
11-02-2010,91199.30941,297.1682555,-0.001470935,8.52E-07,-2.077678045,1.225756486,0.251564026
12-02-2010,91175.1569,297.3328025,-0.001499669,8.52E-07,-2.172277013,0.982181589,0.251410802
13-02-2010,91088.87305,297.4230576,-0.00162457,3.65E-06,-2.414967934,0.921442191,0.251274745
14-02-2010,90996.42253,298.1822058,-0.001716687,1.29E-06,-1.703655601,0.786279043,0.251136144
15-02-2010,91002.42025,297.6315505,-0.001643386,4.26E-07,-2.2156533,1.033766985,0.251025518
16-02-2010,91125.03613,296.6526426,-0.001580174,4.05E-06,-2.132060806,1.325021982,0.250921249
17-02-2010,91157.95361,297.349678,-0.001625712,2.99E-06,-1.867102583,1.102193475,0.250725428
18-02-2010,91168.64421,298.3997002,-0.001600226,8.59E-07,-1.880242586,1.291968783,0.25066185
19-02-2010,91201.79769,298.4103813,-0.001571251,0,-1.496262193,1.100203713,0.250646591
20-02-2010,91209.9694,298.4968115,-0.001605559,1.28E-06,-1.907400052,1.42677176,0.250644048
21-02-2010,91224.2736,298.5165437,-0.001477109,0,-1.85293897,1.274889469,0.250643412
22-02-2010,91128.52767,298.9990775,-0.001511285,0,-2.047611992,1.094640652,0.250635783
23-02-2010,91051.24805,299.0728111,-0.001430217,1.05E-05,-0.71609815,1.394551873,0.250632604
24-02-2010,90967.50618,298.3821653,-0.001236031,0.000558066,0.36121877,0.560281674,0.253206253
25-02-2010,91021.63395,298.8266201,-0.001166595,0.000100878,-0.232828776,0.686756094,0.254708608
26-02-2010,91111.20671,298.5953732,-0.001185685,7.67E-05,-1.072143555,0.386410673,0.25450325
27-02-2010,91077.7054,299.5554002,-0.001561487,0,-2.184275309,0.160206477,0.253611883
28-02-2010,91145.21029,298.7476521,-0.001523269,8.52E-07,-2.426554998,0.551944494,0.252695084
01-03-2010,91218.84424,298.1707789,-0.001477985,1.71E-06,-2.747033437,0.562197328,0.252064387
02-03-2010,91130.9139,297.9012152,-0.001504151,0,-2.24338913,0.813674013,0.251605352
03-03-2010,91019.81315,298.4564044,-0.001504401,1.71E-06,-1.144358317,-0.048874656,0.251266479
04-03-2010,90992.69613,299.0783037,-0.001413988,0,-0.667487462,1.298513412,0.251031876
05-03-2010,91018.31396,300.1807664,-0.001316692,4.35E-07,0.207666397,1.057881991,0.250862122
06-03-2010,91115.80697,300.5946725,-0.001231066,1.73E-06,1.033205549,0.740083059,0.250759125
07-03-2010,91123.20638,301.0040321,-0.001205696,6.74E-07,-0.766949972,-0.845626831,0.250705719
08-03-2010,91119.84375,300.8508714,-0.001279562,8.59E-07,-2.607683818,0.45038859,0.250656128
09-03-2010,91202.50553,299.5502911,-0.001340494,0,-2.997135162,1.026835998,0.250626882
10-03-2010,91294.88184,299.1245162,-0.001215269,0,-3.056225459,1.243795395,0.250603358
11-03-2010,91385.97786,299.0210349,-0.001121442,1.72E-06,-3.580919266,0.69717133,0.250611623
12-03-2010,91409.74235,298.3721441,-0.001120474,4.57E-06,-3.099587758,0.534163515,0.250623703
13-03-2010,91257.76563,298.7512741,-0.001119245,8.52E-07,-2.705170314,0.715621233,0.250608444
14-03-2010,91116.46647,300.0393263,-0.00117488,2.58E-06,-1.816056569,0.643728455,0.250595729
15-03-2010,91044.81494,301.0426725,-0.001206707,1.29E-06,-1.71631368,0.420921683,0.250578562
16-03-2010,91108.2793,300.2249622,-0.000986993,6.50E-07,-1.990659078,0.978865425,0.250577927
17-03-2010,91256.40918,299.5590795,-0.001090514,0,-3.25107638,0.827953657,0.250571569
18-03-2010,91345.08496,298.4069659,-0.001074067,0,-3.465962092,0.541887919,0.250569026
19-03-2010,91198.21077,298.7627786,-0.001071,0,-2.597033183,0.849040588,0.250567118
20-03-2010,91098.18538,299.7188975,-0.001174074,8.52E-07,-2.605305354,0.343012691,0.250551224
21-03-2010,90937.63281,300.2593924,-0.001168876,0,-3.026211421,0.233049591,0.25053978
22-03-2010,90764.21875,299.8500805,-0.001188397,4.35E-07,-1.970511754,1.092356881,0.250527064
23-03-2010,90670.50407,300.1532154,-0.001157392,8.52E-07,-1.950685501,0.946888169,0.250516891
24-03-2010,90772.08236,299.9414037,-0.001126578,0,-2.025947571,0.798795819,0.250512441
25-03-2010,90813.6084,300.2395115,-0.001077837,0,-2.287195841,1.08230865,0.250510534
26-03-2010,90841.6359,300.4608479,-0.001092838,2.14E-06,-1.281703949,0.945520242,0.250512441
27-03-2010,90926.54785,301.1169268,-0.000978034,3.18E-06,-0.305875778,0.794833302,0.250525792
28-03-2010,90978.09831,301.131244,-0.000939477,5.90E-06,-1.015506109,1.28275005,0.250534693
29-03-2010,91025.14095,301.3746408,-0.000939582,4.55E-06,0.675024033,0.73413082,0.250535965
30-03-2010,91024.87907,300.4944611,-0.00094291,0.000558215,1.528445562,0.392120957,0.253026962
31-03-2010,91037.14974,299.2435309,-0.000815517,0.000573432,2.308717092,-0.239919821,0.257216771
01-04-2010,90915.97754,301.1041419,-0.001105571,2.58E-06,1.045038859,-1.4008768,0.256652832
02-04-2010,90890.96761,302.0398471,-0.001205898,1.70E-06,-0.434733073,-0.186782718,0.254531225
03-04-2010,90960.66553,301.7668997,-0.000852773,1.28E-06,-1.700083415,1.401212215,0.253183365
04-04-2010,91032.33659,301.349769,-0.000970952,0,-2.032006582,1.356582681,0.252321879
05-04-2010,90949.94076,301.3984388,-0.001021915,4.35E-07,-1.678618749,1.152407765,0.251668294
06-04-2010,90943.57503,301.7077134,-0.000976526,8.52E-07,-2.201723735,1.089398305,0.251238505
07-04-2010,91051.16178,301.4657993,-0.000897933,2.14E-06,-2.816809336,0.955292304,0.250992457
08-04-2010,91172.22721,300.7046356,-0.000797587,0.00029238,-2.410697182,1.660908461,0.252372106
09-04-2010,90981.77393,301.9692472,-0.000949453,5.15E-07,-0.800109704,0.843847036,0.252739588
10-04-2010,90793.72201,302.8055801,-0.000979813,1.72E-06,-0.717787425,0.555169582,0.251923243
11-04-2010,90739.29801,303.4045486,-0.001004132,-4.62E-09,-0.806517919,0.879700422,0.251356125
12-04-2010,90826.40413,301.8231818,-0.000788658,3.64E-05,1.274358749,0.2298129,0.251179377
13-04-2010,90827.29704,301.3892581,-0.001051756,0.001276508,1.191355387,-0.429070632,0.257897695
14-04-2010,90906.22998,300.2237708,-0.001252416,0.002304119,0.849643071,-0.635557493,0.275777817
15-04-2010,90931.89811,301.9832961,-0.001350697,6.50E-05,-1.972997665,0.389603297,0.282708486
16-04-2010,90967.8431,301.3179849,-0.0011313,7.01E-06,-0.737781525,0.704265038,0.276212056
17-04-2010,90987.07129,301.540006,-0.001191949,6.83E-05,-0.076211294,1.091176351,0.270715078
18-04-2010,90958.61182,300.468181,-0.001128483,0.001169044,1.417992274,-0.100909948,0.273296356
19-04-2010,90898.94759,298.4754289,-0.001417476,0.009883079,1.851645152,-0.18124787,0.341794968
20-04-2010,90789.91423,299.060599,-0.002614417,0.003330025,1.614718755,0.021229784,0.39583842
21-04-2010,90825.75781,298.9149202,-0.002786355,0.003098989,1.314018885,-0.531217416,0.396489461
22-04-2010,90876.74642,298.8996906,-0.002957941,0.005905879,0.486983617,-0.018991709,0.407954534
23-04-2010,90914.96143,300.6465543,-0.003431292,7.16E-05,-0.284009933,0.163890044,0.396726608
24-04-2010,90910.77653,298.7346249,-0.002657194,0.004810366,0.820049286,-0.120515823,0.392784119
25-04-2010,90876.63167,300.4126053,-0.003176428,6.39E-05,-0.395306269,0.243896166,0.384492874
26-04-2010,91072.35107,299.585996,-0.002720754,0.001916668,-0.325426737,0.459561586,0.365728378
27-04-2010,91112.72119,299.7142709,-0.002762961,0.00179005,0.373780568,0.754703522,0.361527761
28-04-2010,90981.26449,300.0827675,-0.002730994,0.000880122,0.637639999,0.105022907,0.351320903
29-04-2010,90904.01139,300.9930153,-0.002705595,2.40E-05,-0.858090719,1.291923642,0.331655502
30-04-2010,91022.85091,298.2952162,-0.002364417,0.008466828,-0.35009702,0.519756118,0.361923854
01-05-2010,90985.02165,298.9261487,-0.003188866,0.000826964,-1.260396957,0.797372818,0.388419469
02-05-2010,90879.16618,298.7372551,-0.002880947,0.004470825,0.633513769,-0.25391833,0.384382248
03-05-2010,90732.69059,299.2927144,-0.003059563,0.00044868,0.712556203,0.312686284,0.382627487
04-05-2010,90640.12028,299.3009275,-0.002786065,0.001161981,1.179834366,0.392740011,0.359727224
05-05-2010,90614.01611,299.4215151,-0.002567957,0.001653448,1.60846583,0.3260022,0.351069768
06-05-2010,90582.13493,301.1449159,-0.002597032,4.01E-05,0.059723536,0.079704682,0.336506526
07-05-2010,90610.88216,301.0190703,-0.002084478,0.000525966,0.491909663,0.554755211,0.32027181
08-05-2010,90685.1766,298.8729153,-0.00202588,0.028313768,0.745900472,-0.391899745,0.384012858
09-05-2010,90632.19824,299.8598448,-0.003965106,0.00020355,0.304304123,0.610042572,0.404687246
10-05-2010,90617.43978,300.3258235,-0.003307418,0.00021562,0.726278941,-0.321041703,0.380154928
11-05-2010,90636.26042,300.876585,-0.003601734,2.77E-05,1.19683075,-0.103563388,0.357537587
12-05-2010,90686.44417,300.9781513,-0.003275041,0.000180602,1.31501325,0.070603689,0.338115056
13-05-2010,90694.55241,300.6505788,-0.002835393,0.000657374,1.880413691,0.126974702,0.325888316
14-05-2010,90668.05892,299.5154565,-0.002814103,0.003415301,1.559949001,0.34689645,0.335330327
15-05-2010,90620.5542,300.1849906,-0.003286935,0.00371702,1.06795756,-0.206521114,0.352338155
16-05-2010,90635.93717,299.0641874,-0.00313673,0.012058133,1.63120083,0.033669035,0.419654846
17-05-2010,90626.0223,299.0639992,-0.003775209,0.007974046,1.380711754,-0.868877172,0.455148061
18-05-2010,90547.0612,298.572134,-0.003618741,0.022169933,2.563083649,0.066440582,0.463181178
19-05-2010,90500.96354,296.0185248,-0.002090119,0.014480592,4.136360804,0.226065238,0.488530477
20-05-2010,90443.69059,296.2906087,-0.002206488,0.006388927,5.142373403,0.727492054,0.48842303
21-05-2010,90608.18783,297.0198936,-0.002376532,0.002810556,4.054798126,0.62912178,0.48627154
22-05-2010,90668.85726,298.0955397,-0.004190284,0.000238383,3.338121414,0.265612523,0.461830139
23-05-2010,90645.56478,297.8534025,-0.003399383,0.004803101,3.205258052,0.738569895,0.461884816
24-05-2010,90662.93799,298.5655778,-0.004391037,0.003655586,3.808132807,0.117413521,0.46876653
25-05-2010,90681.42529,298.9667244,-0.004588241,0,4.219619751,0.490272522,0.446333567
26-05-2010,90734.70524,298.7902114,-0.004040108,7.64E-05,4.515644073,0.0248365,0.41898791
27-05-2010,90713.88005,299.1414528,-0.00455959,4.26E-07,3.630336761,-0.362628301,0.395022074
28-05-2010,90795.50146,299.2294432,-0.004168756,2.29E-05,3.070027669,0.142635067,0.373646418
29-05-2010,90792.47054,299.4067415,-0.003877075,8.52E-07,3.062176387,0.429706772,0.355726878
30-05-2010,90809.92871,298.2724883,-0.003524838,0.006922483,3.29702123,0.414762656,0.380009333
31-05-2010,90886.04557,297.5119483,-0.003358589,0.002407849,3.692471822,-0.409529567,0.41761144
01-06-2010,90876.16911,298.7609043,-0.004498234,0.002216014,2.715255102,-0.705719908,0.410223007
02-06-2010,90959.2487,298.7097244,-0.004126814,0.012136915,2.199852626,-1.22320958,0.43878746
03-06-2010,91010.7028,298.5566432,-0.004011507,0.01428012,1.570992788,-1.066959262,0.454799016
04-06-2010,90998.23682,298.5123247,-0.004085134,0.010383143,2.438696543,-0.780184825,0.436368306
05-06-2010,90878.382,297.6539987,-0.003999917,0.001984427,3.340196609,-1.436386307,0.435646057
06-06-2010,90787.45703,297.8626436,-0.004346552,0.00045264,4.358352025,-0.671607931,0.426755905
07-06-2010,90802.19043,296.6292502,-0.003025565,0.011394564,3.913072586,-0.657466928,0.433600744
08-06-2010,90702.29069,296.8812478,-0.00340297,0.004289925,3.36185201,-0.668215513,0.449792862
09-06-2010,90574.75212,296.9316139,-0.002729164,0.002075234,2.63848877,-0.242983301,0.462886175
10-06-2010,90496.83529,296.416317,-0.003399611,0.009511948,2.790341059,0.426087181,0.473544439
11-06-2010,90428.54574,295.3678239,-0.002113323,0.002470645,4.427946091,1.587321122,0.4812603
12-06-2010,90390.08691,295.8034255,-0.002959294,0.011995513,4.574557622,1.537495216,0.483748754
13-06-2010,90546.5887,295.5781256,-0.002699251,0.00451847,5.045269648,2.458412369,0.493298213
14-06-2010,90756.18148,294.7542044,-0.002088932,0.008321792,4.329826991,2.293203354,0.495424271
15-06-2010,90805.92155,295.5516758,-0.002101755,0.001032144,4.763897578,1.483880997,0.482044856
16-06-2010,90824.49723,296.4390386,-0.00304354,0.002653629,3.67022268,1.476058642,0.474571228
17-06-2010,90801.70785,296.1908334,-0.002884412,0.004944581,3.7283717,1.29417483,0.480540593
18-06-2010,90745.37565,296.3937689,-0.003296819,0.004023436,3.669697444,1.408888499,0.479337056
19-06-2010,90735.81283,296.266819,-0.003187417,0.003418803,3.26791509,1.631064097,0.476833979
20-06-2010,90825.21143,296.6011518,-0.002663274,3.76E-05,2.910758972,0.987592697,0.460756302
21-06-2010,90778.87972,297.3762633,-0.003960621,0.001562995,2.988374869,0.513617833,0.442307154
22-06-2010,90705.8514,296.7480838,-0.003372589,0.000971216,3.668369293,0.269977172,0.439182281
23-06-2010,90662.63167,296.4202754,-0.003101088,0.002874583,4.307499568,-0.119330168,0.441432953
24-06-2010,90568.56429,295.5787868,-0.002564685,0.002123535,4.855529785,0.001583378,0.440600713
25-06-2010,90481.29053,295.5788962,-0.002547128,0.001776001,5.45819219,-0.486076355,0.446761449
26-06-2010,90527.93522,295.8478737,-0.002641799,0.003634143,4.561195374,0.446088592,0.449076335
27-06-2010,90607.57161,296.6653519,-0.002649813,0.001472127,3.811386108,0.596825361,0.447772344
28-06-2010,90633.71029,296.9866778,-0.003195517,0.001178449,3.577744166,0.674972415,0.434577306
29-06-2010,90611.5179,296.64973,-0.003096972,0.003735512,3.361511072,0.353129387,0.439072291
30-06-2010,90568.1888,296.2876504,-0.003155619,0.005044508,4.294460495,0.688135068,0.459878286
01-07-2010,90506.74902,295.1538366,-0.002367148,0.051654575,4.04716301,0.701356888,0.483964284
02-07-2010,90530.52165,294.0080249,-0.001956519,0.013764912,4.395172119,1.112426678,0.468938192
03-07-2010,90555.53743,294.5515035,-0.002417199,0.021651942,3.942475637,1.336265246,0.483784358
04-07-2010,90597.45964,295.5703913,-0.002754139,0.003668875,3.763834,1.070651809,0.48263677
05-07-2010,90715.45459,295.2769521,-0.0024452,0.008783094,3.936969916,0.5111715,0.479818344
06-07-2010,90767.48372,295.0559158,-0.002719516,0.006415087,3.587579727,-0.06333224,0.481363297
07-07-2010,90852.74805,295.0231692,-0.00237397,0.005879253,2.989217758,0.045875589,0.485673269
08-07-2010,90954.35465,295.4805012,-0.002315477,0.004866913,2.12853241,-0.129820307,0.481697083
09-07-2010,90869.86523,295.9406827,-0.003390168,0.007653192,1.787976583,-0.722879251,0.489831289
10-07-2010,90872.53662,296.6175874,-0.004032064,0.00798034,1.485610962,-0.005106131,0.486943563
11-07-2010,90878.98258,296.8713086,-0.003628919,0.000412732,2.237442652,0.408111691,0.447659175
12-07-2010,90850.771,296.0279738,-0.003143931,0.006896222,2.837104797,0.126525919,0.462041219
13-07-2010,90839.20459,295.8311227,-0.003341652,0.003962519,3.248195012,0.103874842,0.480901718
14-07-2010,90755.42611,296.2965705,-0.004022595,0.00013274,3.551828384,-0.641929626,0.467840195
15-07-2010,90571.07454,295.9977042,-0.003131417,0.001466554,3.434528351,-0.304115931,0.458192825
16-07-2010,90453.35059,295.2827752,-0.002809561,0.009808838,3.696512858,0.310630163,0.474323273
17-07-2010,90551.5013,295.023173,-0.002787061,0.004906121,3.891857783,0.892245213,0.491727193
18-07-2010,90632.3571,295.3373693,-0.002962224,0.008802026,4.583592733,0.372852882,0.490980784
19-07-2010,90554.87874,295.1096884,-0.002803916,0.013800528,5.243984222,0.082108855,0.475797017
20-07-2010,90580.56445,294.2234446,-0.002415614,0.018386352,4.91349411,1.078961531,0.473555247
21-07-2010,90641.21289,294.3079185,-0.002252033,0.011741112,4.38086764,0.317824046,0.47960345
22-07-2010,90725.53369,294.2468402,-0.002496092,0.005176795,4.426550547,0.014882366,0.501145045
23-07-2010,90721.29281,295.1670602,-0.00250022,0.000410712,4.667526245,-0.147878329,0.483220418
24-07-2010,90611.84961,294.9954224,-0.00226676,0.000631028,5.596180598,0.653410554,0.473695755
25-07-2010,90552.22005,294.3728911,-0.002579624,0.007102167,5.815334956,0.34662497,0.481479009
26-07-2010,90640.51237,295.1642284,-0.003085973,0.002035302,5.846802394,0.694400271,0.483950933
27-07-2010,90707.07617,295.8219287,-0.002893997,0.000992748,5.421586355,0.142423987,0.475880941
28-07-2010,90634.78727,294.6848996,-0.002630176,0.013854956,5.120354335,-0.732696533,0.478577932
29-07-2010,90585.14697,294.138279,-0.00255632,0.008814754,4.901767731,-0.306482315,0.502450943
30-07-2010,90675.87793,294.0655073,-0.002474722,0.009292769,4.880753199,0.524993896,0.470700582
31-07-2010,90829.03695,295.1882877,-0.002567884,0.000100949,5.360990524,0.469239116,0.453456879
01-08-2010,90869.20247,295.2297916,-0.002669926,0.000315875,4.936847051,-0.372725805,0.448587418
02-08-2010,90768.43392,295.5614961,-0.002928985,0.000331858,4.763646444,0.10395058,0.442221959
03-08-2010,90648.14193,294.8389874,-0.002783442,0.006933308,4.924128215,1.023317973,0.464205424
04-08-2010,90600.15853,295.0597178,-0.003175689,0.006884765,4.730011622,0.38363115,0.494148254
05-08-2010,90726.85872,295.6196836,-0.00280249,0.000995886,4.030736923,0.079894622,0.47478358
06-08-2010,90767.87142,295.279808,-0.003040152,0.001237067,3.908203125,0.200761835,0.466133118
07-08-2010,90751.98242,295.1955973,-0.003020652,0.004064912,3.396116257,0.718435367,0.474150976
08-08-2010,90722.66748,295.8264141,-0.003241733,0.001869524,3.650847753,0.424916625,0.473220825
09-08-2010,90742.75309,296.0244929,-0.003240809,0.000943303,3.749421438,-0.889765024,0.462859472
10-08-2010,90729.97917,296.1190141,-0.003648745,9.59E-05,3.494435628,-1.331117431,0.447425842
11-08-2010,90693.07601,296.1594512,-0.003527431,0.001038492,3.704504649,-1.310421427,0.438454946
12-08-2010,90576.74528,296.0391916,-0.003260173,0.006608093,2.849957148,-0.96396637,0.459428787
13-08-2010,90614.05859,295.6602071,-0.003044548,0.003522277,3.041068395,-0.869015574,0.475952784
14-08-2010,90643.55225,295.7802016,-0.003161986,0.005111524,3.024211248,-0.420465112,0.48035876
15-08-2010,90667.53467,295.7711728,-0.002782639,0.003936407,2.387859344,0.310497244,0.483084997
16-08-2010,90690.29476,295.4178441,-0.002842687,0.009192821,3.095612208,0.386903127,0.473879496
17-08-2010,90629.76481,295.5190417,-0.003200736,0.001477602,4.560573578,0.262488047,0.469817479
18-08-2010,90685.74805,295.3106785,-0.002604169,0.000880805,4.379620234,-1.188189189,0.467182159
19-08-2010,90728.91406,296.1397591,-0.003321952,0.000577825,2.945863088,-1.691961288,0.459704717
20-08-2010,90768.87467,295.5406011,-0.002682165,0.009751836,1.586123784,-1.542894363,0.466052373
21-08-2010,90678.01921,294.8086007,-0.002236539,0.015610029,1.917761485,-0.476133347,0.473024368
22-08-2010,90622.41309,294.8661556,-0.002789726,0.009702778,3.045212428,-1.719150861,0.475895564
23-08-2010,90547.83382,295.167469,-0.002594514,0.005795717,2.938531876,-2.441362341,0.481018066
24-08-2010,90442.78011,294.4665674,-0.002079686,0.016308129,3.524578094,-1.512178818,0.474315643
25-08-2010,90477.62988,293.5481968,-0.001712598,0.026681393,3.800955455,-0.78218925,0.483606974
26-08-2010,90551.88525,294.6272132,-0.002563925,0.004907026,3.806507746,0.519713044,0.499105453
27-08-2010,90592.17594,295.5651677,-0.003108274,0.00202933,3.978680293,1.689532916,0.487150828
28-08-2010,90627.8973,296.0054607,-0.00337263,0.002655312,3.905922572,1.491095384,0.48367246
29-08-2010,90668.75179,295.3435237,-0.002617354,0.004554519,3.949093501,0.798229059,0.487887065
30-08-2010,90667.80615,294.4775969,-0.002672556,0.013063401,4.160516103,0.686089834,0.489743551
31-08-2010,90766.16764,294.0245196,-0.002275337,0.004018813,4.171389262,0.290378173,0.501665751
01-09-2010,90882.88558,295.2146263,-0.003384463,0.000169396,4.209491094,-0.214033246,0.479113261
02-09-2010,90885.80924,295.1840611,-0.002991688,0.000754982,4.060628891,-1.146211624,0.469738007
03-09-2010,90735.66895,295.0584927,-0.002375759,0.000862584,3.892810186,-0.694537401,0.463712692
04-09-2010,90720.75716,295.0469004,-0.002735188,0.001003155,3.844652176,0.294562658,0.460943222
05-09-2010,90883.57585,294.6707808,-0.002596913,0.003622496,3.736694972,0.448050181,0.471298854
06-09-2010,90812.95589,295.0633132,-0.002734467,0.001396656,4.344715118,0.501438777,0.46866862
07-09-2010,90672.35856,295.4612395,-0.002954066,0.001325274,4.583744208,0.46976161,0.461282094
08-09-2010,90701.48975,295.0790151,-0.002984054,0.005755323,4.376101812,1.002406438,0.474904378
09-09-2010,90766.57943,295.4207039,-0.003271896,0.000843668,3.699927648,1.299634496,0.469218572
10-09-2010,90762.73258,295.1599477,-0.003211603,0.004747725,3.132007996,0.659160137,0.473464966
11-09-2010,90804.21126,294.9463323,-0.002484577,0.003189266,2.906768878,-0.606377403,0.480552038
12-09-2010,90805.10449,295.4541194,-0.003127013,0.000352764,2.533505122,-1.026144703,0.468371073
13-09-2010,90703.73242,294.9499868,-0.002713389,0.002486038,3.08697319,-0.553784688,0.4643809
14-09-2010,90648.32389,294.7086926,-0.002239266,0.001113907,3.429196676,0.168667475,0.465749741
15-09-2010,90646.48438,294.9386247,-0.002888927,0.00202373,3.613306681,0.286632856,0.46166865
16-09-2010,90655.38965,295.1886419,-0.003039889,0.004600115,3.529984156,0.014098446,0.474906921
17-09-2010,90602.82894,294.9796073,-0.003003638,0.005109179,3.535612106,-0.409921964,0.482618332
18-09-2010,90546.03402,294.5471363,-0.002581163,6.68E-05,3.601652781,-0.006445845,0.469757716
19-09-2010,90624.5293,295.075655,-0.003462178,2.96E-05,2.554133097,0.280534903,0.453083674
20-09-2010,90749.27653,295.8840351,-0.003790367,0.000766762,0.406671524,0.409308394,0.441481908
21-09-2010,90859.45182,295.4355685,-0.003194008,0.023416698,-0.036850611,0.750507196,0.451643626
22-09-2010,90890.39795,295.8181362,-0.003478829,0.004489854,0.234841665,-0.302563548,0.442771912
23-09-2010,90801.21484,296.3810488,-0.003782142,0.011894748,-0.656503042,0.308326443,0.476214091
24-09-2010,90802.27751,295.6938833,-0.003254114,0.008027055,1.306989034,0.265146255,0.464049657
25-09-2010,90849.78678,295.716437,-0.003242691,0.000984551,0.409075419,-0.49745516,0.451265335
26-09-2010,90857.48763,295.9304066,-0.003508779,0.004962206,-1.435908635,-0.207529863,0.467088699
27-09-2010,90859.67497,295.6142178,-0.003242235,0.008936071,-2.355855306,0.823294282,0.477033615
28-09-2010,90912.82666,295.8767573,-0.003731807,0.000548792,-2.263675054,1.590603272,0.462754567
29-09-2010,90896.91504,295.55019,-0.003607062,0.007434654,-1.556681315,0.911105553,0.462333043
30-09-2010,90769.74398,296.2617982,-0.004143362,0.001678982,-0.867144903,-0.029377898,0.463193893
01-10-2010,90676.61263,295.5305627,-0.003214853,0.004096332,-1.167072296,-0.119807164,0.479072571
02-10-2010,90707.92806,295.2996667,-0.003327823,0.014151296,-0.962865829,0.780216416,0.479232788
03-10-2010,90733.21354,295.4784724,-0.003131771,0.002755771,-1.432055155,1.162742098,0.464057922
04-10-2010,90658.92806,295.8326327,-0.003758823,0.003294832,0.222711563,0.063736121,0.476382573
05-10-2010,90570.67497,296.0606022,-0.003558261,0.005880231,1.180226008,-0.265849312,0.487573624
06-10-2010,90553.89909,295.4039586,-0.003003383,0.005647659,2.839379628,-0.440331976,0.491282781
07-10-2010,90523.4126,295.7492428,-0.003198529,0.002170292,2.381389618,-0.249079148,0.482039769
08-10-2010,90630.79362,296.2310251,-0.003877769,0.001010956,1.829407374,-0.455785751,0.473638535
09-10-2010,90652.28857,296.035848,-0.003385312,0.000590622,2.164824804,-0.258477529,0.462722143
10-10-2010,90734.76742,295.4646384,-0.002741586,0.000900123,1.832748413,-0.484344482,0.456123352
11-10-2010,90914.39046,295.6383622,-0.004436417,5.99E-05,2.485809326,-0.713776271,0.444354375
12-10-2010,91036.69173,295.6164487,-0.003602634,0.000105101,2.119401296,-0.600911975,0.431017558
13-10-2010,90952.94873,295.2526067,-0.003452861,0.00263658,1.804416656,-0.356828014,0.434021632
14-10-2010,90844.34294,295.1506564,-0.003819847,0.00946877,2.458892186,-0.21319437,0.466545741
15-10-2010,90760.47461,294.6564376,-0.002947288,0.001572484,3.553451538,-0.286155264,0.477356593
16-10-2010,90639.54915,294.5994778,-0.003535409,0.001114865,3.852261225,-0.185661872,0.46084404
17-10-2010,90678.4943,294.3420849,-0.002533359,1.25E-05,3.163408279,0.981718063,0.448166529
18-10-2010,90782.30664,294.7621078,-0.003266481,0.000267945,2.458075205,0.87499555,0.435890834
19-10-2010,90882.76481,295.5281569,-0.003477776,0.000493215,1.885482152,0.38911438,0.426202138
20-10-2010,90893.24398,295.3835564,-0.002902953,0.008055627,1.293405533,-0.003924688,0.456713359
21-10-2010,90716.04443,295.5113182,-0.00305184,0.005923021,2.023305893,0.44224449,0.472254435
22-10-2010,90643.67106,295.2077154,-0.003005357,0.001241096,3.105185827,0.965860526,0.461420695
23-10-2010,90739.10286,294.3782266,-0.002317434,0.008237649,2.918926676,0.848211408,0.461210887
24-10-2010,90793.82031,295.1518389,-0.002898918,0.000807464,2.615299225,-0.388001124,0.458917618
25-10-2010,90860.20768,295.4763838,-0.003511375,0.001110756,1.382829666,-0.906958262,0.456650416
26-10-2010,90969.44889,295.504645,-0.003354222,0.004339853,-0.099188089,-0.512864431,0.465108871
27-10-2010,91046.32943,295.2131742,-0.002986791,0.002445126,-0.623871485,-0.96295166,0.476630529
28-10-2010,90996.45801,295.3355217,-0.003475755,0.000708535,-1.943579356,-1.580217361,0.462423325
29-10-2010,90943.62988,294.5184307,-0.002349211,0.001157129,-1.599733353,-2.355414708,0.455507278
30-10-2010,90933.15788,293.928318,-0.002026252,0.005895624,-0.585849126,-2.073395411,0.472491582
31-10-2010,90835.35677,293.4862041,-0.001624396,0.00161292,0.215117772,-1.932661414,0.479061762
01-11-2010,90685.4305,293.6334858,-0.001741176,0.021253097,0.265560786,-1.079181314,0.47597758
02-11-2010,90803.49202,293.7009722,-0.001989213,0.010229874,0.618599574,-0.535180608,0.48698616
03-11-2010,91022.7251,294.9767062,-0.002834097,0.00345622,-0.959801992,0.717029174,0.486424764
04-11-2010,91078.74121,294.7051684,-0.003235504,0.005193222,-1.575656891,-0.134231647,0.492972056
05-11-2010,91008.9541,294.6110198,-0.002863117,0.003500551,-0.988237381,-0.974917094,0.494543711
06-11-2010,90804.11947,294.6207097,-0.003279194,0.000210938,-0.375810623,-2.023897171,0.479366302
07-11-2010,90546.16227,292.0278155,-0.001827264,0.025096954,2.416465123,-1.795171102,0.484987259
08-11-2010,90735.16699,293.1868445,-0.001568606,0.00225717,-0.114103317,1.960243861,0.493717194
09-11-2010,91151.62598,295.0423203,-0.003024255,0.003164873,-2.20435524,1.425667723,0.488903681
10-11-2010,91232.98958,294.3155092,-0.002620809,0.008429945,-1.221403758,0.83250018,0.469547908
11-11-2010,91087.08887,294.3898449,-0.002543917,0.023707926,0.158688863,0.27475361,0.463836034
12-11-2010,90855.39128,294.9239527,-0.002635613,0.000942379,-0.492092768,-0.6678255,0.4323349
13-11-2010,90879.17139,295.070013,-0.002855863,0.001391032,-1.400829951,0.497056524,0.437016169
14-11-2010,91120.56006,294.9899743,-0.003337849,0.000667983,-1.908679962,0.296676,0.433270772
15-11-2010,91114.01579,294.2334805,-0.003123369,0.005774239,-1.652563731,-0.457308173,0.454701106
16-11-2010,90890.42057,293.8089224,-0.002748019,0.007272117,-1.994754155,-2.569157044,0.48296229
17-11-2010,90890.82178,293.2953466,-0.001643671,0.009260371,-2.807069143,0.442470551,0.479285558
18-11-2010,91066.22412,294.319205,-0.00281763,0.002690414,-2.835568746,0.865587155,0.483415604
19-11-2010,91016.13558,294.3934409,-0.002885072,0.000809917,-2.456664125,0.525139173,0.475802104
20-11-2010,90865.72428,294.82676,-0.004021304,0.000970411,-1.835882187,0.089070678,0.462088903
21-11-2010,90806.89551,294.1704521,-0.002710143,0.001864787,-1.507669449,1.085664868,0.464329402
22-11-2010,90776.67432,294.7540843,-0.003262397,0.000144735,-1.949065526,1.28134644,0.45598348
23-11-2010,90877.56966,294.5634511,-0.00284164,0.001137972,-1.788737257,0.73441414,0.448791504
24-11-2010,90983.01758,294.2006741,-0.002671058,0.000170839,-2.37956659,-0.536195358,0.441744486
25-11-2010,91002.51351,294.1742172,-0.003008005,0.002053511,-2.362567504,-0.611969709,0.433596293
26-11-2010,90912.21387,293.6500022,-0.002221201,0.001889417,-1.752804041,-1.194876671,0.460156123
27-11-2010,90893.98958,292.7934914,-0.001611018,0.003250718,-2.026505152,-0.888499816,0.464981715
28-11-2010,90962.75911,293.4055246,-0.002696051,0.000222045,-3.241312663,-0.409508665,0.453433355
29-11-2010,90992.14486,293.3397668,-0.003666575,2.34E-05,-3.15589265,-0.49803249,0.436552048
30-11-2010,90882.44873,293.9475555,-0.002979412,7.45E-06,-3.25555861,-1.037963351,0.423069
01-12-2010,90893.10303,293.5828094,-0.001899352,0.000330085,-3.208498081,-1.423028946,0.417313894
02-12-2010,90910.90413,293.8270931,-0.002274664,0.001428476,-3.242042939,-1.018809597,0.419495265
03-12-2010,90907.2876,293.5300598,-0.002865182,6.79E-07,-2.925151189,-1.205579122,0.413567225
04-12-2010,90755.12972,292.8085613,-0.003276928,0.000176597,-2.315361102,-2.276287079,0.402161916
05-12-2010,90598.43652,292.599425,-0.002458346,0.00010378,-1.375108719,-3.113542557,0.395482381
06-12-2010,90590.73242,291.3889942,-0.002640691,0.001022103,0.01733462,-3.65035065,0.390506109
07-12-2010,90557.77962,292.6878859,-0.0014381,0.000704178,1.060605367,-1.786245584,0.394739787
08-12-2010,90644.96468,293.8711758,-0.001925999,0.002345411,1.451648076,-0.578105927,0.406262716
09-12-2010,90736.71175,293.9727732,-0.002347925,0.00079957,1.804036458,0.091763417,0.41051801
10-12-2010,90793.02409,293.7284533,-0.003318211,2.15E-06,1.794996262,0.618008534,0.399173737
11-12-2010,90762.94775,293.8647474,-0.002816156,0.000109812,2.036776225,0.101874669,0.387715658
12-12-2010,90704.28906,293.3226121,-0.002605051,4.30E-05,1.115733703,0.511605581,0.378848394
13-12-2010,90836.60417,293.7152608,-0.00251678,0.000109422,-0.412136952,0.271491369,0.371323268
14-12-2010,90917.28809,294.0890859,-0.002383132,0.001700449,-1.354399999,0.345355988,0.370491028
15-12-2010,90947.01107,293.6111558,-0.002471676,0.003493118,-2.444308599,-0.335749308,0.390049616
16-12-2010,90993.9943,292.8342845,-0.001716633,0.002438446,-2.352558136,-0.480403264,0.415911992
17-12-2010,91017.09261,293.2535229,-0.002098305,0.001109987,-2.311964035,-0.104130427,0.41629982
18-12-2010,91006.90755,292.4936034,-0.002704099,1.17E-05,-1.753506382,-1.378085216,0.404566447
19-12-2010,91107.33154,292.3397204,-0.002491111,0.00010525,-3.080975572,-1.079567671,0.391724904
20-12-2010,91198.77197,291.9438699,-0.001233495,0.000926062,-2.722967784,-2.048946659,0.389518738
21-12-2010,91055.7876,292.1977596,-0.0033883,0,-2.149624944,-1.408040285,0.379764557
22-12-2010,90875.07959,290.586181,-0.003520245,8.68E-07,-1.419740677,-1.374950409,0.365907669
23-12-2010,90912.25618,290.9530907,-0.003216993,8.49E-07,-1.478394826,-0.343854904,0.354053497
24-12-2010,90946.10042,290.5348479,-0.00296331,1.11E-06,-1.771324158,-0.430152893,0.344183604
25-12-2010,90942.83626,291.3438689,-0.002871211,0,-2.115390778,0.150613785,0.335280101
26-12-2010,90982.90983,291.7710724,-0.002938684,2.14E-06,-2.253714244,0.306570689,0.326999029
27-12-2010,90986.13265,291.6571859,-0.002797529,0,-2.303046544,0.233348211,0.319442113
28-12-2010,91006.10221,292.121102,-0.002613215,0.001164836,-2.776863416,-0.06446902,0.316841125
29-12-2010,91044.43099,292.5397669,-0.001509392,0.00067794,-2.137537638,0.341048559,0.329564412
30-12-2010,90997.47005,292.9376825,-0.002429658,7.32E-05,-1.636262576,0.348394871,0.324164073
01-01-2011,90807.02946,294.4986178,-0.002528574,5.05E-06,-1.110708753,0.265426199,0.309837977
02-01-2011,90858.59701,294.7653052,-0.002398783,0.00011521,-1.554764469,0.365924835,0.304456711
03-01-2011,90950.06999,293.9933891,-0.001904556,0.000927931,-3.170980175,-0.056563377,0.30522728
04-01-2011,90977.04704,293.7973576,-0.001711033,1.54E-05,-3.302363714,-0.581302643,0.304170609
05-01-2011,90909.43831,292.9270433,-0.001021218,0.000153923,-2.769218405,-1.259387692,0.302005132
06-01-2011,90939.7321,293.8128147,-0.002504476,8.58E-07,-2.394153953,-1.282300949,0.297850291
07-01-2011,90885.66732,294.031922,-0.002563575,2.15E-06,-2.1498909,-1.154523492,0.292423248
08-01-2011,90801.14827,294.3025169,-0.002650803,4.26E-07,-1.499844869,-1.491665324,0.287511826
09-01-2011,90854.55306,294.1430136,-0.002676562,8.52E-07,-1.848544717,-1.262502948,0.283095678
10-01-2011,90935.59098,293.5452035,-0.002707794,2.15E-06,-1.586462021,-1.851909637,0.279204051
11-01-2011,90945.10807,292.5012328,-0.002717372,8.53E-07,-1.513920625,-1.678156535,0.275656382
12-01-2011,90921.63314,292.2131297,-0.002615657,8.52E-07,-2.181076686,-0.795298258,0.272503535
13-01-2011,90981.64209,292.5606397,-0.00254192,8.55E-07,-2.403578679,-1.131136258,0.26954778
14-01-2011,91033.33496,292.485007,-0.002455005,1.30E-06,-2.837696711,-0.792223454,0.267030716
15-01-2011,91133.00439,293.0279458,-0.002245346,2.14E-06,-2.652296702,-0.082410892,0.264921188
16-01-2011,91021.31217,295.2049014,-0.002226692,3.00E-06,-1.65782547,0.398072044,0.26293246
17-01-2011,91013.05599,295.4823907,-0.002145257,1.71E-06,-1.371301651,0.142173052,0.261222204
18-01-2011,91007.20313,294.4903622,-0.002335111,4.26E-07,-2.26732254,-0.140960534,0.259488424
19-01-2011,90971.28467,294.210825,-0.00235502,2.14E-06,-2.286060969,0.031255881,0.258034388
20-01-2011,91044.61833,295.032746,-0.002367691,4.33E-07,-2.757737478,-0.612370412,0.256761551
21-01-2011,91081.49561,294.2699343,-0.002032805,4.22E-06,-2.951375961,-0.954289993,0.255854289
22-01-2011,91185.82194,293.5248559,-0.00179847,1.89E-05,-3.038182576,-0.213973721,0.255245209
23-01-2011,91266.62907,293.0814896,-0.001597704,4.22E-06,-3.391199112,-0.267392476,0.254774729
24-01-2011,91228.73649,292.4320437,-0.001726326,0,-3.189928293,-0.521661599,0.25402387
25-01-2011,91189.9069,292.3732497,-0.001572158,1.72E-06,-3.17778035,-0.019408822,0.253479004
26-01-2011,91272.3457,292.7890911,-0.001482812,1.45E-05,-3.161933978,0.184027195,0.2532444
27-01-2011,91270.43669,293.3882618,-0.001850637,4.90E-06,-2.944030126,-0.120209495,0.252969742
28-01-2011,91185.48226,293.5394484,-0.001888839,8.52E-07,-2.860691071,-0.236555894,0.252581914
29-01-2011,91097.59163,293.9747378,-0.001861237,1.29E-06,-3.269289017,-0.086063425,0.252307892
30-01-2011,91143.88167,293.8898176,-0.001722781,4.35E-07,-3.336790204,0.042196989,0.2521197
31-01-2011,91156.56722,294.3404172,-0.001817888,4.35E-07,-3.014932076,-0.443348567,0.251941045
01-02-2011,91177.90479,294.1937701,-0.001797138,0,-2.934590022,-1.284793854,0.25177892
02-02-2011,91172.82699,293.7213078,-0.00163404,8.52E-07,-3.27140069,-0.958597819,0.25164477
03-02-2011,91167.91618,293.7970498,-0.001534468,4.40E-07,-3.413565318,-1.283202489,0.251568476
04-02-2011,91123.57471,293.7263171,-0.001571824,2.13E-06,-2.385011673,-1.528042475,0.25148201
05-02-2011,91023.89909,294.0048542,-0.001619535,8.58E-07,-2.892020941,-0.443975131,0.25140508
06-02-2011,91021.67188,293.5871881,-0.001696317,0,-2.88436985,-0.32836322,0.251268387
07-02-2011,90956.2736,293.8496469,-0.001753936,1.72E-06,-1.994978587,-0.954890092,0.251130422
08-02-2011,90750.91536,294.218071,-0.001766252,1.71E-06,-1.933502197,-0.911526402,0.2510554
09-02-2011,90752.50488,294.051391,-0.001832479,1.71E-06,-2.761127472,-0.280942559,0.250993093
10-02-2011,90969.08919,294.4020608,-0.001799749,1.71E-06,-3.032553355,-0.141531587,0.25094986
11-02-2011,91046.56185,294.1045742,-0.001643583,3.44E-06,-3.399232229,-0.074220816,0.250921249
12-02-2011,91009.97461,293.9652837,-0.001576341,2.55E-06,-3.150603612,-0.103689432,0.250918706
13-02-2011,90916.12874,294.0819435,-0.001628284,2.33E-08,-2.991060893,0.138174295,0.25088501
14-02-2011,90846.5109,294.5394815,-0.001620311,0,-2.336307526,1.239714543,0.250848134
15-02-2011,90912.6569,295.0926755,-0.001463098,4.35E-07,-0.066414515,1.188320319,0.250694275
16-02-2011,90966.60921,295.6597188,-0.001315961,1.28E-06,0.530963262,0.675833186,0.250671387
17-02-2011,90953.29378,296.423076,-0.001456371,0,0.191450119,0.892978549,0.250680288
18-02-2011,90920.24137,296.6770096,-0.001452064,8.55E-07,0.503834407,1.372826894,0.250472387
19-02-2011,91029.52295,296.9113503,-0.001247698,2.11E-05,-1.021602631,2.258036931,0.250556946
20-02-2011,91063.7806,297.029213,-0.001075925,0.000245779,-1.11063385,2.160594026,0.251567205
21-02-2011,91059.90234,296.1999582,-0.001582874,0.001428246,-0.999331355,1.243748148,0.256837209
22-02-2011,91102.62679,295.1157818,-0.001622213,0.002211091,-2.342365106,0.667111516,0.26841863
23-02-2011,91177.96826,294.5770257,-0.00145188,0.005840737,-2.160075506,0.626129786,0.308165232
24-02-2011,91059.08626,295.5017846,-0.002056236,0.001289248,-1.275067329,0.847313563,0.339911143
25-02-2011,90896.81576,295.5628452,-0.002186663,0.001314823,-0.351782242,1.114335378,0.34088707
26-02-2011,90939.78988,295.6324711,-0.00202394,0.000783721,-1.378835996,0.05294927,0.337353388
27-02-2011,91083.56494,296.1023642,-0.002364973,2.09E-06,-2.783355713,0.017160416,0.323252996
28-02-2011,91098.79329,295.7699324,-0.002380972,8.52E-07,-3.442135493,-0.09557573,0.308002472
01-03-2011,91071.22624,295.5416508,-0.001999421,1.28E-06,-3.515762965,0.338446299,0.296056112
02-03-2011,91036.75179,295.6333866,-0.002009357,1.29E-06,-3.179993312,-0.189469576,0.287006378
03-03-2011,91030.10677,295.5329882,-0.001972714,1.28E-06,-3.188415527,-0.204294721,0.27979215
04-03-2011,90945.35938,296.2465515,-0.002040106,1.29E-06,-2.508757273,0.024028699,0.273982366
05-03-2011,91009.41748,297.0019048,-0.002000411,1.72E-06,-2.25102361,0.10505259,0.269018809
06-03-2011,91154.05143,297.0942059,-0.001917787,4.41E-07,-2.954678575,-0.149162292,0.264736176
07-03-2011,91215.92057,297.7174047,-0.001779163,4.35E-07,-3.375386397,0.22502327,0.261253993
08-03-2011,91084.57227,299.2497406,-0.001719376,2.14E-06,-2.571516037,0.775222143,0.258472443
09-03-2011,91028.3654,299.7769794,-0.001632807,1.72E-06,-0.959136963,1.190427144,0.256244024
10-03-2011,90994.04183,299.273187,-0.001720008,0,-1.836193085,1.360059102,0.254479726
11-03-2011,90891.08708,298.76957,-0.001683273,4.35E-07,-1.99365298,0.860612233,0.253203074
12-03-2011,90906.93245,298.1747341,-0.00147377,8.70E-07,-3.016596476,-0.021728436,0.252428055
13-03-2011,90974.88184,297.8765831,-0.001385424,3.54E-06,-3.056360563,-0.632328908,0.251942317
14-03-2011,90898.5708,298.0733058,-0.001450295,0,-2.941840291,-0.621352514,0.251562754
15-03-2011,90838.16715,298.2560724,-0.001370842,1.73E-06,-3.186537425,-0.526133855,0.251294454
16-03-2011,90782.46533,298.0798238,-0.001324143,0,-3.393719355,-0.12737147,0.251099269
17-03-2011,90902.52832,296.6744614,-0.001260085,4.41E-07,-3.423333486,-0.213411331,0.250969569
18-03-2011,90855.37695,296.2416662,-0.001238037,4.35E-07,-2.991211573,0.312081019,0.250871658
19-03-2011,90785.29671,297.2484004,-0.001341339,4.35E-07,-2.445784251,0.667331298,0.250789642
20-03-2011,90796.75505,298.5466035,-0.001440194,8.54E-07,-1.005694071,0.793279012,0.250709534
21-03-2011,90895.3335,299.1902994,-0.001295835,1.31E-06,-0.061482112,0.007128398,0.250656128
22-03-2011,90899.5057,300.1258634,-0.001362468,0,-1.33803304,0.669730584,0.250609716
23-03-2011,90883.5555,300.1248843,-0.001358108,0,-1.656398773,0.808799187,0.25057284
24-03-2011,90900.34229,299.9153271,-0.001346983,8.78E-06,0.255773544,0.729380925,0.25056839
25-03-2011,90916.3151,299.7721774,-0.001178559,1.19E-05,-1.13860321,0.336550077,0.250634511
26-03-2011,90998.12956,297.8629754,-0.0011211,0.001546675,0.403331757,0.850123247,0.260026296
27-03-2011,90965.39697,299.5465616,-0.001158034,1.29E-06,-1.433673223,0.11572663,0.265918732
28-03-2011,90940.0446,299.889438,-0.00134919,2.16E-06,-1.250890732,0.229441365,0.262412389
29-03-2011,91020.11279,300.2196369,-0.001376668,5.15E-06,-0.864587148,0.550483982,0.259289424
30-03-2011,91017.93587,300.2301006,-0.001384163,8.52E-07,-0.925196966,0.574900945,0.256706238
31-03-2011,90989.81478,300.012338,-0.001142942,1.36E-06,0.615081151,0.778262059,0.254865646
01-04-2011,90963.08447,300.2712466,-0.001082891,1.68E-05,1.297029495,0.161905289,0.253700892
02-04-2011,90958.19613,299.7722435,-0.001102653,2.62E-05,1.187081655,0.912138621,0.25289917
03-04-2011,90974.76644,299.0378787,-0.001027321,6.10E-05,1.28082339,1.114689787,0.252673467
04-04-2011,90901.25049,300.1110013,-0.001149644,3.43E-06,1.107999007,0.389135997,0.252155304
05-04-2011,90959.24821,299.4427191,-0.000927113,1.11E-05,-0.228931745,0.888855735,0.251731873
06-04-2011,90995.17008,299.4036045,-0.001016895,0.000319411,-1.738011678,1.672990878,0.25287501
07-04-2011,91040.64909,299.3123169,-0.001115988,1.72E-06,-2.218832652,1.032037179,0.252518336
08-04-2011,91052.87272,299.5217737,-0.001106964,0,-1.707085927,1.192371368,0.251909892
09-04-2011,91093.77002,300.00575,-0.001087493,0,-1.720872243,1.356175741,0.251461665
10-04-2011,91126.60938,299.4142831,-0.000967956,1.75E-06,-2.353717168,0.975516637,0.251190821
11-04-2011,91014.63542,299.6755219,-0.001031427,1.72E-06,-2.236454884,0.525489171,0.251005173
12-04-2011,90974.61247,300.1399746,-0.000993428,4.57E-06,-1.717498144,1.19539388,0.250886281
13-04-2011,90936.70866,300.6738955,-0.000990509,1.64E-05,-1.269790649,1.036094666,0.250851949
14-04-2011,90894.16846,298.2347933,-0.001201069,0.004891837,0.569419861,0.528661609,0.279839198
15-04-2011,90868.58919,297.7385909,-0.001901693,0.006961646,0.363974889,-0.227458954,0.345170339
16-04-2011,90931.8221,299.1598822,-0.002835985,0.000133275,-1.483954112,0.76617082,0.36770312
17-04-2011,90953.95329,299.6923561,-0.002647867,1.72E-06,-1.201353709,0.664681077,0.339133581
18-04-2011,90781.493,300.4564654,-0.002328584,1.86E-05,-0.961847941,0.620496392,0.31705602
19-04-2011,90754.60286,298.8581416,-0.00192297,0.003299731,0.755489349,-0.196069717,0.315647761
20-04-2011,90786.99902,298.6896375,-0.002291577,0.000408667,-0.443653107,0.489549001,0.327084859
21-04-2011,90844.02148,297.1075637,-0.002065007,0.036886871,-0.048885981,1.219804128,0.395916621
22-04-2011,90804.83105,295.6885045,-0.00299458,0.083205089,-0.182334264,-0.133505106,0.492960612
23-04-2011,90733.07764,295.9413541,-0.003402741,0.019887581,-1.159095128,0.301276207,0.431061427
24-04-2011,90737.43945,296.3711007,-0.003669062,0.00463208,0.698470434,-0.676102956,0.444709778
25-04-2011,90712.89046,297.3900477,-0.004407273,0.000185722,-0.730718613,-0.533643405,0.44741567
26-04-2011,90741.34196,297.6588809,-0.004192904,0.000146317,-1.264502207,-0.243270516,0.425994237
27-04-2011,90661.82633,297.9806341,-0.004520678,2.05E-05,-1.021148046,0.38091735,0.406480153
28-04-2011,90584.60547,298.5617663,-0.004312572,9.60E-06,1.710671743,0.307360411,0.388525645
29-04-2011,90638.1945,298.4077625,-0.004045432,8.80E-05,2.109535853,0.288362861,0.373083115
30-04-2011,90740.72119,297.5372365,-0.003817877,0.007690883,1.241892497,-0.200653195,0.401760101
01-05-2011,90832.00781,298.0141805,-0.004179983,0.001378649,1.079062144,-0.457259218,0.432964961
02-05-2011,90812.92578,297.7643363,-0.004135608,0.004318969,1.649001439,-0.516118606,0.435738881
03-05-2011,90780.55745,298.0742397,-0.004349429,0.004189923,2.049280802,-0.388103406,0.444952647
04-05-2011,90826.94987,298.4160239,-0.004491802,0.001302615,2.437609355,-0.502069791,0.436075211
05-05-2011,90791.53923,299.2274704,-0.005044943,2.98E-06,2.128662109,-1.588917017,0.40798378
06-05-2011,90791.8387,299.1357384,-0.00478251,3.56E-06,2.596899668,-0.747390747,0.380090078
07-05-2011,90751.97673,297.9631958,-0.004691538,7.64E-09,3.475320816,-0.17870156,0.356648127
08-05-2011,90673.78939,297.6049925,-0.004148049,1.71E-06,2.514133453,-0.181163033,0.337764104
09-05-2011,90731.77718,298.4888954,-0.00414286,2.56E-06,2.439465841,1.044439952,0.322210312
10-05-2011,90789.0944,298.3993524,-0.003462436,2.50E-05,1.934527715,-0.237802227,0.30980746
11-05-2011,90793.97298,298.6533133,-0.003090196,0.000290173,1.739980062,-0.242914836,0.301562627
12-05-2011,90808.32552,298.0870399,-0.003060074,0.004001671,1.63198479,-0.086600979,0.318933487
13-05-2011,90805.70768,298.1430728,-0.003282922,0.003853917,1.246646881,-0.26871864,0.357615789
14-05-2011,90828.76335,297.7378972,-0.003214445,0.015769798,1.445297917,0.077323834,0.394052505
15-05-2011,90912.33122,297.8603516,-0.004102747,0.003641731,1.039011916,-0.352469762,0.399548848
16-05-2011,90983.56364,298.7156251,-0.004331145,0.001504362,-0.376999815,-0.638947845,0.406332652
17-05-2011,90972.58838,298.5995522,-0.004054472,0.001002395,0.539547602,0.185405771,0.394558589
18-05-2011,90929.62093,298.3755283,-0.00387734,0.001604199,1.218690236,0.1569163,0.384009679
19-05-2011,90858.76921,298.0350761,-0.003719241,0.007096863,1.479323864,0.408703486,0.404062271
20-05-2011,90743.04313,298.169136,-0.00343642,0.00035879,2.169705709,0.491796374,0.426254908
21-05-2011,90712.65592,297.736208,-0.003882584,0.001661348,2.838942846,0.793745319,0.405293147
22-05-2011,90803.95508,298.3883851,-0.004118193,7.45E-08,2.273867289,-0.266576409,0.386047999
23-05-2011,90833.58105,298.6426722,-0.003493368,0.000664681,2.071683884,-0.332793395,0.367623647
24-05-2011,90785.57682,298.6580524,-0.003341595,0.00228934,1.460151037,-0.365786513,0.367085139
25-05-2011,90714.71029,298.3019187,-0.003021018,0.004205233,1.334915161,-0.587752819,0.374104182
26-05-2011,90762.7832,298.4390926,-0.003774808,0.001071271,1.687445958,-0.48303477,0.394833247
27-05-2011,90743.49951,297.8641008,-0.00351881,0.015446305,2.517494837,-0.368516564,0.401386261
28-05-2011,90727.30632,297.4222825,-0.003382046,0.005822301,2.934189479,-0.499970992,0.42351977
29-05-2011,90780.41846,297.2825508,-0.003369891,0.009386253,2.917437236,-0.297158122,0.432498932
30-05-2011,90717.38704,297.9877561,-0.004213556,0.011283204,2.559496562,-0.501180092,0.432016373
31-05-2011,90640.26595,297.3146992,-0.003917257,0.010647559,2.897606532,0.076086839,0.449420293
01-06-2011,90631.25195,296.9371204,-0.003984429,0.008480176,2.382831573,1.18853728,0.468002955
02-06-2011,90697.41032,295.31401,-0.003082663,0.010490641,2.719137828,2.153979858,0.493195852
03-06-2011,90715.12435,295.3683052,-0.002591516,0.004317173,4.044521332,2.343596776,0.48619016
04-06-2011,90653.15625,296.442681,-0.002625208,3.22E-05,4.313142141,2.002157013,0.469446818
05-06-2011,90649.87874,296.389588,-0.003251895,0.002402201,3.993897756,1.768107096,0.463525772
06-06-2011,90696.62272,296.0685972,-0.00272622,0.004733736,4.008771261,1.255841573,0.475546519
07-06-2011,90668.39681,296.4523837,-0.003065697,0.000426769,4.249676387,1.432819366,0.461297989
08-06-2011,90662.26335,296.4198767,-0.003093437,0.000990796,4.09022967,1.345235825,0.447389603
09-06-2011,90631.38786,296.6771526,-0.003456205,0.000470772,4.157442093,1.681384246,0.434689204
10-06-2011,90637.62956,296.433403,-0.003104234,0.001018152,4.650735855,1.126571019,0.424306234
11-06-2011,90687.71468,296.1381365,-0.002943044,0.002655157,4.427278519,0.970134616,0.429011663
12-06-2011,90755.42708,296.4565423,-0.003138093,0.001272619,4.978836735,0.5450116,0.428951263
13-06-2011,90820.36051,296.1477935,-0.002951256,0.001257345,4.915570577,0.125408411,0.42277654
14-06-2011,90826.62126,295.3947773,-0.003048424,0.007194552,5.34306399,0.407141089,0.447483063
15-06-2011,90839.57031,294.6744728,-0.002037901,0.000850154,5.361860275,0.691992283,0.453002294
16-06-2011,90789.50114,295.4298668,-0.002532547,0.000744194,5.852329254,0.115700165,0.433804194
17-06-2011,90691.27002,294.6250795,-0.002894027,0.00548808,5.044743975,0.257749279,0.452212016
18-06-2011,90641.63721,296.2466768,-0.003529649,0.000389183,5.753670176,-0.217977722,0.438868205
19-06-2011,90571.72461,296.3090286,-0.003505192,2.49E-05,5.411134084,-0.203846892,0.416190465
20-06-2011,90662.9668,296.4044469,-0.00352264,5.17E-05,5.273017883,0.228694797,0.397195816
21-06-2011,90688.47607,296.4807758,-0.003676454,4.77E-07,4.90754509,-0.073177218,0.379713694
22-06-2011,90606.61426,296.3398724,-0.003189658,0.000203479,4.78869919,0.045098186,0.366148631
23-06-2011,90569.17627,296.0197722,-0.0024572,0.001358294,3.944252014,-0.116577903,0.363404592
24-06-2011,90565.28141,296.7700411,-0.002679177,0.001009297,4.233127594,-0.767259518,0.363095601
25-06-2011,90552.83919,296.1000347,-0.002716552,0.005895776,4.367194494,-0.320976337,0.395200094
26-06-2011,90592.60286,295.9104506,-0.002704157,0.004563512,4.788776398,-0.304418842,0.433092117
27-06-2011,90637.71273,294.9545123,-0.002532342,0.005535041,4.823879242,-0.036960959,0.447142283
28-06-2011,90637.60156,295.2975343,-0.001905696,0.000607672,4.871792396,0.098923842,0.448064804
29-06-2011,90702.43408,296.1114591,-0.002361367,2.77E-05,4.261457006,0.201934179,0.421861649
30-06-2011,90723.18896,296.371067,-0.003421312,0.003302091,3.037746827,-0.098597248,0.416102091
01-07-2011,90716.85465,295.7292589,-0.003107866,0.009720031,3.484161377,0.313579122,0.456862768
02-07-2011,90732.06738,295.1081734,-0.002600953,0.004669729,4.020990372,0.133447647,0.475017548
03-07-2011,90743.06934,295.0026677,-0.002516456,0.005067018,3.619287491,0.203488946,0.469526927
04-07-2011,90752.19499,295.2886225,-0.002734745,0.010659069,3.586215337,-0.055395762,0.482034683
05-07-2011,90592.07015,295.0790259,-0.002686463,0.002628475,3.42470932,0.097419222,0.482224782
06-07-2011,90512.56982,294.4846611,-0.00222545,0.005288678,4.094783783,0.288769046,0.478545507
07-07-2011,90678.89193,295.5161959,-0.002695002,0.000632471,3.739293416,0.823935906,0.471250534
08-07-2011,90916.40853,296.3722922,-0.003104946,0.000489379,3.811663946,0.089163025,0.452721914
09-07-2011,90921.6014,296.6070919,-0.003451806,0.000229025,3.38249588,-0.711544037,0.435897191
10-07-2011,90839.42236,296.5978457,-0.003800557,1.84E-05,3.884546916,-0.121772766,0.418425878
11-07-2011,90645.32454,295.85532,-0.002675551,0.002998489,4.167307536,-0.834182739,0.423707326
12-07-2011,90472.28109,295.6806641,-0.003152544,0.004122332,4.732585271,-0.645588001,0.443868001
13-07-2011,90450.44499,295.4101798,-0.002609857,0.000986922,5.136898041,-0.257357359,0.441652934
14-07-2011,90504.875,295.0741132,-0.002389753,0.001441577,5.303728104,0.682122548,0.433662415
15-07-2011,90495.83854,295.0434418,-0.002447959,0.003256574,5.714687347,1.233695984,0.437117259
16-07-2011,90464.45801,294.3557822,-0.002214262,0.005076673,4.970040878,1.673871358,0.46227328
17-07-2011,90503.93815,294.6240381,-0.002640472,0.010292619,5.037616094,1.261695226,0.484421412
18-07-2011,90622.48291,294.2683996,-0.002541253,0.011404455,4.664302826,0.845965068,0.499039332
19-07-2011,90662.31885,295.0493863,-0.002824452,0.009790391,4.868792216,-0.160140673,0.477188746
20-07-2011,90652.79476,295.5569331,-0.002918188,0.003741249,5.042427063,0.403275808,0.481173833
21-07-2011,90684.78581,295.1937917,-0.002260327,0.004158306,4.88476944,-0.011711001,0.489525477
22-07-2011,90643.63118,295.5466652,-0.002844643,0.002374887,4.927726746,0.147584836,0.479044596
23-07-2011,90575.55762,295.3939819,-0.002466229,0.001006466,5.007425944,0.152469873,0.468619665
24-07-2011,90549.49154,295.4076799,-0.003217954,0.004576674,4.438746134,-0.383558075,0.474826813
25-07-2011,90616.17871,295.0563908,-0.002769339,0.00857197,3.484818141,0.018826167,0.48126475
26-07-2011,90706.9375,295.3627071,-0.003338482,0.010185005,3.325531006,0.490619659,0.476728439
27-07-2011,90708.10189,295.4845092,-0.003400566,0.007502538,4.036548615,-0.257034938,0.495173136
28-07-2011,90677.88005,295.181881,-0.002964349,0.006985798,4.456567128,-0.55968984,0.48660024
29-07-2011,90641.17643,294.6516774,-0.002728313,0.019893557,4.157105962,-0.623835246,0.470699946
30-07-2011,90611.90462,294.3927313,-0.002412777,0.009482467,4.119022369,-0.286818504,0.451909383
31-07-2011,90634.50391,294.2061577,-0.00225899,0.008838403,4.057913462,-0.340603749,0.504553477
01-08-2011,90653.09977,295.4264431,-0.002979542,7.28E-05,4.80725797,-0.493146181,0.479481379
02-08-2011,90661.90251,294.0848624,-0.002020628,0.010699618,4.750196457,0.709479491,0.494180044
03-08-2011,90698.34538,293.8058993,-0.002119524,0.012540954,4.51398023,1.933308721,0.488497416
04-08-2011,90713.45296,294.3098984,-0.002534337,0.008181825,4.502092997,0.972476403,0.483928045
05-08-2011,90677.69775,294.6949132,-0.002160996,0.002836064,4.073680878,0.694213152,0.494517644
06-08-2011,90623.43229,295.1340141,-0.002856255,0.002181794,4.66185379,0.266430855,0.48532931
07-08-2011,90590.20329,294.9043331,-0.002662279,0.005661094,4.500184377,0.133417447,0.48426946
08-08-2011,90611.32633,295.1760979,-0.002471037,0.001903415,3.972542445,0.506615043,0.480909983
09-08-2011,90664.38037,295.8851643,-0.003459379,0.001459433,3.943859736,0.473127206,0.473862966
10-08-2011,90737.59831,295.6728795,-0.003099598,0.000750202,3.820435206,0.047381798,0.464669545
11-08-2011,90695.65853,295.2677962,-0.003072087,0.003363886,4.099530538,-0.058540305,0.470370611
12-08-2011,90526.86312,295.3345992,-0.002983805,0.001614112,4.269920349,-0.412406007,0.471046448
13-08-2011,90546.80225,295.5300821,-0.003089945,7.49E-05,4.04464976,0.070255836,0.457639058
14-08-2011,90791.7998,295.6822955,-0.003489118,0.000459063,3.236893972,0.076343735,0.444116592
15-08-2011,90828.51758,295.7349154,-0.003753105,0.006104887,2.21584177,0.202537298,0.448541005
16-08-2011,90745.97314,294.9138438,-0.002872665,0.01538486,2.528717677,-0.490929842,0.491978963
17-08-2011,90690.64307,294.6015116,-0.002796993,0.024358988,2.634262085,-0.84394447,0.487606049
18-08-2011,90683.40641,293.8631395,-0.002101794,0.012527078,3.186834971,-0.33528622,0.48242569
19-08-2011,90645.44775,294.269619,-0.002386888,0.00392496,3.348160426,0.194151243,0.469722748
20-08-2011,90649.42269,294.3075352,-0.001992124,0.027673334,2.765815735,0.77954038,0.496801376
21-08-2011,90644.25195,294.1135686,-0.002363324,0.009841698,2.971523285,0.200020472,0.469640732
22-08-2011,90726.91992,295.1880601,-0.003185222,0.008349556,2.372216543,0.143039385,0.467672348
23-08-2011,90713.87793,295.546346,-0.003537266,0.009133581,2.815591176,0.432575345,0.482656479
24-08-2011,90674.36589,295.0814527,-0.002763502,0.009526485,3.286724091,0.070075035,0.469596227
25-08-2011,90758.5791,295.1262773,-0.003110453,0.005387471,3.459723155,-0.41063563,0.474650065
26-08-2011,90784.1377,295.3658123,-0.003253585,0.001975598,3.79427592,-0.314933737,0.48143514
27-08-2011,90763.95036,294.7528496,-0.002516,0.003254029,4.596126556,0.27388382,0.483581543
28-08-2011,90659.01758,295.4108035,-0.003851337,0.001682856,5.671279907,0.753024538,0.46955363
29-08-2011,90645.35563,294.551693,-0.002584208,0.002424614,5.548567454,0.729181806,0.475635529
30-08-2011,90610.03467,294.321043,-0.002885055,0.011340681,4.792102178,0.756325483,0.485470454
31-08-2011,90496.10628,294.7516187,-0.002462218,0.005654315,4.593746821,2.097214778,0.475477219
01-09-2011,90512.92139,293.8887583,-0.002001525,0.016514325,4.827596029,2.028174082,0.483446757
02-09-2011,90596.44792,295.193421,-0.003027757,0.00338234,4.804339091,1.871081034,0.490581512
03-09-2011,90652.27116,294.7528763,-0.00295745,0.002367181,4.984630585,1.568092783,0.485167185
04-09-2011,90744.73617,295.5892124,-0.00329382,0.001450973,4.287429174,0.863773823,0.478134155
05-09-2011,90786.84342,295.4705124,-0.002986718,0.000434402,3.926315308,0.363085747,0.465429942
06-09-2011,90814.54313,295.1047211,-0.002993825,0.0042716,4.108961105,0.705506007,0.474260966
07-09-2011,90798.23942,295.199124,-0.003250593,0.002325514,4.4501098,0.501241048,0.476357142
08-09-2011,90763.91862,295.3728148,-0.003181139,0.001594946,3.761601766,0.182420731,0.467830658
09-09-2011,90831.4904,295.311231,-0.003247494,0.005089256,3.462388357,0.073979974,0.478221893
10-09-2011,90806.26188,295.2917163,-0.003056325,0.001346173,3.133048375,0.014079809,0.473049164
11-09-2011,90675.26074,295.1956158,-0.003468534,0.001977295,3.43073082,-0.00292174,0.465360006
12-09-2011,90633.1652,295.3908342,-0.003507393,0.0088332,2.794116338,-0.063247999,0.474976858
13-09-2011,90636.34375,295.0269356,-0.003193764,0.007670909,2.940125148,-0.081994255,0.48428599
14-09-2011,90607.24414,294.935353,-0.002758319,0.004940289,3.238773982,0.718996882,0.49085172
15-09-2011,90653.7137,294.8290056,-0.002828768,0.003809991,3.963294029,0.737044255,0.49758784
16-09-2011,90775.93538,295.05815,-0.003001999,0.003162345,3.856774012,0.263198137,0.491617203
17-09-2011,90848.78939,295.1912155,-0.003175299,0.001263031,3.365183711,0.151952942,0.48171552
18-09-2011,90929.39437,295.102918,-0.003258523,0.00170784,3.265893857,0.506531477,0.474679311
19-09-2011,90996.68831,295.1728261,-0.003429618,0.005016558,2.873504639,-0.165959517,0.482220968
20-09-2011,91018.19222,294.8227304,-0.003045149,0.004281938,3.008626938,-0.147365848,0.479427973
21-09-2011,90931.30501,294.7329426,-0.003435772,0.000649339,3.682364146,-0.209239324,0.468730927
22-09-2011,90856.38444,294.5101681,-0.003958228,1.31E-05,3.415550232,-0.747912089,0.456448873
23-09-2011,90827.43197,294.3285987,-0.004666143,2.47E-06,2.562786102,-0.655680617,0.441411972
24-09-2011,90918.60335,294.7134597,-0.004714759,3.50E-06,2.306981405,-0.742091497,0.426760991
25-09-2011,91012.7819,295.2853088,-0.003994916,8.08E-05,1.922947566,-0.380064646,0.415135701
26-09-2011,91030.27246,295.4694659,-0.004065322,0.000212377,2.031240463,-1.080616633,0.405088425
27-09-2011,90927.16113,295.1738758,-0.003722206,0.000513065,1.575396856,-1.424099604,0.397563299
28-09-2011,90904.07308,295.5903543,-0.004029515,0.000194401,2.040903727,-1.23409311,0.388425191
29-09-2011,90904.25358,295.8308334,-0.003844536,0.000495262,1.445450465,-1.548500697,0.380262375
30-09-2011,90922.89404,296.1082446,-0.003615993,0.000281793,1.388611476,-0.602583567,0.372859319
01-10-2011,90908.76107,295.6130072,-0.003271688,0.009977537,0.947816849,-0.20429039,0.416674932
02-10-2011,90928.40951,295.6447417,-0.002881927,0.000778109,1.702641169,-0.963314056,0.451307297
03-10-2011,90892.89453,295.8575452,-0.003601188,0.002247185,1.277189891,-1.272437414,0.438528061
04-10-2011,90893.40007,294.8613612,-0.004081098,0.000160837,1.990112305,-1.595068614,0.425338109
05-10-2011,90986.47249,295.4542847,-0.004561073,2.14E-06,0.762237549,-0.549922943,0.403772354
06-10-2011,91075.92204,295.6155961,-0.003760461,0.000323281,1.17843469,-1.298935572,0.388914744
07-10-2011,91045.19368,296.0202478,-0.003252544,0.001920265,1.149923325,-0.797033032,0.385979335
08-10-2011,91038.4764,295.8778083,-0.003454728,0.00096979,1.703375498,-0.75877134,0.385009766
09-10-2011,91007.96517,295.69262,-0.003421409,0.013217658,1.070639094,-0.644153595,0.434837341
10-10-2011,91025.48177,295.2472928,-0.003120435,0.02593078,0.993734678,-0.381096204,0.473978043
11-10-2011,91040.08333,295.0879898,-0.002945069,0.015216203,0.50969696,-0.239740491,0.476791382
12-10-2011,90943.19222,294.6451232,-0.002446992,0.017507499,-0.010988871,-0.729843458,0.463265101
13-10-2011,90883.73145,294.8164508,-0.002601773,0.007170359,-0.822297414,0.373422782,0.484548569
14-10-2011,90864.90527,295.2080504,-0.003157647,0.013599151,-0.691544851,0.24402682,0.469549179
15-10-2011,90836.30029,295.5324465,-0.003127265,0.005943055,-0.42518425,0.337370555,0.472669601
16-10-2011,90813.32178,296.1291116,-0.003795227,0.000862365,-1.179642995,0.056230545,0.473101298
17-10-2011,90858.20589,295.7952824,-0.003598711,0.000630721,-1.077578227,0.101128221,0.463406881
18-10-2011,90896.25033,296.2656072,-0.004368954,2.51E-05,-0.999910355,-0.390093883,0.447823207
19-10-2011,90807.89502,296.4486758,-0.004304157,0.000189725,-0.473736445,-0.349368731,0.433590571
20-10-2011,90841.35547,295.6342716,-0.003527237,0.003618221,0.411712646,0.402757009,0.441691081
21-10-2011,90803.54785,296.1515846,-0.00359414,0.00079334,-1.129025777,-0.249696732,0.446709315
22-10-2011,90859.63639,295.9664688,-0.003926726,0.000167021,-2.305402756,-0.09512647,0.430757523
23-10-2011,90950.43555,295.3962822,-0.003402503,0.015678495,-1.767762502,-0.143796921,0.449222565
24-10-2011,90908.86963,294.9364421,-0.003468107,0.007959235,-2.43773524,-0.52503852,0.471839269
25-10-2011,90881.35059,294.260081,-0.002795642,0.015720001,-2.629367193,-0.443903446,0.477284114
26-10-2011,90918.99886,294.1922728,-0.002840722,0.010845,-3.357656479,0.187279145,0.475550969
27-10-2011,91006.15723,294.232137,-0.00287889,0.004851124,-2.757148743,0.397366365,0.48850886
28-10-2011,90989.54313,294.7611707,-0.003155979,0.004134605,-2.654670715,-0.345199466,0.492816925
29-10-2011,90920.58333,294.3030338,-0.003041584,0.009315384,-2.742177963,-0.581317345,0.466872533
30-10-2011,90852.4082,294.2876797,-0.002662565,0.006345609,-2.846963247,-0.229488134,0.461707433
31-10-2011,90899.97005,293.8521468,-0.002249733,0.003013814,-3.194402695,-0.18287615,0.465900421
01-11-2011,90907.62712,293.8300985,-0.00232143,0.009310704,-2.882105509,-0.16197141,0.49209849
02-11-2011,90854.15153,293.9683221,-0.00253564,0.008943304,-2.063829422,-0.597980499,0.484742483
03-11-2011,90890.48893,293.8429095,-0.002176625,0.011322141,-2.18337822,-0.52033174,0.480530421
04-11-2011,90989.48275,294.1836465,-0.002212079,0.006594443,-2.748139064,-0.456751982,0.475062052
05-11-2011,91086.55745,294.2888947,-0.002767318,0.006646994,-2.685168584,-0.181395849,0.482789993
06-11-2011,91099.25781,294.1322276,-0.003116228,0.000467944,-1.745767593,-0.312004725,0.474687576
07-11-2011,91158.69092,293.1604557,-0.004578396,1.78E-06,-2.165131887,-0.445176442,0.454427719
08-11-2011,91168.14893,292.4810225,-0.004694154,1.72E-06,-2.253774643,-0.601699313,0.43652916
09-11-2011,91063.66178,293.3505185,-0.004235796,1.28E-06,-2.033185959,-0.334693313,0.422361374
10-11-2011,91071.68245,292.5922394,-0.004207372,4.35E-07,-1.950328827,-0.661852956,0.409833908
11-11-2011,91066.43766,293.1927694,-0.003948958,1.28E-06,-1.810063044,-0.456780235,0.398829778
12-11-2011,91088.91113,293.324777,-0.004039077,0,-1.834826787,-0.282379786,0.388535182
13-11-2011,91095.02148,293.1736304,-0.004071579,0,-2.171284993,-0.348875602,0.378047943
14-11-2011,91147.32308,293.5542685,-0.004154045,8.52E-07,-2.712944667,-0.630335728,0.367685954
15-11-2011,91160.47477,293.5734323,-0.004200806,4.26E-07,-2.688496908,-1.181451162,0.357786179
16-11-2011,91095.61654,293.7958584,-0.004100694,2.58E-06,-2.542404175,-1.664109866,0.348508835
17-11-2011,91090.70068,294.2292817,-0.002896275,0.000414734,-3.121945699,-1.169729988,0.344236374
18-11-2011,91102.52181,293.7845389,-0.002403556,0.000536255,-2.984418869,-0.72600011,0.344300588
19-11-2011,91106.14176,292.8272432,-0.004239157,8.52E-07,-2.915102641,-1.228891889,0.338091532
20-11-2011,91202.0542,292.2146982,-0.003958153,2.15E-06,-3.187171936,-0.832403819,0.329090118
21-11-2011,91207.20557,292.8379644,-0.0035572,1.26E-09,-3.037473679,-0.75938348,0.321812312
22-11-2011,91089.42497,292.9148172,-0.003457031,2.57E-06,-2.91197141,-0.831813653,0.315497716
23-11-2011,91031.04053,293.5801036,-0.002866651,1.72E-06,-3.11167717,-0.413652817,0.31037267
24-11-2011,91030.83919,294.3918082,-0.002635229,0.000154534,-3.392511408,-1.531382481,0.306928635
25-11-2011,90907.5555,294.1764361,-0.002214639,0.004103869,-4.625199318,-1.850451191,0.318146388
26-11-2011,90757.63851,293.6876087,-0.001694355,0.005196679,-5.60477368,0.003448367,0.375034332
27-11-2011,90866.27458,293.9071153,-0.002003333,0.007246978,-3.174712499,1.11741813,0.423718135
28-11-2011,90898.80501,293.8623422,-0.001125969,0.001418482,-2.241627375,0.825827281,0.450032552
29-11-2011,90929.51823,294.5465921,-0.002224282,0.00303342,-2.410462697,0.585465113,0.438853582
30-11-2011,90993.41211,295.0139949,-0.002596096,0.000293612,-2.416969299,0.391881943,0.429525375
01-12-2011,91009.32422,294.9276148,-0.00294292,3.32E-05,-1.756508589,0.016874313,0.409634908
02-12-2011,90894.80404,295.0150204,-0.003150091,1.27E-05,-0.796151837,0.010945002,0.393440882
03-12-2011,90800.14827,294.9122219,-0.002602695,0.000179768,-0.201950987,0.254079819,0.381310781
04-12-2011,90920.28695,294.4973119,-0.002827285,0.000168058,-1.688711802,0.285254796,0.370932261
05-12-2011,91031.78483,293.4588318,-0.003403038,1.90E-06,-2.341877619,-0.035913189,0.358673096
06-12-2011,91031.64095,293.0659695,-0.003324471,1.93E-06,-2.319467862,-0.151116848,0.346425374
07-12-2011,91026.47021,292.7972616,-0.003049092,0,-2.653090159,-0.856673559,0.336055756
08-12-2011,91028.27002,292.9488169,-0.002361717,5.80E-06,-3.192928314,-0.237199148,0.328335444
09-12-2011,91019.43538,294.3660863,-0.001963787,0.001134324,-3.391064326,-0.136445999,0.328550339
10-12-2011,91071.53955,295.2838891,-0.002156268,0.000336766,-2.520307144,0.099258184,0.32794253
11-12-2011,91060.6084,294.5679359,-0.002421844,5.72E-05,-2.732639869,-0.039273461,0.32244873
12-12-2011,91115.63883,294.1309547,-0.003025597,3.32E-06,-2.648756027,-0.426091194,0.314833323
13-12-2011,91137.38965,293.7829469,-0.002889716,2.14E-06,-2.942398071,-0.528631568,0.307355881
14-12-2011,91159.50114,294.0400575,-0.002773757,8.78E-07,-2.747723301,-0.723384062,0.300868988
15-12-2011,91160.25,293.3334586,-0.001870364,0.001653218,-3.075899124,-0.616983414,0.305882136
16-12-2011,91179.64176,292.3860029,-0.002552263,9.76E-06,-2.814281464,-0.39559861,0.305715561
17-12-2011,91177.57243,291.615516,-0.00249326,8.70E-07,-2.800287882,-0.737284342,0.299109777
18-12-2011,91198.29671,291.741265,-0.002443447,4.35E-07,-3.102040609,-0.470142563,0.293563843
19-12-2011,91153.13314,292.7757886,-0.002601908,4.26E-07,-2.162049611,-0.65612634,0.288644155
20-12-2011,91094.92839,292.2972641,-0.002019124,8.61E-07,-2.753319422,-0.985368013,0.28477478
21-12-2011,91107.21322,292.2749602,-0.002162974,1.28E-06,-2.77221326,-0.622796535,0.28148969
22-12-2011,91047.95101,291.8353933,-0.001981366,4.35E-07,-2.671411355,-0.809168935,0.278609594
23-12-2011,91032.55436,291.4937452,-0.001828622,4.35E-07,-2.396112442,-1.028465907,0.276289622
24-12-2011,90938.3833,292.3680941,-0.002417106,8.38E-07,-2.868913054,-0.945034663,0.273738225
25-12-2011,90988.67904,292.3019536,-0.002410917,4.35E-07,-2.24068133,-1.50442187,0.271069209
26-12-2011,91012.13167,292.5065041,-0.00239438,1.29E-06,-1.355452855,-1.844040553,0.268578211
27-12-2011,90977.91878,293.14759,-0.002235061,4.35E-07,-0.22694838,-2.288129807,0.266308467
28-12-2011,90992.02865,293.9098441,-0.002380625,1.72E-06,-0.556590438,-2.931090633,0.26406161
29-12-2011,90957.91146,294.7364337,-0.001805005,0.00018667,-1.62216115,-3.696490606,0.262390137
30-12-2011,91021.31787,291.7588298,-0.00174172,0.010664672,-3.616277774,-2.552496473,0.35614713
01-01-2012,91069.98454,293.824049,-0.002208939,2.33E-05,-2.231798053,1.982393265,0.364486059
02-01-2012,91110.88135,294.0997168,-0.002232876,4.22E-05,-1.955307643,1.394797643,0.350376765
03-01-2012,91084.1237,294.7342879,-0.002400285,3.33E-05,-2.10179011,0.864174366,0.337368647
04-01-2012,91149.82096,295.313399,-0.002377558,1.93E-05,-2.453740438,0.957241694,0.325621287
05-01-2012,91265.6377,294.9089902,-0.002448551,7.54E-06,-1.952885707,0.892707864,0.31486702
06-01-2012,91322.15153,294.3360825,-0.002462797,1.14E-05,-1.980980674,0.767981052,0.305274328
07-01-2012,91396.36719,293.7132117,-0.002396168,1.96E-06,-2.225981394,0.702770909,0.296724319
08-01-2012,91328.61198,293.8955752,-0.002386976,3.01E-06,-1.841405233,1.00853169,0.289412816
09-01-2012,91184.83919,294.9590467,-0.002155941,4.90E-06,-0.77115949,1.386892955,0.283905665
10-01-2012,91120.72998,294.9499238,-0.00175467,4.38E-05,-0.484284719,1.793438594,0.280047099
11-01-2012,91166.95036,294.6866449,-0.001988762,0.000165933,-0.775016785,0.685239792,0.276583354
12-01-2012,91196.37614,294.1790593,-0.00163449,0.000230384,-2.041417599,-0.105087757,0.27537028
13-01-2012,91225.37451,293.9412066,-0.001515989,1.15E-05,-2.55606842,-0.31048282,0.272923152
14-01-2012,91150.1569,292.336373,-0.001729944,3.19E-06,-2.408138593,-0.693972905,0.270149231
15-01-2012,91034.76302,291.1420892,-0.001849734,8.54E-07,-2.388542811,-0.642912388,0.267313004
16-01-2012,90920.52295,291.5527,-0.001961663,8.60E-07,-1.744977752,-0.366659562,0.264661789
17-01-2012,90867.58203,292.3075504,-0.001932838,1.79E-08,-1.452615102,0.07038343,0.262284597
18-01-2012,90810.07503,293.5527178,-0.001929619,4.26E-07,-0.867308299,0.415027221,0.260189056
19-01-2012,90847.21143,293.8260892,-0.001749216,8.54E-07,-0.698444446,1.344945987,0.258494695
20-01-2012,90948.42578,294.2303613,-0.001676613,4.35E-07,-0.890515169,1.063190063,0.257096608
21-01-2012,91014.76253,294.1570333,-0.001709992,1.73E-06,-2.433941523,0.754228314,0.255916595
22-01-2012,91131.19368,293.5194569,-0.001665909,4.35E-07,-2.535764058,0.769481023,0.254926682
23-01-2012,91136.39648,293.3615926,-0.001521591,1.29E-06,-2.536771139,0.401843389,0.254082998
24-01-2012,91096.66748,292.8355993,-0.001448998,0,-2.689979553,0.088329514,0.253477097
25-01-2012,91105.17171,292.2550481,-0.001438028,2.13E-06,-2.730352203,0.457196712,0.253028234
26-01-2012,91079.4738,292.8751532,-0.001522313,8.68E-07,-2.364590963,0.522537231,0.252429326
27-01-2012,91058.07992,293.6512095,-0.001360904,4.63E-06,-1.920242945,1.279670993,0.251903534
28-01-2012,90987.72087,294.2916908,-0.001250954,1.02E-05,-2.123324076,1.211952527,0.251741409
29-01-2012,90990.43376,294.223238,-0.001218,8.74E-06,-1.382663727,0.737441023,0.251653035
30-01-2012,91103.55566,293.7316939,-0.001203302,2.38E-06,-2.85787646,0.679493586,0.251542409
31-01-2012,91213.84115,293.0380751,-0.00131386,5.16E-06,-2.907531381,-0.199898084,0.251454671
01-02-2012,91222.71126,293.1374448,-0.001260877,8.58E-07,-3.427073558,-0.887141347,0.251369476
02-02-2012,91265.19873,293.4709301,-0.001252187,1.28E-06,-3.799589793,-0.639784495,0.251296361
03-02-2012,91244.9707,293.5047792,-0.001147524,1.46E-06,-3.430951635,0.172270457,0.251246134
04-02-2012,91185.81445,294.1759542,-0.001397168,2.21E-06,-2.295358022,0.402917226,0.251179377
05-02-2012,91172.22721,294.9549974,-0.001428362,1.29E-06,-1.881051381,-0.095615625,0.25107193
06-02-2012,91095.70492,295.6168448,-0.001393618,8.55E-07,-2.059235891,0.89053599,0.25099055
07-02-2012,91058.00684,296.0507399,-0.001262589,4.32E-06,-2.348241806,1.027020772,0.250965118
08-02-2012,90971.55794,296.8567657,-0.001385634,3.43E-06,-1.716454188,0.791855454,0.250869115
09-02-2012,90939.81071,297.3045762,-0.001479472,4.78E-06,-1.90893809,0.659392675,0.250818253
10-02-2012,90986.67627,296.9259351,-0.001353961,4.73E-06,-1.833632787,1.460284193,0.250815074
11-02-2012,91035.2015,296.5465698,-0.001114149,8.76E-06,-1.926927567,1.211839795,0.25083224
12-02-2012,91074.53369,296.3218244,-0.001179975,4.44E-06,-2.422139486,1.291843295,0.250837326
13-02-2012,91130.6779,296.0504398,-0.001337122,7.68E-06,-2.223190308,0.858763854,0.250840505
14-02-2012,91143.40951,295.862381,-0.001424573,4.46E-06,-1.677217484,1.081683795,0.250822703
15-02-2012,90989.48747,296.2363224,-0.001340759,8.56E-07,-0.331070582,0.95044136,0.250754038
16-02-2012,90867.89827,297.1427447,-0.001404155,0,-0.476837158,0.949186325,0.250710805
17-02-2012,90959.58675,296.9304091,-0.00130393,1.29E-06,-2.287237803,1.348101934,0.250691732
18-02-2012,91097.13981,295.8265069,-0.00137121,1.31E-06,-2.764398575,0.260451237,0.250672023
19-02-2012,91112.05127,296.0735003,-0.001407061,8.67E-07,-2.968555609,0.202483694,0.25066185
20-02-2012,91009.07943,296.775706,-0.001411024,0,-2.771806637,0.072823167,0.250647863
21-02-2012,90910.76774,297.2478669,-0.001378634,8.52E-07,-2.725156983,-0.491302967,0.250631968
22-02-2012,90954.10059,296.363671,-0.001311434,8.52E-07,-3.234841029,0.004644394,0.250634511
23-02-2012,90970.16895,296.3092054,-0.001375628,2.14E-06,-3.179360668,-0.22840786,0.250633876
24-02-2012,90877.13688,296.6695073,-0.001380687,1.29E-06,-3.457754135,0.349144816,0.250638326
25-02-2012,90813.03239,296.0567735,-0.001359849,0,-3.369684219,0.014853438,0.250628153
26-02-2012,90800.125,296.0997181,-0.001341418,1.72E-06,-3.486367544,-0.300988873,0.250619888
27-02-2012,90834.03467,296.528492,-0.001371633,2.14E-06,-3.211911519,0.16735522,0.250622431
28-02-2012,90709.64502,297.5410468,-0.001513757,0,-1.139759064,0.535313288,0.250605901
29-02-2012,90717.09603,297.9860083,-0.001297995,8.64E-07,0.228895187,-0.701108297,0.250587463
01-03-2012,90747.1333,299.4097907,-0.001369795,4.35E-07,-0.881688039,0.981716116,0.250576019
02-03-2012,90737.64323,299.4763641,-0.00131152,4.35E-07,1.016812404,0.274170876,0.25056839
03-03-2012,90738.05078,298.7164218,-0.001388615,8.52E-07,1.511377811,-0.643063386,0.250558853
04-03-2012,90812.9515,298.9006888,-0.001415949,4.35E-07,-1.433385889,-1.15110147,0.250549952
05-03-2012,90847.75602,298.8919678,-0.001228912,1.30E-06,-2.317285538,0.899660746,0.250557582
06-03-2012,90811.2583,298.7203922,-0.001181625,2.59E-06,-0.572515488,0.306015015,0.250569661
07-03-2012,90658.21452,299.6117121,-0.001228051,2.57E-06,0.979230881,0.395490011,0.250576655
08-03-2012,90710.33675,298.4478734,-0.001224012,2.39E-06,1.604777654,-1.338047028,0.250584284
09-03-2012,90674.84961,298.1337935,-0.001280286,0,-0.235748291,-1.10362943,0.250572205
10-03-2012,90676.45931,298.8128414,-0.001148879,2.08E-05,-2.203524907,1.356250405,0.250615438
11-03-2012,90837.65918,298.1569576,-0.001186563,1.72E-06,-3.211805741,1.201580683,0.250614802
12-03-2012,91035.44238,298.3037561,-0.000975931,2.95E-06,-2.960579276,0.985489527,0.250621796
13-03-2012,91110.72493,298.164807,-0.000859851,0.000118023,-2.915273666,0.324225465,0.251114527
14-03-2012,91143.20036,298.3022054,-0.000982007,0.000306216,-2.673034668,0.605240504,0.252614339
15-03-2012,91135.21452,298.6256739,-0.000968304,3.50E-06,-2.706883947,0.955991666,0.253138224
16-03-2012,91111.61816,299.5314337,-0.001212304,2.38E-07,-1.942193985,0.900909742,0.252450943
17-03-2012,91056.44548,300.0603199,-0.001240516,3.45E-06,-1.513272603,0.713423411,0.251852671
18-03-2012,91063.54525,300.3451691,-0.001340158,4.29E-07,-1.718219757,0.982895533,0.251410802
19-03-2012,91050.79736,300.7253647,-0.001292408,0,-0.875964483,1.12485377,0.251084646
20-03-2012,90990.55143,300.8747075,-0.001211535,0,-0.484912872,1.143049081,0.250876745
21-03-2012,90930.64665,300.8752906,-0.001154725,0,-0.53022639,0.929725925,0.250744502
22-03-2012,90992.29118,300.1342748,-0.001149847,1.72E-06,-1.358861923,0.641821027,0.250669479
23-03-2012,91053.53239,300.0988795,-0.001176587,8.55E-07,-2.30546697,0.801453988,0.25062116
24-03-2012,91069.72477,299.6260287,-0.001208683,2.15E-06,-3.09656016,0.797198931,0.250591914
25-03-2012,91073.38346,299.1471354,-0.001170618,3.00E-06,-3.19740653,0.18669947,0.250586828
26-03-2012,91080.30518,298.6622842,-0.001128815,0,-3.501257698,-0.11652414,0.250575384
27-03-2012,91167.27832,298.2209155,-0.001108546,1.28E-06,-2.515158335,0.522475044,0.250557582
28-03-2012,91251.55583,299.120381,-0.001106828,8.59E-07,-1.725613912,0.808961233,0.250542323
29-03-2012,91154.08512,300.0246964,-0.00114445,1.28E-06,-1.552722295,0.325434367,0.250534058
30-03-2012,91021.19499,299.8834318,-0.000944961,1.71E-06,1.25970904,-0.657571157,0.250539144
31-03-2012,91052.78809,299.2132435,-0.001054589,0.001066568,-1.608141581,-0.147423744,0.257297516
01-04-2012,91059.27458,298.6171799,-0.001008594,5.71E-05,-1.812453588,0.828583399,0.261351267
02-04-2012,91158.57048,298.9624856,-0.001137435,1.72E-06,-2.126902898,1.156026483,0.258870443
03-04-2012,91234.58903,299.2875741,-0.00116545,8.52E-07,-1.469483058,0.792416334,0.256542842
04-04-2012,91148.55648,299.9128558,-0.001189761,0,-0.680871328,0.827765147,0.254680634
05-04-2012,90967.94385,300.4284166,-0.001010566,0,-0.035986582,-0.389309049,0.253365835
06-04-2012,90898.38281,300.8181998,-0.000966392,8.52E-07,-0.610867262,0.643871864,0.252465566
07-04-2012,90852.82194,300.9708271,-0.000945414,2.15E-06,-1.417333444,1.051693161,0.251855214
08-04-2012,90845.771,300.9612815,-0.000955217,3.62E-06,-1.443662643,1.366037448,0.25144577
09-04-2012,90944.43701,300.9052302,-0.000864848,3.09E-05,-1.089064916,1.082554658,0.251314799
10-04-2012,90917.38851,301.3956566,-0.000973059,2.52E-05,-0.625031153,1.266336799,0.251182556
11-04-2012,90854.05404,301.1629709,-0.001077361,0.00030681,-1.273831685,1.028143764,0.252352397
12-04-2012,90823.12565,300.9679559,-0.000954493,7.80E-06,0.255908966,0.045574347,0.252995173
13-04-2012,90816.65267,301.3146807,-0.000992342,3.31E-06,-1.9571654,0.742246747,0.252232234
14-04-2012,90904.11995,300.744798,-0.001003065,1.30E-06,-2.497995377,1.434734623,0.25166893
15-04-2012,90917.41927,300.7564971,-0.001026944,8.55E-07,-1.559161504,1.389601866,0.251283646
16-04-2012,90834.9585,302.0779578,-0.001001903,1.72E-06,-0.450605392,0.711304585,0.251009623
17-04-2012,90718.71777,301.0809949,-0.001156952,0.000715137,1.028701146,-0.201439341,0.25402832
18-04-2012,90718.08268,300.6596826,-0.001205135,0.000660653,0.710667292,-0.490790844,0.259232203
19-04-2012,90756.77946,301.7217706,-0.001134025,4.58E-06,-0.850954056,0.137233456,0.260348638
20-04-2012,90865.87288,301.5920779,-0.000996841,1.62E-06,-0.652712504,-0.006483515,0.257499059
21-04-2012,90777.05859,302.2001298,-0.000976976,4.68E-05,-1.300006866,-0.916566213,0.255637487
22-04-2012,90601.81836,302.4041004,-0.001019451,1.87E-06,-0.692840576,0.432167689,0.254110972
23-04-2012,90607.55664,301.6035461,-0.000941956,0.000252643,0.130375544,-0.897692362,0.253761292
24-04-2012,90667.78792,302.0698961,-0.001053017,4.37E-06,-0.772338231,-0.148657481,0.253739675
25-04-2012,90754.92301,299.2482471,-0.001089113,0.005224878,-0.690247218,-0.007938385,0.276437759
26-04-2012,90810.4484,297.3229319,-0.001819784,0.010413364,-1.573946635,0.745729129,0.380282084
27-04-2012,90724.42106,297.4592203,-0.002687018,0.004331763,-0.356958389,0.82201918,0.423629761
28-04-2012,90696.11995,297.2309958,-0.002499182,0.010049287,1.643636703,0.001552383,0.446061452
29-04-2012,90668.11149,297.8484491,-0.0032837,0.002288982,1.512029648,0.455861648,0.429246902
30-04-2012,90654.57666,297.8493716,-0.002932135,0.0007606,2.031451543,0.624834061,0.405371348
01-05-2012,90752.65999,298.7916629,-0.003135005,0.000167182,2.299084981,0.618552287,0.378684362
02-05-2012,90795.81543,298.5147896,-0.002962541,0.000683564,2.124828339,0.131956061,0.35783577
03-05-2012,90735.96354,299.1184978,-0.002741166,3.62E-06,2.621441921,-0.07534798,0.340137482
04-05-2012,90672.34245,299.1261387,-0.002502501,0,2.842437744,-0.188041329,0.322163264
05-05-2012,90771.00033,298.9083182,-0.002422265,4.41E-07,3.287289937,-0.355545481,0.30689621
06-05-2012,90845.51188,298.7830372,-0.002259655,1.29E-06,2.624835968,-1.102009416,0.294466654
07-05-2012,90747.91113,299.6173712,-0.00210993,8.52E-07,1.731364568,-1.035258214,0.284885406
08-05-2012,90802.39046,299.5754153,-0.001893377,0.000721145,1.416265488,-0.431038737,0.281284968
09-05-2012,90916.47168,298.9502201,-0.001797098,0.002618682,1.309077581,-0.215035399,0.294366837
10-05-2012,90977.03532,297.8732751,-0.002470223,0.010585514,1.5117836,-0.639391422,0.361780802
11-05-2012,90798.95573,296.9714762,-0.002860138,0.022358713,1.438606898,-0.078868945,0.435567856
12-05-2012,90724.44889,297.0464376,-0.003170961,0.011423046,2.238543193,-0.236069759,0.424044927
13-05-2012,90732.16715,297.6058521,-0.003529208,0.003419387,1.245250066,-0.639399091,0.416439692
14-05-2012,90785.6167,297.9118487,-0.003788907,0.001612949,1.643684387,-0.082407435,0.422652562
15-05-2012,90860.07601,297.4239597,-0.003173938,0.012033296,1.658592224,0.198488712,0.443884532
16-05-2012,90732.84375,298.3408521,-0.003805134,0.0002684,2.61773173,-0.135040323,0.436661402
17-05-2012,90696.54004,298.8651441,-0.003920605,0.000154516,2.627257029,-0.476808985,0.412605286
18-05-2012,90688.49674,299.3608831,-0.004268104,1.70E-06,1.832767367,-0.969535192,0.389002482
19-05-2012,90760.42497,299.5102806,-0.004228953,0.000135928,2.734199484,-0.052193085,0.367815018
20-05-2012,90670.86068,299.9122906,-0.003948299,0.000115401,2.48447156,-0.460895538,0.349524816
21-05-2012,90680.83936,298.8046284,-0.002742009,0.000614548,2.942399979,-0.302358031,0.339799245
22-05-2012,90721.51286,299.8597991,-0.003592458,0.000187355,2.961900711,-0.410262386,0.328664144
23-05-2012,90725.7238,299.075311,-0.003019888,0.000119797,3.434962591,-0.129374186,0.316649755
24-05-2012,90651.16732,298.8243783,-0.002936725,0.000961298,3.593598167,-0.116436601,0.310581207
25-05-2012,90620.94368,298.9171518,-0.002207285,4.09E-06,3.811075846,-0.185214043,0.306627274
26-05-2012,90698.89844,298.1691157,-0.001899835,0.000468954,3.830429077,0.042907357,0.301727931
27-05-2012,90644.59684,298.4467818,-0.002550264,0.003527251,3.66972669,-0.507145683,0.31590271
28-05-2012,90647.10352,298.9356435,-0.002973904,0.002912658,3.397722244,-0.245568871,0.343485514
29-05-2012,90709.67041,298.9403089,-0.002985172,0.001150969,3.219177882,-0.376673381,0.349994659
30-05-2012,90625.00309,298.3493462,-0.002644792,0.00692265,3.693957647,-0.036088308,0.384934743
31-05-2012,90539.75977,299.0596574,-0.003601247,0.000299284,3.785100937,0.202789783,0.392428716
01-06-2012,90595.18913,298.9451605,-0.003294907,3.84E-05,4.017351151,0.032715599,0.361991247
02-06-2012,90594.35661,299.4671656,-0.0027378,-9.57E-09,3.802080194,-0.118946552,0.338623683
03-06-2012,90583.80729,298.4655838,-0.002219979,0.001103225,3.971523285,0.388341308,0.330223083
04-06-2012,90599.8877,298.8318081,-0.002500292,9.95E-05,3.732562383,1.082070033,0.318670273
05-06-2012,90581.08512,298.1709245,-0.001892173,0.000659424,4.608570099,1.299313227,0.309604645
06-06-2012,90520.82357,297.3222631,-0.001682742,0.002415746,4.730841319,1.545255661,0.308743795
07-06-2012,90584.64323,296.9460468,-0.001854529,0.001458713,4.343728383,0.50609378,0.331692378
08-06-2012,90734.74365,297.0270068,-0.001470067,0.002793068,4.567477544,-0.088765264,0.344968796
09-06-2012,90751.50033,297.6865463,-0.002064097,0.000367567,4.980503718,-0.83412989,0.345632553
10-06-2012,90675.78906,297.7368024,-0.001936726,5.49E-05,4.854049047,-0.718479673,0.33022054
11-06-2012,90578.25146,297.858441,-0.002070144,3.25E-06,4.480234782,0.326525966,0.314742406
12-06-2012,90528.84033,296.9636618,-0.001509463,0.000457543,4.220890045,1.333380183,0.305574417
13-06-2012,90615.9279,296.9159298,-0.001573005,0.006428555,3.455930074,0.636350274,0.337105433
14-06-2012,90669.47021,297.5099691,-0.002389709,0.000592297,3.201993306,0.834871213,0.364697138
15-06-2012,90679.11719,297.1922887,-0.002091243,0.004697153,3.872065862,0.270061056,0.374844869
16-06-2012,90630.77799,296.8043582,-0.002422499,0.005341962,4.22840627,0.41353484,0.409638723
17-06-2012,90649.70052,295.7037188,-0.002311977,0.004888266,5.084842046,1.362472296,0.432683309
18-06-2012,90772.61637,293.4023368,-0.002465363,0.018856561,5.077744802,1.293216348,0.483545939
19-06-2012,90704.15723,295.6706219,-0.00249335,0.000694465,5.640664419,0.388507366,0.451503118
20-06-2012,90666.15446,296.5682646,-0.00320475,0.000927988,5.486856461,0.214318514,0.420651754
21-06-2012,90702.54134,296.2719301,-0.002192507,0.000621545,4.83536001,0.126463175,0.40456454
22-06-2012,90733.65495,296.1911945,-0.002591342,0.00342128,4.024096171,0.095361392,0.40946579
23-06-2012,90654.34538,297.1663748,-0.002927795,0.000291094,3.87806956,0.180140456,0.403889974
24-06-2012,90675.21029,296.8866145,-0.002786611,0.000468892,4.075893402,0.491806428,0.385166168
25-06-2012,90819.52197,297.0141824,-0.002550039,0.000424612,3.617083232,0.380401174,0.370994568
26-06-2012,90871.04964,296.2199281,-0.002488252,0.005976618,3.785961151,-0.001641512,0.390355428
27-06-2012,90844.00521,296.034764,-0.002220187,0.000694484,4.097895304,-0.139327486,0.413371404
28-06-2012,90779.78483,294.9292876,-0.001739014,0.003680825,4.348358154,0.683061282,0.411445618
29-06-2012,90670.73438,295.2630246,-0.002423871,0.002512535,4.526549021,0.660002232,0.42693456
30-06-2012,90552.59587,296.4774748,-0.002915147,0.001241177,5.063725154,0.582208713,0.409527461
01-07-2012,90459.54329,293.7388827,-0.002105827,0.013978857,3.987143199,1.434776743,0.465275447
02-07-2012,90390.48421,293.415638,-0.002191443,0.00992238,4.704991023,1.57306695,0.48786672
03-07-2012,90357.41895,295.1401901,-0.0027047,0.002248593,5.415249507,0.971849521,0.466704051
04-07-2012,90391.61182,296.2496688,-0.003070872,0.000425214,5.255371094,0.559754769,0.44018809
05-07-2012,90534.36214,296.7020391,-0.0032509,0.000173286,4.674377441,0.118349592,0.418648402
06-07-2012,90542.89714,296.8056946,-0.003099499,0.000158334,4.411479314,-0.032637199,0.400872548
07-07-2012,90462.01839,296.3329582,-0.002905721,0.001122435,4.012355804,0.01154081,0.391243617
08-07-2012,90470.50814,296.3073947,-0.00195634,0.000183454,4.027504603,0.216285825,0.385818481
09-07-2012,90511.08691,296.1662,-0.002396954,0.004157344,3.534140269,0.190036098,0.401405334
10-07-2012,90602.88997,296.0335878,-0.002808142,0.002825651,3.786891937,0.755265872,0.422019958
11-07-2012,90691.39128,296.3719292,-0.002919096,0.001150221,4.448876699,0.54443423,0.414650599
12-07-2012,90698.8807,296.6683801,-0.002625157,0.000608145,3.995567322,-0.354506811,0.401800156
13-07-2012,90666.85547,296.7513212,-0.002653814,0.000452483,4.066529592,-0.955046415,0.387393951
14-07-2012,90615.84554,296.3107548,-0.002465081,0.003380889,3.55551974,-0.727865338,0.392536163
15-07-2012,90679.86751,295.6422621,-0.002197461,0.007258862,2.967752457,-0.110377868,0.430014292
16-07-2012,90788.72786,295.6908887,-0.002802679,0.011191496,2.544598262,-0.518459479,0.462864558
17-07-2012,90832.03695,295.501578,-0.002917114,0.00684289,3.123100917,0.102507273,0.470619837
18-07-2012,90841.36768,295.0690009,-0.002523371,0.008784494,4.129592896,0.232185642,0.46241951
19-07-2012,90745.40137,295.7332312,-0.002840474,0.001829897,4.963150024,0.384180268,0.450803121
20-07-2012,90660.3833,295.1749096,-0.002805625,0.004808566,5.300430934,0.283283234,0.464505514
21-07-2012,90674.6027,294.891229,-0.002267382,0.009093389,5.011559804,0.196132859,0.465103149
22-07-2012,90623.77865,295.8333791,-0.002339398,0.001241878,4.872366587,-0.152133067,0.45846494
23-07-2012,90565.6084,296.3442485,-0.002923565,0.001157102,4.758114497,0.54587996,0.450602849
24-07-2012,90567.79541,296.7356269,-0.003093977,0.00062345,4.657719294,-0.058338761,0.438037237
25-07-2012,90677.40658,296.0129687,-0.002990714,0.002429348,4.607949575,-0.319143216,0.435608546
26-07-2012,90642.25993,295.8682334,-0.002650524,0.001758227,4.9622612,-0.18514355,0.437005361
27-07-2012,90586.23551,295.2330329,-0.00253102,0.003328988,4.163562775,0.307469726,0.444660823
28-07-2012,90659.59766,295.6803074,-0.002131702,0.000348749,4.78335762,0.430847168,0.437671661
29-07-2012,90787.90706,295.9304008,-0.002876962,0.000373277,4.426059087,0.233374198,0.421281815
30-07-2012,90824.89876,295.8942013,-0.002917595,0.000224993,4.955891927,0.437244813,0.40574646
31-07-2012,90837.8597,295.6991908,-0.002926411,6.26E-05,5.352353414,0.526518782,0.390209834
01-08-2012,90876.09212,295.6312637,-0.002483645,1.10E-05,4.926694234,0.425865253,0.376407623
02-08-2012,90845.78971,296.1582851,-0.002713809,0.000650162,5.332368851,-0.210284392,0.367301305
03-08-2012,90748.86914,295.1707776,-0.001826921,0.000681388,5.115882874,-0.021958033,0.362313588
04-08-2012,90690.6346,295.7973868,-0.002449336,0.001894811,5.408838272,0.115074118,0.363311768
05-08-2012,90712.86068,296.0812467,-0.002488725,0.000747347,5.355612437,0.204160134,0.365439733
06-08-2012,90731.72233,294.8129743,-0.001857217,0.006358296,4.34707133,0.05609711,0.378887812
07-08-2012,90792.70719,294.1778113,-0.002260228,0.009630943,3.50429217,0.261982918,0.470752716
08-08-2012,90826.24691,295.1231441,-0.002476837,0.003534088,4.127105713,0.000967026,0.457171758
09-08-2012,90744.65267,294.8080158,-0.002405712,0.012283757,4.647265116,-0.173795025,0.447593053
10-08-2012,90693.47445,294.4526793,-0.002535566,0.011019859,4.570251783,0.517153104,0.472291311
11-08-2012,90780.64941,293.937994,-0.002272379,0.009533527,4.123503049,1.063470125,0.494512558
12-08-2012,90809.7749,293.7793388,-0.002170417,0.012103716,3.649746577,0.974499385,0.495831172
13-08-2012,90790.19124,295.2702262,-0.003035794,0.00277245,3.478159587,0.373672883,0.491758347
14-08-2012,90806.75505,296.1676127,-0.003519945,0.000287169,3.311760545,0.121458133,0.467427572
15-08-2012,90838.87207,295.7556349,-0.003254745,0.001079047,3.404923121,-0.4629697,0.453289668
16-08-2012,90779.52458,295.7471676,-0.003400791,0.001106972,3.37575086,-0.547407548,0.443471909
17-08-2012,90759.29655,294.8919595,-0.003132929,0.003663364,4.248420715,-0.475182494,0.450078964
18-08-2012,90677.79541,295.4055068,-0.002804769,0.000948682,4.651322683,-1.229171753,0.448750178
19-08-2012,90631.59521,295.610438,-0.003140544,0.000227299,4.384584427,-0.315395713,0.431154251
20-08-2012,90666.86882,295.9597238,-0.003635313,1.94E-05,3.600429535,0.347293139,0.412045797
21-08-2012,90780.76123,296.21547,-0.003341829,0.000554779,2.90431277,0.09942015,0.39787674
22-08-2012,90802.72135,296.2764912,-0.0030181,0.000709176,1.642951965,0.476985931,0.388791402
23-08-2012,90823.44287,296.3004182,-0.003427836,0.029485561,1.499353409,0.032552679,0.422297796
24-08-2012,90829.77702,294.9727173,-0.00202949,0.01001367,2.012159348,-0.716062506,0.479654948
25-08-2012,90787.94141,295.2942282,-0.002856333,0.007644945,3.135669708,0.150076866,0.488594055
26-08-2012,90746.28923,294.105732,-0.002651235,0.012662768,3.672635396,-0.569849014,0.492124557
27-08-2012,90759.4515,294.3774891,-0.002282105,0.000965619,4.354913712,0.079188585,0.481940587
28-08-2012,90758.94873,294.6651885,-0.002567889,0.003584945,4.655008952,0.746877352,0.476841609
29-08-2012,90723.01904,294.4016056,-0.002538318,0.019331136,4.478135427,0.688637296,0.492679596
30-08-2012,90699.78288,293.6218332,-0.001936406,0.016273296,3.479710261,1.204180559,0.470496496
31-08-2012,90667.04557,293.9027532,-0.002146367,0.00798167,4.834032694,1.449313203,0.483998617
01-09-2012,90692.26693,295.0451654,-0.002829966,0.005806052,4.685156504,0.888701797,0.488092422
02-09-2012,90660.02067,295.374258,-0.002902447,0.004113644,4.55541865,0.427114606,0.492096583
03-09-2012,90568.93066,294.8375041,-0.002595456,0.007541984,4.863274256,0.630116502,0.490080516
04-09-2012,90659.6001,294.9875628,-0.002854863,0.002784642,5.042304993,1.131519318,0.488320033
05-09-2012,90752.46159,295.3178628,-0.002861825,0.000681921,4.182871024,1.096645872,0.473635356
06-09-2012,90871.11426,295.1701075,-0.003098771,0.001049635,3.57385699,1.051024874,0.464083354
07-09-2012,90854.46257,294.9293187,-0.002807984,0.005017751,3.595340729,0.838888486,0.471281052
08-09-2012,90821.31315,294.6091429,-0.002318488,0.00594812,3.316704432,0.634320378,0.47144254
09-09-2012,90837.93717,294.7229716,-0.002808613,0.003593037,3.858706792,0.347812057,0.471117655
10-09-2012,90859.78597,295.0858358,-0.00341883,0.001413724,4.055603027,0.251228968,0.472094218
11-09-2012,90840.0599,295.5351931,-0.003420686,0.001100418,3.995037079,0.318510691,0.462186178
12-09-2012,90895.04818,295.3618539,-0.003407472,0.000849611,3.491669337,0.773004452,0.452271144
13-09-2012,90937.53939,295.5209611,-0.003425307,0.000991049,3.291625341,0.224541823,0.444180171
14-09-2012,90874.32682,295.8192043,-0.00350815,0.000338963,3.595018387,0.380789479,0.433535894
15-09-2012,90824.89714,294.9346962,-0.00322064,0.005252647,3.802240372,0.245669007,0.450527191
16-09-2012,90821.42074,295.4528612,-0.003554702,0.000363535,3.835828781,-0.176495234,0.45113945
17-09-2012,90876.67952,295.3713633,-0.003444593,0.000916529,3.110636393,-0.043423335,0.4360466
18-09-2012,90873.12777,295.1990662,-0.003890952,0.000302845,2.643503189,-0.404736837,0.421461741
19-09-2012,90791.93701,295.448185,-0.004242765,3.03E-05,2.165501277,-0.20949173,0.404991786
20-09-2012,90863.89469,295.6474845,-0.003889753,0.000322496,1.774832408,0.022286455,0.391640345
21-09-2012,90873.69255,296.025142,-0.004390757,4.37E-07,1.748465856,-0.035002033,0.377597809
22-09-2012,90957.55176,295.9442425,-0.004167989,2.89E-05,2.318309784,-0.437640985,0.363534927
23-09-2012,90924.50358,296.3524469,-0.004513501,1.28E-06,2.257243474,-0.107004642,0.349773407
24-09-2012,90894.44303,296.1413174,-0.004149068,1.04E-05,2.47670873,-0.936113358,0.337292989
25-09-2012,90937.99056,295.9264781,-0.004093582,1.90E-06,2.450476329,-1.113670826,0.326209386
26-09-2012,91036.19564,296.7390302,-0.003687584,0.000214025,1.510499318,-1.110140483,0.317672094
27-09-2012,91051.78353,295.5751959,-0.002695869,0.023935101,1.319893519,-1.156301737,0.402397156
28-09-2012,90945.23421,294.6929544,-0.002740648,0.016245474,2.090644836,-1.088409821,0.490345637
29-09-2012,90817.81283,294.999698,-0.002690027,0.035463057,0.933014552,-0.654072682,0.476726532
30-09-2012,90777.13509,294.7681917,-0.002426418,0.007436861,2.569428126,0.11556085,0.4593455
01-10-2012,90815.22054,294.5176582,-0.002367141,0.002399541,2.900525411,0.922928532,0.485468547
02-10-2012,90898.53092,295.0308908,-0.003765402,1.25E-05,3.282043457,1.866417567,0.466613134
03-10-2012,90915.77181,294.498785,-0.004729988,0,3.139048258,1.226964315,0.446214676
04-10-2012,90921.66357,295.1597258,-0.004366829,0,2.608869553,0.538178126,0.429832458
05-10-2012,90997.03288,295.7352339,-0.004395721,1.72E-06,1.269613902,-0.106937448,0.415705363
06-10-2012,91065.97363,296.4158618,-0.003920452,0.000313911,0.223641753,-0.944935481,0.404593786
07-10-2012,91058.59635,295.240317,-0.001827481,0.001008037,0.203028361,-1.211647669,0.40336736
08-10-2012,90908.5249,295.7981472,-0.003522079,0.003930259,0.032137076,-0.913708369,0.41457812
09-10-2012,90850.9624,294.8646431,-0.002527048,0.002177307,0.730194092,-0.979889035,0.445559184
10-10-2012,90847.95557,295.6657931,-0.004392707,8.58E-07,-0.267356873,-1.999708811,0.427131017
11-10-2012,90899.33301,296.1432247,-0.004467824,0,-0.929796219,-1.564910332,0.404905319
12-10-2012,90978.22803,296.3952789,-0.003281977,0.001161486,-0.629286448,0.392625133,0.394724528
13-10-2012,91032.37435,295.626838,-0.002820611,0.00756124,-1.148256938,0.462789496,0.411759694
14-10-2012,91093.7902,295.9920069,-0.003659183,0.011435392,-0.92561849,-0.094542027,0.470043818
15-10-2012,91216.42415,295.1359577,-0.00300424,0.023203191,-0.414328893,-0.332098087,0.487909317
16-10-2012,91247.65951,295.1147238,-0.002432125,0.000820276,-1.335823695,-0.609920104,0.489088058
17-10-2012,91150.90299,295.5283426,-0.004589375,3.38E-06,-2.467517853,-1.120884657,0.465902328
18-10-2012,91059.09928,295.4488672,-0.004656568,4.19E-06,-2.993110021,-0.818022648,0.446864446
19-10-2012,91031.05094,294.388258,-0.002889152,0.011163616,-2.804347992,-1.585474094,0.478656769
20-10-2012,91022.59945,293.3737278,-0.001564984,0.014541084,-3.195582708,-0.299690286,0.458835602
21-10-2012,91060.37874,294.2598782,-0.002630754,0.003150374,-3.260337551,0.24412032,0.444443385
22-10-2012,91087.33317,294.5832094,-0.003181478,0.001829627,-3.180732926,0.247347991,0.457450231
23-10-2012,91098.65576,294.4532757,-0.002941779,0.000870544,-2.732440948,-0.378283819,0.452135086
24-10-2012,91032.6779,294.5709496,-0.002486476,0.002625066,-2.499412537,0.312684457,0.458110809
25-10-2012,90970.43018,295.1268832,-0.003341384,0.000624418,-2.177700043,0.141160329,0.453021367
26-10-2012,90919.40137,295.2319705,-0.004437367,5.37E-06,-2.34587733,-0.195782344,0.435469309
27-10-2012,90946.02409,294.0960477,-0.004149077,7.26E-06,-2.742198308,-0.584402084,0.41866684
28-10-2012,91001.40348,294.0137418,-0.004214455,1.73E-06,-2.9261144,-1.605682373,0.404257456
29-10-2012,90902.4707,294.3986149,-0.003209233,0.000559616,-2.450482686,-1.946201841,0.396647135
30-10-2012,90792.94157,293.6717911,-0.002656493,0.00677442,-2.94643116,-2.018848419,0.40079689
31-10-2012,90362.6779,291.7189655,-0.001443984,0.059051648,2.298137188,-3.145573219,0.484788895
01-11-2012,90448.81299,291.9065965,-0.001602904,0.007365556,3.156824112,3.569534938,0.465175629
02-11-2012,90776.66764,293.6647727,-0.002095912,0.003398171,3.093926112,1.811510722,0.487479528
03-11-2012,90921.05745,294.3592269,-0.00277028,0.006869334,2.911584536,0.578882734,0.494286219
04-11-2012,90860.42871,295.2484404,-0.003265169,0.003489378,1.024180492,-0.322054585,0.492406845
05-11-2012,90897.60742,294.6153959,-0.00237726,0.001998711,-0.680727005,-0.122574806,0.492894491
06-11-2012,90992.53044,294.6865966,-0.004070679,5.29E-06,-1.845676422,1.119876067,0.471342087
07-11-2012,91019.24056,294.8884595,-0.00309811,0.000658938,-1.248856227,0.349398136,0.461780548
08-11-2012,90979.60303,295.3127848,-0.003616437,0.000210795,-1.941340764,0.170637131,0.451391856
09-11-2012,91069.39323,294.9561132,-0.004067854,8.52E-07,-2.367385228,0.042650859,0.438031514
10-11-2012,91174.41357,295.1430677,-0.003961056,4.35E-05,-2.252835592,-0.088993867,0.42509079
11-11-2012,91134.68587,294.5305042,-0.003767092,1.20E-05,-1.873556137,-0.796372016,0.414223989
12-11-2012,91147.5013,294.2577648,-0.004128447,2.57E-06,-2.156812668,-1.007674336,0.402246475
13-11-2012,91141.78076,293.3198261,-0.004191914,8.58E-07,-1.883306503,-1.80008467,0.390439987
14-11-2012,91024.27458,292.0973892,-0.004419075,0,-1.770581563,-2.200595737,0.378361384
15-11-2012,91056.84489,291.7229207,-0.004137491,0,-1.938491821,-1.755537033,0.367030462
16-11-2012,91121.00553,291.455108,-0.003919343,1.29E-06,-1.50421524,-1.686049779,0.357273102
17-11-2012,91046.56852,291.8445752,-0.003875975,0,-0.35142835,-1.72249337,0.348251979
18-11-2012,90964.52816,291.8302975,-0.003885647,8.52E-07,-0.465772629,-1.393568556,0.339505514
19-11-2012,90981.30111,292.6397457,-0.003758227,1.72E-06,-0.482117534,-0.6586984,0.331449509
20-11-2012,90981.55469,295.5345338,-0.003551161,6.78E-06,-1.205912749,-0.202860475,0.324426015
21-11-2012,91018.87435,296.0242189,-0.002867961,3.81E-06,-0.749350667,-0.681981007,0.318892797
22-11-2012,91000.10286,295.734848,-0.002600895,0.00054332,-1.256625493,-2.17682898,0.317059199
23-11-2012,91048.33301,294.0008106,-0.001753677,0.015712336,-2.121821245,-0.882968903,0.42072169
24-11-2012,91062.36426,294.5805569,-0.003508647,4.19E-06,-2.726472457,0.189539909,0.431561152
25-11-2012,91145.764,295.0458177,-0.003652539,7.98E-06,-2.787565231,-0.194525003,0.407132467
26-11-2012,91159.95345,294.5213661,-0.003432199,3.87E-06,-2.759751002,-0.331823746,0.389120738
27-11-2012,91120.11198,293.9278495,-0.003622162,2.56E-06,-2.618326187,-0.482300321,0.373509725
28-11-2012,91081.46598,292.9282188,-0.003798372,1.71E-06,-2.106068929,-1.443616986,0.35901324
29-11-2012,91023.09701,292.6333739,-0.00369078,8.58E-07,-2.248027166,-0.876857162,0.345886866
30-11-2012,91037.21712,293.0909475,-0.003267439,0,-1.450024923,-0.594506343,0.335065842
01-12-2012,91037.85156,293.5032953,-0.003274186,8.55E-07,-2.330899556,-0.315661828,0.32568868
02-12-2012,91077.58691,293.8867575,-0.003463944,6.26E-05,-2.319676638,-1.293664932,0.316652298
03-12-2012,91006.72298,293.714063,-0.001663231,0.00876863,-2.392192721,-2.311402082,0.322500229
04-12-2012,90967.55957,292.6715857,-0.000975353,0.015614274,-2.234008789,-1.365083655,0.486822128
05-12-2012,91036.889,294.9213765,-0.002901866,0.000377405,-3.774775187,0.540236553,0.453896205
06-12-2012,91176.05127,294.38388,-0.002887065,0.000294676,-3.151415507,-0.029744983,0.430177689
07-12-2012,91168.45524,293.0826632,-0.003453901,5.42E-06,-2.39182512,0.531629562,0.411130269
08-12-2012,91131.0555,293.0550569,-0.003502568,8.55E-07,-1.990446448,0.419143041,0.394394557
09-12-2012,91067.40072,293.2012526,-0.003388464,0,-1.581562042,0.345692873,0.38005511
10-12-2012,91057.98112,293.5547727,-0.003688718,2.58E-06,-1.91852951,0.948571285,0.366383235
11-12-2012,91100.02995,293.6435134,-0.003467253,8.53E-07,-1.966629664,1.233748833,0.353700002
12-12-2012,91087.89404,294.2468541,-0.003392948,4.28E-07,-1.667623957,1.104833961,0.342550913
13-12-2012,91177.31592,294.1933594,-0.00322072,2.17E-06,-1.817186356,1.171677907,0.332546234
14-12-2012,91302.13639,293.4532369,-0.003149602,1.81E-06,-2.767355601,0.35104084,0.323396683
15-12-2012,91324.07422,292.377793,-0.002974437,5.79E-06,-2.959756851,-0.352303068,0.315367381
16-12-2012,91303.1071,292.370615,-0.002628112,8.52E-07,-3.213878632,-1.301545699,0.308647156
17-12-2012,91230.18441,293.243494,-0.002381692,2.53E-07,-3.647807439,-1.776291529,0.303258896
18-12-2012,91204.53418,292.9062055,-0.002319281,0,-3.257948677,-1.398090164,0.298380534
19-12-2012,91092.07682,292.9976362,-0.002495839,1.29E-06,-2.957910419,-0.32689023,0.293795904
20-12-2012,90989.00846,293.4071242,-0.002578416,1.71E-06,-2.973121643,0.020113627,0.289376577
21-12-2012,91045.65576,293.0612431,-0.002349816,1.71E-06,-2.610623678,0.490570068,0.28559049
22-12-2012,91098.74593,293.0724621,-0.002590979,9.42E-07,-2.548178355,-0.693019867,0.282004674
23-12-2012,91092.19206,293.382789,-0.002240518,8.53E-06,-2.868760427,-0.465166132,0.278926849
24-12-2012,91024.86719,293.362168,-0.002261143,4.00E-06,-2.363838832,-0.406975746,0.276387533
25-12-2012,90926.95801,293.5772731,-0.002216104,8.70E-07,-2.58193779,-0.958691279,0.273899078
26-12-2012,90933.03532,294.0928084,-0.002066517,8.64E-07,-2.785108606,-1.067459901,0.271643957
27-12-2012,90886.89225,294.1677837,-0.002073784,8.52E-07,-2.681654135,-0.972044627,0.269509633
28-12-2012,90840.19971,294.5688636,-0.001520162,0.00038299,-2.379099091,-0.521823247,0.268201192
29-12-2012,90911.47933,294.8325373,-0.00124431,0.001401901,-2.703434626,-0.188736598,0.280081431
30-12-2012,90982.93376,295.4564711,-0.001687875,0.002602714,-2.433876038,0.843521516,0.291337967
01-01-2013,91069.57926,295.7653987,-0.002286319,1.64E-05,-2.304041545,0.488806407,0.297749201
02-01-2013,91166.01969,295.1172447,-0.002439212,1.78E-06,-2.023590684,0.5738252,0.291045507
03-01-2013,91172.94678,296.0001831,-0.002468095,4.35E-07,-1.958687981,0.173803329,0.28509903
04-01-2013,91076.7513,296.6352946,-0.002258801,8.58E-07,-1.87269477,0.316624006,0.280128479
05-01-2013,90939.83919,295.9872004,-0.002104619,2.51E-06,-2.096788327,0.43906649,0.276006063
06-01-2013,90995.03369,295.7405663,-0.00195833,3.22E-06,-2.057319005,0.642196059,0.272711436
07-01-2013,91056.53451,295.5697333,-0.002060801,3.13E-06,-2.718215942,0.066560586,0.269644419
08-01-2013,91143.68066,295.6288459,-0.00220306,3.42E-06,-2.347965876,-0.302586873,0.266658147
09-01-2013,91184.86296,295.4979649,-0.001879754,0,-2.565443476,-0.666412314,0.264082591
10-01-2013,91167.28141,294.7976589,-0.001862716,8.52E-07,-2.248167316,-0.426927845,0.261993408
11-01-2013,91209.56592,294.429369,-0.001739537,7.84E-06,-2.608546535,-0.355003993,0.260265986
12-01-2013,91274.5957,293.9395332,-0.00174325,1.29E-06,-2.373171329,-0.447959264,0.258708954
13-01-2013,91161.99186,293.7853762,-0.001739781,8.39E-07,-2.406912486,-0.882279714,0.257380168
14-01-2013,91171.50684,293.8299014,-0.001755293,1.72E-06,-2.793539047,0.03010877,0.256234487
15-01-2013,91263.43815,293.5509103,-0.00169185,1.72E-06,-3.041410446,0.14738826,0.25528717
16-01-2013,91295.31071,293.4175091,-0.001497768,8.58E-07,-3.067727407,0.884605845,0.254480362
17-01-2013,91301.13883,292.9600366,-0.001433618,3.01E-06,-2.7364947,0.749625127,0.25383695
18-01-2013,91272.5791,293.2612197,-0.001492705,2.53E-07,-2.558276494,0.348136584,0.25306193
19-01-2013,91252.80192,294.0890535,-0.001478498,1.12E-05,-1.922031244,-0.662876924,0.252694448
20-01-2013,91243.60726,294.1728935,-0.001461875,9.24E-07,-2.205087662,0.228265127,0.252379735
21-01-2013,91326.37939,294.4830023,-0.001398189,0,-2.275409698,-0.482304056,0.252108892
22-01-2013,91338.58643,293.9870059,-0.001392312,8.52E-07,-3.097904205,-0.229324341,0.251887004
23-01-2013,91332.54069,293.4807758,-0.001402752,0,-2.751988729,-0.324831804,0.251708984
24-01-2013,91269.19548,293.4193109,-0.00144691,8.52E-07,-2.727068583,0.482237697,0.251516342
25-01-2013,91311.45654,293.367897,-0.001369737,2.15E-06,-2.688126246,-0.360374689,0.25140063
26-01-2013,91332.5695,293.4786917,-0.001380419,8.52E-07,-2.93135643,0.448247274,0.251302083
27-01-2013,91320.09538,293.923516,-0.001333602,5.68E-14,-2.72864298,0.966923316,0.251216888
28-01-2013,91245.37712,294.398737,-0.001349069,0,-2.141571681,0.904382348,0.251134872
29-01-2013,91185.05387,295.1076272,-0.001294866,0,-1.688651959,0.822378675,0.251018524
30-01-2013,91237.45915,295.1224085,-0.00119734,6.57E-06,-2.934272766,1.084354242,0.250977834
31-01-2013,91273.28581,294.728665,-0.001210231,4.92E-07,-3.263392607,0.69603471,0.250983556
01-02-2013,91255.75977,294.0855192,-0.001207154,1.72E-06,-2.872119268,-0.078585505,0.250949224
02-02-2013,91213.31836,293.6120205,-0.001221392,1.71E-06,-2.607315381,-0.319143414,0.250926336
03-02-2013,91214.5332,293.8184821,-0.001270396,1.73E-06,-2.558380524,0.101878126,0.250894547
04-02-2013,91267.98096,294.494386,-0.001242574,6.28E-06,-2.165462613,1.432288488,0.250878016
05-02-2013,91301.14941,295.3896701,-0.001043592,1.00E-05,-2.343021035,1.80534935,0.250915527
06-02-2013,91282.35693,296.1763948,-0.000892235,6.03E-05,-1.907969157,1.26864624,0.251251856
07-02-2013,91087.87744,297.0327975,-0.001065453,4.74E-05,-0.595900655,0.641630967,0.251511256
08-02-2013,91043.23486,296.9633967,-0.001009253,0.000198111,-0.845709046,0.013057868,0.252498627
09-02-2013,91027.94482,296.5451425,-0.00111785,1.72E-06,-2.876824697,0.710676829,0.252485911
10-02-2013,91065.04476,295.528574,-0.001089613,4.22E-06,-3.46061643,-0.179794947,0.252112071
11-02-2013,91090.75488,294.9677467,-0.000968498,6.13E-06,-3.776855469,-0.028323174,0.251859029
12-02-2013,91024.41618,296.2177804,-0.001035635,1.28E-06,-3.479669968,-0.126917601,0.251626333
13-02-2013,91008.70703,295.9240259,-0.000947624,0.000230139,-3.003754258,0.23058792,0.252311707
14-02-2013,91045.57601,295.3290043,-0.000562755,9.12E-05,-2.363494873,1.274861852,0.25354449
15-02-2013,90982.65951,296.1427746,-0.001105092,0.001575759,-0.588971456,1.84259359,0.2617232
16-02-2013,90880.34326,296.2509282,-0.001192284,0.00238623,1.128458659,1.158743143,0.277469635
17-02-2013,90865.27799,296.4727173,-0.001713442,0.008391172,1.144627889,-0.075453401,0.306290944
18-02-2013,90956.28613,295.5898215,-0.002168542,0.002782229,-1.80576388,-0.348449429,0.404100418
19-02-2013,91067.15918,296.7543914,-0.002581852,0.000218555,-2.217304866,0.629046758,0.376952489
20-02-2013,91112.72054,296.085158,-0.002470985,2.36E-06,-2.483809789,0.235781988,0.351760864
21-02-2013,91222.47119,295.761748,-0.002444893,5.95E-06,-2.741802851,-0.218352636,0.330615997
22-02-2013,91289.50114,295.4819972,-0.002177684,2.17E-06,-2.978872935,0.188852946,0.313671748
23-02-2013,91283.19759,295.4798107,-0.002084583,1.29E-06,-2.591112137,0.287412723,0.300288518
24-02-2013,91209.84066,295.69078,-0.001971784,1.73E-06,-2.435964584,-0.268684189,0.28963089
25-02-2013,91263.26823,295.4212042,-0.001785603,0,-2.681034724,0.213543892,0.281536102
26-02-2013,91267.22054,296.2988478,-0.001640959,0,-3.315860748,0.354972998,0.275243123
27-02-2013,91195.90299,296.6704877,-0.001581442,0,-2.15961647,0.126597722,0.270126979
28-02-2013,91086.26986,297.1524506,-0.001466587,1.28E-06,-3.039085388,-0.563972831,0.265829722
01-03-2013,91115.16374,297.4849173,-0.001457224,1.71E-06,-3.373314738,-0.607276519,0.262260437
02-03-2013,91190.07585,297.5071214,-0.001329102,4.35E-07,-3.541463216,-0.013605118,0.259286245
03-03-2013,91177.94987,297.0283508,-0.001268893,0,-3.2053744,-0.722446442,0.257120768
04-03-2013,91159.47917,297.0751953,-0.001207914,2.58E-06,-3.171776454,-0.129009843,0.255447388
05-03-2013,91152.37891,297.2770494,-0.00081354,1.11E-05,-3.636110942,0.457528273,0.254437129
06-03-2013,91211.64095,296.3009656,-0.001036607,0.001551092,-3.478741964,0.961722056,0.261458079
07-03-2013,91275.53402,296.0711892,-0.001075914,0.006630033,-2.659195582,0.776942571,0.308880488
08-03-2013,91272.74154,297.788147,-0.001993138,1.07E-05,-2.058643341,0.890869776,0.337832133
09-03-2013,91129.71322,298.6160348,-0.002026752,0,-1.504646937,0.878400803,0.319695155
10-03-2013,91007.71598,298.9758415,-0.00197953,1.72E-06,-1.561361313,1.361106356,0.304124832
11-03-2013,91089.80729,299.1416683,-0.001747413,1.28E-06,-1.24053065,1.659598192,0.291758855
12-03-2013,91120.99121,299.5751088,-0.001574716,1.28E-06,-0.539262772,0.762961706,0.282670339
13-03-2013,91078.92578,299.5159868,-0.001638392,1.28E-06,-1.712688446,1.180796544,0.275547663
14-03-2013,91082.75505,298.9043198,-0.001439919,8.62E-07,-2.332984289,1.10329926,0.269849777
15-03-2013,91151.1499,298.0455399,-0.001271092,1.72E-06,-2.370387395,1.670389811,0.265325546
16-03-2013,91207.7583,298.1578426,-0.001165436,0,-1.970714569,1.578046163,0.261898677
17-03-2013,91107.63607,299.1669477,-0.001146272,2.35E-06,-1.658133825,0.889681856,0.258981069
18-03-2013,90928.979,298.9769185,-0.001173906,0,-2.17218399,0.643909534,0.256532033
19-03-2013,90974.5306,299.2743492,-0.001151785,1.28E-06,-1.961241285,1.011040767,0.254705429
20-03-2013,91018.40869,299.988533,-0.001087442,1.29E-06,-1.91341722,0.52220885,0.253404617
21-03-2013,90915.84277,300.3306764,-0.001063804,0,-1.889184475,0.887575865,0.252477646
22-03-2013,90799.77279,300.6515414,-0.00101153,1.70E-06,-0.602510452,1.208126505,0.251815796
23-03-2013,90894.04688,300.0018387,-0.000918076,0,-1.737761656,1.70557793,0.251384099
24-03-2013,90960.58073,299.5052846,-0.000990978,8.52E-07,-2.226928711,0.947825869,0.25110817
25-03-2013,90891.81429,300.5831203,-0.000884951,1.71E-06,-0.174397826,1.127588034,0.250925064
26-03-2013,90865.2819,300.7809715,-0.000795415,3.08E-06,0.609762192,1.135826389,0.25082016
27-03-2013,90873.03662,300.762956,-0.000771835,1.38E-05,-0.371140798,0.664931456,0.250794729
28-03-2013,90910.118,301.1232936,-0.000888405,2.56E-06,-0.840435028,1.794562817,0.250733058
29-03-2013,90872.82926,301.292518,-0.000764299,9.30E-06,0.041315715,0.562274297,0.250696182
30-03-2013,90779.01514,301.9617907,-0.000852146,1.30E-06,-0.237077276,1.071398338,0.250642141
31-03-2013,90846.53776,301.7845281,-0.00083294,9.44E-05,-0.538956602,0.933424314,0.250886281
01-04-2013,90939.88932,299.5632006,-0.001043069,0.006811619,0.915814082,0.419083873,0.28911527
02-04-2013,90975.7168,299.235906,-0.002290765,0.003239244,-0.184328079,0.085664074,0.344461441
03-04-2013,90933.40413,299.886001,-0.002167841,0.000555992,-0.516101837,0.445185939,0.347247442
04-04-2013,90817.00537,301.0435187,-0.002165506,0.000107276,-0.062584559,-0.017231464,0.327258428
05-04-2013,90770.86019,301.4271526,-0.001842277,7.14E-06,0.790874481,0.620156884,0.308616638
06-04-2013,90737.85856,300.8612296,-0.001678146,7.02E-06,1.321623484,-0.789000511,0.294318517
07-04-2013,90712.98161,301.6679452,-0.00160439,8.52E-07,-0.173810959,-0.879893621,0.283122381
08-04-2013,90780.24219,301.6398258,-0.001242417,0,-0.701965968,0.824218114,0.275435766
09-04-2013,90859.139,301.3809872,-0.000999278,1.70E-06,-0.714611689,1.923829397,0.26995786
10-04-2013,90846.35286,300.9488945,-0.001139319,1.71E-06,-1.273586273,1.423737208,0.265173594
11-04-2013,90808.51139,300.9928481,-0.001077715,2.99E-06,-1.349430084,0.513188998,0.261064529
12-04-2013,90872.82145,300.9890868,-0.001017611,8.58E-07,-2.720919927,0.863245289,0.257888794
13-04-2013,90984.20329,300.046896,-0.000912854,8.64E-07,-1.836316427,1.422646523,0.255617778
14-04-2013,90955.50781,301.2775885,-0.000858543,1.28E-06,-0.661098838,1.013718168,0.25402387
15-04-2013,90868.67448,300.779061,-0.000673339,8.97E-05,1.39336141,0.88000687,0.253349304
16-04-2013,90751.8387,301.3454558,-0.000780462,1.70E-06,1.904130936,-1.127211253,0.252821604
17-04-2013,90647.85612,301.7474925,-0.000823343,8.59E-07,1.639958064,-0.209701538,0.252025604
18-04-2013,90703.41081,301.2437159,-0.000786936,7.60E-06,1.752993266,0.825636665,0.251508713
19-04-2013,90711.37533,300.8098761,-0.000628156,3.94E-06,0.854768753,0.941859722,0.251232147
20-04-2013,90734.61312,300.4876149,-0.000653306,7.50E-06,0.979088465,0.887728016,0.251064301
21-04-2013,90727.00553,300.7969208,-0.00070673,4.35E-07,0.037858327,1.089139541,0.250892639
22-04-2013,90854.21143,300.3592529,-0.000571212,2.34E-06,-0.500944138,1.75662442,0.250787735
23-04-2013,91030.42692,299.5816504,-0.000556537,5.20E-05,-0.073256175,0.941855748,0.250969569
24-04-2013,91059.22266,299.0863158,-0.000931718,0.003603732,-0.235502243,0.882197181,0.276158651
25-04-2013,91052.96859,298.152792,-0.001523813,0.009393075,-0.425063451,0.609888315,0.341541926
26-04-2013,91005.94548,299.1622912,-0.002820473,0.000564608,-1.239662806,0.533655485,0.381781896
27-04-2013,90941.11833,299.6183427,-0.002371568,0.000251976,-0.079579035,0.382186373,0.355157852
28-04-2013,90821.53223,299.6095797,-0.001997868,0.000309602,1.360343297,-0.609793027,0.333535512
29-04-2013,90791.30632,300.408193,-0.001846381,1.15E-05,-0.762130102,-0.292475621,0.31633695
30-04-2013,90786.38981,301.0477556,-0.001873736,1.72E-06,-2.034910838,1.213143667,0.299475988
01-05-2013,90704.96159,300.9848773,-0.00161168,0,-1.317316055,1.689381361,0.286527634
02-05-2013,90586.54264,301.5066388,-0.001174848,4.17E-06,0.609951019,0.861574054,0.278068542
03-05-2013,90575.01058,300.6841812,-0.00108513,0.000803543,1.385441462,-1.252695243,0.27703476
04-05-2013,90588.75488,300.2240181,-0.001271807,0.001640472,0.87476031,-0.021526337,0.285352071
05-05-2013,90711.82145,299.562994,-0.001542436,0.003406728,0.687583288,0.513454994,0.305784861
06-05-2013,90691.30078,300.6877295,-0.001752791,0.000106296,-0.306870143,0.843940854,0.312779109
07-05-2013,90716.13704,301.039964,-0.001476435,2.00E-05,0.685263316,0.875393271,0.298612595
08-05-2013,90748.94775,300.4735673,-0.001466434,0.000980347,1.894109726,0.211226225,0.292239507
09-05-2013,90758.20866,300.5366898,-0.001589788,0.002554882,1.785987218,-0.2219944,0.301169713
10-05-2013,90743.70361,300.6404648,-0.001795168,0.000518399,1.913262049,-0.285402934,0.307240168
11-05-2013,90598.17269,299.4958623,-0.001682868,0.007789463,2.074644089,-0.209868471,0.340796153
12-05-2013,90659.69157,298.9271825,-0.002157655,0.001231635,2.735314687,-0.800023556,0.381139755
13-05-2013,90568.6626,299.5001996,-0.002082969,0.000173378,2.177547455,-0.147375464,0.361170451
14-05-2013,90511.25081,299.5617008,-0.002042327,9.20E-06,3.311861038,-0.786588152,0.338250478
15-05-2013,90537.69727,299.4788233,-0.001833983,1.71E-06,3.319255193,-0.280846914,0.317980448
16-05-2013,90670.80111,299.5803407,-0.001528505,5.01E-05,2.820885976,-0.41232117,0.302616119
17-05-2013,90751.04329,300.8884741,-0.001420818,3.05E-05,1.653155843,0.032692909,0.29082489
18-05-2013,90751.04671,299.6372356,-0.00145532,0.006387833,1.771627426,-0.154158433,0.318000158
19-05-2013,90724.29834,298.602939,-0.002368726,0.024219632,1.103111903,-0.406440695,0.401450475
20-05-2013,90766.70117,298.8657309,-0.004200235,0.098383117,1.69553566,-0.186990539,0.442601522
21-05-2013,90801.99626,298.9087887,-0.004961705,0.000632074,2.232122421,-0.072933078,0.4612662
22-05-2013,90790.48519,298.5638027,-0.00463041,0.002736707,3.305802027,0.183416247,0.452548981
23-05-2013,90756.79134,298.6927973,-0.004517532,0.000181112,3.840435028,0.283199946,0.441607157
24-05-2013,90762.06217,298.6129576,-0.00516961,0,4.13579305,0.082865596,0.413871765
25-05-2013,90800.65983,298.0881799,-0.003924841,0.000272778,4.497233709,-0.114161174,0.39324379
26-05-2013,90791.896,297.6182416,-0.0032559,0.000833541,4.042656581,-0.615745942,0.383874893
27-05-2013,90842.52181,296.8777866,-0.003175378,0.015189877,3.318146388,-1.070978165,0.410500844
28-05-2013,90823.25326,296.3709977,-0.002807848,0.01285674,3.47170639,-0.538077672,0.442046483
29-05-2013,90718.70036,296.2379017,-0.003090436,0.003317043,3.352081935,-0.898708542,0.458816528
30-05-2013,90620.90592,296.0965068,-0.003115108,0.01840525,2.376092911,-0.364750703,0.477320989
31-05-2013,90574.7749,296.1547591,-0.002967121,0.016385803,2.067824046,0.017058531,0.479375203
01-06-2013,90600.88981,294.7586327,-0.002487857,0.008267632,2.761985779,-0.121353785,0.467655182
02-06-2013,90562.65739,294.1720187,-0.002563936,0.015800408,3.98156484,0.440369288,0.457622528
03-06-2013,90553.05794,294.8876489,-0.002183114,0.00109309,4.195418676,0.248423497,0.431111654
04-06-2013,90631.69971,295.8957049,-0.003793944,0.002132297,3.615737915,-0.834350069,0.435342789
05-06-2013,90643.28385,296.2091465,-0.003310375,0.002501609,2.574876149,-0.721993128,0.446881612
06-06-2013,90565.5861,295.7348423,-0.00301645,0.006768751,3.076531092,-0.488560716,0.470131556
07-06-2013,90537.41748,295.9151249,-0.003514666,0.004861244,4.093804042,0.479082545,0.479918798
08-06-2013,90629.79671,295.7157637,-0.002950464,0.001589253,4.462400436,0.773433367,0.467528661
09-06-2013,90667.03109,296.1593787,-0.003402422,7.90E-05,5.563313802,0.322004596,0.448907852
10-06-2013,90650.70915,295.9688339,-0.002862193,0.006254458,4.812588374,0.335928599,0.466107686
11-06-2013,90530.77327,295.1318658,-0.002329914,0.016252309,5.040995916,0.593026519,0.480660756
12-06-2013,90426.8763,294.3015709,-0.001746989,0.001843631,4.821214676,0.988491575,0.484703064
13-06-2013,90327.0026,295.5266298,-0.003189704,0.000570926,6.050550461,0.201547186,0.469177882
14-06-2013,90294.72103,295.7204393,-0.002653658,0.004136994,5.907532374,0.582440774,0.47627004
15-06-2013,90402.37435,295.7455915,-0.003349325,0.001975402,5.779098511,1.289067109,0.467524846
16-06-2013,90535.21126,295.9412435,-0.003187414,0.001244579,5.448443095,1.210109075,0.458283742
17-06-2013,90585.33594,295.1470935,-0.002687484,0.012225507,4.905751546,1.305700938,0.466217041
18-06-2013,90556.38802,294.5838102,-0.002388374,0.003069574,4.803026835,0.464295705,0.481321335
19-06-2013,90623.88135,294.7339319,-0.002118833,0.005653009,4.387797038,0.725900888,0.480772654
20-06-2013,90682.97526,294.6691602,-0.002298214,0.004822198,4.359411875,0.126676043,0.495431264
21-06-2013,90683.91585,295.296545,-0.001929255,0.000980142,4.653991699,-0.132381678,0.479875565
22-06-2013,90656.75033,294.8994528,-0.002542279,0.008227086,4.53899765,-0.103620927,0.480530421
23-06-2013,90560.87142,295.1942895,-0.002631211,0.003608885,5.280649821,-0.07809488,0.484496435
24-06-2013,90558.05029,295.2950274,-0.003001831,0.003914419,5.615990957,0.072284857,0.486803691
25-06-2013,90782.15023,294.5832456,-0.002622742,0.006033909,5.034368515,0.254086177,0.493953069
26-06-2013,90886.64974,295.2273,-0.002688608,0.004931355,4.427314123,0.227638563,0.49164327
27-06-2013,90878.6849,294.7693138,-0.002294509,0.007910445,4.185389201,-0.651345531,0.479222616
28-06-2013,90852.31038,295.4147542,-0.003211986,0.000569463,4.211115519,-0.156211694,0.468530655
29-06-2013,90894.67529,295.0162754,-0.002856134,0.001718539,4.199135462,0.170407732,0.465118408
30-06-2013,90870.95524,295.4935328,-0.0030134,0.000800651,4.432027817,-0.163699508,0.461135228
01-07-2013,90685.76204,295.4800046,-0.003188299,0.000595051,5.148052216,-0.016770085,0.449564616
02-07-2013,90569.98958,294.7683608,-0.00290525,0.009651214,4.907004277,0.399459759,0.468861898
03-07-2013,90577.56055,294.8946234,-0.003134221,0.004863831,4.828004201,0.345660528,0.49021403
04-07-2013,90564.01009,295.1300608,-0.002731655,0.002359736,4.476379395,-0.311956088,0.485057831
05-07-2013,90601.66488,295.5404517,-0.002796587,0.000908116,4.13847669,-0.508334676,0.469374975
06-07-2013,90683.79313,295.6229712,-0.003196998,0.001690441,4.215324402,-0.945737362,0.460599264
07-07-2013,90709.03385,294.5909831,-0.002905723,0.00955669,4.374844233,-1.115164876,0.480529149
08-07-2013,90646.41895,294.5931307,-0.002978923,0.004628825,4.571801503,-0.516616344,0.494075775
09-07-2013,90583.96582,295.0271695,-0.002645502,0.003205707,4.341851513,-0.120907148,0.489039739
10-07-2013,90555.72298,294.6475646,-0.002755415,0.004681893,4.622772217,-0.41719238,0.482058843
11-07-2013,90622.06624,293.8164412,-0.002553364,0.007559304,4.488878886,-0.335204482,0.498942693
12-07-2013,90662.77995,293.6657581,-0.002261592,0.004963744,4.643110275,0.687973022,0.501461029
13-07-2013,90678.08219,295.0823332,-0.002626151,0.003054788,4.357048631,0.702659607,0.491784414
14-07-2013,90641.56722,295.4473298,-0.002749862,0.00167098,4.163668712,-0.02031823,0.482352575
15-07-2013,90600.36084,295.2418397,-0.002802381,0.007382635,4.266912659,-0.054468989,0.469350815
16-07-2013,90631.50553,294.8196348,-0.002799302,0.00821422,4.369126638,0.262323618,0.471949895
17-07-2013,90672.83333,295.0592715,-0.002671618,0.002846032,4.631799698,0.52143538,0.482299805
18-07-2013,90606.29102,294.3357283,-0.002521751,0.00632526,4.954141617,-0.318042596,0.492308935
19-07-2013,90528.84749,293.425101,-0.002198633,0.008983957,5.063924154,0.232756178,0.506501516
20-07-2013,90669.33252,294.3730081,-0.002764433,0.005681619,5.101947784,-0.379199982,0.499304454
21-07-2013,90558.27751,294.1644344,-0.002673674,0.006593138,5.203885396,-0.506340146,0.504067739
22-07-2013,90486.64746,294.0126292,-0.002608949,0.003564239,5.76537323,-0.162614942,0.497289658
23-07-2013,90508.52767,293.8232269,-0.003222224,0.006097645,6.222677231,1.107073188,0.495348612
24-07-2013,90633.12744,293.816728,-0.00295504,0.007799521,5.900259654,1.224464734,0.506843567
25-07-2013,90633.77214,294.6195469,-0.002513165,0.002008313,6.306682587,1.079701622,0.491654714
26-07-2013,90627.56364,294.6026904,-0.002334323,0.002098921,5.364308039,1.132860184,0.485555649
27-07-2013,90819.97461,295.0737559,-0.001981232,0.000369757,4.043418248,0.391695221,0.475474675
28-07-2013,90983.29769,294.5989869,-0.002576493,0.010394916,4.356280645,0.057098349,0.478359858
29-07-2013,90861.68229,295.169831,-0.003148826,0.000494921,5.216363907,-0.53892533,0.475552241
30-07-2013,90642.28092,294.991415,-0.002807123,0.001053187,6.247314453,0.155560811,0.46892484
31-07-2013,90528.27311,294.8140081,-0.00273888,0.000629723,6.741856893,0.501642227,0.461697261
01-08-2013,90561.40625,294.8020102,-0.003108867,0.00282702,6.724687576,0.717621485,0.465444565
02-08-2013,90676.26969,295.3308226,-0.003222764,0.001420744,6.106320063,0.359462102,0.46251742
03-08-2013,90755.21322,295.0397053,-0.002960302,0.003253341,4.777429581,-0.601590594,0.466214498
04-08-2013,90715.65088,294.8817291,-0.002662637,0.002739295,4.263558706,-0.761724114,0.47262764
05-08-2013,90713.20719,294.1706918,-0.002428147,0.005744088,4.053517024,-0.808887521,0.485112508
06-08-2013,90764.09245,294.5934779,-0.002986223,0.00335052,4.083272298,-0.833627542,0.484195709
07-08-2013,90815.23242,295.3201332,-0.00316657,0.000970285,3.708540599,-1.080733617,0.472150167
08-08-2013,90810.39307,295.1132329,-0.003074457,0.001323001,3.692548752,-1.06209743,0.463387807
09-08-2013,90787.10417,295.2892927,-0.002900172,0.001318038,3.535050074,-1.125210802,0.459301631
10-08-2013,90796.18994,294.5862954,-0.002815764,0.007397124,3.308537165,-1.285950462,0.46833547
11-08-2013,90782.95264,294.8807545,-0.002884479,0.002189174,3.332633972,-1.186107635,0.470352173
12-08-2013,90693.49967,295.1873703,-0.002778308,0.003101143,3.310731252,-1.019717296,0.478504181
13-08-2013,90596.04704,294.8076172,-0.002839402,0.008690575,3.737856547,-0.6448855,0.482210159
14-08-2013,90636.53027,294.5660299,-0.002860947,0.006891466,3.704183578,-0.163967808,0.494230906
15-08-2013,90717.72412,294.1849728,-0.001977481,0.013894668,3.321669896,0.046391209,0.489351908
16-08-2013,90709.21598,293.6838277,-0.002158958,0.016025278,3.355564753,0.07152164,0.481135686
17-08-2013,90774.70866,294.3666744,-0.002632753,0.004364419,3.555995305,0.897910436,0.501263301
18-08-2013,90796.88379,293.9178429,-0.002160114,0.010430336,3.507902145,0.668534478,0.474435806
19-08-2013,90820.43148,294.4991557,-0.002240213,0.002648818,4.347078959,0.562938213,0.465828578
20-08-2013,90746.25667,295.0197519,-0.002916941,0.004721463,4.621164958,0.022439361,0.479192734
21-08-2013,90721.31038,295.2696641,-0.003243187,0.001635355,5.023951213,-0.518214623,0.475159327
22-08-2013,90731.55143,295.0645866,-0.003212629,0.000744819,4.883952459,-0.421408971,0.462441127
23-08-2013,90737.06624,295.1864134,-0.003277501,0.001095376,4.376537323,-0.199150721,0.453523
24-08-2013,90714.15007,295.5010052,-0.003369624,0.001438975,3.733463287,-0.309636672,0.448495229
25-08-2013,90713.95947,295.4778932,-0.003402879,0.000918302,3.511619687,-0.501266241,0.441861471
26-08-2013,90717.79769,295.5500952,-0.003410748,0.000190642,3.190321604,-0.526473045,0.431890488
27-08-2013,90777.45622,295.8904998,-0.00399176,0.000688705,2.678441723,-0.798628211,0.42026329
28-08-2013,90890.54378,296.031566,-0.003560727,0.000254595,2.491727392,-0.96391654,0.411313375
29-08-2013,90949.67936,296.2977746,-0.003389114,0.000550753,2.025479595,-1.461002668,0.403179169
30-08-2013,90849.88281,296.5900682,-0.00367767,0.004260789,0.615004142,-1.246436556,0.410332362
31-08-2013,90812.88053,296.0884209,-0.003183353,0.010526441,0.628657023,-0.617724935,0.450876236
01-09-2013,90846.81315,296.3961836,-0.003793211,0.018139011,0.14224116,-0.512982806,0.468941371
02-09-2013,90919.37744,295.9023978,-0.00364803,0.016041026,1.284549077,-0.417912165,0.476076762
03-09-2013,90951.20361,295.3215574,-0.003362684,0.010732954,2.629341761,0.737557093,0.482545853
04-09-2013,90985.14404,294.9299997,-0.003200017,0.010888999,2.495374044,0.229585648,0.476530075
05-09-2013,90935.34538,294.9014104,-0.003460621,0.00638397,2.809284647,-0.585740407,0.484603882
06-09-2013,90933.84684,294.9492105,-0.003344417,0.004693136,2.617376328,-0.963332335,0.493561427
07-09-2013,90892.59229,294.1439927,-0.002566772,0.011571854,2.52333196,-1.181604942,0.477360408
08-09-2013,90850.59147,293.7697093,-0.00172027,0.003646209,2.586445491,-1.250645916,0.472377777
09-09-2013,90803.47819,294.3222523,-0.002549908,0.005765617,2.740072568,-0.865016421,0.495869319
10-09-2013,90637.54395,294.5717583,-0.00277597,0.004213459,2.882188797,-0.772038142,0.492268244
11-09-2013,90645.78662,294.208189,-0.00216761,0.011858885,2.552995682,-0.147923152,0.485786438
12-09-2013,90756.25081,293.9958191,-0.001994227,0.042769349,2.604408264,-0.36193339,0.473169327
13-09-2013,90787.27767,294.5384814,-0.002644547,0.004783106,2.541769028,0.073284149,0.480315526
14-09-2013,90684.60889,295.2097683,-0.003128389,0.010166198,2.544401169,0.460207621,0.46812439
15-09-2013,90554.74463,295.4927095,-0.00296328,0.000836962,3.224634171,1.050469716,0.460095088
16-09-2013,90519.21305,295.1177088,-0.002742983,0.012167084,2.871851603,1.397291938,0.475217183
17-09-2013,90457.42741,294.6772035,-0.002837615,0.018075421,3.173135757,1.140863935,0.482884089
18-09-2013,90504.01953,294.6922906,-0.002343148,0.006925139,3.941998164,1.131049792,0.488178889
19-09-2013,90442.91699,295.7653573,-0.003058597,0.0011967,4.754508336,1.060910543,0.477036794
20-09-2013,90474.17301,294.7508545,-0.002396451,0.005638257,4.773572922,0.51513203,0.477530162
21-09-2013,90588.53581,295.2764301,-0.003175184,0.001468533,4.453008016,0.566780329,0.473923365
22-09-2013,90658.72412,294.8909823,-0.003828542,8.02E-05,4.308391571,0.576557994,0.45985349
23-09-2013,90701.65381,294.9137561,-0.004478455,1.28E-05,3.537252426,0.596663475,0.443204244
24-09-2013,90793.0402,294.7769388,-0.003612028,0.000243413,2.962334315,0.963859836,0.43144989
25-09-2013,90960.12337,295.0051441,-0.003546955,0.000327462,2.55927976,0.890818278,0.423017502
26-09-2013,91053.71745,295.7439645,-0.004452888,8.64E-07,2.258057912,0.444853306,0.410970052
27-09-2013,91039.63786,296.1075198,-0.004403911,4.49E-05,2.248794556,0.050364653,0.397895177
28-09-2013,90963.5446,295.2903105,-0.003691975,0.000184178,2.873042425,-0.379703204,0.388167699
29-09-2013,90786.34635,294.990366,-0.003599009,7.51E-05,3.393909454,-0.109427293,0.37977155
30-09-2013,90690.33415,294.30583,-0.002427078,0.001859163,3.252498627,0.199450572,0.383326213
01-10-2013,90726.28402,295.2067515,-0.003235446,0.000328481,2.921802521,-0.295362631,0.385100047
02-10-2013,90813.01595,295.4852683,-0.003183343,0.000594735,2.699250539,-0.227699359,0.37918663
03-10-2013,90882.89583,295.5166098,-0.003275575,0.000202957,2.831720352,0.594891032,0.372158051
04-10-2013,90960.47819,295.0041033,-0.004245484,8.52E-07,3.164180756,1.248388926,0.360994975
05-10-2013,90925.26758,294.2740555,-0.002879831,0.001568213,2.913028081,1.43625323,0.360400518
06-10-2013,90901.95671,295.0201658,-0.002495249,0.001015866,2.927787781,1.117578506,0.36652565
07-10-2013,90963.76253,295.8047269,-0.003515188,0.006493568,1.855813344,0.085269928,0.393384933
08-10-2013,90998.91862,295.2224592,-0.00282055,0.010677278,2.027489901,-0.614004135,0.461195628
09-10-2013,90969.68424,294.6073093,-0.002439169,0.005693322,2.668209195,-0.615901828,0.480791728
10-10-2013,91024.61117,295.1919982,-0.003693305,0.000376111,2.79421699,-0.750981728,0.455909093
11-10-2013,90931.81706,294.8780645,-0.003651204,1.18E-05,3.388820648,-0.917040586,0.433595022
12-10-2013,90733.04671,294.9397011,-0.00382421,8.87E-05,3.958779653,-0.62075754,0.416149775
13-10-2013,90814.39046,295.2164275,-0.003046365,0.000769109,3.578639984,-0.356828133,0.40719986
14-10-2013,90925.27767,295.6436335,-0.003185174,0.000600004,2.616657893,-1.044665019,0.401158651
15-10-2013,90975.93604,295.9053612,-0.003236555,0.004257107,1.202716192,-1.130960067,0.40995725
16-10-2013,90918.22673,295.2747962,-0.002698332,0.009421682,0.233064016,-1.316130956,0.45946757
17-10-2013,90943.54883,295.7407398,-0.00371461,0.003075504,-1.310374578,-0.463664373,0.4648482
18-10-2013,90995.29443,295.0566152,-0.003916316,0.004825467,-1.852241953,-0.121738633,0.468999863
19-10-2013,91026.91927,294.9418602,-0.003666521,0.003740478,-0.924878041,-0.09742562,0.463489532
20-10-2013,90875.69808,294.4105568,-0.002541233,0.003017281,-0.247786442,-1.16313084,0.475403468
21-10-2013,90699.96126,293.8259029,-0.002314707,0.002395475,0.432615757,-2.333191117,0.472422282
22-10-2013,90678.88997,293.1227735,-0.001881666,0.006472632,1.787127574,-1.893374602,0.486483892
23-10-2013,90689.79362,293.8377024,-0.002012172,0.00606441,2.541963577,-1.19712007,0.491793315
24-10-2013,90675.42773,294.1597627,-0.002344465,0.01511946,2.924475988,0.616715113,0.481779734
25-10-2013,90706.88379,294.1712424,-0.002349835,0.003941327,2.753163656,0.609277725,0.443612417
26-10-2013,90841.79541,295.124108,-0.002942414,0.00066641,2.574047724,0.568428278,0.456200918
27-10-2013,90998.80257,294.8959064,-0.003280493,0.000164489,2.21498704,-0.189413865,0.447191874
28-10-2013,91075.82113,294.6457818,-0.002384121,0.004855207,1.358352661,-1.009750605,0.465586344
29-10-2013,91154.95378,295.6223284,-0.003252628,0.000405782,-1.545319875,-0.829677105,0.462103526
30-10-2013,91190.55957,295.4240042,-0.003149888,0.00040707,-1.716409047,-0.513388157,0.448493958
31-10-2013,91185.15446,294.9935493,-0.003143083,9.07E-05,-2.008127213,-0.550054351,0.435630798
01-11-2013,91144.20801,295.4153334,-0.003400993,0.000430608,-2.132633209,-1.108662883,0.425732931
02-11-2013,91142.78792,295.1742865,-0.003038879,0.00187786,-2.463376363,-0.446574092,0.42619133
03-11-2013,91202.63949,294.6014659,-0.003047951,0.0018152,-2.829157511,-0.618177573,0.430501302
04-11-2013,91300.30892,294.5358537,-0.003262269,0.001179546,-3.395887375,-0.599293152,0.427658081
05-11-2013,91274.68587,294.2816353,-0.003443702,1.41E-05,-3.293436726,-0.754455805,0.414990743
06-11-2013,91239.50749,294.604159,-0.0037074,9.12E-06,-2.990702947,-0.505838394,0.400695801
07-11-2013,91141.51628,294.9653778,-0.004015255,8.27E-06,-2.668961843,-0.385970831,0.38644282
08-11-2013,91084.75879,293.7785238,-0.003616902,1.80E-05,-2.219707489,-1.13714548,0.374352773
09-11-2013,91051.69629,293.5284576,-0.003976831,0,-2.529577891,-0.777644356,0.36256218
10-11-2013,91047.79118,294.3926576,-0.003488283,9.95E-06,-2.171604792,-0.969887575,0.352209727
11-11-2013,90928.09294,294.5254815,-0.003520594,0,-1.842387517,-1.293160836,0.342955907
12-11-2013,90974.32308,294.0954583,-0.003119177,0,-1.35945034,-1.044312557,0.334833781
13-11-2013,91019.79818,294.1289864,-0.003185934,1.72E-06,-1.441477458,-1.109297196,0.327450434
14-11-2013,91029.59798,293.439579,-0.003187289,1.29E-06,-1.389381409,-1.5972205,0.320527395
15-11-2013,91010.479,293.2253812,-0.003607746,8.40E-07,-1.910047531,-1.997221629,0.313045502
16-11-2013,91025.33187,292.2465267,-0.001991468,0.005749065,-2.585668564,-2.807155609,0.331055323
17-11-2013,91062.60596,293.7753391,-0.002275323,0.001381341,-3.617637634,-0.598873774,0.375567118
18-11-2013,91149.54883,294.017889,-0.002448129,0.009444773,-2.657038371,-0.937005361,0.427474976
19-11-2013,91110.07731,294.7861551,-0.003906279,0,-1.751797915,-1.331374963,0.42875735
20-11-2013,90910.03451,294.2481149,-0.003593844,2.57E-06,-0.699613651,-1.714017868,0.401837031
21-11-2013,90805.40951,294.0037365,-0.003589562,0,-0.95366172,-1.01227951,0.382150014
22-11-2013,90915.83317,294.8144639,-0.003529424,4.62E-07,-1.057372411,-0.647672017,0.365615845
23-11-2013,91009.55745,295.4044069,-0.002866394,0.000833159,-1.481989543,0.048106074,0.355328242
24-11-2013,91102.68994,295.125796,-0.002648566,0.00038863,-1.996772766,0.371167819,0.350724538
25-11-2013,91005.11393,295.0869249,-0.002114945,0.00053798,-1.56934166,0.032146136,0.346174876
26-11-2013,90944.04313,295.6996765,-0.002978313,0.000159004,-1.785190582,-0.443319599,0.33849144
27-11-2013,90983.86784,295.2074909,-0.002934474,9.64E-05,-1.525895079,-1.385201335,0.329093933
28-11-2013,91059.30404,293.6770878,-0.001893289,7.20E-05,-0.66007932,-1.171040416,0.321891785
29-11-2013,91117.71598,294.1860561,-0.001918981,0.000109285,-1.490020116,1.463496844,0.316796621
30-11-2013,91159.23291,295.4923318,-0.002893427,3.96E-06,-2.358904521,0.258785486,0.309949875
01-12-2013,91197.4541,295.2546514,-0.002033543,0.000687271,-2.761957169,-0.030490279,0.307069778
02-12-2013,91169.75439,293.8190416,-0.001778814,0.005551547,-2.446780523,-0.01559782,0.338277817
03-12-2013,91057.07975,294.0525481,-0.002611224,0.00023129,-3.201115926,-0.955827077,0.365602493
04-12-2013,91042.80225,293.9447155,-0.003004078,4.17E-07,-3.280471087,-1.675002416,0.351153056
05-12-2013,90949.08659,293.5483697,-0.003005074,1.73E-06,-2.461964369,-2.360782623,0.336970647
06-12-2013,90876.66536,293.3420753,-0.002940865,2.98E-06,-1.915843964,-2.286380132,0.324622472
07-12-2013,90886.93945,293.6464462,-0.002627032,8.70E-07,-1.953243891,-2.062636058,0.31436348
08-12-2013,90865.30469,293.9241339,-0.002212561,3.03E-06,-1.371861776,-1.93770961,0.306358973
09-12-2013,90784.37142,293.1832968,-0.002731168,8.58E-07,-0.343523026,-2.584955732,0.29890124
10-12-2013,90785.01807,293.0003103,-0.002907017,0,-0.188845317,-2.533878088,0.291403453
11-12-2013,90866.03613,294.2431539,-0.002653169,8.52E-07,-0.432154973,-2.667994181,0.285289129
12-12-2013,90846.14518,294.3929056,-0.001293759,9.27E-05,-2.615566889,-3.206753413,0.28168424
13-12-2013,90983.31055,295.1232185,-0.001422445,0.000212032,-3.630482356,-1.107821147,0.280808767
14-12-2013,91049.771,294.6613503,-0.00150565,7.40E-05,-2.639591336,-0.397718668,0.278936386
15-12-2013,91103.14258,294.1798522,-0.002419203,5.55E-06,-1.486709754,-1.498834928,0.275824865
16-12-2013,91145.28223,292.4949379,-0.002258454,4.26E-07,-2.353329023,-1.088764826,0.272438685
17-12-2013,91055.77035,291.5800571,-0.001932258,0,-2.60103778,-0.738800764,0.269549688
18-12-2013,91006.00114,291.5324319,-0.00177143,4.35E-07,-2.681370417,0.013729612,0.267101924
19-12-2013,91074.94466,291.6799628,-0.001901014,8.52E-07,-1.497973124,-0.583368937,0.264937083
20-12-2013,91160.31608,292.4404615,-0.001968938,8.70E-07,-1.355882009,-0.487523397,0.26291275
21-12-2013,91198.62581,292.670819,-0.001906656,1.70E-06,-2.22829628,0.276970069,0.261086146
22-12-2013,91237.40853,292.3255844,-0.001651121,4.19E-06,-3.169878642,0.069640438,0.25974973
23-12-2013,91349.60368,292.0942427,-0.001219941,7.99E-06,-3.474175771,-0.19199117,0.258890788
24-12-2013,91388.31478,291.9478582,-0.001250811,6.98E-06,-3.478977839,-0.153668722,0.258183161
25-12-2013,91410.93213,292.5084292,-0.001396729,1.78E-06,-2.950379054,-0.65140152,0.257432302
26-12-2013,91302.11117,292.1840878,-0.001599365,4.35E-07,-2.820226669,-0.089526733,0.256480535
27-12-2013,91247.11507,292.6306229,-0.001546323,8.52E-07,-2.627461116,0.184981545,0.255648931
28-12-2013,91214.01839,292.6146062,-0.001422836,2.32E-06,-2.422679583,0.529106021,0.255018234
29-12-2013,91170.9484,292.5328039,-0.001533037,0,-2.474889755,-0.214996894,0.254431407
30-12-2013,91201.96175,292.341252,-0.001500969,2.58E-06,-2.971611023,0.071980158,0.25391833
01-01-2014,91238.09342,292.6659094,-0.001044856,2.35E-05,-3.336287816,-0.062448899,0.253499349
02-01-2014,91278.63656,292.5796649,-0.001298212,3.07E-06,-2.723392328,-0.733809312,0.253238678
03-01-2014,91260.97656,293.3802656,-0.001140487,1.72E-06,-3.151550412,-0.242553115,0.252957026
04-01-2014,91176.84717,292.9690889,-0.001316942,8.64E-07,-2.65592587,-0.321594238,0.252644221
05-01-2014,91026.02946,293.6270447,-0.001580643,0,-2.404358546,-0.113103867,0.252212524
06-01-2014,91040.60661,293.7696126,-0.001632814,4.28E-07,-2.472375234,-0.551495234,0.251905441
07-01-2014,91138.46419,293.3811715,-0.001345346,3.68E-06,-3.230161667,-0.234498342,0.251765569
08-01-2014,91218.4305,293.5513172,-0.001131162,4.35E-07,-3.414981206,0.307286859,0.25165685
09-01-2014,91178.96663,293.9270426,-0.001000841,4.35E-07,-2.639912287,0.982711554,0.251594543
10-01-2014,91179.35905,294.477478,-0.001299239,2.60E-06,-2.264712016,0.664619406,0.251516978
11-01-2014,91228.47266,294.2479858,-0.001302753,3.13E-06,-2.056194266,1.049064398,0.251429876
12-01-2014,91325.28239,294.2641792,-0.001391714,2.57E-06,-2.26422441,0.120866219,0.251345317
13-01-2014,91303.97607,294.1510086,-0.001290962,6.74E-07,-2.981526057,0.248205702,0.251264572
14-01-2014,91243.00293,294.3143603,-0.001290347,3.01E-06,-2.617684682,0.852115273,0.251211166
15-01-2014,91311.48551,294.707084,-0.001267614,2.15E-06,-2.296770096,1.039250612,0.251166026
16-01-2014,91349.39941,294.4720631,-0.000898698,5.68E-05,-2.21402959,0.838479598,0.251450857
17-01-2014,91291.35319,294.3034445,-0.000884812,2.67E-06,-2.694777807,0.685949326,0.251543681
18-01-2014,91318.37858,294.1013063,-0.001169448,0,-2.962101618,0.43316714,0.251444499
19-01-2014,91468.91227,294.2581704,-0.001150048,7.30E-06,-3.278864384,0.433413506,0.251355489
20-01-2014,91481.8444,293.700428,-0.001041404,3.28E-06,-3.585934162,-0.024325927,0.25134023
21-01-2014,91382.94401,292.770682,-0.000983511,4.69E-06,-3.776792963,0.186545571,0.251278559
22-01-2014,91324.79948,293.0088711,-0.000993597,7.33E-07,-3.365511338,0.817347884,0.251244863
23-01-2014,91303.58724,293.3932851,-0.001135456,3.01E-06,-2.979685903,0.36025401,0.251192729
24-01-2014,91172.37044,294.3741544,-0.001210628,2.59E-06,-2.362176021,-0.199547052,0.25111262
25-01-2014,91164.04574,293.7302558,-0.001023101,8.50E-07,-3.071974436,-0.371269862,0.251064301
26-01-2014,91220.81576,293.0270691,-0.000972971,5.68E-14,-3.426294963,-0.925291737,0.251022975
27-01-2014,91237.41032,292.6452853,-0.000845265,0,-3.779682795,-0.507753889,0.250960032
28-01-2014,91220.20736,293.236817,-0.00094256,4.89E-06,-3.324918111,-0.032137871,0.250947316
29-01-2014,91242.24089,293.6375097,-0.001068791,3.87E-06,-2.783700307,-0.163245757,0.25094986
30-01-2014,91258.82129,293.7068958,-0.001018425,1.73E-06,-2.462901433,-0.964560151,0.250952403
31-01-2014,91211.29557,294.1420434,-0.00113887,2.57E-06,-2.797974269,-0.769106627,0.250917435
01-02-2014,91240.02393,294.3429972,-0.000990069,1.10E-05,-3.153315862,0.333030065,0.250920614
02-02-2014,91144.67188,294.4926052,-0.000972095,4.03E-06,-3.068413417,0.221432646,0.250963211
03-02-2014,91009.82747,294.8087997,-0.001192048,4.35E-07,-2.662460327,0.489211798,0.250916163
04-02-2014,90889.16764,295.3093084,-0.001221891,0,-2.102540334,-0.629258434,0.250864029
05-02-2014,90905.78174,295.2939014,-0.001255323,8.52E-07,-2.252042135,-0.303465764,0.250813166
06-02-2014,90917.65104,295.6082249,-0.00130011,0,-2.47390302,-0.597076178,0.250762939
07-02-2014,90955.7054,295.113451,-0.00128885,8.63E-07,-2.738866806,-0.005679448,0.25073115
08-02-2014,90883.23307,295.2646942,-0.001247693,8.60E-07,-2.446266174,0.094650269,0.250715892
09-02-2014,90850.81234,295.8873927,-0.001263862,8.71E-07,-1.539299647,0.806710879,0.250691732
10-02-2014,90850.83887,295.9295031,-0.001174308,0,-0.261863867,0.64840436,0.250666936
11-02-2014,90754.15625,295.7597065,-0.001152533,2.13E-06,-1.439260483,1.55493784,0.250660578
12-02-2014,90819.56982,295.9083742,-0.001055987,8.52E-07,-1.148163835,1.683523496,0.250669479
13-02-2014,90990.40544,296.1256599,-0.000966956,1.29E-06,-1.261477788,2.037583629,0.250672658
14-02-2014,90991.14421,295.9300162,-0.000805176,2.36E-06,-0.032100042,0.949630141,0.250696182
15-02-2014,90881.83789,296.1085459,-0.000708457,0.000443238,0.573111216,1.458465894,0.251162211
16-02-2014,90971.54574,296.2097333,-0.00100664,1.98E-05,1.094804247,-0.275518417,0.25356547
17-02-2014,91137.77083,296.6811771,-0.001071265,3.90E-05,-1.795548121,-0.575037638,0.252981822
18-02-2014,91251.78467,296.0060889,-0.000726137,0.000203717,-3.137947083,0.743450165,0.253669739
19-02-2014,91161.80273,295.5969098,-0.000701648,0.000141266,-2.504397074,1.184882561,0.254435221
20-02-2014,91159.0415,295.4972585,-0.000767013,0.000142977,-1.996023695,1.350719849,0.254763285
21-02-2014,91204.06104,296.2361609,-0.000885902,6.16E-05,-1.036576589,0.502639174,0.254683812
22-02-2014,91170.49105,296.3361785,-0.000994256,0.000112522,-1.552391052,0.629621784,0.254656474
23-02-2014,91177.43473,295.9348113,-0.001163865,1.71E-06,-2.705761592,0.174025019,0.253934224
24-02-2014,91237.51449,295.2887459,-0.000921738,3.07E-05,-3.235103607,1.686794241,0.253283183
25-02-2014,91258.96745,295.796793,-0.000736428,0.000272775,-3.018566132,1.262975574,0.254056931
26-02-2014,91156.88949,296.0845019,-0.001065541,1.32E-05,-2.208984375,1.620498021,0.253751119
27-02-2014,91129.20231,296.5118777,-0.001161178,1.28E-06,-1.144707998,1.526749214,0.252934774
28-02-2014,91096.2666,296.3437862,-0.000873269,0.000409338,-0.14070193,0.973746101,0.254128774
01-03-2014,91079.73112,295.5261682,-0.001250196,0.003071427,-0.894927899,1.238487045,0.26991272
02-03-2014,91032.20947,296.3589058,-0.001364862,0.000358427,-1.044520696,1.303770502,0.285158157
03-03-2014,91067.19548,295.3856131,-0.001517333,0.002462769,-2.148497264,1.812951883,0.293819427
04-03-2014,91143.12126,295.4960721,-0.00164463,0.001438439,-1.796675364,1.859223167,0.303914388
05-03-2014,91154.53109,295.5144037,-0.001355492,0.000691229,-2.198549906,1.455939015,0.303456624
06-03-2014,91141.40186,295.7093678,-0.001446431,0.000817414,-1.627199173,1.184439182,0.300205231
07-03-2014,91199.6014,295.8209864,-0.001623138,0.001579359,-2.507187525,0.597251614,0.302935918
08-03-2014,91232.67643,296.643308,-0.001780844,1.70E-06,-3.007237554,0.978316267,0.299399058
09-03-2014,91209.84115,295.9351184,-0.001276787,3.44E-06,-2.640542587,1.078962485,0.290299098
10-03-2014,91165.56022,297.0574532,-0.001513375,0.000281352,-2.290117184,0.949722648,0.284114838
11-03-2014,91205.32617,296.4898294,-0.001300335,0,-3.104262034,1.07481734,0.279282888
12-03-2014,91234.53044,296.4775009,-0.001312694,4.17E-07,-3.012773514,1.084535917,0.274101893
13-03-2014,91200.3501,296.6288687,-0.001375239,2.57E-06,-3.031503042,0.175182978,0.269358953
14-03-2014,91205.70313,297.2078412,-0.001359086,8.79E-07,-3.332190832,0.400727709,0.265246709
15-03-2014,91336.54899,297.5193405,-0.001361172,0,-3.380471547,-0.152971864,0.261688232
16-03-2014,91370.60156,298.15072,-0.001254978,8.52E-07,-3.705592076,-0.277490218,0.258894602
17-03-2014,91272.32487,298.678442,-0.001287066,2.15E-06,-3.164926529,0.135812759,0.256636302
18-03-2014,91212.70947,299.038723,-0.001308621,2.15E-06,-2.809272766,0.546332041,0.254842122
19-03-2014,91146.36589,299.3304373,-0.001238717,0,-2.429429372,1.02813681,0.253485998
20-03-2014,91060.77718,299.9991385,-0.001201634,4.35E-07,-1.818194071,0.361046831,0.252557119
21-03-2014,90898.1875,300.7773978,-0.001203609,1.71E-06,-1.178449631,0.519316355,0.25188446
22-03-2014,90810.52555,300.7740784,-0.00099886,8.76E-07,-0.503129959,1.028730075,0.251434962
23-03-2014,90942.8304,300.5468,-0.001121996,8.66E-07,-1.975149155,1.810093284,0.251132965
24-03-2014,91042.38916,299.7779071,-0.001136164,1.73E-06,-2.120842616,1.388705571,0.250916163
25-03-2014,90982.98063,299.6579558,-0.001080095,8.44E-07,-2.459599376,1.085171739,0.250794093
26-03-2014,90973.41488,299.4585826,-0.001076408,0,-3.483144482,0.769444784,0.250711441
27-03-2014,91069.35726,299.0455774,-0.001073429,2.58E-06,-2.640389125,1.048879107,0.250659307
28-03-2014,91075.39453,299.6930676,-0.001086706,-5.96E-09,-2.679323196,0.574443857,0.250615438
29-03-2014,90987.4196,300.6198692,-0.001061862,8.52E-07,-3.166117986,0.322808623,0.250579834
30-03-2014,90942.12842,301.065314,-0.001055515,8.73E-07,-2.589751561,1.290154934,0.250557582
31-03-2014,90906.76156,301.1546205,-0.001071129,8.55E-07,-1.047054291,1.176313281,0.250535329
01-04-2014,90804.79899,301.5249526,-0.001000969,0,-0.327724218,0.348688285,0.250510534
02-04-2014,90807.10107,301.1160679,-0.000864459,4.17E-07,-0.580161293,0.711018642,0.250511805
03-04-2014,90868.90234,301.0425968,-0.000977514,8.52E-07,-2.773122152,0.912953417,0.250512441
04-04-2014,90988.28109,300.2466234,-0.000973275,1.71E-06,-1.940091451,1.6039505,0.25051562
05-04-2014,91036.25407,300.7843018,-0.000961602,4.35E-07,-2.148859024,1.000776291,0.250517527
06-04-2014,91082.92301,300.7615973,-0.000924541,1.30E-06,-2.295672973,1.706139485,0.250521342
07-04-2014,91132.29004,301.0981274,-0.000955764,2.16E-06,-1.406028748,1.674448848,0.250521978
08-04-2014,91051.83138,301.6640428,-0.000937665,-2.40E-08,0.548444748,0.970724106,0.25052007
09-04-2014,91109.59603,299.5882123,-0.000884091,0.00045988,1.2327226,-1.25769488,0.25241979
10-04-2014,91114.09766,298.7975337,-0.000987832,0.001784521,-0.365866343,0.77908206,0.264893214
11-04-2014,91025.96061,300.2088127,-0.001111051,9.28E-05,0.777202606,-0.087610761,0.271160126
12-04-2014,90944.16097,300.3388392,-0.000964128,5.97E-05,0.247989655,0.120368958,0.26755778
13-04-2014,91014.34668,300.0993659,-0.001155494,0.000513026,-0.357577006,0.467237473,0.2660923
14-04-2014,91078.19255,300.0293376,-0.000931391,0.000226206,-0.771554311,0.917888482,0.265918096
15-04-2014,91072.19727,299.9776586,-0.000921068,0.000111967,-0.266265869,0.472245375,0.263742447
16-04-2014,90929.90983,300.593778,-0.000994058,2.07E-05,-0.227959315,0.71062994,0.261034648
17-04-2014,90889.02604,299.7200686,-0.000888063,0.000264692,1.528422038,-0.509093682,0.259512583
18-04-2014,91048.7596,299.0054162,-0.001104879,0.002564865,1.201354345,-0.929824829,0.274208069
19-04-2014,90952.90267,300.6705341,-0.001337572,2.28E-05,-0.32199351,-0.279169083,0.283306122
20-04-2014,90853.24121,301.0594292,-0.001451761,0,-2.306170146,0.457139333,0.275889715
21-04-2014,90907.2526,300.8160718,-0.001337585,0,-2.45247968,1.195244789,0.269395828
22-04-2014,91052.23096,301.0167465,-0.001268975,0,-2.630102158,1.013617555,0.264160156
23-04-2014,90969.22819,301.1172288,-0.001099917,0,-2.053791682,1.005923669,0.260227839
24-04-2014,90870.54167,302.1753426,-0.001086405,8.54E-07,-0.857634981,0.757131894,0.257189433
25-04-2014,90855.91423,302.7363288,-0.00097393,2.15E-06,-0.617137273,0.572585384,0.254981995
26-04-2014,90876.43278,302.2442665,-0.000868714,8.66E-05,-0.057623545,0.022458633,0.253808339
27-04-2014,90913.7609,302.6032677,-0.000859061,5.13E-06,-1.474927783,0.748490373,0.253059387
28-04-2014,90901.00244,302.4184755,-0.000785014,2.43E-06,-1.26914529,1.014954329,0.252243042
29-04-2014,90846.72054,302.5948944,-0.000899948,6.65E-06,-1.271327337,1.656694412,0.251654307
30-04-2014,90854.89779,302.5684401,-0.000839899,4.23E-06,-1.315998713,0.602960269,0.25124232
01-05-2014,90795.77995,302.5919406,-0.000765996,4.17E-05,-0.084602992,-0.406506459,0.251155853
02-05-2014,90785.88428,301.7708149,-0.000767874,0.00022825,-0.627456029,-0.135056814,0.251910528
03-05-2014,90767.07194,300.9705365,-0.001070123,0.001632071,-0.779644012,0.274534106,0.260493596
04-05-2014,90720.42855,300.5519994,-0.001409569,0.003139377,-1.634196599,0.376768708,0.281215032
05-05-2014,90805.15804,298.8889421,-0.001508445,0.001126161,-2.46207873,0.959514976,0.302436193
06-05-2014,90849.96305,297.8744322,-0.001520163,0.00801875,-2.729375839,1.24134632,0.346169154
07-05-2014,90773.76009,295.6223462,-0.002450544,0.008012187,-3.702815374,1.274386366,0.414531072
08-05-2014,90634.04053,294.2138748,-0.001907285,0.014408487,-1.622757594,3.123643557,0.478143692
09-05-2014,90696.70898,295.8697007,-0.002519285,0.025449882,3.102736791,1.208472888,0.433513006
10-05-2014,90792.62826,298.1409575,-0.00386258,0.000146681,2.237270991,-0.58906432,0.404913584
11-05-2014,90938.47314,298.4119663,-0.003847153,0.000172377,1.627738317,-0.803733349,0.389783223
12-05-2014,90931.56559,299.2390347,-0.004327877,1.29E-06,1.723235448,-0.58324639,0.371344248
13-05-2014,90944.37207,299.4973456,-0.003918283,3.43E-06,1.92290624,0.018957257,0.353315989
14-05-2014,90873.53271,299.7810516,-0.003986971,6.78E-09,2.806661606,-0.537571232,0.336560567
15-05-2014,90767.95247,299.6094379,-0.003778828,0,2.818560918,-0.541306297,0.320810318
16-05-2014,90772.68669,299.6596012,-0.003458453,4.26E-07,2.449693044,-0.22534434,0.30766805
17-05-2014,90893.61882,298.5799446,-0.002674393,0.003322557,1.598818779,-1.216567357,0.319046021
18-05-2014,90830.79639,300.2551225,-0.003480809,0.000863282,-0.092455983,-1.02522246,0.328344345
19-05-2014,90825.4873,300.6622378,-0.003336204,0.000408746,1.360368013,0.055127223,0.317930857
20-05-2014,90822.28841,298.424071,-0.002686299,0.029114395,1.047489166,-0.048222383,0.387773514
21-05-2014,90776.46842,298.358427,-0.004400069,0.001493255,2.892252604,0.322787046,0.450398763
22-05-2014,90696.18473,298.439834,-0.0043002,0.007230651,2.869224548,-0.325997631,0.446235657
23-05-2014,90646.19352,299.6719659,-0.004272859,6.37E-05,2.638534546,-0.063678781,0.43955485
24-05-2014,90676.12728,299.8049463,-0.004254058,0.000531882,2.581936677,0.139686267,0.407608032
25-05-2014,90697.07227,299.6609453,-0.00411026,0.000159398,3.306560516,-0.154038946,0.383404414
26-05-2014,90716.17399,299.7247747,-0.003747702,0.00072782,2.242575328,-0.239665071,0.365312576
27-05-2014,90771.88428,298.4395084,-0.003368493,0.023629397,1.496641795,-0.451756994,0.412898382
28-05-2014,90816.11377,298.001557,-0.004289777,0.012787151,1.080008825,0.172738393,0.441190084
29-05-2014,90838.29167,298.8804703,-0.004135272,0.000268447,1.821331024,-0.180681626,0.44683075
30-05-2014,90755.19108,299.1092319,-0.004604747,0.007829378,2.051058451,-0.857325077,0.446550369
31-05-2014,90655.22477,298.5836169,-0.004526832,0.010692171,2.051635106,-0.5062205,0.469205221
01-06-2014,90632.69727,297.7651761,-0.003555217,0.012545086,1.975150704,-0.527698,0.474120458
02-06-2014,90672.73372,298.0248013,-0.004236819,0.024714401,2.600231806,-0.445802053,0.461110433
03-06-2014,90602.1014,296.7975623,-0.002887322,0.001933738,2.590609272,-0.904500961,0.452969869
04-06-2014,90519.95264,298.0787214,-0.004609751,0.001340433,2.557224274,-0.213438193,0.445886612
05-06-2014,90480.71924,297.7451496,-0.004290502,0.004103418,2.608175913,-0.146967093,0.44817543
06-06-2014,90473.896,297.5399907,-0.003954792,0.004204514,3.749471029,-0.024756114,0.462712606
07-06-2014,90423.82487,298.2472515,-0.004366411,0.000598699,4.102888107,0.023918072,0.448773702
08-06-2014,90402.75537,298.3585701,-0.004505061,0.000263917,4.404891332,0.684448441,0.422441483
09-06-2014,90514.34261,296.8036486,-0.003018985,0.001860589,4.537444433,1.111158093,0.411472956
10-06-2014,90583.4056,297.4098644,-0.002840799,0.001109982,4.674198469,1.571517825,0.413986206
11-06-2014,90621.39128,297.6850122,-0.003159598,0.000409204,4.829931895,0.247386932,0.398926417
12-06-2014,90649.25228,297.2495321,-0.00341372,0.001591563,4.781440735,0.081537882,0.391270955
13-06-2014,90684.79736,296.7150065,-0.003113858,0.006634998,4.485179901,-0.565728903,0.424260457
14-06-2014,90751.40316,297.5915432,-0.003640346,9.65E-05,4.589913686,-0.535821915,0.427789052
15-06-2014,90761.15072,297.2758223,-0.003420545,0.000551417,4.691963196,-0.280290325,0.404327393
16-06-2014,90698.94401,297.5664711,-0.00333694,0.000161693,5.117633184,0.449969371,0.385377248
17-06-2014,90650.07992,297.3694617,-0.002892848,0.00051552,5.441410065,-0.021949569,0.370221456
18-06-2014,90597.60954,296.6914571,-0.002529991,0.001228272,5.852907817,0.584442814,0.364951452
19-06-2014,90587.48812,297.0749086,-0.002677743,0.000323176,6.165432612,0.719197392,0.356415431
20-06-2014,90669.65495,297.3053061,-0.002613626,0.000648687,5.883374532,0.57439971,0.34680748
21-06-2014,90865.09847,297.1530781,-0.002368932,0.001455444,5.60022227,0.199653983,0.345518748
22-06-2014,90940.05355,297.1184959,-0.002300791,0.000458747,5.403288523,-0.075981577,0.342494329
23-06-2014,90832.19417,297.5481091,-0.002609695,0.000562742,4.992728551,-1.024091601,0.334925334
24-06-2014,90665.99544,298.1601213,-0.00286502,0.000104296,4.748273849,-1.45383052,0.323547363
25-06-2014,90703.51676,298.0647895,-0.00268766,5.84E-05,4.373299281,-0.709897598,0.312112808
26-06-2014,90812.22754,298.6000741,-0.002605777,1.90E-06,3.180798848,-1.004204551,0.302256902
27-06-2014,90851.70866,299.243674,-0.002603514,0.000272754,2.047540029,-0.720797261,0.294971466
28-06-2014,90838.11051,298.6611678,-0.002275582,0.000858071,2.314573288,-0.119347254,0.292972565
29-06-2014,90739.51156,298.7749729,-0.002507446,0.001934382,3.33962059,0.059877475,0.30169042
30-06-2014,90737.57699,298.0734119,-0.002512682,0.001741273,3.091787974,-0.237878164,0.313009262
01-07-2014,90844.11768,298.5380084,-0.002510767,0.000192657,3.675285975,-0.580802639,0.312501907
02-07-2014,90833.18343,297.9054553,-0.002190657,0.000725682,3.957265854,-1.274491429,0.306497574
03-07-2014,90673.04508,298.3342438,-0.002189619,0.000154632,4.080267588,-1.087192496,0.300626119
04-07-2014,90599.30192,297.1347822,-0.001829088,0.006292481,4.019554774,-1.206433853,0.332855225
05-07-2014,90664.98893,296.3185495,-0.002432141,0.012437608,3.682419459,-0.895949682,0.42027537
06-07-2014,90775.44629,295.2112363,-0.002042525,0.011262506,3.706319809,-0.811498642,0.433470408
07-07-2014,90726.30859,295.7268149,-0.002858457,0.009278294,4.068569183,-1.118097345,0.436601003
08-07-2014,90657.05778,295.3574511,-0.00288813,0.009842768,4.395280202,-1.120864789,0.467059453
09-07-2014,90679.00537,295.9041373,-0.002570448,0.003184915,4.8533535,-0.714595636,0.457852681
10-07-2014,90779.84391,294.4171638,-0.00196415,0.003626585,5.201369603,0.249760946,0.460302989
11-07-2014,90806.84554,294.7665482,-0.002161579,0.000758797,6.235022902,0.413521727,0.454897563
12-07-2014,90653.0651,295.120477,-0.002258535,0.001718426,6.278435151,-0.148607373,0.442970276
13-07-2014,90615.76465,294.2299557,-0.002090054,0.004801834,5.30142657,-0.042537729,0.460934957
14-07-2014,90585.95101,294.1166204,-0.002360236,0.007430819,5.49266688,0.637212118,0.479610443
15-07-2014,90603.31722,294.5042807,-0.002538385,0.00484031,5.501508713,0.953058879,0.483171463
16-07-2014,90678.757,295.6735516,-0.002997145,0.001267627,5.943846385,0.942164739,0.463686625
17-07-2014,90690.03206,295.8422502,-0.002576606,0.000405195,5.531716665,0.736428618,0.445433935
18-07-2014,90711.10498,296.0156606,-0.002913035,0.000842124,5.706057231,0.722770055,0.432816823
19-07-2014,90755.31543,295.5106424,-0.002101472,0.000958213,5.881324132,0.779386719,0.426462809
20-07-2014,90777.98389,295.5843175,-0.001947222,0.000273815,6.251984914,0.214482188,0.419254303
21-07-2014,90715.54736,295.6858489,-0.002353923,0.000713792,6.322780609,-0.206861377,0.411108653
22-07-2014,90732.51888,295.1762791,-0.002309434,0.002456474,5.748341799,-0.019446055,0.415150325
23-07-2014,90782.63509,294.8912862,-0.002811968,0.00460656,5.967937469,0.358657877,0.437235514
24-07-2014,90836.57275,295.786843,-0.002828212,0.001788959,5.407562256,-0.142410278,0.439238866
25-07-2014,90902.62728,296.0419509,-0.002760449,0.002279588,5.015354792,-0.302403013,0.434072495
26-07-2014,90946.87744,295.9338455,-0.002342515,0.001419294,4.797389348,-0.709903479,0.430580139
27-07-2014,90920.05355,295.7191334,-0.002684014,0.003208885,5.092309395,-0.828196645,0.434294383
28-07-2014,90767.7723,295.5392221,-0.00169567,0.000179231,5.291089773,-0.168328365,0.429748535
29-07-2014,90729.37435,295.9394239,-0.002431039,0.000317782,5.666926702,0.337376277,0.414078395
30-07-2014,90736.22607,294.9960327,-0.00228432,0.00291189,5.891665777,0.949284315,0.413788478
31-07-2014,90714.9012,295.0271594,-0.002215851,0.00740493,5.118570964,0.855616887,0.466190974
01-08-2014,90731.09229,294.9604975,-0.002345176,0.023619334,4.792818705,0.220962524,0.467014313
02-08-2014,90754.14225,295.1639303,-0.002396332,0.004147503,5.067054749,0.454795837,0.484202703
03-08-2014,90686.05713,295.7533499,-0.002481267,0.003089422,5.14652125,0.222141345,0.479026159
04-08-2014,90642.49756,295.7957261,-0.002664709,0.001273692,5.242469152,0.08883659,0.467307409
05-08-2014,90733.65837,295.4100539,-0.002651185,0.001929948,5.28341039,0.231841405,0.461234411
06-08-2014,90791.29346,295.1088886,-0.002771837,0.004142046,4.794133504,0.123692195,0.467662175
07-08-2014,90759.89941,294.6690687,-0.002130262,0.004389788,4.155053457,0.01104482,0.476540248
08-08-2014,90786.70166,294.8592097,-0.002040772,0.000717483,4.308076223,-0.022554398,0.465904236
09-08-2014,90881.53971,294.9342556,-0.00282507,0.004564375,4.166138967,0.100078305,0.468068441
10-08-2014,90883.78711,294.7306423,-0.002652749,0.007323164,4.059476852,-0.11183989,0.473096212
11-08-2014,90813.23356,294.436821,-0.002197497,0.00726229,3.666055679,0.196019808,0.481664658
12-08-2014,90835.9502,294.0820134,-0.002292462,0.007742748,3.76325798,-0.162859917,0.480799357
13-08-2014,90912.27116,295.2547372,-0.002870681,0.001069933,3.994906108,-0.618519584,0.468214035
14-08-2014,90938.45394,295.8115304,-0.003280051,0.000896007,3.64006869,-0.932753245,0.459086736
15-08-2014,90963.88851,295.9598986,-0.003315735,0.00027389,3.766225815,-0.861249924,0.444164912
16-08-2014,90951.86556,295.8283297,-0.003180913,0.000335639,3.318305969,-1.061565399,0.430630366
17-08-2014,90893.48014,295.3153826,-0.002947094,0.007477432,2.719124238,-1.130105933,0.455940882
18-08-2014,90921.55273,295.6217696,-0.002956291,0.012915783,1.550116221,-0.815844337,0.473298391
19-08-2014,90884.12419,295.6200651,-0.003091689,0.019926107,0.695437749,-0.005639235,0.466534297
20-08-2014,90720.15007,296.2891248,-0.003688373,0.006452423,0.605569839,0.327849468,0.460573832
21-08-2014,90557.42057,296.762572,-0.003853306,0.004450262,0.190436681,0.885356824,0.482965469
22-08-2014,90552.49658,296.7776432,-0.004223418,0.001791966,-1.19190979,0.903162797,0.474913915
23-08-2014,90638.52148,295.9908365,-0.003601926,0.009996921,0.5893116,1.922239304,0.463994344
24-08-2014,90808.74365,295.7313499,-0.003222025,0.000948399,2.982839584,1.38273267,0.45455424
25-08-2014,90888.29476,295.7241745,-0.002556512,0.000120664,3.639826457,0.889540076,0.448527018
26-08-2014,90868.66797,295.0209802,-0.002779406,0.003975475,4.064311981,0.540610909,0.460020701
27-08-2014,90742.59326,293.671264,-0.002515458,0.011141399,4.125584284,0.228441238,0.488905589
28-08-2014,90640.54443,293.540151,-0.00287967,0.006354015,4.925147374,0.370147069,0.498430888
29-08-2014,90539.14779,294.187507,-0.00203282,0.001078654,4.706480662,1.150306304,0.484406153
30-08-2014,90500.15951,295.5287406,-0.002801305,0.000690021,5.683184942,1.554370642,0.469189962
31-08-2014,90468.37467,295.3603795,-0.00282525,0.001911202,5.467356364,1.168765187,0.462782542
01-09-2014,90514.25944,295.2455184,-0.002776264,0.002434719,4.78697141,1.833154202,0.465783437
02-09-2014,90713.80225,294.8111623,-0.002664463,0.007366413,3.608535131,1.718520721,0.483053207
03-09-2014,90857.6014,294.7395808,-0.002467442,0.005849833,3.24692599,1.426366528,0.4710687
04-09-2014,90922.27214,295.1568648,-0.002959424,0.002671947,3.795962016,1.184736252,0.468679428
05-09-2014,90878.19857,294.8698076,-0.002391902,0.001274028,4.527546565,0.532942772,0.470411936
06-09-2014,90784.70166,294.8083916,-0.002583816,0.002302266,4.873364766,-0.032209516,0.463818232
07-09-2014,90822.64616,294.8007552,-0.002882269,0.001084794,4.338010788,0.319605509,0.465561549
08-09-2014,90920.81787,295.4545739,-0.003476562,0.000439703,4.60916392,0.840358257,0.449122747
09-09-2014,90933.1556,295.3875109,-0.003424163,0.000694439,4.043177287,0.245957454,0.436590195
10-09-2014,90932.1652,295.6344414,-0.003930549,0.000108087,3.586668015,-0.419032693,0.422377904
11-09-2014,90987.93083,295.850736,-0.003929811,3.42E-05,3.200382233,-0.767371416,0.406919479
12-09-2014,91005.02311,296.2490044,-0.004202914,1.10E-05,3.095308304,-0.751280427,0.391990662
13-09-2014,90914.63184,295.9508839,-0.003547847,0.000232106,3.32933108,-0.673808972,0.380334854
14-09-2014,90843.30387,295.7679996,-0.003571101,0.002491394,3.259515127,-0.545953115,0.381446203
15-09-2014,90745.55485,295.9101531,-0.003430888,0.000838167,3.742142359,-0.946091652,0.387905757
16-09-2014,90670.34489,295.3025977,-0.003294991,0.001993039,4.23665301,-0.647758603,0.385635376
17-09-2014,90658.96501,295.6343911,-0.003090995,0.001216489,3.781585058,-1.096740762,0.390150706
18-09-2014,90807.13118,294.4210243,-0.00220591,0.014763695,3.443002701,-0.799028714,0.423433304
19-09-2014,90829.03402,294.9189008,-0.002995631,0.001919311,3.515240987,-0.920388897,0.46678861
20-09-2014,90782.93294,295.3370393,-0.002954321,0.000401795,3.350096385,-1.556331635,0.441478093
21-09-2014,90841.41764,295.8875001,-0.002962683,0.000653352,1.896624247,-1.409764806,0.426307678
22-09-2014,90910.30339,296.3479799,-0.003524329,0.006857838,1.072485606,-1.102098028,0.442602793
23-09-2014,90874.08838,295.8368041,-0.003435203,0.007113493,0.670626322,-1.15657564,0.474847794
24-09-2014,90870.20036,296.040151,-0.003352793,0.019400555,-0.122833252,-0.799278299,0.480928421
25-09-2014,90912.98714,296.0369269,-0.003427515,0.011727699,-0.759679159,0.200722138,0.494255066
26-09-2014,91003.16325,295.9882228,-0.003828574,0.007284862,-1.311630249,0.735794067,0.498397827
27-09-2014,91027.64176,296.6575006,-0.00424245,0.000192165,-2.360207876,0.785615285,0.47868983
28-09-2014,91073.6696,296.0041714,-0.003662486,0.008942851,-2.359010061,0.528301239,0.476465861
29-09-2014,91033.25977,296.3570201,-0.004175922,0.002426943,-1.828507106,1.119892995,0.476261139
30-09-2014,91050.44385,295.9208304,-0.003937667,0.007450989,-1.746229172,0.666706721,0.47918574
01-10-2014,91055.21875,296.4027049,-0.00429909,0.000262501,-1.791915894,0.267728806,0.450663249
02-10-2014,91024.24561,296.8337561,-0.005183659,2.14E-06,-1.780780792,-0.149573008,0.439587911
03-10-2014,91015.44124,296.7598699,-0.003816923,0.000480264,-0.197675069,-0.120946884,0.429409027
04-10-2014,91071.81152,296.0000966,-0.003787348,0.011228743,0.805297534,-0.655219396,0.452562968
05-10-2014,91124.47428,295.9911232,-0.003759988,0.005355459,0.798695246,-0.451700846,0.4740448
06-10-2014,91018.82308,296.051157,-0.003955781,0.014939988,1.37378184,-0.71159327,0.488551458
07-10-2014,90863.01204,295.401687,-0.00340738,0.010978672,1.803266525,-0.384860635,0.488677979
08-10-2014,90880.57438,294.8646266,-0.002385301,0.001542624,1.297704061,-0.764588435,0.482733409
09-10-2014,90864.36084,295.4143422,-0.002899478,0.008713427,0.590637843,-0.780368805,0.477127711
10-10-2014,90794.43408,295.8861192,-0.003281565,0.007952622,2.033200582,-0.853470484,0.474159877
11-10-2014,90704.41032,295.6358649,-0.002765263,0.008269426,3.095055898,-0.971411904,0.473436991
12-10-2014,90669.02832,295.9721209,-0.003482336,0.000897923,2.681940715,-0.4516716,0.470907211
13-10-2014,90766.62695,296.0584335,-0.004428986,6.22E-06,1.828779856,-0.172972997,0.456428528
14-10-2014,90942.27409,296.830246,-0.004175758,8.57E-05,-0.84197553,0.312708497,0.442279816
15-10-2014,91064.97933,296.6180909,-0.004017562,0.0002774,-2.570351919,0.449117661,0.430700302
16-10-2014,91086.58187,295.7951965,-0.003385632,0.000977786,-2.527596156,0.112981399,0.42599233
17-10-2014,91074.84993,295.4628919,-0.003377574,0.002154796,-2.441420873,0.288991253,0.426425934
18-10-2014,91029.92725,294.0750898,-0.00218078,0.005790114,-2.669110616,-0.216148376,0.451499939
19-10-2014,91011.91504,293.7821395,-0.001844066,0.007733566,-2.571490606,-0.503147761,0.491803487
20-10-2014,91068.21761,293.5126355,-0.002144578,0.012201285,-3.233731588,-0.589148839,0.48597463
21-10-2014,91169.94076,294.6344242,-0.002757838,0.001069501,-3.498153687,0.304770152,0.486087799
22-10-2014,91199.49658,294.5904427,-0.003103287,0.002172816,-2.739853541,-0.126812617,0.477675756
23-10-2014,91140.33187,294.185475,-0.003017306,0.005957919,-2.420337041,0.212327321,0.488154093
24-10-2014,91045.97559,294.5350386,-0.002713875,0.00787555,-1.718470891,0.822401802,0.476881027
25-10-2014,91062.50895,294.5203635,-0.002725366,0.018278393,-0.354761759,1.668462753,0.463205338
26-10-2014,91214.4974,294.9179681,-0.002947843,0.008149741,0.408442179,0.063160578,0.473873138
27-10-2014,91194.45101,294.7242298,-0.002681488,0.020910114,-0.186094284,-0.760419846,0.495670954
28-10-2014,91098.29655,295.2597497,-0.002760228,0.003425583,-0.38302358,-0.996769031,0.498474757
29-10-2014,91086.70589,294.7258326,-0.003628434,0.000112417,-1.210509618,-1.723623832,0.482061386
30-10-2014,91019.99447,294.2302106,-0.004444279,8.52E-07,-1.880040487,-1.395505746,0.463161469
31-10-2014,91022.01204,294.1320432,-0.004329076,1.87E-06,-1.661451976,-1.117519379,0.448148727
01-11-2014,91040.15202,293.8271065,-0.002897888,0.001754548,-1.393156687,-1.433411082,0.449642817
02-11-2014,91111.49577,293.8505942,-0.002165657,0.001133189,-1.510653814,-1.791977962,0.450649261
03-11-2014,91110.72331,294.4987812,-0.003296506,2.01E-05,-1.598427455,-1.095692952,0.439095179
04-11-2014,91125.47298,293.8882796,-0.002647802,2.15E-06,0.552042007,-1.652846336,0.42906189
05-11-2014,91168.54215,293.7542349,-0.003699464,4.26E-07,0.46076107,-2.206632654,0.417760213
06-11-2014,91066.51872,294.3011901,-0.004331531,1.72E-06,-0.215999603,-1.844432513,0.404105504
07-11-2014,91042.44889,294.7318637,-0.004130712,1.29E-06,-1.133159637,-0.888688366,0.391475042
08-11-2014,91060.23633,295.7472401,-0.003967665,1.72E-06,-1.155656179,-0.177665075,0.380299886
09-11-2014,91050.7793,296.4691569,-0.003559965,3.37E-06,-0.0936294,-0.121934136,0.370367686
10-11-2014,91016.45492,296.3179798,-0.0035182,0.000155228,-1.313115915,-0.407347798,0.36218516
11-11-2014,91005.02197,296.1052945,-0.003555662,8.07E-05,-2.486845016,0.501857281,0.354647319
12-11-2014,91000.66455,294.4736811,-0.002972751,0.00745793,-3.063009898,-1.578283866,0.383574804
13-11-2014,91039.72656,293.0118135,-0.001415984,0.017746061,-3.310646057,0.276851257,0.490862528
14-11-2014,91221.15853,294.1324361,-0.002491389,0.002721512,-3.002413392,0.887510379,0.477234523
15-11-2014,91163.90332,294.6744811,-0.003106444,0.000963289,-2.65554746,-0.006005168,0.463153203
16-11-2014,91125.26888,293.9495894,-0.00435981,7.56E-06,-2.400353114,-0.470238646,0.44428126
17-11-2014,91159.4445,293.2521534,-0.004441881,3.86E-06,-2.694900513,-0.7188284,0.425912857
18-11-2014,91256.06527,293.7667294,-0.003804439,8.52E-07,-2.992619197,-0.198393067,0.411732992
19-11-2014,91222.74186,293.7245553,-0.003860878,2.14E-06,-2.8112125,-0.436732769,0.399504979
20-11-2014,91159.19661,293.4723384,-0.004050328,4.35E-07,-2.644031525,-0.91003569,0.387074153
21-11-2014,91143.47933,293.5145569,-0.00358308,2.46E-06,-2.550022125,-0.360898972,0.37632815
22-11-2014,91097.09977,294.1960392,-0.002727264,0.00014084,-2.099840164,0.263224045,0.369218191
23-11-2014,91080.11605,294.2709624,-0.003940889,4.76E-06,-2.677218119,-0.099927743,0.359920502
24-11-2014,91105.36768,294.1777554,-0.003929319,4.73E-06,-2.674849192,-0.731906732,0.348968506
25-11-2014,91067.39095,293.2309933,-0.003323834,1.78E-06,-2.484568914,-1.176506559,0.339870453
26-11-2014,90909.86589,292.7566032,-0.003177382,4.41E-07,-2.473361214,-1.085580389,0.332147598
27-11-2014,90949.26628,293.1385492,-0.003457638,4.35E-07,-2.322409391,-0.933537165,0.324159622
28-11-2014,91037.57161,292.8391571,-0.002890714,8.55E-07,-1.603206635,-1.732176542,0.317401886
29-11-2014,91046.43083,292.8097293,-0.002006878,4.56E-05,-1.671940486,-1.759660681,0.313306173
30-11-2014,91024.25065,292.6637001,-0.0030541,0.004452068,-2.908567429,-2.293855548,0.331165314
01-12-2014,91036.47347,293.8684591,-0.003083339,8.70E-07,-3.036844254,-1.003033121,0.350669225
02-12-2014,91138.62337,293.3343258,-0.00343181,1.70E-06,-2.461187998,-0.689217885,0.337837219
03-12-2014,91140.50814,292.7103399,-0.003190396,0,-1.462544123,-1.575877508,0.326723099
04-12-2014,91158.46061,292.86479,-0.003070307,0,-2.316495895,-0.353428523,0.317080816
05-12-2014,91172.24284,292.5968819,-0.00302209,4.35E-07,-2.503031413,-0.272147655,0.308453242
06-12-2014,91138.19076,293.2690366,-0.002866301,0,-2.673566818,-0.074171702,0.30109024
07-12-2014,91092.86979,294.7605712,-0.002351498,2.46E-05,-1.910131454,0.522478739,0.29554685
08-12-2014,91137.16536,295.3329487,-0.002142902,0.000271946,-1.939272563,0.3461713,0.29258728
09-12-2014,91196.15609,295.9926383,-0.002530918,9.72E-06,-1.994304538,0.040793737,0.289300919
10-12-2014,91155.50537,294.9441249,-0.00187367,0.00222868,-2.485259771,0.254701614,0.300662994
11-12-2014,91153.23796,295.2555402,-0.002032204,0.001161891,-2.3058393,1.186607997,0.310579936
12-12-2014,91201.45459,294.3416481,-0.001834104,0.00145717,-2.852988839,0.685755889,0.315533956
13-12-2014,91246.46663,294.0914141,-0.001539085,0.000233155,-2.425511638,0.449992895,0.317175547
14-12-2014,91225.53402,293.9399242,-0.001677507,0.006805319,-2.267950058,0.501597722,0.355790456
15-12-2014,91191.56364,294.787494,-0.002108253,0.001073658,-2.100065231,-0.436606725,0.38738505
16-12-2014,91214.15202,294.9979159,-0.002377223,0.000148542,-2.871555249,-1.321972529,0.374468486
17-12-2014,91218.34017,293.7184493,-0.001693258,0.000581285,-3.376397451,-1.895212173,0.365392685
18-12-2014,91279.3221,293.9063435,-0.001534946,0.000132678,-3.902500153,-0.528850555,0.358613968
19-12-2014,91354.0127,293.541488,-0.001417509,0.000433588,-3.442632397,-1.086053769,0.35273234
20-12-2014,91205.15495,293.8125846,-0.00223768,5.97E-06,-2.042311986,-0.668149392,0.343761444
21-12-2014,91045.87288,293.8769716,-0.002397764,1.53E-06,-1.70860827,-0.523669918,0.332656225
22-12-2014,91053.17041,293.382377,-0.002373647,2.15E-06,-2.429382324,-0.248246074,0.322520574
23-12-2014,91117.17415,293.7978776,-0.00248122,9.45E-06,-2.151043574,-0.62747856,0.313030243
24-12-2014,91235.26693,294.2024816,-0.002340538,5.74E-06,-2.047305703,-0.542183797,0.304695129
25-12-2014,91194.83285,292.9690399,-0.002297563,3.87E-06,-1.364474336,-1.833911498,0.297541936
26-12-2014,91050.4515,292.2054838,-0.002194658,8.52E-07,-2.123977661,-1.509180705,0.291455587
27-12-2014,91072.04574,293.3032703,-0.002064182,2.04E-05,-2.229008357,-1.096757015,0.286430359
28-12-2014,91086.32259,292.7291209,-0.001200653,0.004650003,-2.076693376,-1.171162009,0.298327764
29-12-2014,90904.28418,293.2970797,-0.00148655,0.002031553,-1.787109375,-1.7849406,0.358633041
30-12-2014,90740.06787,294.3701782,-0.00215509,6.38E-05,-1.087780635,-1.722610235,0.347326914
01-01-2015,90862.34066,294.8785241,-0.002476586,0.003520322,0.211615483,2.084594091,0.362666448
02-01-2015,91086.20898,294.7111689,-0.002120653,0.000789096,-0.764359236,2.005265752,0.362447739
03-01-2015,91163.66406,294.4665273,-0.00225945,7.23E-05,-1.125868678,1.842535655,0.350285848
04-01-2015,91170.33936,294.7182903,-0.002430551,1.15E-05,-1.997324308,1.090912819,0.336605072
05-01-2015,91149.96175,294.7165947,-0.002118453,1.15E-05,-2.32047832,0.408000191,0.324918111
06-01-2015,91192.67594,294.5530415,-0.001782895,6.20E-06,-1.844419003,-0.059620778,0.315734863
07-01-2015,91162.70329,294.2097435,-0.001721353,3.37E-05,-0.511935393,-0.418652217,0.30830129
08-01-2015,91209.69971,294.4075559,-0.001745887,5.63E-06,-1.28824234,0.178900401,0.301614761
09-01-2015,91295.32992,293.9684315,-0.001585674,3.73E-06,-1.812242866,-0.254261096,0.29568545
10-01-2015,91288.2526,292.8375549,-0.002155118,8.62E-07,-2.002949039,-0.949835062,0.289552053
11-01-2015,91271.70573,291.8119233,-0.00195138,0,-2.477862597,-0.486511588,0.283905665
12-01-2015,91222.43164,291.9365654,-0.001888711,1.71E-06,-2.399359226,-0.490768154,0.279328664
13-01-2015,91138.40055,291.9836477,-0.001835434,2.59E-06,-2.358639598,-0.083012064,0.275369644
14-01-2015,91139.20247,292.2745336,-0.001790491,8.57E-07,-2.336847305,0.386605581,0.271910985
15-01-2015,91160.39779,292.6762384,-0.001776408,6.31E-06,-2.335179885,0.165793737,0.268831253
16-01-2015,91213.2679,293.5982138,-0.001562619,1.01E-05,-2.411148707,0.651521683,0.2663517
17-01-2015,91262.48714,294.2590427,-0.001283055,3.19E-06,-2.088956436,0.551084518,0.264345169
18-01-2015,91262.85221,294.3803323,-0.001565294,8.52E-07,-1.921734492,0.275426666,0.262388229
19-01-2015,91238.86735,294.2901853,-0.001548382,4.29E-07,-2.422498703,0.68289125,0.260526021
20-01-2015,91372.32471,293.9801178,-0.001314524,2.14E-06,-2.436180234,0.863635381,0.259028117
21-01-2015,91504.25749,293.3957666,-0.001209042,6.74E-07,-2.771478693,0.522692362,0.257858912
22-01-2015,91428.50749,294.0722612,-0.001540211,6.01E-06,-2.26119105,0.686500986,0.256715775
23-01-2015,91242.86491,294.7634875,-0.001328666,7.45E-07,-2.669115067,1.281496684,0.255756378
24-01-2015,91297.55518,294.4191882,-0.001173238,0.000585079,-2.554715951,0.797326406,0.256779353
25-01-2015,91358.35791,294.4620838,-0.001467566,3.78E-06,-2.881394068,0.124034246,0.256385167
26-01-2015,91290.72249,292.9984099,-0.001339248,7.45E-09,-3.01684761,0.604947488,0.255409877
27-01-2015,91160.62435,293.4771029,-0.001247033,1.72E-06,-2.883866628,1.105937203,0.254643122
28-01-2015,91051.21452,294.0637468,-0.001219137,4.41E-06,-2.181627512,0.99103419,0.254039764
29-01-2015,91179.90299,295.270153,-0.001057742,2.99E-06,-2.190552394,0.185795148,0.253504435
30-01-2015,91302.81917,295.2819589,-0.001107186,4.98E-06,-2.489341736,-0.079765717,0.253096898
31-01-2015,91307.64046,294.7745139,-0.001249846,8.58E-07,-2.983610153,-0.010229747,0.252701441
01-02-2015,91303.94645,294.4846439,-0.00122926,1.28E-06,-2.795534253,0.141337713,0.252319972
02-02-2015,91405.95752,293.7495537,-0.001126982,4.10E-06,-3.435607632,0.412818909,0.252073288
03-02-2015,91536.23421,293.4623311,-0.001144972,1.17E-05,-3.08705759,0.199197213,0.251916885
04-02-2015,91436.89469,293.9652017,-0.001141319,3.55E-06,-2.885306994,-0.119195461,0.251752218
05-02-2015,91297.19352,294.3904165,-0.00122595,1.29E-06,-2.718952258,0.090727051,0.251574198
06-02-2015,91301.50895,294.3195076,-0.001245429,0,-2.751633485,0.690882365,0.251413981
07-02-2015,91230.99186,294.6820075,-0.001249922,1.28E-06,-2.320714831,1.089021444,0.251281738
08-02-2015,91170.50439,294.8573068,-0.00124518,1.93E-06,-2.362013499,0.548400243,0.251167297
09-02-2015,91215.73942,294.3109461,-0.001208669,6.65E-06,-2.832568288,0.623308182,0.251093547
10-02-2015,91248.21859,293.7729886,-0.001079365,1.22E-06,-2.417299906,0.275851568,0.251024882
11-02-2015,91197.98942,295.0094465,-0.001150941,8.64E-06,-2.05730176,-0.029734055,0.250958761
12-02-2015,91161.45801,295.5376784,-0.00111459,1.75E-06,-1.855613112,0.115896781,0.250950495
13-02-2015,91163.69401,295.973245,-0.001166598,1.73E-06,-0.944710573,-0.439684987,0.250896454
14-02-2015,91071.31462,296.6881771,-0.001268812,1.72E-06,-1.409683585,-0.429230491,0.250801086
15-02-2015,91122.22233,296.767498,-0.001257243,0,-1.776702881,0.26872317,0.250749588
16-02-2015,91203.54443,296.4956697,-0.001217501,4.35E-07,-2.274402618,0.310281118,0.25071462
17-02-2015,91158.32731,296.3348573,-0.00120932,8.52E-07,-2.034117301,-0.007489522,0.250696818
18-02-2015,91075.34782,296.6761087,-0.001234121,2.15E-06,-1.78201286,1.100440105,0.250677745
19-02-2015,91063.08154,296.5300306,-0.001168919,8.52E-07,-1.89487795,1.190879822,0.25067393
20-02-2015,91130.4069,295.7719002,-0.001078936,8.52E-07,-2.892784754,0.369049708,0.250670751
21-02-2015,91153.48079,295.5219084,-0.001042422,8.58E-07,-3.484387716,-0.088701884,0.250670751
22-02-2015,91220.68848,295.8293756,-0.001040542,8.52E-07,-3.462979635,-0.446451743,0.250666936
23-02-2015,91224.5376,295.5436846,-0.001087212,0,-3.378005346,0.164572914,0.250662486
24-02-2015,91081.32031,295.4221096,-0.001142088,8.55E-07,-2.826007525,0.448968212,0.250652949
25-02-2015,90969.47689,296.2427737,-0.00116352,4.23E-07,-1.197355906,0.248528798,0.250634511
26-02-2015,90889.24398,297.8622837,-0.001074187,8.57E-07,-0.490688642,0.860197544,0.250616709
27-02-2015,90940.93652,298.2502085,-0.000977783,9.75E-06,0.024559736,0.687630335,0.25063324
28-02-2015,90956.22347,296.5027994,-0.001132215,0.002593426,-0.976889292,2.140388489,0.265789032
01-03-2015,91006.25667,296.8506921,-0.001210399,0.001474447,0.120141983,2.537632624,0.285586675
02-03-2015,91141.24935,297.860515,-0.001453218,0.000649217,-0.042790731,0.997777303,0.289649963
03-03-2015,91075.31657,296.957379,-0.001502324,0.001761603,-0.314171235,1.259126027,0.291298548
04-03-2015,91089.23389,296.079792,-0.001825248,0.002271587,0.155542374,1.022827625,0.303702672
05-03-2015,91150.81917,297.2407754,-0.001829829,0.001860392,-1.240374883,0.42842865,0.318418503
06-03-2015,91264.1862,296.6353327,-0.001663368,0.003113907,-1.40931193,0.501231313,0.332330068
07-03-2015,91213.71973,296.5295264,-0.002098545,0.003563641,-1.070568085,0.468459129,0.363746643
08-03-2015,91256.40462,296.7584979,-0.002195649,6.96E-05,-2.13448143,1.293062051,0.358529409
09-03-2015,91344.17676,296.8715331,-0.002123065,1.07E-05,-2.27748553,0.821294785,0.336813609
10-03-2015,91296.6849,296.4550762,-0.002164312,8.82E-07,-2.890729268,-0.242867072,0.317814509
11-03-2015,91270.38542,296.1575934,-0.001826705,4.35E-07,-2.900582631,0.454213341,0.30264918
12-03-2015,91273.22217,296.5106068,-0.001449535,1.28E-06,-3.196840286,0.570824782,0.292130788
13-03-2015,91247.26546,296.6526559,-0.001446402,0,-2.949752172,1.070063909,0.284119924
14-03-2015,91294.44645,297.1426137,-0.001312032,1.29E-06,-2.316949844,2.04046607,0.277720133
15-03-2015,91302.21631,297.9025396,-0.001190947,0.000402334,-1.283236186,1.99257946,0.274504979
16-03-2015,91287.8724,298.509414,-0.001142201,8.49E-06,-1.831758539,1.503887177,0.271109899
17-03-2015,91157.98372,298.5084305,-0.001422677,1.72E-06,-2.027987162,0.85539945,0.266581217
18-03-2015,91052.73307,299.0328108,-0.001405825,3.43E-06,-1.328191121,1.208511273,0.262420019
19-03-2015,91099.01497,299.0637728,-0.001239362,8.52E-07,-2.26530838,1.105950594,0.259100596
20-03-2015,91217.43831,299.0557187,-0.001172568,4.26E-07,-3.203541438,1.216100375,0.256722132
21-03-2015,91276.89811,299.4219799,-0.001153811,0,-2.915988485,1.131336729,0.254938761
22-03-2015,91179.39404,300.2913221,-0.00111352,1.71E-06,-2.489651442,0.982116063,0.25356102
23-03-2015,91056.27344,300.9280351,-0.000928794,8.68E-07,-1.538977305,0.586382548,0.252607981
24-03-2015,90967.30469,300.9214611,-0.000991067,8.52E-07,-2.311192195,0.594942013,0.251948039
25-03-2015,91070.88867,300.0150693,-0.000857551,0,-2.972892761,1.238728603,0.251525243
26-03-2015,91197.10384,299.3168519,-0.000838332,1.29E-06,-3.150625229,1.089007258,0.251248042
27-03-2015,91214.33415,298.7178001,-0.000852095,3.01E-06,-2.746076584,0.642350237,0.251067479
28-03-2015,91087.68164,298.9340521,-0.000895648,8.44E-07,-2.534381866,1.189920068,0.250924428
29-03-2015,90975.10824,299.3635089,-0.000889729,4.32E-07,-1.895081202,1.330380122,0.250811259
30-03-2015,90968.5599,299.6527074,-0.000831489,1.71E-06,-1.671367009,1.657218933,0.250725428
31-03-2015,91024.70882,299.6891225,-0.000634703,1.27E-06,-1.733311971,0.909358342,0.250691096
01-04-2015,91017.32536,298.8628591,-0.001024219,0.002104983,-0.586350759,1.130795201,0.262722651
02-04-2015,90906.80241,300.6254692,-0.001144181,0.000237024,0.377978007,1.373858174,0.270598094
03-04-2015,90788.72721,300.6353811,-0.000884907,4.12E-05,0.864622752,0.012910922,0.266865412
04-04-2015,90649.82357,301.564682,-0.000996211,7.45E-06,-0.159058253,0.417583466,0.263183594
05-04-2015,90715.014,301.7335936,-0.001089713,0.000240761,-0.628663381,1.372825027,0.260650635
06-04-2015,90766.38867,300.8278453,-0.000890727,0.000205338,0.159466426,1.282960455,0.259697596
07-04-2015,90829.32666,301.0789356,-0.000950848,0.000233501,-0.956435323,1.132012447,0.259224574
08-04-2015,90940.39909,300.8616784,-0.000822208,1.91E-05,-1.339655558,1.901009838,0.257265091
09-04-2015,90981.37174,300.6965822,-0.000835633,0.00022527,-1.320552826,1.800098896,0.255724589
10-04-2015,91018.98958,300.3891576,-0.001023598,0.000458211,-0.087986628,1.235186895,0.256573359
11-04-2015,91064.73307,300.2576148,-0.000889714,0.000495076,0.687352498,0.147337914,0.256734212
12-04-2015,91188.1486,296.8847898,-0.001547666,0.023914172,0.126596491,0.021985372,0.364644368
13-04-2015,91137.20833,295.1484407,-0.002759813,0.017386365,0.229406993,0.602843364,0.451674779
14-04-2015,91012.51156,294.8098291,-0.003070139,0.011743868,-0.077379862,0.693414688,0.44548734
15-04-2015,91073.99219,295.4062042,-0.003053659,0.001835319,-0.944714864,1.008753737,0.444777807
16-04-2015,91174.4349,295.9768626,-0.003295896,0.002900156,-0.277814865,0.629430095,0.441696167
17-04-2015,91010.75635,296.9073003,-0.003689061,0.000295538,0.168006261,-0.759195447,0.428617477
18-04-2015,90862.57471,297.314043,-0.003479151,0.000517103,-0.953003565,-0.075442036,0.408637365
19-04-2015,90896.72135,298.1053441,-0.003840066,4.18E-05,-1.819217682,0.631430507,0.386791229
20-04-2015,91007.93717,298.2357731,-0.003679521,4.28E-05,-1.441597621,0.639403303,0.365962346
21-04-2015,91008.54297,298.0217113,-0.003411386,0.000939924,-1.224924723,1.356408437,0.352846781
22-04-2015,90942.27637,298.6478685,-0.003526124,0.001967618,0.272696813,0.567168434,0.352097193
23-04-2015,91020.1735,297.4992212,-0.002639434,0.005647346,1.166444143,-0.078117092,0.390355428
24-04-2015,90980.98828,297.5253855,-0.003477875,0.005963358,0.240604401,0.102243185,0.425894419
25-04-2015,90922.49902,297.4972483,-0.003539246,0.000582832,0.818538666,0.639391621,0.422259013
26-04-2015,90980.59896,296.9461956,-0.002914362,0.00473592,-0.678380966,0.533336123,0.426770528
27-04-2015,91068.6377,297.8914833,-0.003515278,5.05E-05,-1.432062785,0.917329232,0.412197749
28-04-2015,91024.4248,298.703242,-0.003772723,1.08E-05,-0.582461039,0.588389039,0.381254832
29-04-2015,90988.55778,298.9932041,-0.003320761,0.000305405,0.248528798,0.733409802,0.35854276
30-04-2015,91042.77539,298.1409817,-0.00316955,0.006065267,1.438622793,0.131296714,0.37648646
01-05-2015,90949.31348,299.3691839,-0.003545728,1.31E-05,0.670310338,0.525160631,0.389479319
02-05-2015,90932.46794,298.5628821,-0.0034062,0.003519252,1.765146891,0.11189119,0.380484899
03-05-2015,90898.14014,298.0371615,-0.003326376,0.006171107,0.528686523,0.004944444,0.409156164
04-05-2015,90937.51872,298.2790457,-0.003451057,0.001547994,-0.250919978,0.326449633,0.418961843
05-05-2015,90866.61328,298.9097894,-0.003589218,0.00010848,-1.381979624,0.966619889,0.390363693
06-05-2015,90828.36361,298.1456528,-0.002787022,0.003257298,0.064639409,0.287000656,0.379524231
07-05-2015,90897.86784,298.4230913,-0.003139371,0.001126188,0.406380971,-0.043771346,0.382772446
08-05-2015,90809.28353,299.618487,-0.003278666,5.32E-05,0.605197906,-0.096002579,0.363089879
09-05-2015,90694.82926,300.3660825,-0.00301838,4.66E-05,0.823911031,-0.291965842,0.33987999
10-05-2015,90725.02783,300.1604474,-0.002530197,0.000225636,0.073967616,-0.123988549,0.322333018
11-05-2015,90877.21273,298.7731635,-0.002187069,0.00094381,0.247151057,0.742558082,0.315517426
12-05-2015,90852.31673,298.6374372,-0.001401674,4.14E-06,-1.013801575,-0.089625597,0.310614904
13-05-2015,90784.82454,296.8662828,-0.001685981,0.002945665,-1.878836314,-0.093880335,0.31952858
14-05-2015,90820.08398,296.3245881,-0.001890783,0.009437034,-2.202207287,-0.095466614,0.392292023
15-05-2015,90821.89274,296.7533531,-0.002070719,0.003982249,-0.509977698,1.023006399,0.430020014
16-05-2015,90683.34391,296.2775974,-0.002125038,0.020196024,0.351473451,0.572385351,0.425397873
17-05-2015,90626.77832,296.6751607,-0.002618428,0.014356241,1.339408239,-0.023950577,0.426429113
18-05-2015,90715.99023,297.1500473,-0.003447537,0.015283331,1.991961797,0.129193147,0.445187887
19-05-2015,90785.91243,297.5255508,-0.003563346,0.008351017,2.608057658,-0.171768785,0.457706451
20-05-2015,90830.08138,298.7252884,-0.004520427,0.000541526,2.700314204,0.140470386,0.445213954
21-05-2015,90864.98405,298.9351915,-0.004468888,0.000777376,3.654374441,0.36904784,0.427890142
22-05-2015,90848.93571,298.8996601,-0.003917661,0.002539068,3.206960678,0.288733641,0.424549103
23-05-2015,90880.16276,298.2537435,-0.004050079,0.006154415,3.510458628,0.294689059,0.450057348
24-05-2015,90898.58219,298.8295778,-0.004558623,0.000297153,3.484190623,0.324798465,0.439494451
25-05-2015,90886.72624,298.9082877,-0.004342601,8.58E-07,3.442560196,-0.28782026,0.408985138
26-05-2015,90883.88493,299.0713304,-0.00410781,1.11E-05,2.907079061,-0.022230148,0.383902232
27-05-2015,90828.53874,298.6094691,-0.003495278,0.001007527,3.029061357,0.310923378,0.369599024
28-05-2015,90717.25505,298.7477175,-0.003182169,0.00016343,2.537309448,-0.028194626,0.358368556
29-05-2015,90767.5446,297.7431367,-0.002738564,0.01274364,2.610234578,-0.007532358,0.425775528
30-05-2015,90734.96387,298.4848181,-0.004303642,0.005291289,0.867726644,-0.679342866,0.452192307
31-05-2015,90669.74984,298.2168655,-0.00431301,0.038095638,2.159611384,0.152847608,0.464923859
01-06-2015,90694.97559,297.1895262,-0.003660796,0.01307928,1.72889328,0.191754262,0.481707891
02-06-2015,90789.42985,296.9490693,-0.003620205,0.007858929,2.474517822,-0.104942123,0.47380511
03-06-2015,90681.5804,297.3942941,-0.003967823,0.005900452,1.370187759,-0.011851549,0.471938451
04-06-2015,90728.51302,296.5931555,-0.002933752,0.009707853,0.830800374,0.246969183,0.479188283
05-06-2015,90787.37191,297.0953979,-0.003705802,0.005598143,1.937513987,0.215994596,0.470307668
06-06-2015,90725.84147,298.0952314,-0.004056267,8.73E-05,1.629261653,1.072921753,0.45580101
07-06-2015,90720.10042,297.6989695,-0.0045911,0.001588985,2.270040512,1.548685074,0.441579819
08-06-2015,90783.09147,297.0591354,-0.004007753,0.001747313,2.690122604,1.326224724,0.438539505
09-06-2015,90846.90267,296.9826253,-0.003555905,0.00046663,3.159329732,0.426232417,0.429243724
10-06-2015,90746.06087,298.0747197,-0.003719233,3.19E-05,3.192871094,-0.601311445,0.411404292
11-06-2015,90735.48258,296.9027354,-0.003805995,0.008206153,3.130572001,0.390596588,0.438009898
12-06-2015,90773.92025,295.745842,-0.002805521,0.005167589,3.275472005,0.47559015,0.470269521
13-06-2015,90701.84245,296.1456496,-0.002746635,0.002130458,3.667247772,0.638223131,0.460498174
14-06-2015,90677.17318,295.3532162,-0.002944577,0.008243138,3.882838209,-0.146917105,0.444019318
15-06-2015,90648.29639,296.0196807,-0.002503326,0.000766963,4.174767415,0.117949764,0.433989207
16-06-2015,90600.83024,295.5754719,-0.002961477,0.004207775,4.227060318,0.162775834,0.442927678
17-06-2015,90493.57454,295.6262175,-0.002671445,0.000683331,5.065342585,0.383749247,0.449923833
18-06-2015,90530.21598,294.6632175,-0.002109868,0.005185354,5.241191864,0.054908117,0.457356771
19-06-2015,90536.79574,294.8789412,-0.002588155,0.003846705,5.936268489,0.170909484,0.472206752
20-06-2015,90491.85579,294.7693036,-0.002761189,0.005214503,6.526810964,1.030966083,0.477547963
21-06-2015,90547.24121,295.4021575,-0.00209567,0.001657516,5.98807017,1.997329831,0.467791239
22-06-2015,90621.55876,296.1445052,-0.002660452,0.000531286,6.523288727,1.815378825,0.450297038
23-06-2015,90722.32227,295.9636765,-0.002537427,0.001453727,5.458428701,2.415764014,0.441582362
24-06-2015,90825.29215,296.4575869,-0.003089428,0.000850588,5.975716273,2.006634633,0.43268458
25-06-2015,90756.08496,296.62124,-0.002844008,0.00072028,6.540592829,1.403081656,0.420967738
26-06-2015,90690.83073,296.7797871,-0.002808723,0.000569224,6.918107986,0.641252597,0.410601934
27-06-2015,90753.08464,296.8584963,-0.002591179,0.00072813,5.83710289,0.50404199,0.40189298
28-06-2015,90916.21159,296.9496257,-0.002983755,0.000888884,4.425638199,0.154926777,0.394503911
29-06-2015,90990.23991,296.2788397,-0.002971925,0.002074659,3.482323647,0.573443969,0.394438426
30-06-2015,90973.48568,296.9595464,-0.003203109,0.000494534,3.710851113,0.386343479,0.38839976
01-07-2015,91019.25732,296.9599228,-0.003044276,0.000432447,3.82426099,0.04292202,0.376356125
02-07-2015,91043.80957,296.6134618,-0.002940567,0.000444973,3.777874629,-0.202533007,0.36588796
03-07-2015,91043.74788,296.4627609,-0.002563115,0.004141825,3.863928954,-0.514203588,0.383391698
04-07-2015,90968.4305,297.2674135,-0.003192829,0.000261831,4.407282511,-1.159684499,0.390752792
05-07-2015,90856.56136,297.1411025,-0.003203744,1.99E-05,4.591424942,-1.20710508,0.372123718
06-07-2015,90797.77018,296.7928448,-0.003437141,8.55E-07,4.932344437,-0.523641268,0.353979747
07-07-2015,90723.75928,296.7706502,-0.002933547,3.33E-05,5.130572438,-0.413324555,0.338781357
08-07-2015,90837.47428,296.7727153,-0.002320664,0.001852158,4.846432447,-0.407572707,0.339811961
09-07-2015,90824.18538,296.8741538,-0.00234664,0.001656675,5.071807226,-0.755746921,0.346252441
10-07-2015,90686.80664,296.4870319,-0.002164509,0.002107897,5.356369019,-0.814879735,0.353961309
11-07-2015,90743.08219,296.5580902,-0.002354542,0.001140633,5.416838328,-0.786657294,0.355336507
12-07-2015,90789.07357,297.0865402,-0.002400123,0.000655639,4.448853175,-0.813101689,0.349346161
13-07-2015,90723.83187,297.3862362,-0.002592072,0.000551486,3.904301961,-0.93280983,0.340587616
14-07-2015,90618.38688,297.1091537,-0.002029451,0.000861451,3.780237834,-0.672474186,0.336086273
15-07-2015,90522.11165,296.0017414,-0.002080034,0.007802063,4.144906362,-0.586541851,0.37932841
16-07-2015,90493.36051,295.9950682,-0.001923962,0.000883043,4.576068878,-0.158444206,0.408851624
17-07-2015,90573.14909,296.3842748,-0.002343959,0.0025442,5.08102862,0.136939605,0.406332652
18-07-2015,90670.77441,296.0352147,-0.00229431,0.004300866,5.214325587,-0.70938619,0.422489802
19-07-2015,90708.21126,294.689949,-0.002253691,0.005841091,5.240420024,-0.431561232,0.445196152
20-07-2015,90613.76123,295.5457986,-0.002461625,0.002512801,5.07709976,-0.226928075,0.438288371
21-07-2015,90649.30062,295.5412064,-0.002403607,0.006157348,4.255401413,0.127720674,0.451311747
22-07-2015,90711.88379,295.2345397,-0.00257906,0.015660387,4.160870234,0.240917126,0.456962585
23-07-2015,90801.15755,295.5068436,-0.002321382,0.002263561,3.896662394,0.98699832,0.444810867
24-07-2015,90896.11702,295.1965141,-0.002399338,0.002128732,4.130109787,0.830625296,0.447799047
25-07-2015,90873.88102,294.6799361,-0.002310019,0.008117843,4.094931285,0.522450407,0.47092247
26-07-2015,90908.26188,295.1381156,-0.002394585,0.002027025,4.131756465,0.487569531,0.469645182
27-07-2015,90993.84163,294.4976438,-0.002448699,0.008038402,3.849045436,-0.201107025,0.484251022
28-07-2015,91041.35872,295.5785847,-0.003200166,0.002242028,3.424072266,-0.528202693,0.474531809
29-07-2015,90983.21615,296.1690292,-0.003905338,0.000178549,3.473944346,-0.492982229,0.453203201
30-07-2015,90951.69108,296.2207311,-0.003449816,0.000132472,3.627747854,-0.909118017,0.432264328
31-07-2015,90952.67383,295.1643995,-0.002845645,0.009142625,3.498532613,-0.938423793,0.458292007
01-08-2015,91013.06217,295.2549769,-0.00274612,0.005349127,3.289814631,-1.448279619,0.47769928
02-08-2015,90980.59147,295.3316822,-0.00288281,0.002527346,3.501937866,-1.228700638,0.471716563
03-08-2015,90907.26367,295.3769868,-0.00303751,0.002686637,4.016870499,-0.725269198,0.467219035
04-08-2015,90849.01383,295.5325349,-0.002700083,0.002194474,4.284464876,-0.021573067,0.463855743
05-08-2015,90813.62793,295.7530581,-0.003032902,0.001946494,4.821061134,0.132803599,0.457408269
06-08-2015,90717.47298,296.2594986,-0.00303746,0.000912869,4.952784856,-0.411465963,0.445635478
07-08-2015,90725.11198,296.2019558,-0.002857961,0.001166523,4.698749542,-0.040967306,0.434772491
08-08-2015,90702.70996,296.4516233,-0.002915375,0.00078398,4.711191177,-0.122698466,0.424348831
09-08-2015,90547.02962,296.016887,-0.002913488,0.010017723,4.301818212,-0.383968592,0.456404368
10-08-2015,90578.93506,295.5236047,-0.002860209,0.00769392,4.397820791,-0.361390591,0.454909007
11-08-2015,90712.95801,296.1007659,-0.003144837,0.00680961,4.270536423,-0.388532559,0.455989838
12-08-2015,90800.41195,294.84806,-0.002279752,0.00569433,4.182596842,0.063696901,0.481691996
13-08-2015,90794.99805,295.7932574,-0.002376878,0.000892386,4.25661087,-0.169689814,0.472131729
14-08-2015,90786.05469,296.4660854,-0.00320141,0.001147425,3.740999858,-0.419932048,0.457992554
15-08-2015,90895.8457,296.7155908,-0.003481723,0.000772804,3.338652929,-0.6347634,0.444495519
16-08-2015,90940.51725,296.1326561,-0.003422143,0.012688237,2.489028931,-1.145254135,0.464443843
17-08-2015,90846.27425,296.0720844,-0.003093281,0.023929435,0.885851542,-0.720609069,0.480628967
18-08-2015,90865.97673,297.0999292,-0.003708323,0.002008229,-0.253925959,0.418670257,0.473569234
19-08-2015,90964.19417,296.9652615,-0.003790263,0.004481584,0.137859344,1.425091624,0.473404566
20-08-2015,90995.8724,296.7374376,-0.004047866,0.002147526,1.877726237,0.564693093,0.476765315
21-08-2015,90976.31331,295.8601157,-0.003427396,0.016911358,3.024503072,0.398375193,0.479220708
22-08-2015,90898.27539,294.4103597,-0.002111012,0.010851622,3.241224925,-0.170993845,0.450035095
23-08-2015,90913.96468,295.1018219,-0.002984519,0.002752835,3.596752167,-0.384200692,0.470328649
24-08-2015,90960.94108,295.7423731,-0.003770646,0.000126022,3.37966307,-1.134806315,0.45711263
25-08-2015,90878.04395,295.7064044,-0.003647204,7.61E-05,3.386675437,-1.268752416,0.439104716
26-08-2015,90767.49837,295.4633751,-0.003074016,0.001470375,3.581546783,-0.667996724,0.433626175
27-08-2015,90761.72445,294.9810734,-0.002602575,0.009734759,3.603139877,-0.172145208,0.458154678
28-08-2015,90831.17904,295.7321752,-0.003983459,4.56E-06,3.779201508,0.050953547,0.451529821
29-08-2015,90841.13558,295.9238567,-0.003498893,8.25E-05,3.474324544,-0.016576846,0.434096018
30-08-2015,90886.92464,296.2663078,-0.003803359,0.000299805,3.248588562,-0.129253427,0.42049853
31-08-2015,90943.00195,296.608633,-0.004215931,1.62E-05,2.874123255,-0.423225005,0.405323664
01-09-2015,90867.76058,296.7357362,-0.004174754,3.89E-05,2.554077784,-0.440371235,0.390065511
02-09-2015,90812.16081,296.8991343,-0.003901483,8.52E-07,2.416649501,-0.370414893,0.3764534
03-09-2015,90919.55778,296.8201205,-0.003599209,0.001545608,0.194402695,0.745368282,0.371858597
04-09-2015,91099.50879,296.855985,-0.003548754,0.030628848,0.293591181,0.183409135,0.426059087
05-09-2015,91113.65413,296.3570232,-0.003798964,0.008567727,0.669854482,0.664902965,0.469182968
06-09-2015,91072.30632,296.2390842,-0.003969842,0.012584046,1.81047376,0.535269539,0.480681737
07-09-2015,91063.62663,294.8483938,-0.002765369,0.020390436,2.480976264,1.003666997,0.492428462
08-09-2015,91033.05778,294.5561008,-0.00259579,0.002137045,2.911234538,1.566287835,0.489467621
09-09-2015,91007.0791,295.0832723,-0.003176356,0.003352885,3.096954981,0.910751581,0.485523224
10-09-2015,90974.10531,295.196249,-0.003288422,0.00073164,3.458701452,0.235895753,0.473015467
11-09-2015,90925.16064,295.4844074,-0.003900893,2.31E-05,3.964075724,-0.047096968,0.455336889
12-09-2015,90953.58301,295.5032393,-0.003898488,1.69E-05,3.850596746,0.174628973,0.438961029
13-09-2015,90990.10645,295.7521051,-0.00388963,5.83E-05,4.111584981,0.172879537,0.425125122
14-09-2015,90884.13379,295.6674334,-0.003192165,0.000795902,4.882417917,0.609164556,0.418249766
15-09-2015,90748.57633,295.2310562,-0.002643832,0.000893751,5.216945926,0.55731837,0.415524165
16-09-2015,90614.21257,295.41594,-0.003140002,0.002831408,4.722592036,-0.534271836,0.424664815
17-09-2015,90565.69857,296.2730726,-0.003618617,3.06E-05,4.321530024,-0.386906942,0.421449661
18-09-2015,90647.20378,296.0843054,-0.003278328,3.38E-05,3.653276443,0.037935257,0.405552546
19-09-2015,90687.76872,296.4746437,-0.003425195,0.000610489,3.102834702,0.219810486,0.394599915
20-09-2015,90747.65804,295.3179105,-0.002640759,0.002472386,2.935049057,0.847345869,0.402456919
21-09-2015,90809.4598,295.5028489,-0.003487191,7.72E-06,2.333162308,-0.276768486,0.400654475
22-09-2015,90882.37126,296.4675274,-0.004161285,5.35E-06,1.322889964,0.298048735,0.383252462
23-09-2015,90986.53206,297.1141345,-0.003895794,0.000481978,-0.374711355,-0.129491806,0.369087219
24-09-2015,90944.03776,296.5463943,-0.003570029,0.020006726,0.492059072,-0.026977261,0.411909739
25-09-2015,90851.58252,296.4265232,-0.003944182,0.012231261,0.826479594,-0.709152857,0.448925654
26-09-2015,90862.72233,296.0161896,-0.00323583,0.00593029,1.251309713,-1.391902725,0.464338938
27-09-2015,90860.52572,296.0172952,-0.003517332,0.016082,0.978317261,-0.620546977,0.469851812
28-09-2015,90772.03564,295.6977685,-0.00310385,0.003727476,-0.23878479,-0.496512095,0.470052719
29-09-2015,90790.19092,295.922369,-0.003600006,0.001652959,-1.517326355,0.178130468,0.470181783
30-09-2015,90900.02751,295.4286613,-0.0032137,0.005954656,-2.061538061,0.506743908,0.481189728
01-10-2015,91019.41016,295.5844771,-0.003142072,0.004721373,-0.512706121,0.957446416,0.487887065
02-10-2015,91143.39665,296.3228575,-0.003612874,0.000915021,2.354180018,0.286821365,0.474929174
03-10-2015,91172.17643,296.1983693,-0.003443626,0.000661969,2.842307409,-0.558694204,0.458442688
04-10-2015,91093.28516,295.2920971,-0.002689203,0.028500095,2.114931742,-0.70845147,0.46810468
05-10-2015,90974.4375,294.9589469,-0.002688456,0.014323759,2.099453608,0.494243781,0.486323039
06-10-2015,90886.04085,295.8409208,-0.003591279,0.000745013,2.191431681,0.523764928,0.463909785
07-10-2015,90946.45589,296.1958491,-0.003932714,0.000473234,1.86162885,0.914775451,0.454506556
08-10-2015,90970.7627,295.9743716,-0.003538762,0.000709826,2.471936544,1.261282603,0.447161992
09-10-2015,90971.21273,295.4032421,-0.003057141,0.005075359,2.652198156,1.274590174,0.464550018
10-10-2015,91048.743,295.6814295,-0.003336685,0.005119848,2.387351354,0.690595706,0.480312983
11-10-2015,91154.28857,295.552145,-0.00312006,0.009911546,0.971235275,-0.160235325,0.486270269
12-10-2015,91159.46973,296.256293,-0.003695104,0.000901955,-1.07668368,-0.39601779,0.482203801
13-10-2015,91149.16455,295.8592014,-0.004651281,0,-1.839262009,0.533122182,0.461268743
14-10-2015,91185.46761,295.2729918,-0.004967227,0,-2.079841614,0.45863537,0.442591349
15-10-2015,91154.60661,295.9206848,-0.004550979,1.72E-06,-1.871322314,0.139203389,0.427267075
16-10-2015,91173.99919,296.2351627,-0.004356489,1.26E-05,-1.910052617,-0.176892598,0.413965225
17-10-2015,91188.13542,295.9716053,-0.004437976,4.29E-06,-2.172955195,0.344165166,0.400850296
18-10-2015,91259.76221,296.2820441,-0.004041726,6.60E-05,-2.268452326,0.138912837,0.389286041
19-10-2015,91192.40332,296.4669711,-0.004456799,4.89E-06,-2.076716185,0.184712172,0.377036413
20-10-2015,91042.60905,296.7669525,-0.004127041,6.24E-05,-1.960845947,0.0258166,0.365759532
21-10-2015,91030.58936,296.401193,-0.004347594,4.64E-06,-2.115919749,0.128199259,0.354476293
22-10-2015,91091.84082,295.820914,-0.004536159,4.35E-07,-2.155012131,-0.187098742,0.342800776
23-10-2015,91085.62223,295.4399783,-0.004456477,8.64E-07,-1.883006414,-0.671351671,0.331598282
24-10-2015,91060.92562,294.9864267,-0.004477009,3.44E-06,-2.719471614,-0.221879323,0.321377436
25-10-2015,91157.41732,295.2899138,-0.003807859,1.42E-06,-2.776877721,0.175481796,0.312920252
26-10-2015,91205.6901,295.5168177,-0.002967527,0.000193849,-2.658602079,-0.566137473,0.308125814
27-10-2015,91167.82373,296.0132828,-0.003018619,7.90E-05,-1.804644903,-0.375322064,0.303698222
28-10-2015,91138.13428,296.1406199,-0.002983434,0.000232473,-1.922854741,0.404868523,0.299821218
29-10-2015,91064.28564,296.5249678,-0.003066352,0.000184509,-2.052213788,-0.425852219,0.296726863
30-10-2015,90975.7041,296.4386196,-0.003076561,0.000243905,-1.885787964,-0.997890075,0.293203354
31-10-2015,90988.118,296.1206481,-0.002647466,0.001214775,-2.012118022,-0.65019385,0.295495987
01-11-2015,91060.19906,295.0277373,-0.002329702,0.018028229,-2.035633087,1.055357536,0.400622686
02-11-2015,91173.60091,294.6741905,-0.00204581,0.009141322,-0.190706889,0.767709812,0.476563772
03-11-2015,91178.7111,295.0723209,-0.002864495,0.022469991,0.091262817,0.122485439,0.479649862
04-11-2015,91125.75179,294.7105306,-0.002778745,0.01747244,-0.68916893,-0.865877708,0.474901835
05-11-2015,91108.77637,295.0673574,-0.003507238,0.000508723,-1.590154648,-0.58490785,0.430872599
06-11-2015,91035.51579,295.4054915,-0.004186947,1.53E-06,-2.075549444,-1.089617372,0.427142461
07-11-2015,91068.03402,295.4796454,-0.003653917,0.000160843,-2.614847183,-1.059128126,0.418331782
08-11-2015,91047.09993,295.1729101,-0.003323545,0.000564784,-2.277641296,-2.324517568,0.41072909
09-11-2015,90834.73812,292.1014614,-0.00205152,0.04624939,1.091515223,-4.918860753,0.465523402
10-11-2015,90671.05241,292.0112464,-0.001329021,0.007196742,0.623764674,-3.737214287,0.48160998
11-11-2015,90954.37321,293.7824078,-0.001356324,0.000770536,-2.741804759,0.244944811,0.489548365
12-11-2015,91187.47721,294.7300371,-0.002636001,0.009667256,-1.959929784,-0.804826697,0.496206919
13-11-2015,91202.97233,293.8734531,-0.002819852,0.00117818,-1.951478958,-1.28254803,0.492013295
14-11-2015,91001.42611,293.5673027,-0.003266892,0.000185269,-2.071091334,-1.485550761,0.472189585
15-11-2015,90881.8418,291.0118847,-0.002431924,0.041183099,-1.407072941,-3.112206578,0.477460225
16-11-2015,90783.79329,290.6242472,-0.000817341,0.140554923,-0.132968903,-2.473580718,0.49120458
17-11-2015,90822.48975,291.6382656,-0.000974615,0.00483849,0.344857534,-1.878511429,0.466478984
18-11-2015,90943.06836,292.9371993,-0.001501116,0.002899572,-1.331106186,-2.315875332,0.46849378
19-11-2015,90982.42985,293.6656958,-0.001800948,0.011630797,-1.805687586,-1.15468661,0.472009659
20-11-2015,91027.14469,294.2798754,-0.00234352,0.004244789,-2.825609843,0.620662689,0.483419418
21-11-2015,91031.69173,294.7244937,-0.002785643,0.002071038,-3.050717672,-0.105574052,0.480439504
22-11-2015,91058.37793,294.2915223,-0.002339798,0.008632624,-3.314244588,-0.038069884,0.480597814
23-11-2015,91157.83496,293.7499682,-0.00183652,0.010876283,-2.823743184,0.390366872,0.470312754
24-11-2015,91151.63477,294.334617,-0.002985903,0.000534245,-2.988966624,0.27755483,0.474346161
25-11-2015,91155.29248,292.927117,-0.003970102,3.65E-06,-2.250302633,-0.399056395,0.458759308
26-11-2015,91122.00293,294.5500736,-0.003686652,0.000116616,-2.017297109,-0.641655604,0.445713679
27-11-2015,91035.33415,294.1193542,-0.003776507,1.75E-06,-2.160055796,0.067054749,0.433987935
28-11-2015,91212.54313,293.3314234,-0.00395673,1.58E-05,-1.771025697,-0.874343236,0.422070185
29-11-2015,91266.28711,293.4757163,-0.001860987,0.009275016,-2.950496197,-0.480404496,0.449496587
30-11-2015,91241.97542,293.8348509,-0.001969549,0.015531442,-2.182418187,-0.980538845,0.486581802
01-12-2015,91121.67334,293.6990636,-0.001758863,0.004527614,-2.86366717,-1.584756215,0.494891485
02-12-2015,91116.80452,292.838981,-0.000838849,0.021620741,-2.392351786,-1.630759557,0.452361425
03-12-2015,91144.86768,292.934,-0.001274756,0.010816336,-2.110889435,-1.928636869,0.488854726
04-12-2015,91122.74105,293.5799249,-0.003441244,2.16E-06,-2.998406013,-2.27867949,0.471143087
05-12-2015,91125.09391,293.7810504,-0.00273425,1.30E-05,-3.382949193,-1.679576675,0.458937327
06-12-2015,91162.53076,293.2060331,-0.002122862,6.10E-05,-3.529068629,-1.20665741,0.451100667
07-12-2015,91230.85693,293.3910096,-0.002933133,2.74E-05,-2.839375178,-1.408730666,0.441591899
08-12-2015,91249.47168,292.9622733,-0.003027873,0.000169638,-2.44501241,-0.571698189,0.43258667
09-12-2015,91271.1652,294.4078064,-0.002337929,0.000196293,-2.792206883,-0.066454013,0.426429113
10-12-2015,91226.98324,294.9871718,-0.002283475,0.001652408,-2.374713898,0.741064906,0.429603577
11-12-2015,91136.27995,294.6830521,-0.002271224,0.00014326,-1.687416712,1.598427812,0.426025391
12-12-2015,91070.90397,293.4356702,-0.002650484,0.000354249,-1.882769267,0.118669152,0.420339584
13-12-2015,91088.55208,294.8621718,-0.003037225,3.81E-06,-1.154034932,0.766586701,0.410580317
14-12-2015,91130.00163,294.9898446,-0.002710593,0.002049506,-1.038506826,0.805251002,0.414394379
15-12-2015,91136.57243,294.8662523,-0.003150329,7.80E-06,-1.525012334,0.778405269,0.413362503
16-12-2015,91159.02327,293.7887764,-0.0031195,8.08E-06,-1.667099635,0.54626592,0.401301702
17-12-2015,91171.81706,292.5097561,-0.00331278,2.17E-06,-1.945184072,1.241643906,0.389956156
18-12-2015,91248.86263,293.7321885,-0.002953025,2.29E-06,-1.633027395,1.547746658,0.38064448
19-12-2015,91410.37451,294.3692633,-0.002802037,0.000166327,-2.034934362,1.005129735,0.373778025
20-12-2015,91361.03499,293.732935,-0.002860957,3.04E-06,-2.023686091,1.504969358,0.366570155
21-12-2015,91362.53581,293.7352505,-0.003315197,4.73E-06,-1.691924413,1.057840188,0.358423233
22-12-2015,91417.45768,293.5881233,-0.00338418,4.15E-07,-2.256170472,0.47926573,0.349809647
23-12-2015,91410.6001,293.0806166,-0.003060044,5.17E-06,-2.20142293,0.750857115,0.342220306
24-12-2015,91353.26139,293.1256828,-0.003265871,3.98E-06,-2.272014697,0.014492035,0.334950129
25-12-2015,91336.71143,293.9583486,-0.003137235,6.75E-06,-2.765971184,-0.842128754,0.328168233
26-12-2015,91395.06462,293.160478,-0.002893216,6.87E-06,-2.990212758,-1.055796941,0.322134654
27-12-2015,91479.49495,293.9806074,-0.002384608,0.000110808,-3.501590093,-0.596874952,0.318230311
28-12-2015,91581.04753,292.6408176,-0.002899712,4.56E-06,-2.877021154,-0.76698637,0.313463847
29-12-2015,91441.92822,292.5938295,-0.003019987,4.35E-07,-2.819491982,-0.43727239,0.308207194
30-12-2015,91356.26416,292.3085435,-0.003144367,0,-3.05036672,-0.560327053,0.302750905
01-01-2016,91561.6862,291.8888702,-0.002640429,4.35E-07,-3.299533765,-0.856031656,0.294118881
02-01-2016,91586.54818,292.1170788,-0.002932591,0,-2.814794461,-0.901252548,0.290444692
03-01-2016,91448.98454,292.2663695,-0.00291187,0,-2.826465726,-0.25054268,0.286749522
04-01-2016,91466.57617,292.2609545,-0.0027572,0,-2.917033513,-0.11838301,0.283481598
05-01-2016,91383.19368,292.2359759,-0.00267356,1.70E-06,-2.514698664,0.162159204,0.280552546
06-01-2016,91365.9458,293.2704843,-0.002618516,1.29E-06,-2.10647138,0.065359433,0.277761459
07-01-2016,91440.03841,293.3461018,-0.002417823,1.29E-06,-2.398224513,0.07646362,0.275590261
08-01-2016,91404.76725,292.9739927,-0.002446681,8.52E-07,-2.135969798,-0.722537994,0.27359581
09-01-2016,91277.32829,292.7501303,-0.002624776,4.35E-07,-2.62224408,-0.173900167,0.271482468
10-01-2016,91359.63216,292.4895535,-0.002620047,8.52E-07,-2.562475204,0.084775925,0.269393285
11-01-2016,91362.71745,292.4836667,-0.00250551,0,-2.66525948,0.146521052,0.267445246
12-01-2016,91204.52344,292.9756756,-0.002398823,0,-2.307174047,-0.209533294,0.265741984
13-01-2016,91176.82552,292.8736776,-0.00216259,1.28E-06,-2.057487488,0.710643927,0.264250437
14-01-2016,91154.09375,293.0777187,-0.002317462,2.55E-06,-2.505343596,0.534347177,0.2628479
15-01-2016,91111.11865,292.9349321,-0.002175103,8.73E-07,-2.234460831,0.521653295,0.261575699
16-01-2016,91060.97656,293.7114601,-0.001990372,0,-0.624727885,0.539524714,0.260305405
17-01-2016,91024.75358,293.8299567,-0.00171663,1.02E-05,-0.856733958,1.098347982,0.259415944
18-01-2016,91005.08691,294.0612799,-0.001742571,9.57E-05,-1.470867157,1.468477368,0.25909551
19-01-2016,91034.12939,294.5476297,-0.001022511,3.96E-05,-1.507659912,1.468420664,0.259149551
20-01-2016,91167.61214,293.7421284,-0.000879994,0.000956684,-1.338976542,0.756999969,0.265465418
21-01-2016,91233.35514,294.4685205,-0.001642777,0.001968271,-1.567731857,0.017564217,0.274085999
22-01-2016,91285.67562,294.6867828,-0.001716122,0.00121741,-2.587144017,0.424773057,0.281838735
23-01-2016,91363.07568,294.4857216,-0.001344791,0.000190964,-2.983448784,0.262924115,0.284360886
24-01-2016,91381.53955,294.3956451,-0.001364494,0.000343564,-2.365262906,0.483713031,0.283830007
25-01-2016,91242.85563,295.3373019,-0.001945404,0.000141159,-1.875317494,0.768113534,0.282141368
26-01-2016,91225.4222,295.2741381,-0.001857225,2.86E-05,-1.648969014,1.017664512,0.279160817
27-01-2016,91217.46175,295.6968403,-0.002002962,3.61E-06,-1.782063166,0.342215856,0.27580897
28-01-2016,91267.14339,295.6346976,-0.002319388,0,-2.164318085,0.069253922,0.272356033
29-01-2016,91335.48682,295.3181953,-0.002110106,8.52E-07,-2.599965413,-0.273351312,0.269269943
30-01-2016,91321.77751,294.4017391,-0.002088031,8.52E-07,-2.978381117,-0.37491862,0.266625722
31-01-2016,91288.19434,294.2645906,-0.002280299,0,-2.964932799,-0.365517298,0.264152527
01-02-2016,91312.04395,294.3081849,-0.002326034,1.72E-06,-2.756181081,-0.444443186,0.261835098
02-02-2016,91318.52018,294.6283652,-0.002304338,1.72E-06,-2.819779078,-0.115938902,0.259811401
03-02-2016,91263.0625,295.1924985,-0.002021851,2.57E-06,-2.54635493,0.236453851,0.258157094
04-02-2016,91235.88363,295.2528419,-0.002069214,8.73E-07,-2.87982432,0.485109448,0.25680987
05-02-2016,91182.2277,294.5047181,-0.00191213,4.35E-07,-2.408403595,1.063005209,0.255711873
06-02-2016,91086.60563,295.2622954,-0.001855464,8.52E-07,-1.742766261,1.386339426,0.254816055
07-02-2016,91210.49593,296.5008176,-0.001784167,1.84E-06,-0.994585673,0.480655789,0.254022598
08-02-2016,91161.78743,296.8429044,-0.001656601,7.99E-06,-2.427327474,0.555995862,0.253465017
09-02-2016,91160.84375,296.7271989,-0.001858123,0,-2.270190438,0.53111891,0.25293541
10-02-2016,91114.94824,296.9389706,-0.001885433,8.52E-07,-1.625420133,0.908057491,0.252463023
11-02-2016,91076.77637,298.0048396,-0.001840176,8.58E-07,-0.492388089,1.248492678,0.252058029
12-02-2016,91067.76416,297.338323,-0.001600316,2.50E-06,-1.325546583,1.424716751,0.251793543
13-02-2016,91107.74365,297.0515003,-0.001486322,2.58E-06,-1.754079183,1.092660268,0.251614253
14-02-2016,91141.97738,296.0642103,-0.001668291,0,-3.033651988,0.558836381,0.251475652
15-02-2016,91242.35514,295.6166464,-0.001514526,6.81E-06,-2.776872635,1.56228737,0.251351674
16-02-2016,91266.17057,295.9822915,-0.001512771,1.70E-06,-2.78111585,1.084210714,0.251286189
17-02-2016,91267.18978,295.7229271,-0.001356574,3.07E-06,-3.407497883,0.561789195,0.25122261
18-02-2016,91298.79346,295.8655879,-0.001288394,6.71E-06,-3.506254832,1.036346515,0.251223246
19-02-2016,91364.60156,296.5899836,-0.001518646,8.52E-07,-2.728481929,1.201010863,0.251150131
20-02-2016,91328.72982,297.6667951,-0.001651326,8.52E-07,-2.064229965,0.536807736,0.251068751
21-02-2016,91251.37012,298.6056277,-0.001760939,3.44E-06,-1.27856636,0.21282812,0.250982285
22-02-2016,91288.95931,298.6921113,-0.001809516,1.71E-06,-1.758426666,0.601415356,0.250910441
23-02-2016,91170.39925,297.8637625,-0.001866157,0,-1.671099345,1.340932528,0.250835419
24-02-2016,91117.44613,297.9446665,-0.001606363,1.70E-06,-0.196434657,1.279357672,0.250794093
25-02-2016,91171.73975,298.6587416,-0.001504751,1.85E-05,-1.362521489,1.191544135,0.250847499
26-02-2016,91293.57747,297.3010591,-0.001379084,7.29E-06,-2.648827513,1.637328148,0.25087738
27-02-2016,91401.25618,297.1893152,-0.00143868,3.37E-06,-2.506418228,1.643874645,0.250858943
28-02-2016,91477.52262,297.4227009,-0.001180701,3.00E-06,-2.781860987,1.243174275,0.250847499
29-02-2016,91427.41911,296.8680051,-0.001018776,2.94E-06,-2.698614756,0.925964157,0.250852585
01-03-2016,91277.96452,297.157601,-0.001319519,7.80E-06,-2.901009878,0.964944323,0.250854492
02-03-2016,91315.68441,297.2398809,-0.001305524,0,-2.792191188,0.504761934,0.250823975
03-03-2016,91325.3055,297.4909897,-0.001416717,4.36E-07,-3.120284398,-0.105777025,0.250789642
04-03-2016,91214.60482,297.4863097,-0.001550561,3.43E-06,-2.551904877,-0.104506691,0.250727336
05-03-2016,91118.07861,297.714585,-0.001497866,2.10E-06,-2.538057367,0.456344763,0.25071462
06-03-2016,91075.84538,297.5153071,-0.001521461,2.58E-06,-2.122355064,1.110220631,0.250683467
07-03-2016,91043.10319,297.3235435,-0.00138878,2.15E-06,-2.275332133,1.311493317,0.25067838
08-03-2016,91021.62809,297.7325478,-0.001520569,2.59E-06,-1.684853236,0.8442928,0.250642776
09-03-2016,91083.81771,298.6068541,-0.001514784,8.52E-07,-1.576432546,0.858960231,0.250628153
10-03-2016,91139.68457,298.8189627,-0.001222032,1.71E-06,-1.967607498,1.023920496,0.25062561
11-03-2016,91169.24056,299.4165586,-0.00152041,1.72E-06,-1.424114227,0.70431455,0.250618617
12-03-2016,91099.89746,299.9108098,-0.001496539,3.50E-06,-0.124237696,1.581450661,0.250614166
13-03-2016,91117.10189,300.394577,-0.001371398,0.000118756,0.287880977,0.500775854,0.251064301
14-03-2016,91101.72526,299.9278742,-0.001293346,0.000367516,-0.354241053,1.550982038,0.253060659
15-03-2016,91111.37793,298.5545019,-0.001406384,0.001539189,1.064722061,1.346866528,0.260595322
16-03-2016,91065.72526,299.7757975,-0.001484187,4.11E-05,-0.481918971,0.786429326,0.264225006
17-03-2016,91120.4082,299.5663414,-0.001436658,0.000445956,-0.882340113,0.72657907,0.263222377
18-03-2016,91047.44466,300.8752988,-0.001524772,1.93E-06,-1.572411219,0.911162138,0.261630376
19-03-2016,91091.21696,301.1847636,-0.00159172,8.61E-07,-0.410236796,1.058396419,0.258613586
20-03-2016,91091.02116,301.7772751,-0.001596296,8.52E-07,-1.102645238,1.123506705,0.256083806
21-03-2016,90992.11198,302.311889,-0.001513368,0,-0.259105682,0.938377221,0.254236221
22-03-2016,90904.78646,301.3860683,-0.00127361,2.57E-06,0.714214961,1.030348857,0.253034592
23-03-2016,91007.16976,301.0145747,-0.001165912,5.74E-05,-0.306702932,1.17923514,0.252520879
24-03-2016,91176.07926,301.0445652,-0.001318524,1.72E-06,-2.150561651,1.411293467,0.251958211
25-03-2016,91263.99382,300.1321379,-0.001344681,8.71E-07,-2.154023488,1.394639929,0.251488368
26-03-2016,91211.0944,299.5844288,-0.00135028,0,-1.982633591,1.185427984,0.251162847
27-03-2016,91153.26611,299.3188661,-0.001344943,0,-1.292201996,1.49056979,0.250930786
28-03-2016,91183.97282,299.5151208,-0.001249667,0,-1.689905167,1.286704222,0.250789642
29-03-2016,91208.44043,299.6769549,-0.001159186,8.64E-07,-1.799659093,1.397004525,0.250709534
30-03-2016,91209.34928,300.1619625,-0.00109921,4.71E-06,-1.799437205,1.420121908,0.250674566
31-03-2016,91089.19108,300.2751891,-0.001140947,2.33E-08,-1.473367691,1.339345455,0.250636419
01-04-2016,90984.94043,300.2612286,-0.001048102,5.11E-06,-1.471085866,1.385590235,0.250619888
02-04-2016,91054.53532,300.6447906,-0.001091904,8.66E-07,-1.678074519,1.185822606,0.250615438
03-04-2016,91129.52897,300.8393205,-0.001043178,8.52E-07,-1.238798141,1.171097239,0.250590642
04-04-2016,90999.43197,300.9921462,-0.001192905,1.72E-06,-1.538061142,1.404705723,0.250569026
05-04-2016,90968.45915,300.7185497,-0.001214431,4.35E-07,-0.833663305,1.202870051,0.25054423
06-04-2016,91017.09814,300.7539247,-0.00101447,1.70E-06,0.06227684,1.113928914,0.250543594
07-04-2016,90963.77637,301.2458649,-0.001058385,0.000751171,-0.465391159,0.971883575,0.250941594
08-04-2016,90964.56673,300.8700905,-0.001292997,0.000207405,-0.477931341,1.562931458,0.25883611
09-04-2016,91083.06136,300.0615419,-0.00120085,0.000688666,0.239631653,1.39429911,0.259136836
10-04-2016,91113.18571,300.8018322,-0.001145303,0.00023842,-0.472066243,0.656117797,0.259477615
11-04-2016,90990.32275,302.1244221,-0.001200342,1.71E-05,-0.628870646,0.251127879,0.257481893
12-04-2016,90864.73698,302.565616,-0.001244414,4.36E-07,0.163515727,0.960769574,0.255231222
13-04-2016,90742.08691,302.7096068,-0.001025163,8.64E-07,0.892067591,-0.179046631,0.253673553
14-04-2016,90812.27311,302.8003953,-0.00109494,0.000132326,-0.37015597,1.101210276,0.253151576
15-04-2016,90923.69124,303.0310402,-0.001094454,9.12E-07,-1.239952087,1.162418365,0.252645493
16-04-2016,90896.75049,302.525725,-0.001062958,6.53E-06,-0.790358186,1.258039474,0.251924515
17-04-2016,90830.09326,302.6176942,-0.000999114,1.71E-06,-1.163964788,0.139205933,0.251442591
18-04-2016,90862.57861,301.6116568,-0.001045315,8.53E-07,-1.463076274,1.690640132,0.251111984
19-04-2016,90940.15837,301.9221363,-0.000993332,0,-0.992848714,1.623738607,0.250898361
20-04-2016,91028.99398,302.6853015,-0.001037752,7.83E-06,0.062604904,1.140698751,0.250771205
21-04-2016,90944.92236,302.5009816,-0.000959961,8.58E-07,1.428297679,0.958689133,0.250672023
22-04-2016,90900.23307,301.7621899,-0.00091434,0.000504228,2.06795311,0.261371454,0.253133138
23-04-2016,90731.48714,303.0889695,-0.001065408,2.21E-06,1.909529368,-0.213386138,0.254393895
24-04-2016,90660.92985,303.6311537,-0.001123101,0,0.979151408,-0.477475921,0.253060023
25-04-2016,90787.55729,302.5951525,-0.001066168,0.000505626,-0.17752711,0.699800491,0.254653931
26-04-2016,90924.96419,302.4915962,-0.001048318,3.43E-06,-1.906812032,1.190225124,0.255530039
27-04-2016,90866.49414,301.7141673,-0.001050669,1.71E-06,-1.824057897,1.757996043,0.253898621
28-04-2016,90852.61361,302.0237516,-0.001004001,-1.43E-08,-1.143983205,1.856202563,0.252730687
29-04-2016,90916.15869,302.140906,-0.001012239,0,-0.885448456,1.650128166,0.251895905
30-04-2016,90919.25911,302.4218133,-0.001027699,0,-0.579973221,1.607215722,0.251344045
01-05-2016,90859.05485,302.9631755,-0.000978321,8.52E-07,0.228054682,1.273868322,0.251001358
02-05-2016,90875.58333,301.5260169,-0.001049678,0.002547419,1.010935465,0.120371103,0.26815033
03-05-2016,90864.4113,301.4285221,-0.001319399,0.000134468,0.769824346,0.227309545,0.278532028
04-05-2016,90888.65771,301.1581256,-0.001381967,0.001045325,0.726981481,0.156905492,0.278918584
05-05-2016,90905.63118,300.5262547,-0.001474161,0.003128237,-0.150789261,0.245571136,0.299044927
06-05-2016,90932.79492,298.9798012,-0.001994618,0.013651159,-0.163321813,0.586062113,0.387335459
07-05-2016,90903.87842,298.5701033,-0.003476661,0.007033065,-0.126637777,0.941504002,0.440355937
08-05-2016,90998.58594,298.3448257,-0.003285685,0.006702536,0.425397237,0.464019656,0.446614583
09-05-2016,90930.08984,299.1715724,-0.00361068,0.001640618,-0.805838267,0.397666454,0.426036835
10-05-2016,90946.861,298.6725248,-0.003494607,0.006052494,-0.030241648,0.553930918,0.42304039
11-05-2016,90867.16406,299.4960842,-0.00366742,0.000167251,0.100948334,0.324557026,0.414141973
12-05-2016,90748.04769,299.4764468,-0.003202268,0.001054454,0.99067688,-0.154833754,0.38663737
13-05-2016,90738.30339,300.333149,-0.003483999,0.000106874,0.909468969,-0.662002643,0.36417834
14-05-2016,90858.46826,299.6420097,-0.002900042,0.003485852,0.113524238,-0.280074676,0.363664627
15-05-2016,90771.60856,301.1476498,-0.003644673,4.17E-07,-1.344846725,0.300517956,0.356934865
16-05-2016,90597.45833,299.1848831,-0.002368773,0.001408124,-0.200471004,0.414703568,0.340354919
17-05-2016,90417.85726,297.9629288,-0.001816491,0.003357965,0.641986211,-1.992303928,0.353487651
18-05-2016,90385.3999,296.3202362,-0.002348386,0.017122045,3.703582128,-0.159952124,0.432074865
19-05-2016,90500.77425,297.133536,-0.002682381,0.007819042,4.031297048,0.782104492,0.447929382
20-05-2016,90604.73079,297.6600304,-0.002426446,0.001093525,4.189969381,0.699110548,0.451103846
21-05-2016,90738.48356,299.5500965,-0.004192158,5.69E-06,4.175703684,-0.046736399,0.410985947
22-05-2016,90851.63509,299.8813699,-0.004201176,7.75E-05,3.594904582,-0.060588876,0.379874547
23-05-2016,90882.68929,300.1812153,-0.003942048,0,3.790806452,-0.586652199,0.354464849
24-05-2016,90836.64176,300.0633818,-0.00345483,1.73E-06,3.665297826,-0.315802415,0.333503087
25-05-2016,90789.47461,299.8095131,-0.002988192,2.52E-05,3.853643417,-0.231217702,0.317508698
26-05-2016,90821.65332,300.3264389,-0.002928918,7.91E-05,2.852315426,-0.380032698,0.304616928
27-05-2016,90885.59863,299.2463811,-0.002838561,0.006280199,2.21565338,-0.335239132,0.327400843
28-05-2016,90870.54346,298.7097034,-0.003138092,0.010248843,2.365411758,-0.391146978,0.40417099
29-05-2016,90825.58805,297.4276187,-0.002728034,0.004884213,3.052623113,-0.297323147,0.454642614
30-05-2016,90776.85205,297.7420813,-0.003236592,0.004134461,2.524122238,-0.321924885,0.432622274
31-05-2016,90849.19759,297.7486324,-0.003441315,0.015349004,2.410631855,-0.364789406,0.430405935
01-06-2016,90838.16927,297.8100567,-0.003756152,0.015202987,2.252487063,-0.169831276,0.427562714
02-06-2016,90779.18343,297.1601842,-0.003084898,0.005855846,2.196998596,-0.595040083,0.454783758
03-06-2016,90728.85693,297.4153754,-0.003770066,0.016128379,2.420186361,-0.260088603,0.474947611
04-06-2016,90718.66748,297.1066672,-0.003232903,0.01318734,2.819167058,-0.281128565,0.481280009
05-06-2016,90736.16764,296.5041389,-0.003299123,0.018095506,2.742442687,0.414497733,0.468279521
06-06-2016,90727.66699,297.2268372,-0.003661682,0.000873724,3.242034952,0.778140545,0.452093124
07-06-2016,90722.31608,296.2408269,-0.002694139,0.006793681,2.737559636,0.69484659,0.473331451
08-06-2016,90696.46305,296.5809275,-0.003486453,0.01782234,2.923157255,0.688517809,0.469984055
09-06-2016,90756.83024,296.0311508,-0.002680935,0.004718423,2.890318433,1.763363719,0.476263046
10-06-2016,90787.83382,296.8019307,-0.003352175,0.000853491,4.594458262,1.751156489,0.467204412
11-06-2016,90882.50814,296.9620921,-0.00359663,0.000164833,4.212809245,-0.294849912,0.447753906
12-06-2016,90891.62809,296.9525045,-0.003197794,0.001558769,4.207672119,-0.667724729,0.439183553
13-06-2016,90918.90527,296.1619167,-0.003030492,0.005622092,4.624643326,-0.265569568,0.459540685
14-06-2016,90843.50016,296.5409527,-0.003542291,0.002182528,4.632255554,-0.481795271,0.460666656
15-06-2016,90727.38509,296.8420766,-0.003748326,6.94E-06,4.868282358,0.004745563,0.440553665
16-06-2016,90633.04118,295.8142192,-0.003051474,0.001955177,4.09646225,-0.145304759,0.432353338
17-06-2016,90593.43001,295.9237442,-0.003052596,0.007236078,3.522226969,-0.752524018,0.458245595
18-06-2016,90615.04688,296.0030117,-0.003363881,0.002407906,3.313393911,-0.986552755,0.459630966
19-06-2016,90566.71598,295.3114414,-0.003069878,0.014312091,3.474082311,-0.678799033,0.478009542
20-06-2016,90513.57357,296.0265821,-0.002557477,0.000418633,3.230152766,0.871779601,0.468897502
21-06-2016,90631.19173,294.2924741,-0.00239278,0.01586884,4.100561778,0.268867811,0.481646856
22-06-2016,90734.68669,294.7141774,-0.002778055,0.021464083,3.855620702,-0.052462538,0.486878713
23-06-2016,90747.65104,294.7055944,-0.002449276,0.00522542,5.167926788,-0.47542576,0.491294861
24-06-2016,90674.88639,294.7133439,-0.002545565,0.005685967,5.037279129,-0.746551951,0.493303935
25-06-2016,90768.93701,294.831604,-0.003201996,0.012522453,5.407511393,-1.203697006,0.49164772
26-06-2016,90733.99561,295.1268253,-0.002581591,0.007819587,4.826343536,-0.389905651,0.482462565
27-06-2016,90612.35628,294.7856445,-0.002151588,0.008828506,4.897394816,-0.378484408,0.493251165
28-06-2016,90628.99414,293.9264889,-0.002276673,0.033306211,4.623075485,0.973815997,0.477332433
29-06-2016,90687.98177,293.5516713,-0.001883921,0.0215869,4.96223259,0.645862818,0.47709465
30-06-2016,90669.54232,295.5312455,-0.00269402,0.001682773,5.643321991,-0.107366244,0.478280385
01-07-2016,90612.93685,296.0388978,-0.003092837,0.000911888,6.64717865,0.317869584,0.468610764
02-07-2016,90675.31592,296.0637538,-0.003139716,0.000510934,6.200852076,0.543565551,0.457600911
03-07-2016,90770.86491,296.4853503,-0.002995061,0.00034349,5.246512731,0.086035848,0.447600683
04-07-2016,90804.89111,295.2326463,-0.002279188,0.008171001,4.284550349,0.867078781,0.473530451
05-07-2016,90738.64355,295.216526,-0.002069567,0.023699909,4.036770503,1.062297185,0.479420344
06-07-2016,90729.7194,294.9966818,-0.002398646,0.016181076,4.493798574,0.645503998,0.464454015
07-07-2016,90718.58236,295.4947758,-0.002645522,0.004368378,5.031885147,0.448617935,0.476783752
08-07-2016,90649.87435,296.1238791,-0.002928974,0.001205116,5.700788498,0.561719259,0.478009542
09-07-2016,90619.94482,295.8322862,-0.002993969,0.000604406,6.756955465,1.017028809,0.4647096
10-07-2016,90606.70524,295.9244239,-0.00327343,0.000551641,7.139193217,0.945884903,0.453600566
11-07-2016,90601.77132,295.6740964,-0.002688345,0.000238943,6.552975972,0.605226318,0.444157283
12-07-2016,90727.53532,295.7385362,-0.002908353,0.000603217,5.698642095,0.663434307,0.436963399
13-07-2016,90715.15869,296.0388997,-0.003006729,0.000805879,4.738360087,0.618979732,0.431589762
14-07-2016,90685.24967,296.1035767,-0.003250818,0.003649461,3.441746394,0.247733076,0.442162196
15-07-2016,90715.65706,295.9794941,-0.003231432,0.007557243,2.499125163,-0.004037221,0.470091502
16-07-2016,90833.72282,295.7484996,-0.003129717,0.00514546,2.414943695,-0.058504105,0.482181549
17-07-2016,90973.514,295.3316905,-0.002853525,0.005056769,2.515463511,0.224123637,0.476848602
18-07-2016,90967.27474,294.7540131,-0.002840526,0.007695085,3.376244227,-0.474460602,0.467622121
19-07-2016,90909.7321,295.0930971,-0.002897472,0.003473535,3.426326752,-1.100609978,0.479167302
20-07-2016,90813.60465,294.918794,-0.002880701,0.005298191,3.944871267,-1.281261444,0.491622289
21-07-2016,90725.9611,294.3411833,-0.002658471,0.010195702,4.191269914,-0.55830427,0.468090693
22-07-2016,90667.7513,294.3142287,-0.002214744,0.006129628,4.187109629,-0.709767183,0.470438639
23-07-2016,90648.70426,294.6667887,-0.00261921,0.016581568,3.687819163,-0.00624756,0.48822403
24-07-2016,90658.37402,294.7558174,-0.002422274,0.007541984,3.353808085,-0.086838285,0.503437042
25-07-2016,90657.69352,295.6220392,-0.003371937,0.008143691,2.509161631,0.437451959,0.501822154
26-07-2016,90655.43197,295.6349513,-0.003233068,0.013590056,1.557888031,0.12499555,0.489135106
27-07-2016,90710.09814,296.0343405,-0.003667568,0.006097108,1.673074722,0.116761684,0.484328588
28-07-2016,90713.97135,295.6042951,-0.003222112,0.010754421,2.37954994,-0.653646747,0.486651103
29-07-2016,90707.85417,294.6034724,-0.002564861,0.010201839,3.578002294,-0.796595216,0.484389623
30-07-2016,90763.32194,293.7586441,-0.002413334,0.026355857,4.099880219,0.215441028,0.475140254
31-07-2016,90849.94417,294.6039397,-0.002335133,0.002443516,4.577237447,-0.063283602,0.483515422
01-08-2016,90772.0638,294.9237792,-0.002504427,0.001008291,5.576759974,0.185006539,0.465770721
02-08-2016,90573.69922,294.915493,-0.002434292,7.26E-05,5.815669378,0.699423949,0.453100204
03-08-2016,90585.30469,295.2447255,-0.002962957,0.000167815,6.011713028,0.423383117,0.440608342
04-08-2016,90682.14925,295.5358938,-0.002886599,0.000522038,5.586421967,-0.023303032,0.432072957
05-08-2016,90742.88802,295.5157598,-0.00284452,0.001072872,5.512460709,0.16615061,0.429035823
06-08-2016,90768.19092,295.6430391,-0.002986493,0.000277716,5.456736883,0.269921422,0.421660741
07-08-2016,90885.52327,295.6152414,-0.002970028,0.00234583,4.722003937,-0.013587634,0.426015218
08-08-2016,90927.52946,295.8312677,-0.002949895,0.000350242,4.389942169,-0.055345456,0.424803416
09-08-2016,90904.52962,295.6798204,-0.003145264,0.000585626,4.349274953,0.063499371,0.415548325
10-08-2016,90937.20264,295.6989218,-0.003159445,0.000539908,4.137975693,-0.003532251,0.407933553
11-08-2016,91007.77816,295.7425823,-0.003099073,0.000394028,3.820814768,-0.242172877,0.400636673
12-08-2016,90955.18962,295.8883794,-0.002969926,0.001742673,3.886235555,-0.202060064,0.402558645
13-08-2016,90838.52344,295.8893712,-0.003026934,0.003887886,3.953374863,0.032275518,0.424093246
14-08-2016,90807.66488,295.6895421,-0.00330429,0.000879827,4.711833954,-0.155244867,0.427570979
15-08-2016,90754.72673,295.6809902,-0.002958346,0.001829129,5.126841227,-0.313546062,0.422405243
16-08-2016,90680.67708,295.9897016,-0.003063666,0.000888652,5.713265737,-0.679743091,0.416094462
17-08-2016,90638.78988,295.7007351,-0.003036151,0.000866107,5.077332179,-0.186508656,0.407878876
18-08-2016,90695.77327,295.8557701,-0.002999357,0.001029688,4.260037104,-0.518650055,0.402481715
19-08-2016,90716.42887,295.8393491,-0.003184154,0.000971699,3.854911804,-0.331734975,0.397098541
20-08-2016,90711.02702,296.067613,-0.003412751,0.000311733,2.986691793,-0.467777252,0.388219833
21-08-2016,90770.71338,296.2850094,-0.003563315,0.00030365,2.936831156,-0.480355581,0.377552668
22-08-2016,90836.42773,296.2664712,-0.002704966,0.000341826,3.208298365,-0.470022281,0.370117188
23-08-2016,90798.49072,296.4386698,-0.003256593,0.000910401,3.735079447,-0.179270109,0.365514119
24-08-2016,90737.15788,296.2660694,-0.002993103,0.001611102,3.752028783,-0.337545117,0.368200938
25-08-2016,90777.39469,295.6181412,-0.002652537,0.005550498,3.243215561,-0.663375179,0.404462814
26-08-2016,90764.0765,295.3597647,-0.002883528,0.010902097,2.988526026,-0.822216988,0.455403646
27-08-2016,90781.13721,294.991347,-0.002442973,0.001874515,3.446750641,-0.258740743,0.457421621
28-08-2016,90810.25342,295.4885426,-0.002452417,0.000776848,3.816782276,-0.617252986,0.443723043
29-08-2016,90695.95801,295.8897133,-0.003577262,0.004281053,3.542268117,-0.670018117,0.442653656
30-08-2016,90637.63965,295.1603483,-0.002804086,0.013254411,3.085427602,-1.029042403,0.466225306
31-08-2016,90758.99382,294.7088737,-0.002548297,0.007117206,2.825833003,-0.395494699,0.481510798
01-09-2016,90858.2806,295.1490536,-0.002852988,0.001507574,3.25726064,-0.29482162,0.473209381
02-09-2016,90856.81055,295.2158527,-0.003117468,0.001631248,3.542602777,0.289283991,0.467416128
03-09-2016,90878.10596,295.1120644,-0.00249113,0.000794184,3.272519708,-0.130226453,0.462235769
04-09-2016,91015.69059,295.3866526,-0.002961105,0.000714117,3.553604126,-0.297595819,0.453593572
05-09-2016,91067.78158,295.007707,-0.003399624,0.000586244,3.660666148,-0.730540673,0.442796071
06-09-2016,91065.639,294.8192914,-0.003151793,0.001160488,3.893639247,-0.604542573,0.437480927
07-09-2016,90963.77409,294.6088142,-0.00354217,0.000368504,3.199556986,-1.095603426,0.428031286
08-09-2016,90963.12191,295.0043036,-0.003915127,3.48E-06,2.856859763,-1.115931471,0.414592743
09-09-2016,90946.85417,295.6188908,-0.003566368,0.000802705,2.256435394,-1.614375075,0.405822754
10-09-2016,90882.60661,295.8855127,-0.003809351,0.000373513,3.19116648,-1.283042908,0.397103628
11-09-2016,90788.62679,295.5886129,-0.003362018,0.000605561,3.262041728,-1.408973058,0.386765798
12-09-2016,90759.55029,295.4826698,-0.003355058,0.002823402,3.03697141,-1.459311446,0.391512553
13-09-2016,90792.32064,295.5275612,-0.002878292,0.000542808,3.342509588,-1.087512334,0.402124405
14-09-2016,90749.6071,295.7545096,-0.002839239,0.000644669,3.697769801,-0.878941854,0.393184662
15-09-2016,90711.36377,295.8080292,-0.003137304,0.001415774,3.964087168,-0.165190776,0.389686584
16-09-2016,90722.00749,295.7197711,-0.002959948,0.001886311,4.241213481,0.447695851,0.39167277
17-09-2016,90769.28825,295.7614231,-0.00326551,0.000157349,4.365854263,0.509599884,0.385394414
18-09-2016,90918.07568,295.6529045,-0.003142617,0.000956833,4.171272914,-0.215224981,0.377214432
19-09-2016,90890.40088,295.9163729,-0.003220281,0.000164342,3.884419759,-1.247305671,0.368191401
20-09-2016,90789.77751,295.6450799,-0.002926469,0.00234414,3.84027799,-1.548106591,0.36114947
21-09-2016,90816.42025,294.291673,-0.002793387,0.009220272,3.992129008,-1.412486633,0.417271932
22-09-2016,90796.01042,295.0715288,-0.003145519,0.00189547,4.7293576,-1.119089762,0.450454076
23-09-2016,90615.88639,295.5342204,-0.002829619,0.000611005,4.951436361,-0.394295375,0.424651464
24-09-2016,90547.27393,295.268137,-0.002369711,0.000911772,4.914668401,-0.155840834,0.412473679
25-09-2016,90644.12646,295.8649311,-0.002685977,0.00124815,4.411979675,-0.362092892,0.405179342
26-09-2016,90777.95085,296.2246679,-0.002619845,0.000223845,3.273106893,-0.897535682,0.393973668
27-09-2016,90829.07699,295.7555574,-0.002538818,0.008617029,2.709806442,-0.967140635,0.425652186
28-09-2016,90748.15251,295.3831075,-0.00241861,0.009097326,2.49420929,-0.76067094,0.475563049
29-09-2016,90699.92952,296.1224524,-0.003564651,0.001317978,2.891808828,-0.907304486,0.45778656
30-09-2016,90687.62288,295.7063662,-0.003536366,0.000774428,3.313766479,-0.765002728,0.436662674
01-10-2016,90785.89453,295.0237471,-0.002866372,2.09E-07,2.819509506,-0.126176079,0.419885
02-10-2016,90897.96094,295.4160862,-0.003930557,1.72E-06,1.996496201,0.03987054,0.402167002
03-10-2016,90887.94873,296.2831014,-0.00394026,0.000483942,1.410820007,-0.245230476,0.386279424
04-10-2016,90926.5708,296.0391483,-0.003574719,0.000466138,2.260514577,-0.326179584,0.377792994
05-10-2016,90884.13818,295.9788303,-0.003899043,5.33E-05,2.552662532,-0.996618271,0.36480395
06-10-2016,90907.04964,295.9458987,-0.003578093,1.71E-05,2.483352025,-1.100316405,0.351861318
07-10-2016,90917.78385,295.8719222,-0.00379836,8.52E-07,2.595225652,-0.21028463,0.33979098
08-10-2016,90970.52572,296.232825,-0.003612299,2.54E-05,3.156648636,-0.151899616,0.328886668
09-10-2016,90971.01221,295.9436029,-0.003269097,0.00135949,3.521077474,-0.581993103,0.325001399
10-10-2016,90917.07243,295.9657981,-0.002570548,0.000641343,3.549245199,-0.493167241,0.327667236
11-10-2016,90916.68587,296.1791585,-0.00312129,0.003220023,2.52750651,-0.344158252,0.334170659
12-10-2016,90881.75586,295.4362253,-0.002465359,0.020540053,1.070302963,-0.169584791,0.423304876
13-10-2016,90919.42936,296.3303998,-0.003125849,0.000817141,-1.062387466,0.022221843,0.447219213
14-10-2016,90949.32813,296.4289824,-0.0042756,4.05E-06,-1.596024672,-0.666915933,0.420818329
15-10-2016,90994.2762,295.456377,-0.004323354,1.86E-05,-0.999016444,-1.213049134,0.397299449
16-10-2016,91021.4362,295.469944,-0.004193077,3.25E-06,-0.70254453,-1.133339286,0.377268473
17-10-2016,90952.98763,296.2356339,-0.004212763,1.35E-06,0.437837601,-1.345685323,0.359535217
18-10-2016,90865.02002,296.7519436,-0.004174892,0,0.123188655,-1.718107263,0.343159993
19-10-2016,90790.9043,296.8664538,-0.004188333,8.52E-07,0.177158356,-1.621227344,0.328766505
20-10-2016,90738.27962,296.8339526,-0.004013738,0,0.165321986,-1.508023222,0.31629626
21-10-2016,90845.104,296.5487105,-0.003771298,0,0.130542755,-1.377660751,0.305690765
22-10-2016,90956.29395,296.6172314,-0.003753512,8.52E-07,0.474125624,-1.705388586,0.297007879
23-10-2016,90993.77588,296.6006101,-0.003464304,8.52E-07,0.733984629,-1.715938568,0.289595922
24-10-2016,90959.10319,296.2880211,-0.003273789,8.52E-07,0.509031296,-1.42361482,0.283885956
25-10-2016,90899.33675,296.0755482,-0.003081611,0,-0.272989909,-1.32353576,0.279296875
26-10-2016,90937.14535,296.7129574,-0.00309368,0,-1.063737869,-1.008140564,0.275330861
27-10-2016,91036.91178,296.841781,-0.002471003,7.18E-05,-0.544328054,-1.152276357,0.272355398
28-10-2016,90977.46257,297.6089242,-0.002703311,8.60E-07,0.525684357,-1.611830552,0.269740423
29-10-2016,90957.13916,297.6563676,-0.002696781,5.60E-05,-0.680785497,-1.530751069,0.266845067
30-10-2016,91041.29427,296.9396515,-0.002223216,0.000501248,-2.250698725,-0.824256261,0.267480214
31-10-2016,91172.33529,296.859897,-0.001910524,0.000466421,-2.86198616,-0.749524077,0.268134435
01-11-2016,91113.38428,295.95434,-0.001914317,0.002073348,-2.311117808,-0.96723938,0.278601329
02-11-2016,91064.3667,296.0103804,-0.00217388,0.001646543,-2.291759491,-1.394416173,0.293425878
03-11-2016,91026.07422,297.1112906,-0.002350652,4.99E-05,-1.729204178,-1.675833782,0.2939593
04-11-2016,90915.75879,296.9810899,-0.002518807,0,1.020798365,-1.927562078,0.287429174
05-11-2016,90871.8444,296.5337785,-0.002608728,0,1.656236649,-2.091022452,0.281447728
06-11-2016,91028.15544,296.3413385,-0.002557336,8.58E-07,0.456776301,-1.381210128,0.27627182
07-11-2016,91098.08415,296.7603041,-0.002084048,4.85E-05,-1.462329229,-1.155826251,0.272628148
08-11-2016,91155.64355,295.7992388,-0.002363504,2.58E-06,-1.783196767,-0.799126943,0.269200007
09-11-2016,91210.65365,294.7950001,-0.002266293,1.30E-06,-1.669755936,-0.611744563,0.266043981
10-11-2016,91124.94092,295.1128489,-0.002213982,2.57E-06,-1.728615443,-0.678972165,0.263247808
11-11-2016,91085.29215,295.7741814,-0.002137149,8.66E-07,-1.632537206,0.068631331,0.260836919
12-11-2016,91162.15251,296.7290923,-0.001772358,1.72E-06,-1.962125778,0.588919322,0.258934657
13-11-2016,91246.17057,296.621863,-0.001607166,0.000185958,-2.651246389,0.088127772,0.258330027
14-11-2016,91207.20719,296.5628967,-0.001620112,0.000945553,-2.333949407,0.569411834,0.261567434
15-11-2016,91142.95475,296.9983107,-0.00171014,2.56E-06,-2.807960033,0.351202011,0.263700485
16-11-2016,91143.38135,296.6651573,-0.001446917,0.000182437,-3.303004901,-0.53438441,0.26274999
17-11-2016,91139.43783,296.2044036,-0.001386598,0.000434101,-3.562870145,-1.156417211,0.263194402
18-11-2016,91051.61442,295.8112907,-0.001633437,0,-2.924282908,-1.232070843,0.261801402
19-11-2016,90974.96436,296.0619005,-0.001647197,1.16E-06,-2.576352437,-0.362273534,0.259822845
20-11-2016,91012.74593,295.8881041,-0.001666246,3.29E-06,-2.513289134,-0.553373337,0.258165995
21-11-2016,91041.63965,295.1637618,-0.001699684,1.26E-06,-2.769959768,-0.607034047,0.256697973
22-11-2016,91018.64144,295.0980148,-0.001674077,3.02E-06,-2.438460668,-0.639642636,0.255496343
23-11-2016,91006.25505,295.2477169,-0.001595226,-1.19E-08,-2.786774953,-0.003155669,0.25451088
24-11-2016,91041.54688,294.7601503,-0.001568761,1.71E-06,-2.740735372,-0.610802968,0.253712336
25-11-2016,91006.32438,294.9174309,-0.001531854,0,-2.810775757,-0.618822734,0.253101985
26-11-2016,91105.11914,294.7188059,-0.001511713,8.52E-07,-2.324545542,-0.803180695,0.252555211
27-11-2016,91102.84635,295.2745921,-0.001456765,8.52E-07,-1.701972961,-1.54739817,0.252142588
28-11-2016,91119.17773,295.920695,-0.001453984,1.73E-06,-1.975727717,-0.951394399,0.251806259
29-11-2016,91168.52002,295.259222,-0.001251451,1.29E-06,-1.881004333,-0.651983897,0.251579285
30-11-2016,91179.22656,295.0598539,-0.00107107,1.28E-06,-1.743477503,-1.508342743,0.251417796
01-12-2016,91043.00033,294.4585082,-0.001528575,0.010745046,-1.509239197,-3.311429381,0.291163127
02-12-2016,91077.45964,294.0671177,-0.001935453,0.003124037,-3.211829503,-1.178233306,0.390449524
03-12-2016,91249.54215,294.1252295,-0.001692319,0.001555443,-3.3154761,1.050179362,0.394054413
04-12-2016,91323.31934,295.1839186,-0.001831798,0.000287697,-2.786047618,0.449535886,0.378442764
05-12-2016,91222.65658,294.9730867,-0.001769239,0.000584826,-2.303080718,-0.749855876,0.363559723
06-12-2016,91165.17025,293.6576068,-0.001992334,4.59E-05,-2.385900497,-1.248875936,0.348211288
07-12-2016,91155.81917,293.9253114,-0.001821818,4.24E-06,-2.347618262,0.318153262,0.332838058
08-12-2016,91118.37467,295.0415319,-0.001518525,2.20E-06,-1.255861084,-0.77254955,0.321133296
09-12-2016,91008.36979,294.5075041,-0.00198871,1.30E-06,-0.115381877,-2.101484736,0.309797923
10-12-2016,90910.95264,294.2007923,-0.001892799,-5.96E-09,0.147464116,-2.674132744,0.298779806
11-12-2016,90833.48193,295.2160085,-0.001683267,4.35E-07,0.022350311,-2.336180568,0.290060679
12-12-2016,90672.00293,294.3859831,-0.00161997,0.024977741,1.366379102,-4.842736522,0.337179184
13-12-2016,90729.48014,291.5503089,-0.001122395,0.022610755,-3.021697164,-0.001093547,0.477945328
14-12-2016,91051.13607,293.6957836,-0.001997789,0.000362515,-2.858821193,0.824657162,0.463756561
15-12-2016,91179.28076,294.0030066,-0.002950586,3.47E-05,-2.703529557,0.183762232,0.437971115
16-12-2016,91321.1849,293.6588631,-0.002218282,0.001546276,-2.682756027,-0.286200166,0.430084864
17-12-2016,91298.53581,293.7445151,-0.002634004,9.92E-06,-2.204095165,-0.943716923,0.418014526
18-12-2016,91286.07227,293.2494189,-0.003042376,8.69E-06,-2.029948552,-1.287088593,0.401399612
19-12-2016,91247.38883,292.5576483,-0.003087691,0,-2.145927946,-1.51574115,0.385199865
20-12-2016,91245.79199,293.2290751,-0.002819956,2.09E-07,-2.543334961,0.014832179,0.370957057
21-12-2016,91296.6626,293.5878379,-0.002759172,4.11E-06,-1.639397939,-0.207038244,0.359062831
22-12-2016,91225.01253,293.1734447,-0.002986192,4.35E-07,-1.236988703,-1.451052984,0.346958796
23-12-2016,91079.03369,292.8237,-0.002877195,8.52E-07,-1.487191637,-1.101810217,0.335499446
24-12-2016,90970.65251,292.6936925,-0.002754007,4.35E-07,-2.008296331,-0.466579636,0.325120926
25-12-2016,91084.83854,292.2655392,-0.002541368,2.15E-06,-1.570490162,-0.43884774,0.316031774
26-12-2016,91125.18376,292.6442763,-0.002506485,0,-2.025880178,-1.461077491,0.307814916
27-12-2016,91135.34782,293.2469616,-0.002309768,1.29E-06,-2.897240321,-1.096943577,0.300367991
28-12-2016,91170.375,293.4005871,-0.001954952,8.52E-07,-2.920792262,-0.016784032,0.294579188
29-12-2016,91220.43962,292.5579122,-0.002119157,8.64E-07,-2.618333181,-0.361442566,0.289450963
30-12-2016,91250.51546,292.5503998,-0.001858701,8.61E-07,-2.608750979,-0.384320577,0.2848231
01-01-2017,91202.71126,293.3595092,-0.001711808,3.00E-06,-2.212382634,0.920951645,0.277345657
02-01-2017,91271.51058,293.6184133,-0.001630946,2.59E-06,-1.85021019,-0.454593062,0.274532954
03-01-2017,91200.17155,293.8869553,-0.001699746,1.28E-06,-2.049141526,-0.929111481,0.271739324
04-01-2017,91169.0179,293.9271177,-0.001606249,4.35E-07,-1.881673336,-0.410521428,0.26913325
05-01-2017,91109.60726,293.6548068,-0.001535948,8.52E-07,-1.999428034,-0.601720174,0.266677221
06-01-2017,91084.90234,293.3979829,-0.00150902,3.02E-06,-1.970713139,-0.034568151,0.264526367
07-01-2017,90948.13477,293.5221106,-0.001389978,3.92E-06,-1.669968764,0.645614982,0.26267306
08-01-2017,90917.42204,293.4874522,-0.001362231,4.35E-07,-2.212001165,0.780382355,0.261002223
09-01-2017,90958.43229,293.6676877,-0.001302114,1.29E-06,-1.52476565,0.820780039,0.259500504
10-01-2017,91028.99772,294.1721973,-0.001134114,4.28E-07,-0.510445317,0.762960513,0.258213043
11-01-2017,91045.87842,294.3457947,-0.000979933,3.22E-06,-1.306940158,0.98896571,0.2572155
12-01-2017,91004.76546,294.0696195,-0.000855525,8.83E-06,-1.434936285,1.181701024,0.256491979
13-01-2017,91000.44434,293.9069653,-0.000836547,1.82E-05,-2.187116226,1.283221563,0.255917867
14-01-2017,91179.33691,293.0947037,-0.000791203,4.07E-06,-2.775750478,0.745150884,0.255434036
15-01-2017,91300.89665,293.1961975,-0.00090038,1.03E-05,-3.07389919,0.278345545,0.254962285
16-01-2017,91273.20622,293.3988183,-0.001025793,5.65E-06,-2.139593999,-0.531728745,0.25442632
17-01-2017,91264.2487,293.1433951,-0.001051914,4.35E-07,-2.690727154,-0.370656013,0.253807068
18-01-2017,91349.74984,292.4372667,-0.001006594,4.35E-07,-3.195234338,-0.64600118,0.253337224
19-01-2017,91354.30811,292.552131,-0.000828594,2.32E-05,-3.346456409,-0.358344873,0.253015518
20-01-2017,91307.98535,293.6848475,-0.000755727,7.92E-06,-3.492275238,-0.862228354,0.25270017
21-01-2017,91400.91488,294.1713409,-0.000607182,0.00056234,-3.657430649,-0.432617903,0.255308151
22-01-2017,91455.90055,294.5321089,-0.000912498,1.28E-06,-3.340279897,-0.412116965,0.256540298
23-01-2017,91434.38835,294.1739451,-0.000934415,1.72E-06,-3.454038541,-0.705488046,0.255536397
24-01-2017,91364.28532,294.7052771,-0.000884645,8.62E-07,-3.661062002,-0.536114852,0.254723231
25-01-2017,91368.4668,294.1940289,-0.000705388,0,-3.288692991,-0.502759616,0.254124324
26-01-2017,91334.15837,292.7935346,-0.001077367,0.006772655,-2.031477888,0.096089919,0.301712672
27-01-2017,91246.83805,293.8813801,-0.001276331,0.010749966,-2.29137222,0.039577206,0.394856135
28-01-2017,91235.02799,294.9641997,-0.002004671,0.001224354,-3.061085383,-0.345406055,0.421658834
29-01-2017,91269.06104,295.1898092,-0.002485165,2.95E-06,-2.863004049,-0.083921035,0.390357971
30-01-2017,91236.35352,294.7674974,-0.002313753,4.41E-07,-2.490446091,0.155153751,0.364718119
31-01-2017,91192.71322,294.4797955,-0.002398369,2.14E-06,-2.156309128,0.028089245,0.344263077
01-02-2017,91257.27913,293.891496,-0.002267817,8.58E-07,-2.423891703,0.77911969,0.326589584
02-02-2017,91366.59115,293.9255219,-0.002011243,1.28E-06,-2.82309854,0.416116714,0.312156677
03-02-2017,91312.3387,293.8079828,-0.001752138,1.29E-06,-2.682868203,-0.283177932,0.301027934
04-02-2017,91220.59131,293.6133995,-0.001604917,3.00E-06,-2.685598572,0.35588479,0.292268117
05-02-2017,91179.80957,293.8228461,-0.001568424,2.09E-08,-2.144192974,0.46118029,0.285219828
06-02-2017,91191.03564,294.3043308,-0.001432067,4.35E-07,-1.178076784,-3.87E-05,0.279537201
07-02-2017,91169.28223,295.2030328,-0.001443841,2.15E-06,-2.032579422,0.081760406,0.274731954
08-02-2017,91211.45817,295.0954297,-0.001404023,4.23E-07,-2.543844859,0.273721059,0.270388285
09-02-2017,91144.59896,295.0007394,-0.001309328,8.52E-07,-2.208897909,0.107482433,0.266616186
10-02-2017,91069.20719,294.7881921,-0.001293393,0,-2.333509445,0.531036059,0.263368607
11-02-2017,91161.27832,294.3981724,-0.001192294,8.58E-07,-2.179134488,1.054498116,0.260731379
12-02-2017,91317.84082,293.9742196,-0.001074983,4.36E-07,-2.991617759,0.81705153,0.258710861
13-02-2017,91459.35042,293.7875811,-0.000887134,2.14E-06,-3.411168416,0.564063787,0.25719897
14-02-2017,91563.63753,294.700381,-0.000601816,1.32E-05,-3.839125633,0.247397105,0.256227493
15-02-2017,91544.50228,295.3809719,-0.0009103,-1.49E-08,-3.649564664,-0.542807261,0.255290349
16-02-2017,91372.98421,294.3578161,-0.0008872,2.58E-06,-3.670283715,-0.599991322,0.254330953
17-02-2017,91316.2653,294.4627527,-0.000823448,2.57E-06,-3.558308562,-0.40630583,0.25363032
18-02-2017,91364.25293,295.4520073,-0.000869002,8.52E-07,-3.278982162,-0.326826692,0.253037135
19-02-2017,91226.94613,296.5678507,-0.000912177,1.71E-06,-2.152331948,-0.605389913,0.252501806
20-02-2017,91012.8125,297.4323311,-0.000973246,0,0.068365812,-0.186031938,0.252014796
21-02-2017,90987.27751,297.9625174,-0.000947051,1.70E-06,-0.433852514,-0.253568014,0.251625061
22-02-2017,91057.49316,298.5312131,-0.001007951,0,-1.457670848,0.827957153,0.251319249
23-02-2017,91153.93506,298.290252,-0.000947052,1.29E-06,-2.83857282,0.136325796,0.251110713
24-02-2017,91213.54883,298.1677183,-0.000919228,0,-3.391778946,0.181773901,0.250972112
25-02-2017,91143.22575,298.1503302,-0.000915563,3.42E-06,-2.933936715,-0.154168447,0.250884374
26-02-2017,91027.06624,297.4638494,-0.000851745,1.29E-06,-2.457373937,-0.285816272,0.250825882
27-02-2017,91122.50293,296.5538095,-0.000745884,4.26E-07,-3.428410212,-0.08397452,0.250787099
28-02-2017,91160.7264,296.3197924,-0.000824943,8.70E-07,-3.503278732,-0.490828991,0.250753403
01-03-2017,91111.28385,296.3416004,-0.000786946,1.72E-06,-3.727531433,-0.17938745,0.2507267
02-03-2017,90965.99626,296.5151037,-0.000837998,1.72E-06,-2.722936233,0.464344422,0.250703812
03-03-2017,90817.27734,297.6650327,-0.000716949,4.35E-06,-2.237808863,1.549692988,0.25069809
04-03-2017,90814.13216,298.0460218,-0.000679749,1.17E-05,-1.52621905,1.404841781,0.250738144
05-03-2017,90797.57829,298.798528,-0.000880103,0.000491354,0.071300507,0.75958697,0.252176285
06-03-2017,90803.44076,297.4877682,-0.001179486,0.008264329,0.228120804,1.250214736,0.296674728
07-03-2017,90810.13037,297.5909119,-0.002038648,0.002769768,0.430592855,1.038555622,0.359047572
08-03-2017,90793.34163,298.0280482,-0.002114898,0.000140578,0.094669978,1.320067724,0.355737686
09-03-2017,90768.98063,298.3281027,-0.001955007,5.77E-05,0.415104548,1.944726308,0.334648768
10-03-2017,90836.70866,298.7982655,-0.001826495,7.51E-05,1.513663888,1.213944753,0.317111969
11-03-2017,90975.46126,298.7601922,-0.00179478,-4.47E-09,1.401464264,0.18860054,0.302143733
12-03-2017,90977.4554,299.1598581,-0.001737851,4.35E-07,0.303281466,0.382506212,0.289599101
13-03-2017,91023.6556,298.7104524,-0.001336804,0.000210181,-0.788831552,1.34320581,0.281478246
14-03-2017,91077.68115,297.0280641,-0.001298452,0.003611648,-1.401641607,1.374698003,0.294272105
15-03-2017,91115.20247,297.287248,-0.001533631,0.000415454,-2.110092799,1.427580158,0.311223348
16-03-2017,91084.20931,298.0544758,-0.001418945,3.89E-05,-0.88922596,1.361827294,0.301376979
17-03-2017,91052.50146,299.0258636,-0.001331068,3.36E-05,0.598059336,0.512527267,0.291235606
18-03-2017,91079.3151,300.0834802,-0.00141062,2.81E-06,0.556844076,0.318414966,0.282719294
19-03-2017,91088.45898,300.3299383,-0.001266175,1.28E-06,-0.13788859,0.493381619,0.276007334
20-03-2017,91062.0874,299.7361018,-0.001001083,0.000194538,-0.43229866,1.240398407,0.271093369
21-03-2017,91182.08708,298.7505239,-0.001130875,0.000509062,-0.892457962,0.989709775,0.271024704
22-03-2017,91104.5752,299.4512539,-0.001027845,1.72E-06,-2.381313324,0.369431218,0.26773262
23-03-2017,91074.8737,299.302056,-0.001146362,0,-2.314271927,0.817101955,0.263547262
24-03-2017,91061.85905,299.4252866,-0.001100985,8.52E-07,-2.588184357,1.135041197,0.259982427
25-03-2017,91081.8278,300.0868994,-0.001070322,1.71E-06,-2.383639812,0.67038842,0.257191976
26-03-2017,91094.23828,300.5012569,-0.000998733,3.00E-06,-2.85027949,0.280145963,0.255111694
27-03-2017,91135.11947,300.5470467,-0.000945331,4.38E-07,-3.174233754,1.010730863,0.253665924
28-03-2017,91109.34147,300.6359412,-0.000878749,8.52E-07,-2.505695343,1.270988067,0.252638499
29-03-2017,91076.02555,300.6782869,-0.000835672,1.72E-06,-2.161903381,1.36018153,0.251955668
30-03-2017,91101.35954,300.4751784,-0.000845598,0,-2.091724277,1.101275047,0.251475652
31-03-2017,91154.81152,300.5502605,-0.000789718,1.29E-06,-2.848827044,1.523767471,0.251166662
01-04-2017,91042.98047,301.0983601,-0.000844317,0,-0.5514311,1.191227436,0.250941594
02-04-2017,90960.521,301.5193621,-0.000803512,8.55E-07,-0.556067189,1.416534424,0.250780741
03-04-2017,90996.09277,301.5237535,-0.000739559,5.45E-06,-0.345666885,0.51097997,0.25070254
04-04-2017,91039.39339,301.3864975,-0.000724425,8.22E-05,-0.482851664,1.367076556,0.250924428
05-04-2017,90998.37402,299.6705379,-0.000929728,0.00235134,1.222834905,-0.097582221,0.266518275
06-04-2017,90911.80404,301.2850806,-0.001062643,0.000157613,-0.026132584,0.125112851,0.276339213
07-04-2017,90918.62484,301.0842145,-0.001011234,0.000215578,0.168051402,-0.197752198,0.273205439
08-04-2017,90897.63949,301.6893965,-0.000998337,1.28E-06,-1.306004206,1.456605355,0.268422445
09-04-2017,90891.04932,301.4387201,-0.000948355,4.26E-07,-1.139689763,1.408405423,0.263992945
10-04-2017,90825.30599,302.0795625,-0.000915542,4.80E-06,-0.980576833,0.658172846,0.260317485
11-04-2017,90831.77913,302.2630755,-0.000865045,0,-1.488622665,0.113221725,0.257425308
12-04-2017,90891.11654,301.928058,-0.000816742,1.73E-06,-1.60561498,-0.138621171,0.255304972
13-04-2017,90904.45085,301.3666751,-0.000914922,1.71E-06,-1.858442942,0.314181089,0.253727595
14-04-2017,90839.29411,301.2447446,-0.000859519,1.71E-06,-0.632906596,0.244299293,0.252585093
15-04-2017,90699.04085,301.6953538,-0.000697844,8.52E-07,-0.046920141,-0.414360007,0.251893997
16-04-2017,90791.86361,301.1711566,-0.000624767,2.19E-06,2.27347374,0.690795938,0.251466751
17-04-2017,90872.57048,301.1704178,-0.000607152,4.08E-05,2.434353511,0.534665346,0.251386007
18-04-2017,90841.46354,301.8163319,-0.000642125,4.41E-07,1.598051071,0.302972953,0.251265844
19-04-2017,90853.90918,301.0247192,-0.000652555,0.000234503,1.903490702,0.743149837,0.252012253
20-04-2017,90876.46175,299.6532205,-0.000918998,0.002552652,1.793083827,0.67356054,0.268771489
21-04-2017,90936.11247,298.7667357,-0.001019164,0.002319213,2.186756134,0.762411157,0.292989095
22-04-2017,90889.11589,300.2937883,-0.00143999,1.15E-05,2.171653748,-0.131384373,0.297269185
23-04-2017,90879.73877,301.3962148,-0.001352164,4.26E-07,1.696751912,-0.476260503,0.286174138
24-04-2017,90918.75911,301.4221776,-0.000984455,3.06E-06,1.537574132,-0.660491943,0.278402964
25-04-2017,90919.4012,300.837031,-0.00109197,0.000562808,0.576575597,-0.123028437,0.275352478
26-04-2017,90963.96729,300.8291925,-0.001095575,0.00021837,0.71233813,0.238883654,0.273562749
27-04-2017,90997.26725,301.1177527,-0.00091714,3.59E-06,0.873366674,0.143496156,0.269460678
28-04-2017,90985.65592,300.0397447,-0.001307728,0.002022061,0.862332662,-0.929218252,0.276990891
29-04-2017,91030.70622,299.4244645,-0.001550283,0.00256905,0.118530273,-0.531682809,0.294321696
30-04-2017,90953.40007,300.3798014,-0.001742486,0.000241861,-0.168599447,-0.019518018,0.298313777
01-05-2017,91023.48242,298.9096794,-0.001644296,0.003941479,0.021519979,0.833286921,0.307268143
02-05-2017,91076.37516,299.1592846,-0.002099873,0.001167497,-0.059871038,0.654701233,0.325563431
03-05-2017,91047.76693,299.5818456,-0.00186741,0.000238926,-0.130170186,0.45490392,0.316017787
04-05-2017,91031.90104,300.7699121,-0.001652727,6.07E-05,-0.431130727,0.313877821,0.30120341
05-05-2017,91017.21354,301.4160233,-0.001452656,6.01E-05,-0.199267069,0.980421742,0.288722992
06-05-2017,91092.39876,300.8791904,-0.001383252,0.002182336,0.775484721,0.026137908,0.288718541
07-05-2017,91094.07829,299.6208591,-0.001934765,0.008040185,0.290335973,-0.091069698,0.333164215
08-05-2017,90974.42415,299.7334429,-0.002325984,0.000228986,1.512518565,-0.16212221,0.374190013
09-05-2017,90903.77946,298.9884466,-0.002339443,0.004030857,1.758633812,-0.515066028,0.36933136
10-05-2017,90901.21777,298.3279641,-0.002631023,0.00979865,0.860135953,0.086515347,0.420470556
11-05-2017,90931.98584,298.3179518,-0.002797201,0.001817352,0.432776133,0.19287916,0.422761281
12-05-2017,90891.33708,298.6195253,-0.003167768,0.008416575,-0.274964015,0.645091812,0.432065964
13-05-2017,90819.53223,300.0018743,-0.003643529,0.00019117,0.926101685,0.334074299,0.417257945
14-05-2017,90790.35417,299.1160615,-0.003350843,0.010835916,2.359640121,-0.402862032,0.427087784
15-05-2017,90752.31006,299.1070595,-0.003561147,0.003872871,2.641413371,-0.613354802,0.445361455
16-05-2017,90656.53939,300.3206552,-0.004042326,0.00075196,2.17907842,-0.28844583,0.414628347
17-05-2017,90714.14665,299.699021,-0.003837727,0.003407091,2.716495514,-0.431277275,0.400709152
18-05-2017,90853.84049,298.8869381,-0.003989035,0.020288563,2.027914683,-0.236333132,0.420338313
19-05-2017,90883.10775,298.8811194,-0.004210372,0.004163811,2.772863388,-0.849628965,0.44117864
20-05-2017,90770.78451,299.0908254,-0.004251847,0.005757123,2.133127848,-0.167046825,0.450670242
21-05-2017,90706.59993,297.7755502,-0.003356912,0.009414166,1.606664658,-0.699961543,0.473543167
22-05-2017,90774.59359,298.1117318,-0.003773333,0.007575437,2.008039474,-0.441489657,0.46270752
23-05-2017,90744.91406,298.6076927,-0.004090015,0.006001845,1.282487869,-0.712401907,0.468741735
24-05-2017,90700.92334,298.1933034,-0.004022472,0.010139084,2.132469813,-0.428340952,0.477639516
25-05-2017,90642.05778,298.7212798,-0.004184067,0.00260042,2.895147324,-0.184788704,0.471119563
26-05-2017,90647.59652,298.7980086,-0.004249308,0.004876673,3.592477798,-0.467543403,0.470444361
27-05-2017,90628.83903,297.9896933,-0.003966341,0.022307152,3.21575737,-0.321769834,0.481302261
28-05-2017,90652.39876,297.8719406,-0.003850226,0.001735293,4.312349955,-0.06994772,0.479261398
29-05-2017,90615.72168,298.1195583,-0.004128205,1.70E-05,4.577847163,-0.489844879,0.454416911
30-05-2017,90605.22868,297.8221327,-0.004195898,0.000142384,4.544242223,-0.199637453,0.429861069
31-05-2017,90625.4209,297.6230888,-0.003576711,0.000512272,3.668428421,1.131555676,0.413288116
01-06-2017,90588.896,297.6912734,-0.003501914,0.000601959,2.383398692,1.420392076,0.400765737
02-06-2017,90669.4764,297.4880327,-0.003031231,0.001774359,3.07110405,1.441997409,0.39906311
03-06-2017,90773.0083,297.3085384,-0.003080495,0.001393545,3.790838877,1.31096832,0.399207433
04-06-2017,90792.38379,297.5747496,-0.003319535,0.001608598,3.474622369,-0.133430958,0.398358663
05-06-2017,90805.75993,297.3471724,-0.003067695,0.000765082,3.778513034,-0.326129039,0.39193217
06-06-2017,90856.66553,296.9091765,-0.002771238,0.009575266,3.634040833,-0.836182396,0.424545288
07-06-2017,90912.764,294.9410337,-0.002343364,0.005965126,3.805623372,-1.571371754,0.471341451
08-06-2017,90784.75749,295.5443643,-0.002314196,0.002604669,4.287744522,-1.076016625,0.456947962
09-06-2017,90710.58936,295.3087807,-0.002453674,0.007381657,4.35781161,0.311032971,0.471493403
10-06-2017,90660.22721,295.2126389,-0.002583488,0.012588966,5.333929698,0.639094989,0.479220072
11-06-2017,90628.08317,296.0188605,-0.002842922,0.00093624,5.776901245,1.634603103,0.46688207
12-06-2017,90626.63916,295.6275927,-0.001858267,0.001268107,4.654657364,1.857330521,0.45952034
13-06-2017,90648.23747,296.7665284,-0.002696777,0.002123171,3.843533834,1.28382055,0.456574122
14-06-2017,90767.22656,297.1711508,-0.003114586,0.00179868,3.30372111,0.871050517,0.451056163
15-06-2017,90798.63395,297.0246951,-0.003094903,0.001354152,3.435851415,0.562442144,0.443466187
16-06-2017,90780.37028,296.236119,-0.002575297,0.005568358,3.189055125,0.898944855,0.460110982
17-06-2017,90743.77897,296.5009734,-0.002816819,0.002223977,3.516796708,0.341902415,0.461839676
18-06-2017,90705.00521,296.9218712,-0.003487585,0.003128067,3.349724452,-0.020437916,0.452993393
19-06-2017,90707.74089,295.99989,-0.002806101,0.008742973,3.400682449,-0.001853307,0.463214874
20-06-2017,90736.48079,296.1373997,-0.002861885,0.00182882,3.553737005,0.355314136,0.464399338
21-06-2017,90786.03223,296.6066271,-0.003101284,0.000417188,3.885669072,0.589960098,0.444992065
22-06-2017,90830.01432,296.3313878,-0.002891145,0.00124622,3.677021662,0.208147049,0.434366226
23-06-2017,90745.79818,296.6140372,-0.002919568,0.001454586,4.383673986,-0.167480588,0.430203756
24-06-2017,90577.65153,296.1415888,-0.002671998,0.001954055,4.791558027,0.375138799,0.429393768
25-06-2017,90513.58301,296.2412357,-0.002935054,0.000907381,4.932993571,1.279601256,0.422329585
26-06-2017,90651.5109,295.6282628,-0.00212739,0.000656933,5.288915634,1.342994332,0.413687388
27-06-2017,90729.17627,295.2135639,-0.00172317,0.000661686,5.085926692,1.482524236,0.407798131
28-06-2017,90764.09115,295.6419582,-0.001833504,0.000288294,5.302323659,1.323889613,0.400451024
29-06-2017,90734.38965,296.564984,-0.002417007,0.000841652,5.10808754,0.272475998,0.393193563
30-06-2017,90693.57373,296.2408854,-0.002343796,0.002637208,4.827160517,-0.204384526,0.399275462
01-07-2017,90700.16292,296.1951205,-0.001987576,0.000580884,4.717437744,-0.003078858,0.401842753
02-07-2017,90736.82633,296.9020634,-0.002298741,0.00040561,4.279111862,0.412287434,0.392067591
03-07-2017,90839.64323,296.4237754,-0.002438793,0.006623939,4.51984787,-0.435249329,0.424769719
04-07-2017,90860.45133,296.1853511,-0.001767346,9.76E-05,4.452805201,-0.222266237,0.429904302
05-07-2017,90860.26188,296.8299287,-0.002427961,0.000236334,4.687812805,-0.425336838,0.409777959
06-07-2017,90817.32894,296.6012001,-0.002667781,0.001593414,4.417552312,-0.513116837,0.401236216
07-07-2017,90829.98828,296.3424339,-0.002312335,0.000895378,4.058097839,-0.775920312,0.395259221
08-07-2017,90803.66976,296.7075462,-0.002658847,0.00062457,3.644609888,-0.694839517,0.385685603
09-07-2017,90809.05729,295.9743176,-0.002683755,0.003162175,3.478004456,0.227745612,0.389478683
10-07-2017,90861.75732,297.0057602,-0.002861265,0.000784934,3.795392354,0.019579808,0.392069499
11-07-2017,90872.30534,296.3494689,-0.002032757,0.001230517,3.987181346,-1.130984108,0.382799149
12-07-2017,90835.99805,296.1435471,-0.002277432,0.002268496,4.024084091,-0.731928507,0.385345459
13-07-2017,90800.42334,294.9506957,-0.002025824,0.009706085,4.440169017,0.086459994,0.435884476
14-07-2017,90811.23633,294.6344185,-0.002121713,0.007771253,4.988486608,0.399483641,0.46341006
15-07-2017,90819.74577,294.7673194,-0.002438646,0.015132213,4.6618735,-0.460270365,0.469735463
16-07-2017,90711.96777,295.8775756,-0.002873409,0.002362457,5.198277791,-0.226581097,0.460434596
17-07-2017,90637.11702,295.9006615,-0.002462026,0.001051673,5.569617589,-0.221409678,0.450884501
18-07-2017,90630.56152,295.0514584,-0.002480291,0.004090863,5.452251434,0.641670426,0.462781906
19-07-2017,90597.31755,295.9889253,-0.002539163,0.000928938,6.122840246,1.369279981,0.451568604
20-07-2017,90635.18083,296.2654692,-0.003098967,0.00125857,6.232323329,0.862911224,0.439617157
21-07-2017,90754.46729,296.2197367,-0.002730498,0.000596404,5.476096471,0.313681285,0.425420761
22-07-2017,90784.66374,296.5460631,-0.002508869,0.000558484,4.549821218,0.412448724,0.415908813
23-07-2017,90800.85628,296.3613173,-0.002695959,0.000428021,4.56193924,0.399705569,0.404393514
24-07-2017,90783.10563,296.6713816,-0.002725805,0.000144142,4.783073425,-0.326606274,0.392255147
25-07-2017,90709.67155,296.9947268,-0.002746728,0.000470731,4.576064428,-0.867212812,0.381755829
26-07-2017,90731.34554,296.7283522,-0.002817221,0.000577539,4.49606514,-0.299783071,0.37287267
27-07-2017,90813.95931,296.7224216,-0.002816996,0.000746906,4.338301341,-0.240601103,0.365601858
28-07-2017,90889.80257,297.2545465,-0.002786187,0.003243986,4.145804723,-0.578876495,0.380029043
29-07-2017,90918.48389,297.0011857,-0.002976354,0.000782332,3.4380277,-0.967170159,0.383919398
30-07-2017,90848.58024,296.6956151,-0.002869084,0.005205089,3.069108327,-1.071103096,0.401714961
31-07-2017,90872.04069,296.6815414,-0.003002392,0.006129348,2.82507515,-0.88573583,0.437705994
01-08-2017,90898.95052,297.6051776,-0.003539769,0.000157838,3.312896729,-0.880258679,0.432957331
02-08-2017,90913.65072,297.2960434,-0.003543669,0.000231344,3.825366338,-0.49872156,0.403000514
03-08-2017,90811.09147,296.3360424,-0.002824483,0.003068769,4.700457255,-0.173921386,0.401341756
04-08-2017,90624.88558,295.8803527,-0.002053561,0.004496157,4.89503034,-0.615438064,0.428385417
05-08-2017,90585.67318,296.2526309,-0.002245996,0.001273021,4.317864736,-0.687825044,0.427919388
06-08-2017,90589.86312,296.5796102,-0.00263422,0.001485297,3.691827774,-0.699503183,0.415468852
07-08-2017,90684.78044,296.4089152,-0.002849191,0.003260389,3.303607305,-0.391584396,0.416397095
08-08-2017,90732.94954,296.6305796,-0.002978081,0.003406912,2.84407107,-0.364013036,0.424746831
09-08-2017,90778.89925,295.9013284,-0.001955735,0.001332539,2.283169429,-0.733722885,0.426517487
10-08-2017,90808.96745,295.7541256,-0.002527511,0.004167387,2.239370346,-0.394574443,0.435240428
11-08-2017,90847.22949,295.788887,-0.002553936,0.009351224,2.700231552,-0.153784116,0.460797628
12-08-2017,90895.42562,295.6212476,-0.002593545,0.006365567,2.710049311,-1.060579975,0.470441182
13-08-2017,90970.70866,296.0138639,-0.002790637,2.01E-05,2.580818812,-0.842446645,0.451459885
14-08-2017,90997.50081,296.7169526,-0.003239254,0.000593781,1.780521393,-0.382134318,0.426177979
15-08-2017,90901.11507,295.7035764,-0.002662131,0.009067363,1.91445605,0.176539699,0.438884099
16-08-2017,90762.46501,295.8911527,-0.003518067,0.012607982,2.986972173,-0.090576291,0.44886144
17-08-2017,90584.49219,295.4687398,-0.002923711,0.014145765,3.588345846,-0.483971834,0.458715439
18-08-2017,90523.13151,295.481638,-0.002676822,0.002050446,4.052609762,-0.201925675,0.468001048
19-08-2017,90563.1639,294.5761115,-0.002770439,0.009433985,4.630974929,-0.024539073,0.487013499
20-08-2017,90557.9279,294.380324,-0.002372512,0.005607173,4.05749321,0.475289146,0.497128169
21-08-2017,90544.00293,294.8907553,-0.002631955,0.007994699,3.632432302,0.791425069,0.491842906
22-08-2017,90633.57699,295.3748334,-0.002669584,0.005323738,4.11806488,0.268173854,0.47916158
23-08-2017,90723.91374,295.8255939,-0.002994709,0.003578722,3.276746114,-0.734559377,0.482095083
24-08-2017,90697.20101,295.1378721,-0.002643576,0.008383155,3.291483561,-1.232345581,0.493493398
25-08-2017,90588.38037,295.2415797,-0.002392683,0.002318549,3.913035075,-0.470173319,0.486495336
26-08-2017,90465.10645,295.6948764,-0.002893167,0.001886263,4.347868284,0.46406436,0.475255966
27-08-2017,90395.17725,294.4267356,-0.002131953,0.024029711,4.241252859,0.394091964,0.466899872
28-08-2017,90375.8068,294.4465434,-0.002325247,0.025001665,4.554080248,1.269128203,0.463054021
29-08-2017,90515.88525,294.2609723,-0.001633079,0.011218897,3.710402807,1.652822812,0.501463572
30-08-2017,90758.0363,295.8476721,-0.003001,0.002839363,3.363202413,0.458481669,0.490862528
31-08-2017,90881.87988,296.6167259,-0.003716474,0.000424936,2.687879562,-0.568466822,0.474343618
01-09-2017,90883.24886,296.3168926,-0.003772879,0.008189902,1.665732702,-0.586393992,0.478505452
02-09-2017,90863.95508,296.0066071,-0.003359283,0.00977703,1.287406921,-0.272855163,0.483693441
03-09-2017,90883.93034,296.2334563,-0.003868221,0.010655284,1.038097382,-0.292107383,0.485858917
04-09-2017,90898.20215,296.7401505,-0.003798968,0.006228582,1.470951716,-1.032711029,0.47833252
05-09-2017,90852.50374,296.1633498,-0.003109825,0.02215209,1.495621999,-0.817857107,0.478737513
06-09-2017,90747.24137,296.1316045,-0.003310959,0.021729892,0.725349426,-0.778779984,0.475984573
07-09-2017,90706.59847,295.9052397,-0.002979113,0.041135556,0.579506556,-0.188226064,0.478513718
08-09-2017,90728.91406,295.8888028,-0.003246214,0.015838617,0.547770182,0.306210836,0.484837214
09-09-2017,90681.50863,295.9247913,-0.003184071,0.018072546,0.131490707,0.15599823,0.480733871
10-09-2017,90677.59456,296.2196293,-0.003094045,0.001778096,-1.601142248,0.462091446,0.468091329
11-09-2017,90768.70378,296.5878315,-0.003623274,0.001848961,-2.206929167,1.297068278,0.465111415
12-09-2017,90866.55452,296.4699675,-0.003672574,0.004646838,-1.791585286,1.595716675,0.475861867
13-09-2017,90865.03109,296.9230728,-0.003892546,0.000457361,-0.909475327,1.93003722,0.464136124
14-09-2017,90851.3584,296.045063,-0.003681013,0.004093355,2.33392334,1.172216455,0.462962468
15-09-2017,90778.29655,295.5543683,-0.002994495,0.001822704,2.98973465,0.990741094,0.473299662
16-09-2017,90725.46077,295.4978612,-0.003179383,0.001533377,3.678078969,1.93835477,0.459308624
17-09-2017,90870.92806,294.2167231,-0.002658505,0.003043994,4.348080317,1.450530529,0.462766012
18-09-2017,90935.40739,294.9007994,-0.002771465,0.000944236,5.478794734,1.386867245,0.458808263
19-09-2017,90851.27327,295.7456207,-0.003444807,0.000569231,5.143969854,0.656977177,0.445527395
20-09-2017,90782.95801,295.6029523,-0.004025331,0.000126213,4.590083043,0.830292344,0.430316925
21-09-2017,90780.35498,295.4053383,-0.00337128,0.000624269,3.919553121,0.352945685,0.420245488
22-09-2017,90877.66699,295.1565622,-0.002697817,2.55E-06,2.570619583,-0.716285706,0.412565867
23-09-2017,90953.70378,296.1584651,-0.004394372,2.84E-05,1.516088486,-0.545754751,0.39960734
24-09-2017,90922.42627,295.691864,-0.003036257,0.022436589,1.144891103,-0.640058517,0.446879705
25-09-2017,90784.67122,295.0199674,-0.002633303,0.003936696,2.60751915,-0.817344189,0.487398148
26-09-2017,90755.21305,295.3420461,-0.002935491,0.014944553,2.061043421,-0.936559955,0.482446035
27-09-2017,90752.52474,295.1004022,-0.00295409,0.032358691,1.784790039,-0.127135555,0.478727976
28-09-2017,90716.30924,294.4700108,-0.002402824,0.009173144,2.850493749,0.298802694,0.472313563
29-09-2017,90755.27523,294.4074637,-0.00166595,0.002300603,2.795688629,0.184698582,0.49035581
30-09-2017,90853.54639,295.4939607,-0.002549452,0.004039273,2.174395243,0.114608129,0.487194697
01-10-2017,90828.82194,295.1179097,-0.002830217,0.004777655,2.347764333,0.698490779,0.492802938
02-10-2017,90739.57731,295.2063402,-0.002667045,0.002252464,2.462127686,0.193727851,0.486367544
03-10-2017,90773.24268,295.6727581,-0.003318971,0.003893608,1.93629837,0.107257009,0.483968735
04-10-2017,90768.41862,295.7247295,-0.002911373,0.002120562,1.853695552,-0.301523209,0.484148026
05-10-2017,90661.78646,295.2891897,-0.002487401,0.002403232,1.21309789,-0.307939768,0.483745575
06-10-2017,90644.39323,295.6809648,-0.003189997,0.010061526,1.28485616,0.112564921,0.482566198
07-10-2017,90669.20638,296.221981,-0.003447401,0.004886368,0.71278127,0.836410125,0.491823832
08-10-2017,90675.03271,296.4800733,-0.003603511,0.003910831,1.214824041,0.526377122,0.491142273
09-10-2017,90637.14827,296.3345547,-0.003347663,0.004434031,1.235953649,0.933797956,0.494410833
10-10-2017,90605.52946,296.3744036,-0.004003961,0.004856023,0.320582072,-0.04779768,0.492799759
11-10-2017,90684.71582,296.0571473,-0.003525889,0.015487671,0.465762456,0.573809544,0.489302953
12-10-2017,90705.49316,295.8157749,-0.00265628,0.000856757,1.189566294,-0.116066615,0.480032603
13-10-2017,90661.83968,295.5393384,-0.00298825,0.015890772,0.897599538,-0.050914764,0.470645269
14-10-2017,90678.80192,295.0133705,-0.002349751,0.015422696,2.069365064,0.039269129,0.477945328
15-10-2017,90806.97103,294.4491647,-0.002551429,0.006484434,3.167211056,0.466499726,0.455190023
16-10-2017,90802.84521,294.7239405,-0.002260933,0.002982143,2.572753429,-0.639600714,0.438180923
17-10-2017,90760.80094,295.3634408,-0.002623083,0.000589409,1.160207113,-0.981571198,0.449320475
18-10-2017,90744.65088,295.0823263,-0.002558672,0.000437417,1.422058741,-0.991130829,0.44261233
19-10-2017,90754.89046,295.5930773,-0.003906617,3.42E-06,1.370224635,-1.110968113,0.4292895
20-10-2017,90901.07048,295.6363754,-0.003505438,0.000162631,1.686222076,0.130853732,0.417599996
21-10-2017,90953.24463,295.6366831,-0.003369471,0.000440511,1.443813165,0.9538517,0.409886678
22-10-2017,90994.78027,295.3679644,-0.003933655,9.65E-05,1.606725295,-0.782759984,0.400210063
23-10-2017,91043.54769,294.6515452,-0.004448989,8.52E-07,1.053337773,-0.691062927,0.387608846
24-10-2017,91144.21387,295.5446879,-0.004225354,8.52E-07,-1.075166066,-0.180786133,0.375986735
25-10-2017,91217.46094,296.0264683,-0.003324825,0.000427723,-1.95335261,-0.043321609,0.369447708
26-10-2017,91222.75098,295.3855413,-0.003102567,0.000635177,-2.185682615,0.159120282,0.366718292
27-10-2017,91125.87174,295.0790545,-0.003215527,0.001369837,-1.764832179,-0.706337055,0.367136002
28-10-2017,91136.38167,295.0404072,-0.003440741,1.19E-05,-2.337292592,-0.734366099,0.365566254
29-10-2017,91181.37712,295.021197,-0.003119233,0.000115698,-2.354449749,-1.575251261,0.357264201
30-10-2017,91103.90869,294.3652121,-0.002890568,0.000744931,-2.56292661,-2.281384269,0.353846232
31-10-2017,91038.21615,293.7777386,-0.002286931,0.001682135,-2.62913386,-1.838120778,0.358799616
01-11-2017,91080.30941,293.2089965,-0.002083709,0.004715192,-2.361960371,-2.154076378,0.393433889
02-11-2017,90996.72689,294.2369798,-0.002708289,0.000237429,-2.107191086,-1.432103713,0.404484431
03-11-2017,90897.98796,294.2318865,-0.002627902,5.51E-05,-2.708206813,-1.375906626,0.392835617
04-11-2017,90930.62109,293.4629834,-0.001895396,0.003589624,-2.743443171,-1.780562878,0.399775187
05-11-2017,90997.62354,294.1751073,-0.002413318,0.002103956,-3.214808782,-1.034800847,0.422770182
06-11-2017,91078.9484,293.556455,-0.001970574,0.01608692,-2.728024165,-0.810295423,0.468900045
07-11-2017,91107.49772,293.7469349,-0.002753621,0.004353574,-2.435697556,-0.82578512,0.478395462
08-11-2017,91100.49854,294.0585747,-0.003377473,0.000264108,-2.373421351,-0.767831802,0.458936691
09-11-2017,91001.49788,293.3031966,-0.003949556,8.58E-07,-1.881365458,-1.450602214,0.438318253
10-11-2017,91005.8278,293.7249851,-0.003834514,0,-1.72546045,-1.618708928,0.421590805
11-11-2017,90969.96924,293.6152248,-0.003446356,8.61E-07,-1.121616046,-2.318224152,0.408637365
12-11-2017,90853.74837,294.2065887,-0.003432988,8.52E-07,-0.369812012,-2.067928672,0.397418976
13-11-2017,90759.11117,295.0783087,-0.003472479,0.000346869,-0.602506121,-1.438592434,0.386897405
14-11-2017,90730.60921,295.0947056,-0.002505825,0.000610724,0.27831459,-1.291045348,0.383640925
15-11-2017,90775.05046,295.0886784,-0.002697786,0.000908259,1.117385228,-1.262073,0.383476893
16-11-2017,90839.93669,295.4498475,-0.002931823,0.000668439,-0.170684814,-0.737182736,0.380965551
17-11-2017,90881.87533,295.585481,-0.002775973,0.000407017,-1.108978271,-0.290062388,0.375628789
18-11-2017,90974.18506,295.4927705,-0.002814824,0.000942063,-2.03590862,0.66894563,0.372917175
19-11-2017,91086.43636,295.7327518,-0.002962934,0.000466889,-2.136923472,0.476409713,0.367436727
20-11-2017,91109.50293,295.8168627,-0.003020052,0.000194296,-2.061882655,0.158596277,0.359580994
21-11-2017,91042.29525,295.5135651,-0.002669917,0.000439945,-2.482769012,0.038777033,0.353309631
22-11-2017,91017.48796,294.9541766,-0.00308686,0.000395939,-2.736410777,-0.453201214,0.347743352
23-11-2017,91013.18604,295.253458,-0.003599987,1.29E-06,-2.227919261,0.51059858,0.338225047
24-11-2017,91089.91423,296.0580476,-0.003268956,2.14E-05,-1.51560084,-1.179356893,0.32853953
25-11-2017,91186.99544,294.8769824,-0.0027426,0.000104976,-2.571712494,-1.08032155,0.321380615
26-11-2017,91203.45182,294.6653175,-0.002155394,0.000236452,-2.704695582,-0.9337883,0.316732407
27-11-2017,91084.87077,294.7121201,-0.002182011,0.000428328,-2.593642553,-0.819359541,0.315234502
28-11-2017,91100.71257,294.6254845,-0.002879349,3.61E-06,-2.524710894,-0.887199004,0.310365041
29-11-2017,91106.34831,295.1667264,-0.002762287,3.05E-06,-3.425447742,-1.104473591,0.304018656
30-11-2017,90962.90983,294.1949094,-0.001805175,0.003029311,-4.715439479,-0.940628846,0.312263489
01-12-2017,90906.52995,292.6441644,-0.001193473,0.008381531,-3.995328267,-0.86235253,0.372518539
02-12-2017,91083.15299,292.1542397,-0.00192294,0.004235089,-3.627864798,0.092232029,0.437793096
03-12-2017,91127.12646,293.6797028,-0.001858175,0.000258064,-2.402414401,0.859715025,0.423119227
04-12-2017,91010.59505,293.71433,-0.001767296,0.000154871,-1.727139155,1.076684793,0.406113942
05-12-2017,90951.89762,293.9593671,-0.001919655,3.13E-05,-1.107177734,1.229475021,0.392503738
06-12-2017,90943.30241,294.5563424,-0.001774835,0.000310639,-0.964892705,0.454381069,0.383280436
07-12-2017,90942.58854,294.0963713,-0.002548484,0.000684202,-0.95931228,-0.876421491,0.375484467
08-12-2017,90961.10612,293.8152135,-0.003335893,8.28E-07,-1.261644363,-0.865170161,0.361641566
09-12-2017,91028.6945,294.8011932,-0.003120111,0,-1.425634384,-0.467508833,0.34768041
10-12-2017,91156.76823,294.6374054,-0.002861274,8.52E-07,-2.213007609,0.18170023,0.335691452
11-12-2017,91229.65771,295.0783259,-0.002905229,8.52E-07,-1.066905975,0.379404267,0.325141907
12-12-2017,91254.69889,295.2912223,-0.002254445,0.000296576,-0.495243073,1.164089243,0.318456014
13-12-2017,91256.16292,295.0098871,-0.002134893,0.00149898,-0.896353404,0.529840469,0.319752375
14-12-2017,91270.35986,294.8611266,-0.002606746,2.84E-06,-2.476711909,-0.098668019,0.317475001
15-12-2017,91349.43408,294.6293678,-0.002691492,6.02E-06,-2.810743332,-0.527192672,0.308940887
16-12-2017,91416.32894,293.4142532,-0.002388367,5.29E-06,-3.164405187,-0.612953981,0.301675797
17-12-2017,91460.26025,292.6358744,-0.002340743,3.10E-06,-3.508927027,-0.399019758,0.295598984
18-12-2017,91434.35368,292.7243455,-0.002124656,1.04E-06,-3.208667556,-0.783442974,0.290591558
19-12-2017,91359.3387,293.0510788,-0.002103308,1.10E-06,-3.292575836,-0.325956265,0.286396027
20-12-2017,91406.56706,293.0359669,-0.002423892,0,-2.781378269,-0.861635844,0.282298406
21-12-2017,91394.24821,293.1363646,-0.001860799,1.88E-06,-3.074340185,-0.480758031,0.279003143
22-12-2017,91271.88851,293.436636,-0.001959841,2.57E-06,-2.914150874,-0.332334121,0.276299159
23-12-2017,91104.55485,293.1359285,-0.001980263,2.56E-06,-3.003779729,-0.18764317,0.273633957
24-12-2017,91111.66064,292.6862005,-0.00203326,1.79E-06,-2.803958813,-0.42289869,0.271165848
25-12-2017,91174.7902,292.9316794,-0.001898198,2.16E-06,-2.341579358,-0.506430268,0.268737157
26-12-2017,91214.82747,293.4616483,-0.002007553,4.12E-07,-2.789897998,-0.916770657,0.266589483
27-12-2017,91169.29867,292.6418254,-0.001960631,1.74E-06,-2.707243601,-0.480955124,0.264486949
28-12-2017,91151.82585,291.7095362,-0.001846277,4.02E-06,-2.868142446,-0.274079641,0.262806575
29-12-2017,91211.02051,291.8360017,-0.001583654,2.58E-06,-2.879346212,-0.035648346,0.261461894
30-12-2017,91134.59652,292.5064615,-0.001772359,1.79E-06,-2.529598037,-0.584207296,0.259881337
01-01-2018,90871.73942,294.1419538,-0.001764302,4.26E-07,-0.323855321,0.194252372,0.257462819
02-01-2018,90899.59473,294.872783,-0.001701957,2.40E-06,-0.666342417,0.302682161,0.256477992
03-01-2018,91057.93994,294.5636584,-0.001225067,0.000165471,-1.292455037,0.379748623,0.256561915
04-01-2018,91093.88037,293.9917348,-0.001575883,1.28E-06,-2.132066091,-0.058190664,0.256051381
05-01-2018,90983.19368,293.0627187,-0.001616804,2.57E-06,-1.86890475,-0.220678131,0.255302429
06-01-2018,90972.01774,292.7713744,-0.001543205,8.60E-07,-1.458281199,-0.32737414,0.25467364
07-01-2018,91027.64909,292.5138798,-0.00148901,1.72E-06,-1.512378693,-0.513216734,0.254131317
08-01-2018,91125.64795,292.366216,-0.001459363,1.71E-06,-2.850995382,-0.200012962,0.253697713
09-01-2018,91239.08236,294.0026296,-0.00125762,1.44E-05,-2.971269608,-0.343976974,0.25336202
10-01-2018,91333.6263,294.1194464,-0.000873595,0.000269246,-2.954506358,0.302863439,0.25462087
11-01-2018,91275.85482,295.2085972,-0.001110273,1.58E-05,-2.470503449,0.773723404,0.254880269
12-01-2018,91249.83561,295.4147822,-0.001196297,5.38E-06,-2.545468569,0.319795847,0.254451752
13-01-2018,91185.68359,295.0287145,-0.001614967,4.35E-07,-2.585875829,0.224889755,0.253805796
14-01-2018,91246.76123,294.4552841,-0.001582101,1.52E-06,-2.784798543,0.074677149,0.253005346
15-01-2018,91194.42757,294.988526,-0.001556845,1.72E-06,-2.582190077,0.259092331,0.25245285
16-01-2018,91103.84049,294.8879191,-0.00129357,6.74E-07,-1.816268285,-0.649067561,0.252164841
17-01-2018,91126.74919,293.8353558,-0.001398018,1.04E-06,-1.998661677,-0.35475413,0.251872381
18-01-2018,91134.92936,293.1165676,-0.001381181,1.72E-06,-2.741651535,-0.729631821,0.251700719
19-01-2018,91164.47656,292.6007004,-0.00138225,8.53E-07,-2.580967585,-0.26585114,0.25148201
20-01-2018,91110.14502,292.3911311,-0.001364122,0,-1.978038788,-0.328830282,0.251136144
21-01-2018,91024.04036,292.4423192,-0.001367611,0,-2.451548894,0.068528612,0.250981013
22-01-2018,90953.78564,292.7213033,-0.00131825,1.97E-06,-1.860578855,0.563338598,0.250951131
23-01-2018,90923.43376,294.6511237,-0.001233616,2.40E-06,-0.484127045,0.745787183,0.250939051
24-01-2018,90908.49186,295.1303005,-0.001234033,1.28E-06,-0.829246004,-0.66648674,0.250923793
25-01-2018,90888.55745,294.7362417,-0.001292683,8.58E-07,-1.538345893,-0.602918625,0.250919342
26-01-2018,90945.01969,294.0264467,-0.001269581,0,-2.15770932,0.174879074,0.250899633
27-01-2018,90993.99967,293.909675,-0.001244772,0,-1.664224625,0.060399413,0.250875473
28-01-2018,91071.19401,293.9118601,-0.001235018,1.70E-06,-2.403294245,-0.459465822,0.250865936
29-01-2018,91173.26758,294.0120455,-0.001158549,1.79E-08,-2.963553468,-0.322675705,0.250870387
30-01-2018,91189.68555,293.4983056,-0.001179885,1.29E-06,-2.603279869,-0.878807306,0.250870387
31-01-2018,91251.52783,293.2534402,-0.001246876,8.52E-07,-2.49723506,-0.597860575,0.250780741
01-02-2018,91200.57796,293.6643353,-0.001322851,1.29E-06,-2.806130091,-0.157664736,0.250769933
02-02-2018,91122.94645,293.6502864,-0.001255303,1.31E-06,-2.748017629,0.415060043,0.250773112
03-02-2018,91152.35889,292.753184,-0.001235602,0,-2.822949727,0.126780311,0.250766754
04-02-2018,91171.43392,292.4999421,-0.001260173,0,-2.540685654,-0.349002401,0.250761668
05-02-2018,91299.21549,293.6526527,-0.001222735,1.28E-06,-2.349144618,0.475425084,0.250688553
06-02-2018,91250.07699,295.6856168,-0.001213279,0.00047456,-1.740495483,1.310354511,0.252852758
07-02-2018,91204.97559,295.2085813,-0.001283575,0.029779851,-0.346895019,-0.039910634,0.338006337
08-02-2018,91110.8903,295.2747987,-0.002379678,0.000189906,-0.766997655,0.358422597,0.397257487
09-02-2018,91105.22738,295.3578548,-0.002812181,0.005595118,-0.414430618,0.27053992,0.407201767
10-02-2018,91200.32829,295.6378104,-0.00294168,5.54E-06,-2.074995836,0.962706168,0.415663401
11-02-2018,91258.63216,295.0963491,-0.003139906,3.18E-06,-2.616391063,1.389719009,0.38902537
12-02-2018,91401.06283,294.3829435,-0.002932878,4.35E-06,-2.322454453,0.761744181,0.368211746
13-02-2018,91496.15853,294.5092672,-0.002879525,6.01E-06,-2.389737447,0.30126218,0.350704829
14-02-2018,91517.6084,294.5984821,-0.002660657,6.20E-06,-2.902135213,0.164986293,0.335522334
15-02-2018,91539.92448,294.6049093,-0.002503371,3.41E-06,-2.990272522,-0.079034805,0.322669347
16-02-2018,91402.79883,294.3757992,-0.002770187,8.56E-07,-2.442466895,-0.287726005,0.310703278
17-02-2018,91111.70687,294.7964032,-0.002538062,2.58E-06,-1.790928404,-0.245688955,0.300484975
18-02-2018,91057.95378,294.7271576,-0.002466788,8.52E-07,-2.546772917,0.405966401,0.292001724
19-02-2018,91104.54899,294.6097075,-0.002305856,1.72E-06,-2.77872022,0.215387464,0.285018285
20-02-2018,91060.27881,295.1804479,-0.002163425,1.28E-06,-2.623390834,-0.523499012,0.279521942
21-02-2018,90997.40658,295.1808713,-0.002138734,8.58E-07,-2.931711197,-0.256266912,0.274677277
22-02-2018,90975.64339,295.6094824,-0.002066077,1.28E-06,-3.090115865,-0.286855698,0.270558039
23-02-2018,91031.70703,294.9039046,-0.00194704,8.52E-07,-3.282461166,-0.043028871,0.266932805
24-02-2018,91171.28434,294.3584595,-0.001687999,0,-2.763401031,0.506949743,0.264067332
25-02-2018,91170.2238,295.1605492,-0.001686371,5.22E-06,-2.734640121,0.265114824,0.261709213
26-02-2018,91110.94336,295.8710855,-0.001804234,1.70E-06,-2.344047705,0.3402855,0.259381612
27-02-2018,91062.43685,296.1016006,-0.001630648,1.72E-06,-3.102388382,0.307793578,0.257520676
28-02-2018,91050.28548,296.0169067,-0.001643668,8.52E-07,-3.092185338,0.172428131,0.256043752
01-03-2018,91036.39095,296.3913053,-0.00158463,8.52E-07,-2.96696345,0.299385707,0.254851659
02-03-2018,91000.42529,296.7927704,-0.00157981,1.29E-06,-3.229428609,0.224502405,0.253845851
03-03-2018,90957.16195,297.1216399,-0.001615889,8.52E-07,-2.467366934,0.103716056,0.253011703
04-03-2018,90927.83773,297.32923,-0.001519958,0,-2.520800273,0.717925906,0.252358754
05-03-2018,91014.32096,297.1239293,-0.001512185,4.26E-07,-2.362469991,0.25636816,0.25188001
06-03-2018,91028.79476,296.8857581,-0.001455325,0,-2.743057132,0.46320339,0.251532237
07-03-2018,91027.41846,296.7874807,-0.001337541,0,-2.982915878,0.764183561,0.251300812
08-03-2018,91085.15088,297.0727889,-0.001256367,1.70E-06,-3.189664841,1.015120745,0.251147588
09-03-2018,91081.36605,297.3674049,-0.001238268,4.41E-07,-3.151376088,0.567121506,0.251022339
10-03-2018,91082.43278,297.8320662,-0.001119113,0,-3.464005788,0.54717954,0.250935237
11-03-2018,91110.49837,297.9258753,-0.001173012,2.14E-06,-3.502386093,0.441354911,0.250869115
12-03-2018,91139.04264,297.7957668,-0.001059276,0,-3.418781281,0.988158623,0.250837962
13-03-2018,91093.56348,297.6129996,-0.00076651,4.91E-06,-3.160891215,1.382436077,0.250842412
14-03-2018,91028.11019,298.0607503,-0.000793357,0.000232995,-2.229454041,2.067831318,0.251691182
15-03-2018,90982.85612,298.1852767,-0.001013394,0.000591447,-0.39441363,1.560494741,0.254920959
16-03-2018,90938.68604,296.5014032,-0.001484372,0.035033914,0.545050939,0.262307843,0.354951223
17-03-2018,90993.64307,295.5308456,-0.002692074,0.009557515,-0.970803579,0.26564916,0.446697235
18-03-2018,91079.70671,296.2663288,-0.002802575,0.000902715,-1.797679265,0.802934845,0.416811625
19-03-2018,91182.02051,296.4920457,-0.004180937,2.57E-06,-2.296060562,0.283955812,0.393135707
20-03-2018,91092.55697,297.1865565,-0.004254459,0,-1.944067399,0.621184429,0.367616018
21-03-2018,91026.15218,297.9943663,-0.003625065,4.35E-07,0.229638418,0.507289131,0.347396851
22-03-2018,90896.47965,298.2346516,-0.003271146,2.58E-06,0.683467229,-0.706487656,0.331162135
23-03-2018,90906.59375,298.846379,-0.003240068,0,-0.369246165,-0.791240056,0.316985448
24-03-2018,91059.73844,298.812369,-0.0026049,2.56E-05,-1.956494013,0.562496742,0.306112289
25-03-2018,91188.04183,298.846187,-0.003133442,1.71E-06,-3.02643458,0.753088315,0.295565923
26-03-2018,91183.55501,298.9346809,-0.002943163,8.52E-07,-2.919448217,0.156726837,0.286547979
27-03-2018,91074.43636,299.23504,-0.002757051,1.72E-06,-1.705746333,0.987234116,0.279497147
28-03-2018,91009.02002,299.6072184,-0.002245771,1.57E-09,-0.223213196,0.88550361,0.274278641
29-03-2018,90988.7583,299.5738169,-0.001863639,0.000253825,0.151305517,0.085626403,0.271416982
30-03-2018,90949.14893,298.615771,-0.001889232,0.000991848,1.149344762,0.455248117,0.273548126
31-03-2018,90914.58154,297.3078747,-0.001771383,0.008371998,0.644541065,0.411276261,0.323570251
01-04-2018,90904.90885,298.5468648,-0.002920317,0.00011513,-1.094349543,0.864759167,0.364648819
02-04-2018,90979.40007,297.9871553,-0.002551211,0.000965002,-0.519423167,0.302274346,0.348995845
03-04-2018,90924.2832,298.457421,-0.002513383,6.68E-05,-1.164715449,0.641232491,0.334399541
04-04-2018,90788.22445,298.6526299,-0.002326149,3.10E-05,-1.833731095,0.47543176,0.317768097
05-04-2018,90749.79997,298.8928916,-0.002263216,8.52E-07,-1.874483625,1.237644752,0.303166707
06-04-2018,90852.42546,299.0525901,-0.002023045,2.56E-06,-1.605335236,0.658802191,0.291614532
07-04-2018,90942.14583,298.9903997,-0.001874203,0,-2.432713191,0.662804166,0.282903035
08-04-2018,91000.59017,298.4744053,-0.001710657,4.65E-06,-2.851685206,0.790851752,0.276297251
09-04-2018,91004.28662,298.2883682,-0.001436125,9.55E-05,-2.561709086,0.771120946,0.271759669
10-04-2018,90900.62972,298.8476232,-0.00151661,4.38E-05,-2.500494003,1.027685444,0.268065135
11-04-2018,90910.19499,299.3199946,-0.001421269,5.08E-06,-1.685549418,0.849203149,0.264425913
12-04-2018,90865.12956,299.5942319,-0.001251743,0.000100074,-1.618108114,0.587264498,0.261664073
13-04-2018,90911.88151,299.8362255,-0.001190622,5.12E-05,-2.0033741,1.113364538,0.259320577
14-04-2018,90891.75212,300.417525,-0.001373539,0.000250071,-1.845154444,1.326555212,0.258176804
15-04-2018,90942.56348,300.2850412,-0.001048926,6.14E-05,-1.469218572,1.170327902,0.25658226
16-04-2018,91012.51204,299.9114552,-0.00133549,0.001932403,-1.28451856,0.505513867,0.263717651
17-04-2018,91070.35091,300.735913,-0.001393713,5.48E-05,-1.897394816,1.119998813,0.271969477
18-04-2018,90977.67985,301.651982,-0.001341688,8.64E-07,-1.313230515,0.715105851,0.267035166
19-04-2018,90863.78385,300.319404,-0.00139847,0.002777073,0.656829834,0.305375258,0.280997594
20-04-2018,90894.0765,299.5438137,-0.001474025,0.001326787,0.650465329,-1.021386186,0.299432119
21-04-2018,90848.52897,301.1007671,-0.001848038,0.000499959,-0.660046816,0.087808331,0.296638489
22-04-2018,90920.4873,299.6739159,-0.001638006,0.001305535,0.716770808,0.219452302,0.29558754
23-04-2018,90902.78255,300.8656495,-0.001616355,1.21E-05,0.031932195,-0.445233027,0.292472204
24-04-2018,90923.10498,299.5364978,-0.001589939,0.001538384,0.374937693,1.064861933,0.292207082
25-04-2018,90846.28011,299.9198392,-0.001581109,0.000243865,0.427576701,0.293961843,0.291022619
26-04-2018,90801.00114,300.5357037,-0.001475191,0.000641742,-0.06200854,0.416679263,0.286826452
27-04-2018,90896.75033,300.8313967,-0.001410815,1.73E-06,-1.771703084,0.643050353,0.282246272
28-04-2018,90962.08171,300.3179582,-0.001340976,5.88E-07,-1.687628428,1.529949983,0.275383631
29-04-2018,90850.67367,300.847606,-0.001179334,1.28E-06,0.836882909,0.492960691,0.269862493
30-04-2018,90807.52881,299.8873431,-0.001261913,0.00237042,1.301266352,0.253321409,0.280638377
01-05-2018,90849.01823,300.9356956,-0.001360173,4.22E-05,1.478039304,0.496309757,0.28784879
02-05-2018,90856.49919,299.8311138,-0.001600789,0.003102827,1.291899999,0.609995008,0.303284963
03-05-2018,90896.70459,299.0107517,-0.002075119,0.009845304,-0.001396179,0.123712579,0.353088379
04-05-2018,90908.68913,298.8977394,-0.00268745,0.000176954,-1.245398204,0.982741674,0.395242055
05-05-2018,90973.41195,299.7291781,-0.002743579,0.000120726,-1.417474747,1.276220957,0.362085342
06-05-2018,91001.19385,300.1531213,-0.002527399,4.41E-06,-0.110303243,1.084403356,0.334785461
07-05-2018,90881.55306,299.7819913,-0.00192742,0.000445779,1.160106659,-0.76568985,0.318078359
08-05-2018,90819.32568,298.2359486,-0.001844989,0.011373222,1.209250132,-0.069638848,0.36514473
09-05-2018,90888.36556,297.8550822,-0.002378335,0.006456882,0.324570338,0.320947448,0.442337036
10-05-2018,90981.2041,298.0441519,-0.003257698,0.016038591,0.578684489,0.367998441,0.424564997
11-05-2018,90911.4082,297.6154861,-0.003185752,0.013253731,1.008134842,0.271434148,0.408692042
12-05-2018,90878.71956,297.6543001,-0.00338261,0.011507884,0.791554133,-0.705773354,0.423711777
13-05-2018,90857.92969,297.607502,-0.00420354,0.006868735,0.366128286,0.109809081,0.455240885
14-05-2018,90883.90723,297.0163612,-0.003618864,0.023084405,0.626516978,-0.416178783,0.469333649
15-05-2018,90759.90576,297.6706327,-0.003498429,6.18E-05,-0.825909297,-0.324936072,0.466754278
16-05-2018,90720.85465,297.8078906,-0.004259589,0.000819659,0.172385017,0.429830511,0.446824392
17-05-2018,90713.1499,298.8392824,-0.004494973,0.000135761,0.386622111,0.39339594,0.427708308
18-05-2018,90729.78044,297.2939714,-0.003826746,0.018399957,1.120670319,-0.888606628,0.450205485
19-05-2018,90688.10954,297.2231579,-0.004224537,0.016094714,1.053658803,-0.594608386,0.472501755
20-05-2018,90720.40104,297.1147143,-0.003892241,0.018063748,1.347215652,-0.357415994,0.452988307
21-05-2018,90748.82406,297.2815857,-0.003594966,0.022086706,1.268939336,-0.474745313,0.455551147
22-05-2018,90723.45931,297.263787,-0.003687643,0.006085653,0.969863256,-0.697191119,0.475532532
23-05-2018,90671.27279,297.475036,-0.004170123,0.00865286,0.995868047,-0.749104182,0.46579806
24-05-2018,90594.69206,297.1567179,-0.003781961,0.01161685,1.157218297,-1.461633603,0.472445806
25-05-2018,90542.58936,296.7267761,-0.002789333,0.0366216,0.608926137,-0.989898721,0.462722143
26-05-2018,90522.17952,297.2252331,-0.003627481,0.006823499,-1.058321635,-0.116301854,0.462137222
27-05-2018,90479.92806,298.0746695,-0.004421398,0.002535319,-0.971743266,0.877976497,0.477787018
28-05-2018,90433.9624,297.5010662,-0.003972424,0.00954397,1.398303986,0.903455377,0.468570073
29-05-2018,90456.16113,297.2890612,-0.003681544,0.002688356,3.488101323,0.46358939,0.467207591
30-05-2018,90543.13867,297.3219128,-0.0031512,0.001108459,3.084341685,-0.285149654,0.464892705
31-05-2018,90641.59766,297.7348982,-0.003815129,0.002779629,1.653485616,-0.155308882,0.459494909
01-06-2018,90679.04183,297.2911339,-0.003651885,0.006670117,0.768657049,-0.281911016,0.479416529
02-06-2018,90704.06608,296.5675894,-0.002953686,0.028342181,1.358352661,-0.80207022,0.480000178
03-06-2018,90628.50309,296.9315802,-0.003159206,0.004425582,2.618539174,-0.010574977,0.479867299
04-06-2018,90529.94206,296.5025851,-0.00318809,0.0020862,2.564498266,0.576242288,0.475603739
05-06-2018,90635.43783,296.3359795,-0.003289865,0.007638862,2.742533366,0.591808319,0.465356827
06-06-2018,90755.65267,297.0443986,-0.003647588,0.000747586,3.336034775,0.387123108,0.458435059
07-06-2018,90644.86849,295.8717848,-0.00298094,0.008848174,4.272738139,1.385641734,0.485217412
08-06-2018,90468.40609,295.9630133,-0.00260571,0.001654213,5.688896815,1.884701411,0.483945211
09-06-2018,90463.0682,295.957056,-0.00312156,0.006451502,5.579620997,0.134274165,0.488586426
10-06-2018,90598.05111,296.4794242,-0.003134814,0.00183783,5.478529612,0.092095057,0.487305959
11-06-2018,90634.24528,296.6588891,-0.003038423,0.001963375,5.44445165,0.560878992,0.476057053
12-06-2018,90651.55534,296.7623062,-0.003490036,0.0014594,5.358887355,0.752139211,0.467302958
13-06-2018,90698.84684,296.515838,-0.003128665,0.001775983,4.641630809,0.670348803,0.462807973
14-06-2018,90767.71191,295.6618913,-0.002955054,0.013501105,4.101799647,0.522182107,0.46917216
15-06-2018,90817.60547,296.3188121,-0.003603474,0.004296891,3.597311656,0.134556611,0.482105255
16-06-2018,90905.32015,296.3662675,-0.003857014,0.001397872,3.797723134,0.066979488,0.476470311
17-06-2018,90875.27246,296.3985964,-0.003603207,0.001394975,4.312327067,0.270775835,0.467250824
18-06-2018,90804.31006,296.2268397,-0.003840171,0.001243129,4.546111425,0.812349478,0.457671483
19-06-2018,90703.52181,296.0513166,-0.00356208,0.003887051,4.489549637,1.956977805,0.451543172
20-06-2018,90674.35824,294.9223588,-0.002283286,0.007233904,3.828673681,1.961783012,0.491963704
21-06-2018,90683.45687,295.13797,-0.002638731,0.006505996,4.121239344,0.350189368,0.473077774
22-06-2018,90651.28092,295.7173595,-0.003042721,0.001096398,3.951475143,0.048136592,0.465813319
23-06-2018,90663.84798,295.1498286,-0.002550802,0.007918146,3.770196915,0.595238725,0.467107773
24-06-2018,90741.98438,295.4390895,-0.002632627,0.001926522,3.735175451,0.509813428,0.474628448
25-06-2018,90670.90853,295.3487587,-0.002868228,0.004440929,4.43719991,0.553311865,0.48247083
26-06-2018,90608.84684,295.5238972,-0.003238091,0.003294082,4.880207698,0.334043582,0.487143199
27-06-2018,90563.0752,294.5991224,-0.002609182,0.008137844,4.315239588,0.873662631,0.493645986
28-06-2018,90635.7054,293.6902097,-0.001866737,0.009116909,3.875656764,0.868459503,0.463975906
29-06-2018,90665.04476,294.2030366,-0.002310853,0.007824221,2.907948812,0.76076138,0.488403956
30-06-2018,90747.94694,295.0352402,-0.002606689,0.006839032,2.640331268,-0.018850366,0.480714798
01-07-2018,90766.77116,295.1018823,-0.002893975,0.002373284,2.401472727,0.353057623,0.4749101
02-07-2018,90753.19401,295.1044191,-0.003049184,0.007175684,3.127881368,0.401836038,0.484364192
03-07-2018,90816.37077,295.8628845,-0.002937835,0.000493448,3.689928055,-0.042729696,0.478134791
04-07-2018,90867.38444,295.7688681,-0.003272628,0.00023473,4.301236471,-0.083711227,0.46493276
05-07-2018,90824.47689,295.8452822,-0.003784031,2.80E-05,4.831920624,-0.136552413,0.45124054
06-07-2018,90710.4974,294.9226195,-0.002394434,0.003191257,4.65244476,-0.154258966,0.457840602
07-07-2018,90605.4707,294.3110135,-0.002032906,0.006999905,4.020357132,0.277443568,0.48577563
08-07-2018,90527.92399,295.1294778,-0.002460379,0.003291771,4.816520055,-0.125920296,0.487979889
09-07-2018,90561.6499,295.3622506,-0.00275214,0.002055276,4.818130136,0.360494375,0.479654312
10-07-2018,90666.78288,294.7535356,-0.002579994,0.00714089,4.756982168,0.934844812,0.472961426
11-07-2018,90683.29134,294.3861847,-0.002568023,0.007822865,5.400867462,0.235476176,0.487463633
12-07-2018,90594.18669,295.0669943,-0.003109794,0.00549219,5.676905314,0.21799914,0.491107941
13-07-2018,90594.27881,293.7488804,-0.002123252,0.011382842,4.937562943,0.445921977,0.469041824
14-07-2018,90504.4637,295.8582897,-0.003010479,0.00178273,6.401616414,-0.589779059,0.453118006
15-07-2018,90483.67725,295.9157454,-0.002873589,0.001306617,6.684242884,-0.480684121,0.453748067
16-07-2018,90578.39388,295.2509747,-0.002580899,0.002635004,6.428293864,-0.023762186,0.462328593
17-07-2018,90613.18115,295.7882175,-0.002860476,0.000733072,6.20998764,-0.23851947,0.457988103
18-07-2018,90658.36361,295.6885389,-0.002930915,0.001867548,6.025113424,0.22312514,0.454240799
19-07-2018,90666.05078,295.1822993,-0.002093514,0.00202769,5.540700277,0.455545266,0.457934062
20-07-2018,90682.74154,294.7345587,-0.00246918,0.004714686,5.87677002,0.690443675,0.472031275
21-07-2018,90770.56348,295.3651129,-0.002584001,0.003341133,5.470316569,-0.220097105,0.478874842
22-07-2018,90729.94238,295.7028433,-0.002956119,0.000818148,5.800933838,-0.363540888,0.464972178
23-07-2018,90731.41748,295.5903142,-0.002753305,0.001081301,5.280822754,-0.454815626,0.455049515
24-07-2018,90839.59066,295.4157327,-0.002498919,0.004120072,4.580926895,-0.109492898,0.467542648
25-07-2018,90846.13802,295.8254331,-0.002826581,0.00125284,4.171134949,-0.133531054,0.46528244
26-07-2018,90864.70443,295.9916941,-0.003009114,0.001241776,4.451320012,0.155066927,0.455798467
27-07-2018,90837.94971,295.2332948,-0.002777472,0.005279306,4.358345668,0.397211989,0.47031339
28-07-2018,90762.95736,295.8315589,-0.0028011,0.001169404,4.219635646,0.0697275,0.467476527
29-07-2018,90706.24805,296.1619517,-0.003275014,0.000670695,3.909759521,-0.246372541,0.45283254
30-07-2018,90722.8623,295.6433703,-0.003231641,0.004432723,3.781081518,0.084840337,0.461663564
31-07-2018,90791.39486,295.4121119,-0.003016292,0.001498559,4.581390381,0.702240149,0.465168635
01-08-2018,90870.21582,295.0948982,-0.002820176,0.001428732,4.737433116,0.418680191,0.456835429
02-08-2018,90936.93148,295.8993657,-0.003359705,0.000389853,4.225790024,-0.53224055,0.443997701
03-08-2018,90972.71598,295.6163642,-0.003409377,0.00096769,4.171491623,-0.925258319,0.434890111
04-08-2018,90959.5415,295.6562201,-0.003351877,0.000725016,4.520222346,-0.863091628,0.427559535
05-08-2018,90920.24479,295.7779026,-0.003354018,0.000498941,5.028579712,-0.583769838,0.418787638
06-08-2018,90784.80713,295.375384,-0.002854536,0.000986424,5.800634384,-0.311284343,0.414008458
07-08-2018,90644.67757,294.9292374,-0.002534566,0.001861103,5.232386907,-0.006843686,0.41594251
08-08-2018,90655.86426,294.6581395,-0.002285494,0.002167395,4.5522995,0.033429424,0.42498525
09-08-2018,90873.34473,295.4118888,-0.003037846,0.001998618,4.56225268,-0.495754997,0.427893957
10-08-2018,90944.00944,294.6083228,-0.002885871,0.004262075,4.927645365,-0.864210089,0.439848582
11-08-2018,90811.29199,294.1386477,-0.0020421,0.004837671,5.075255712,-0.516586502,0.46568807
12-08-2018,90707.486,293.3287665,-0.002475733,0.012259815,5.405244827,-0.154870351,0.48853302
13-08-2018,90700.05566,294.11317,-0.002763581,0.00760076,5.461292903,0.38438042,0.498329798
14-08-2018,90588.84521,294.0294342,-0.002316864,0.015817687,5.224829992,-0.311461727,0.474441528
15-08-2018,90567.81706,293.6829319,-0.001993358,0.012307806,4.528886159,0.021184802,0.476248423
16-08-2018,90563.83447,294.5708021,-0.002351513,0.002298246,6.136091232,-0.086106658,0.473964055
17-08-2018,90539.33854,295.7746003,-0.003199388,0.000924953,6.325829824,-0.635107001,0.467919032
18-08-2018,90599.6875,295.6829859,-0.003030441,0.001048725,6.286851883,-1.004367749,0.460274378
19-08-2018,90627.18376,295.0087852,-0.002661278,0.001264781,5.766852061,-1.113366882,0.457006454
20-08-2018,90710.3234,295.0332502,-0.002648591,0.000642881,5.634572983,-0.180589676,0.451283773
21-08-2018,90789.14421,295.4133466,-0.003199765,0.000305872,5.083836238,-0.008937955,0.441310247
22-08-2018,90862.66569,295.3706589,-0.00285171,0.000538626,4.444515228,-0.956169804,0.433780034
23-08-2018,90889.33431,295.2081998,-0.002965186,0.001413494,4.234260559,-1.148747563,0.432497025
24-08-2018,90849.75391,294.936306,-0.002420779,0.000376984,3.715801239,-0.916686376,0.429432551
25-08-2018,90800.78516,295.4342537,-0.002987072,0.000474572,3.757661184,-1.305377086,0.421929042
26-08-2018,90722.71289,294.8006414,-0.002842855,0.002455804,3.820574443,-0.970910112,0.42555364
27-08-2018,90745.35531,294.5850296,-0.003015636,0.003876895,4.337507884,-0.505055626,0.447542826
28-08-2018,90784.56624,294.838356,-0.003231075,0.003647509,4.020235697,-0.419664582,0.456493378
29-08-2018,90863.15609,294.8121688,-0.002844134,0.005394408,3.805918376,-0.588689129,0.471009572
30-08-2018,90815.19727,294.7892685,-0.002519939,0.005724877,3.616900126,-0.886354963,0.476145426
31-08-2018,90854.97331,295.0107015,-0.003554841,0.007747298,3.492159526,-0.628124237,0.489196142
01-09-2018,90923.15202,295.4180171,-0.003348796,0.00013084,3.167844772,-0.651397069,0.471525828
02-09-2018,90952.2041,295.2897822,-0.003725,0.000479564,3.001795848,-0.989228805,0.45533816
03-09-2018,90955.94303,295.235192,-0.004206068,3.65E-06,2.614510854,-1.384853999,0.440052668
04-09-2018,90973.96338,295.5274671,-0.004120882,0.000146198,2.687098821,-0.843978445,0.426315943
05-09-2018,90917.80029,295.5735823,-0.003770273,4.79E-06,3.164059321,-0.682175239,0.414403915
06-09-2018,90842.93815,294.969724,-0.003095475,0.000668711,3.661867142,-0.526764433,0.407820384
07-09-2018,90902.54655,294.6653512,-0.002851445,0.000590067,3.824359894,-0.171487729,0.404854457
08-09-2018,90894.02116,295.3901717,-0.003405124,0.000305012,2.917682648,-0.512503624,0.3975811
09-09-2018,90947.08903,295.9739094,-0.003723348,0.000283761,1.369126638,-0.328300317,0.388072968
10-09-2018,91120.30094,295.792544,-0.003334623,0.001025528,-0.000347137,-0.438919425,0.382778804
11-09-2018,91109.51123,296.2172852,-0.003909675,0.008980417,0.802095413,-0.406757593,0.413874308
12-09-2018,90952.22917,296.3988794,-0.003878025,0.001515748,0.755942663,-0.667530775,0.455380122
13-09-2018,90892.85921,296.5047016,-0.00359671,0.000851783,1.326441447,-0.259337703,0.435649236
14-09-2018,90956.90007,296.4804268,-0.003680751,0.001699686,0.600015004,0.323395054,0.423905691
15-09-2018,90941.96387,296.8685239,-0.004162857,0.000836545,1.305456161,-0.45099926,0.415295919
16-09-2018,90814.90365,296.6831144,-0.004336391,0.001141921,2.536900202,-0.824268937,0.40187645
17-09-2018,90808.65007,295.3212763,-0.002801383,0.001471683,3.04341507,-0.621068358,0.400894801
18-09-2018,90820.79004,295.9242655,-0.003396455,2.26E-05,3.348084132,-1.003169775,0.394460678
19-09-2018,90736.36491,295.6995532,-0.003141749,0.000226745,3.154342016,-1.321614583,0.380976359
20-09-2018,90598.11426,295.7921855,-0.003484727,0.00295119,2.89190801,-1.283002853,0.374752045
21-09-2018,90722.98535,294.8555133,-0.002927519,0.000258118,3.540307999,0.205792268,0.391195297
22-09-2018,90986.53109,295.958278,-0.003833008,3.28E-06,2.124213537,0.826659958,0.374596914
23-09-2018,91142.39974,295.7770596,-0.003200455,0.01059709,-0.340019226,0.445427179,0.407302856
24-09-2018,91120.64274,295.435346,-0.003338228,0.016436582,0.478874842,-0.327296694,0.471666336
25-09-2018,90994.3623,295.726888,-0.003547398,0.011865995,0.461004893,-0.471664071,0.488547007
26-09-2018,90898.47135,296.1497962,-0.003829023,0.005587059,-0.419000626,-0.555407842,0.489367167
27-09-2018,90871.03499,296.295063,-0.003862778,0.004020388,-0.649894714,0.276644389,0.489826202
28-09-2018,90914.64762,295.532458,-0.003012386,0.01489026,-0.948812485,0.199801127,0.478143692
29-09-2018,90950.63298,296.4339053,-0.004009221,0.001315985,-1.515638351,0.148046494,0.453103383
30-09-2018,90922.31527,296.5171534,-0.004065448,0.001119024,-1.504262924,0.177142779,0.449365616
01-10-2018,90930.3488,296.279335,-0.004082115,0.000583366,-2.058754206,0.5396504,0.440425873
02-10-2018,91000.02539,296.4579646,-0.003817908,0.000549444,-1.9641126,0.740383784,0.431207021
03-10-2018,90957.97103,296.6720009,-0.004236899,0.000576064,-2.11676089,0.159418623,0.42031161
04-10-2018,90947.08187,294.9360676,-0.00236617,0.009868026,-2.615421931,-0.16649731,0.464346568
05-10-2018,90952.71468,294.9150887,-0.002626222,0.007206459,-3.300969442,0.367770235,0.47642072
06-10-2018,90973.30778,295.1115144,-0.002907261,0.003716572,-2.787743886,0.505919019,0.475432078
07-10-2018,90927.57861,295.9826953,-0.004151378,0.000134173,-2.166330338,0.592538198,0.463599523
08-10-2018,90898.62695,295.8593152,-0.003907761,0.00516496,-0.955844879,-0.119337877,0.466153463
09-10-2018,90840.98893,296.3181375,-0.00443042,0.000788638,0.83033371,-0.775037567,0.465385437
10-10-2018,90797.2443,295.9019279,-0.004254393,0.000123416,1.803277334,-1.415833791,0.445169449
11-10-2018,90831.12826,296.2619667,-0.004561055,8.58E-07,1.962437312,-1.255648931,0.425612132
12-10-2018,90928.04801,296.3015569,-0.004187549,7.89E-05,1.134236654,-0.372606277,0.409787496
13-10-2018,91068.96077,296.5955041,-0.003954655,7.64E-05,1.130407969,1.016295751,0.396800359
14-10-2018,91148.40169,295.995978,-0.003488331,0.005849391,0.656126658,0.416435877,0.41565005
15-10-2018,91172.68831,295.6695919,-0.003283406,0.021865928,-0.452531815,-0.096592426,0.458971024
16-10-2018,91210.76074,295.0248229,-0.00291568,0.018296081,-0.791768392,0.957650503,0.452859879
17-10-2018,91139.44352,295.1004588,-0.003756134,0.015838939,0.236827215,0.516172568,0.455887477
18-10-2018,91112.84554,294.8619296,-0.002938233,0.008775549,-0.406216304,-0.247481028,0.463095347
19-10-2018,91139.84115,294.9185162,-0.003079887,0.006584048,-1.225362778,0.086215337,0.475914637
20-10-2018,91215.07699,294.6956228,-0.00469964,6.70E-06,-1.884303808,-0.458730102,0.465780258
21-10-2018,91230.13216,294.3151385,-0.003305767,0.001953098,-1.813179135,-0.283246994,0.462506612
22-10-2018,91216.14518,294.5353597,-0.004966947,0,-2.242993315,-0.206923167,0.450447083
23-10-2018,91205.0625,294.6626809,-0.004796495,8.61E-07,-2.349003474,-0.323596319,0.431697845
24-10-2018,91179.65674,294.7008667,-0.005007552,8.58E-07,-2.708847682,-0.161579609,0.415060679
25-10-2018,91263.05355,294.982921,-0.004681153,1.28E-06,-3.039668401,-0.216113647,0.40019989
26-10-2018,91285.82406,295.1283995,-0.004316952,0,-3.103378932,-0.67402939,0.387456894
27-10-2018,91249.03727,294.4317233,-0.004879466,1.28E-06,-2.680570602,-0.81439352,0.373987834
28-10-2018,91121.20736,294.0883395,-0.004648651,4.35E-07,-1.841122945,-1.888247371,0.361083984
29-10-2018,91005.03011,293.8717829,-0.004368711,8.53E-07,-0.521131516,-2.416948954,0.349763234
30-10-2018,90973.3859,294.9262301,-0.004222921,8.58E-07,-0.707176208,-1.391807636,0.339034398
31-10-2018,90973.70475,296.1199303,-0.003587821,0.000210683,-1.874231815,-1.050274014,0.331313451
01-11-2018,91019.90479,295.3065675,-0.002773505,0.010187316,-2.231372197,-1.058655421,0.374160131
02-11-2018,91053.10368,293.7467931,-0.00191361,0.005748376,-2.419384797,0.250974655,0.459828059
03-11-2018,91130.52458,294.9949322,-0.002493216,0.002395338,-2.936356862,0.607865016,0.453334808
04-11-2018,91162.29183,295.3509343,-0.00311539,0.000401217,-2.899048766,0.276049296,0.433311462
05-11-2018,91166.7238,295.3854148,-0.003706646,1.77E-05,-2.671806335,0.431910833,0.411956787
06-11-2018,91184.70671,295.3606682,-0.003302539,3.17E-05,-2.551309586,-0.392259359,0.395083745
07-11-2018,91194.80371,294.1534227,-0.004421516,9.81E-06,-2.475333532,-0.601109187,0.377713521
08-11-2018,91107.96745,294.5441761,-0.00387571,8.52E-07,-2.187594096,-0.310710907,0.362187068
09-11-2018,91057.84505,295.1064828,-0.004055906,8.64E-07,-2.567198435,-0.386483272,0.348412196
10-11-2018,91108.40397,295.144825,-0.003915513,1.31E-06,-2.18638889,-0.758093993,0.336017609
11-11-2018,91149.56755,294.51706,-0.004002052,8.52E-07,-1.678457896,-1.051263332,0.324724833
12-11-2018,91033.54899,294.429245,-0.003736958,8.68E-07,-1.121510824,-1.460478465,0.315136592
13-11-2018,90913.76123,294.3455664,-0.003810976,0,-0.068517367,-1.570028265,0.306642532
14-11-2018,90942.83968,294.0047264,-0.003728144,2.16E-06,-0.860880613,-0.999873082,0.298945109
15-11-2018,91018.18815,295.5023632,-0.002147643,8.05E-06,-2.523254832,-2.561296026,0.294132233
16-11-2018,91052.86214,295.0442759,-0.002032103,0.000422451,-3.946300824,-0.443481048,0.293071111
17-11-2018,91068.87842,296.4883582,-0.002618754,8.70E-06,-2.233134588,1.569399277,0.289740245
18-11-2018,91136.59245,296.1275717,-0.002740911,0.006174468,-2.170450846,0.91311419,0.319965363
19-11-2018,91242.66097,295.8161424,-0.002756047,0.000587618,-2.770695368,0.076983015,0.355270386
20-11-2018,91228.79053,295.6216265,-0.002841041,0.0001279,-2.681981405,-1.477393707,0.344459534
21-11-2018,91154.13623,294.3170497,-0.002392977,0.002404884,-2.305788676,-3.524064064,0.345154444
22-11-2018,91207.92546,293.4508247,-0.001536332,0.033465478,-2.691298803,-1.53591311,0.466831843
23-11-2018,91388.64111,293.6650791,-0.001657927,0.009655595,-2.438037237,-0.600035667,0.463237127
24-11-2018,91438.16829,294.77362,-0.003010641,5.42E-05,-2.349423091,-0.054585059,0.442159017
25-11-2018,91316.97656,294.5733503,-0.002849656,1.76E-05,-1.990715027,-0.360970378,0.433176676
26-11-2018,91197.33545,293.5958869,-0.003670429,1.72E-06,-2.400775909,-0.128637791,0.421215693
27-11-2018,91259.26204,292.2790763,-0.003749472,2.53E-07,-2.765892665,0.010095914,0.407939911
28-11-2018,91283.1805,292.7610213,-0.0034459,2.60E-06,-2.70766449,0.037661115,0.395734151
29-11-2018,91374.01253,293.8819904,-0.002080663,0.000602898,-2.434605519,-0.073183695,0.389582316
30-11-2018,91327.2417,294.2489605,-0.003331377,2.58E-06,-2.415327072,0.120731672,0.384888331
01-12-2018,91131.67529,293.3878797,-0.003436651,2.94E-06,-2.429304123,-0.191974044,0.373066584
02-12-2018,91035.65267,293.5775547,-0.003517661,5.14E-06,-2.439653397,0.369428635,0.361232758
03-12-2018,91084.59814,294.1065731,-0.002970639,8.94E-07,-2.797293981,0.4947052,0.351057688
04-12-2018,91182.55632,294.2960822,-0.002020617,0.007275516,-2.527334849,0.052569071,0.39625295
05-12-2018,91139.41699,295.0758775,-0.002549103,0.000681132,-2.131526947,0.178876877,0.418706894
06-12-2018,91066.20589,295.3096867,-0.002685829,0.000485513,-2.331038157,0.452475866,0.405700048
07-12-2018,91106.20768,295.0107072,-0.003280295,5.15E-06,-2.580673734,0.686313629,0.389279683
08-12-2018,91179.1154,294.7846622,-0.002778596,1.49E-05,-2.606203953,0.600654284,0.373945236
09-12-2018,91116.6665,295.0112127,-0.0033046,8.67E-07,-2.481427789,0.594428102,0.359745026
10-12-2018,91114.68864,295.1329505,-0.003034465,1.73E-06,-1.298733393,1.040355921,0.346663157
11-12-2018,91146.07113,295.6023502,-0.002586354,1.70E-05,-0.922413508,0.56689024,0.336360931
12-12-2018,91205.6071,295.5841134,-0.00235474,1.71E-06,-1.153741201,0.791139205,0.327959061
13-12-2018,91241.90039,295.0634855,-0.002047206,0.000115199,-1.372402191,0.566331307,0.321631114
14-12-2018,91224.74544,295.0409342,-0.002925446,1.60E-06,-2.43706588,-0.706049681,0.313891729
15-12-2018,91225.0555,294.1079241,-0.002545542,3.55E-06,-3.112589916,-1.982795954,0.306183497
16-12-2018,91144.13005,293.7212734,-0.002428454,1.29E-06,-0.539741675,-2.860015512,0.299497604
17-12-2018,91132.19499,293.3842195,-0.002449973,1.70E-06,1.469384034,-2.095027963,0.293759028
18-12-2018,91202.33122,293.5274181,-0.002522456,2.76E-06,-0.411123912,-2.064273198,0.288532257
19-12-2018,91238.40007,293.1022898,-0.001695879,4.67E-05,-1.196915944,-0.496564547,0.285142899
20-12-2018,91225.53581,293.7576192,-0.001728171,7.07E-06,-1.928038915,0.249232968,0.282428741
21-12-2018,91189.51432,294.4230302,-0.00152941,6.70E-05,-1.663702011,-0.234187007,0.280381521
22-12-2018,91202.55876,295.4350236,-0.001509523,3.65E-05,-2.354831696,-0.389601429,0.278369268
23-12-2018,91238.5179,295.2429835,-0.001680993,0.000345948,-2.707621336,0.348104556,0.277371724
24-12-2018,91249.92025,295.6321627,-0.001595305,1.03E-05,-2.303620299,0.533396006,0.276561101
25-12-2018,91220.74463,295.298659,-0.001600007,1.93E-05,-2.287972013,0.017630498,0.274349213
26-12-2018,91197.6748,295.9959685,-0.002196413,2.51E-06,-1.719839732,0.886989991,0.271705627
27-12-2018,91111.69629,295.942824,-0.001710456,0.000171882,-0.024250944,0.197037975,0.269716899
28-12-2018,91106.4751,294.798214,-0.001750259,0.001417246,-1.66526707,0.578054627,0.273938497
29-12-2018,91302.58952,293.8028723,-0.001449192,0.000798899,-2.933257421,0.580940247,0.280504862
30-12-2018,91437.53548,293.5341994,-0.001712123,8.92E-06,-2.684898535,-0.321631114,0.278575897
01-01-2019,91519.80827,291.7890727,-0.001956528,0,-2.541446368,-0.664506992,0.272219976
02-01-2019,91550.73226,291.8888721,-0.001875925,8.52E-07,-3.000946561,-0.390356064,0.269158681
03-01-2019,91567.55843,292.3039481,-0.001914804,0,-2.856520534,-0.33730638,0.266237259
04-01-2019,91494.43083,292.5103563,-0.001755133,8.52E-07,-3.239503066,-0.385136763,0.263926188
05-01-2019,91367.18555,292.4706504,-0.001666995,0,-2.658273657,0.082482298,0.261939367
06-01-2019,91242.49626,292.8328705,-0.00175137,1.72E-06,-2.442994118,-0.149160186,0.260176977
07-01-2019,91213.45475,292.8393993,-0.001639836,2.58E-06,-2.288415273,-0.528361559,0.258479436
08-01-2019,91234.125,293.367581,-0.001670626,8.52E-07,-2.490158081,-1.066161593,0.257165273
09-01-2019,91234.2972,293.5037683,-0.001665859,4.23E-07,-2.675869624,-0.165699561,0.256061554
10-01-2019,91223.74854,293.5312786,-0.001630894,2.16E-06,-2.639460882,0.247805278,0.255126953
11-01-2019,91287.89567,293.5410824,-0.001546656,1.17E-05,-2.039705276,0.199481328,0.254414876
12-01-2019,91278.75179,293.502374,-0.001434663,8.64E-07,-2.453376134,0.158023834,0.253778458
13-01-2019,91289.52425,293.6200314,-0.001445235,1.72E-06,-2.234094063,-0.279210647,0.253241857
14-01-2019,91232.2098,293.4443092,-0.001465006,1.29E-06,-2.367782593,-0.931859811,0.252660116
15-01-2019,91309.60938,293.1976732,-0.001468745,0,-2.844521205,-0.676972707,0.252297084
16-01-2019,91280.68669,293.3001328,-0.001379315,8.58E-07,-2.746876836,0.031246185,0.252042135
17-01-2019,91181.3252,293.6487293,-0.00123769,1.53E-06,-2.6054039,-0.263491313,0.251810074
18-01-2019,91221.63867,293.7369378,-0.001234649,1.25E-05,-2.683836619,-0.583128532,0.251727422
19-01-2019,91308.58643,293.5744076,-0.001375061,8.52E-07,-2.810937246,-0.404780944,0.251361211
20-01-2019,91369.06966,293.419672,-0.001259924,8.52E-07,-2.869995117,-0.000181357,0.251200994
21-01-2019,91267.0127,293.1985111,-0.001341013,1.70E-06,-2.529362361,0.959384918,0.250854492
22-01-2019,91251.3724,293.4024766,-0.001282958,6.48E-06,-1.406713049,0.84889249,0.250766754
23-01-2019,91232.65885,294.5796661,-0.001195831,5.21E-06,-1.330835541,0.72191302,0.250787099
24-01-2019,91245.62907,295.1685708,-0.00116268,9.61E-06,-1.418496172,1.607327143,0.250846863
25-01-2019,91228.31152,295.2033037,-0.000857718,3.05E-06,-0.98393027,2.187669635,0.250887553
26-01-2019,91249.84521,295.3767255,-0.000835661,0.000227205,-0.957656225,1.581228256,0.251729965
27-01-2019,91284.26676,293.9223715,-0.00145747,0.002792794,-1.090369542,1.614761273,0.260428747
28-01-2019,91338.23193,293.3093872,-0.001649657,0.002689416,-1.084878922,-0.529888034,0.289499919
29-01-2019,91371.48926,293.4956595,-0.001136623,4.21E-05,-2.440893968,-0.858093182,0.291163762
30-01-2019,91364.12614,293.7406038,-0.001301459,2.64E-06,-2.831409733,0.082075079,0.285778681
31-01-2019,91312.33626,293.5688992,-0.001172497,1.43E-06,-2.932251493,0.752023776,0.281026204
01-02-2019,91277.26546,294.1841151,-0.001135997,5.45E-06,-2.197809219,0.23610878,0.27699852
02-02-2019,91231.59408,294.3208211,-0.001331903,1.34E-06,-2.16079394,-0.092334946,0.273162842
03-02-2019,91344.33919,294.7434018,-0.001288329,0,-2.719196518,0.460423072,0.269629161
04-02-2019,91479.22656,295.4205596,-0.001246819,6.95E-06,-3.170131683,0.131820997,0.266507467
05-02-2019,91416.24674,295.4474703,-0.000921695,6.13E-06,-2.841629028,0.332432071,0.264172236
06-02-2019,91213.26725,296.1898333,-0.00120116,4.35E-07,-2.431009014,1.174597104,0.261786779
07-02-2019,91219.22038,297.014445,-0.001219801,5.17E-06,-1.704597712,1.585555951,0.259535472
08-02-2019,91229.71842,297.6089242,-0.001160074,1.98E-05,-0.253206889,1.310655475,0.257773717
09-02-2019,91279.33089,296.181057,-0.001315869,0.005559409,-1.207414627,0.659973939,0.285233816
10-02-2019,91378.13298,296.4639549,-0.001735467,0.000536802,-2.335837682,0.616538366,0.320780436
11-02-2019,91421.6276,295.6781324,-0.001544001,0.000152028,-3.539418538,0.63038063,0.311551412
12-02-2019,91524.26025,294.9874929,-0.001526115,1.90E-06,-3.678784688,0.206031164,0.301852544
13-02-2019,91507.21729,295.0873273,-0.001516756,0,-3.14203008,-0.081843058,0.292825699
14-02-2019,91286.51286,296.242904,-0.001411304,8.55E-07,-2.971359253,1.311761856,0.285375595
15-02-2019,91305.28011,296.4803454,-0.001176443,1.66E-05,-0.793996811,1.298282862,0.280096054
16-02-2019,91260.6556,297.6966654,-0.001273757,4.83E-05,0.801599503,0.708176931,0.275916417
17-02-2019,91138.96403,297.9240405,-0.00136416,0,1.420771917,-0.698295991,0.271528244
18-02-2019,91032.33089,297.7425048,-0.001469949,3.74E-06,-0.221284231,0.077759345,0.26745224
19-02-2019,91181.78695,298.079565,-0.001045738,0.000102764,-2.284987768,1.650103887,0.264730453
20-02-2019,91414.6722,297.2539285,-0.001142591,4.29E-06,-3.327501297,1.017226775,0.262285868
21-02-2019,91502.01302,296.5357622,-0.001159777,1.73E-06,-3.344331741,0.022443851,0.259915034
22-02-2019,91333.32161,296.4839064,-0.001207827,1.72E-06,-3.505021413,-0.103636742,0.25786972
23-02-2019,91169.48324,297.3025837,-0.001273549,3.00E-06,-3.326160431,0.561679999,0.256092707
24-02-2019,91066.11751,297.7480927,-0.001245444,1.71E-06,-2.909712474,1.115104993,0.254638036
25-02-2019,90969.36344,298.0220369,-0.001295557,8.52E-07,-1.711904526,1.523365657,0.253475189
26-02-2019,90885.30973,298.6736743,-0.001141809,2.57E-06,0.999206305,1.012670398,0.252632777
27-02-2019,90841.54492,298.6265774,-0.001039979,8.69E-07,1.362912575,0.512952169,0.252060572
28-02-2019,90954.43229,298.4780471,-0.001096328,4.35E-07,1.04377238,-0.666670521,0.251610438
01-03-2019,90962.58496,298.7556629,-0.001025351,8.06E-06,-1.810427984,0.895781597,0.25131162
02-03-2019,91061.53939,298.2507559,-0.000799565,1.03E-05,-2.343731562,1.663540403,0.251237233
03-03-2019,91012.89893,298.4246559,-0.000848865,7.20E-06,-1.405316671,0.641930302,0.251143773
04-03-2019,90917.23421,299.328502,-0.000862643,2.08E-05,0.157598972,1.242579301,0.251104991
05-03-2019,90928.67562,299.9322027,-0.000957708,3.19E-05,1.500494003,0.718013366,0.251128515
06-03-2019,90944.62223,300.4625219,-0.001082771,4.38E-07,1.328909556,-1.207625826,0.250980377
07-03-2019,90899.63037,300.2270514,-0.001165036,0,0.614625295,-0.33968699,0.250813802
08-03-2019,91046.42057,299.6575546,-0.001082642,8.52E-07,-0.04192543,0.101590792,0.25070254
09-03-2019,91212.48079,298.7495734,-0.000773112,0.000101528,-1.237480561,1.493148843,0.25114886
10-03-2019,91201.6416,300.0245724,-0.000863239,6.58E-06,-1.546345393,1.379719059,0.251304626
11-03-2019,91256.5988,299.5461082,-0.000941226,3.02E-06,-2.112788518,1.700234731,0.251094818
12-03-2019,91266.73649,299.3077869,-0.000996431,4.19E-07,-2.37166659,1.998884598,0.250933329
13-03-2019,91313.56706,299.1733888,-0.000972313,0,-3.142475526,1.792614619,0.250805537
14-03-2019,91270.77458,299.4796855,-0.000955783,1.28E-06,-2.952164094,2.087861379,0.250728607
15-03-2019,91235.57601,299.2802347,-0.000976818,2.59E-06,-3.235073725,1.586861173,0.250682831
16-03-2019,91227.72591,298.3881391,-0.000903104,1.71E-06,-3.360150655,0.874697844,0.25064977
17-03-2019,91170.41357,298.0676517,-0.000929061,1.79E-08,-2.257356008,0.737654289,0.250622431
18-03-2019,91144.13818,298.7308871,-0.000918852,1.70E-06,-1.340129217,1.118874828,0.250595093
19-03-2019,90974.44596,299.8151913,-0.000856211,1.29E-06,-0.843611399,1.428234418,0.250579834
20-03-2019,91028.70866,299.5473938,-0.000749564,1.71E-06,-1.069495519,1.953447779,0.250572205
21-03-2019,91134.27865,299.8438466,-0.000885541,1.83E-09,-0.87396876,1.101315419,0.250562668
22-03-2019,91149.95199,300.474802,-0.000876972,1.72E-06,-0.800508499,1.060342471,0.250548681
23-03-2019,91106.43604,301.0064259,-0.000812123,3.46E-06,-0.891434352,1.128721237,0.25055186
24-03-2019,91036.58447,300.8747476,-0.000779191,-1.63E-08,-1.42494901,0.906239827,0.250555674
25-03-2019,91062.79704,300.7209085,-0.000883589,0,-2.720909874,1.340587378,0.250543594
26-03-2019,91187.88981,300.4548976,-0.000893014,0,-2.363977432,1.374884645,0.250528971
27-03-2019,91266.75456,300.2839762,-0.000928979,1.28E-06,-1.785609563,0.757955988,0.250520706
28-03-2019,91139.77393,301.2511991,-0.000928083,0,-1.632656733,0.815514247,0.250510534
29-03-2019,91020.11654,301.3030186,-0.000785785,2.15E-06,-0.778458277,0.727673848,0.250511805
30-03-2019,91024.4943,301.2119846,-0.000883104,8.32E-07,-1.183027665,1.456018289,0.250513713
31-03-2019,91061.11051,301.0335452,-0.000786354,8.64E-07,-0.1613458,0.955868721,0.250506719
01-04-2019,91065.83529,301.232104,-0.000836041,1.73E-06,-0.460186005,0.585607012,0.25049909
02-04-2019,91019.90023,301.0880597,-0.000750108,2.99E-06,-0.757294973,1.14699622,0.250513077
03-04-2019,91049.13509,300.7036012,-0.000700105,8.52E-07,-2.177150726,1.347012838,0.250522614
04-04-2019,91142.1945,300.4588401,-0.000778462,8.52E-07,-2.037932714,2.063337326,0.25053215
05-04-2019,91140.23714,300.878664,-0.000841609,1.72E-06,-1.260242462,0.917774916,0.250525157
06-04-2019,91088.09456,301.2542013,-0.000857383,1.72E-06,-1.310430527,0.980374614,0.250521342
07-04-2019,90974.33545,301.7828248,-0.000799924,-1.03E-08,-1.044928233,1.345903794,0.250505447
08-04-2019,90942.65902,301.662749,-0.000689258,4.05E-06,-0.93181928,1.303201596,0.250513077
09-04-2019,91021.35938,300.2791169,-0.00077793,0.000424523,-0.285787582,0.228249311,0.252193451
10-04-2019,91028.81966,301.3655071,-0.000766442,9.86E-07,-1.92317454,0.903907259,0.253124237
11-04-2019,90969.00049,301.3613745,-0.000753368,2.14E-06,-1.262882233,0.398730079,0.252232869
12-04-2019,90940.17318,301.9453379,-0.000807281,8.58E-07,-1.742881139,0.829185049,0.251586278
13-04-2019,90974.51221,301.7085355,-0.000805382,4.35E-07,-1.638769786,1.446066499,0.251156489
14-04-2019,90973.19727,301.6604945,-0.000796336,8.52E-07,-1.882260005,1.501455665,0.250893911
15-04-2019,90990.91878,301.2163684,-0.000790898,0,-0.599534988,1.227148294,0.250729879
16-04-2019,90962.57975,301.8085238,-0.000733453,8.54E-07,0.428843816,0.990542293,0.250627518
17-04-2019,91046.04801,299.8946896,-0.001035564,0.00296371,0.146272659,0.60621198,0.268943787
18-04-2019,90970.34863,299.7435048,-0.00154656,0.006689436,-0.580669403,0.220931927,0.316332499
19-04-2019,90895.70605,299.6666927,-0.002576573,0.002080707,0.429622014,0.802088658,0.356736501
20-04-2019,90789.60677,298.7794813,-0.002455991,0.008742869,0.056224823,0.831586281,0.388458252
21-04-2019,90748.91162,299.6329085,-0.00319948,0.000473982,0.5211188,0.439104199,0.401463826
22-04-2019,90780.08822,300.0076249,-0.002773613,0.000140223,-0.726273855,0.157893419,0.36654218
23-04-2019,90923.87695,299.3971888,-0.002340348,0.00029135,-1.138908386,0.457026561,0.341845194
24-04-2019,90955.01383,300.5574741,-0.002217246,0,-2.286586126,0.759108384,0.321461995
25-04-2019,90930.57243,301.0443128,-0.002210815,8.58E-07,-1.8399086,0.741084933,0.302381516
26-04-2019,90858.0306,301.5821381,-0.001651525,0,-1.703380585,0.903498809,0.288586934
27-04-2019,90816.81592,301.9138953,-0.001340793,0,-2.18535169,0.454216202,0.279690425
28-04-2019,90818.56673,301.4433594,-0.001115013,1.72E-06,-1.898643494,1.030440927,0.273484548
29-04-2019,90842.79525,300.9376704,-0.000951279,2.39E-05,0.643016815,-0.165273706,0.268739065
30-04-2019,90751.10856,299.4215151,-0.001217028,0.010202655,2.347791036,-0.023882707,0.316390991
01-05-2019,90644.46403,299.7993972,-0.002277441,9.24E-05,3.802030563,0.325503349,0.376300812
02-05-2019,90667.23372,300.4491272,-0.002615051,1.71E-06,3.461300532,-0.367891947,0.346043269
03-05-2019,90826.396,299.9991182,-0.00212107,1.58E-05,3.311193466,-0.109721502,0.321954091
04-05-2019,91013.94141,300.1710733,-0.001653308,4.03E-05,2.146607717,-0.022292535,0.305047989
05-05-2019,91051.13981,301.0972951,-0.001526481,-1.49E-08,1.190924327,-0.436789672,0.292198817
06-05-2019,90905.50228,301.4313984,-0.001213118,0.000105816,1.166410446,-0.140712102,0.283543905
07-05-2019,90949.5638,299.0401923,-0.001218977,0.013505548,2.681594213,0.266971906,0.359608332
08-05-2019,90955.11898,298.5957731,-0.002728172,0.001052547,3.284156799,-0.24552381,0.409504573
09-05-2019,90837.15137,299.6205343,-0.002775084,0.000206852,2.567258835,-0.800409198,0.378218333
10-05-2019,90845.51937,300.9683723,-0.002736248,4.71E-06,1.169265747,-0.2524575,0.348303477
11-05-2019,90947.20866,300.0608635,-0.002318634,0.000754997,1.637348811,0.237429539,0.329540888
12-05-2019,90878.30062,299.384922,-0.002273696,0.006762686,1.42510287,-0.323093017,0.351472855
13-05-2019,90849.33057,299.025465,-0.00266291,0.001732114,1.760696411,-0.076419393,0.38405927
14-05-2019,90835.45492,299.9107558,-0.002536562,3.16E-05,1.510375977,-0.447759946,0.364007314
15-05-2019,90926.21175,299.6455002,-0.002415285,0.00058862,1.176952362,-0.337768277,0.340911229
16-05-2019,90974.86914,300.137434,-0.00224077,0.001518506,0.709619522,-0.153777798,0.333239237
17-05-2019,90954.6722,299.193915,-0.002115873,0.002756551,1.026445389,0.043933431,0.341707865
18-05-2019,90870.50618,300.5061556,-0.002444897,0.000216308,0.958109538,0.137171308,0.337372462
19-05-2019,90898.34912,300.7625421,-0.002058693,0.000250137,0.738311768,0.480557879,0.318974177
20-05-2019,90928.46533,300.6945941,-0.00182875,4.94E-05,0.660505931,0.245866338,0.304176331
21-05-2019,90931.90527,300.8088099,-0.001623491,0.000118813,0.997488658,-0.209781647,0.292439779
22-05-2019,90862.15544,299.7741979,-0.001567436,0.002535397,0.908842087,-0.115131338,0.298508962
23-05-2019,90870.01318,299.3581702,-0.001906399,0.013921412,1.122512817,0.131631056,0.367244085
24-05-2019,90886.06413,298.739488,-0.00307295,0.007635266,1.725342433,-0.199320475,0.426872889
25-05-2019,90816.97917,298.4964269,-0.003063305,0.016243159,1.942853292,-0.417542855,0.410051982
26-05-2019,90758.03044,298.753238,-0.003635039,0.01136855,1.862304052,-0.279188037,0.41447703
27-05-2019,90704.41211,298.7868284,-0.00393602,0.002932588,1.275611242,-0.993263721,0.428325653
28-05-2019,90694.31234,299.5761267,-0.004175141,0.004008555,1.536127726,-0.23146526,0.427509308
29-05-2019,90648.53857,299.2355054,-0.004086075,0.005362758,1.518651326,0.243898193,0.443868637
30-05-2019,90627.8055,298.5611655,-0.003457126,0.026200144,1.734441757,0.364823778,0.462501526
31-05-2019,90699.80208,298.286176,-0.004090117,0.002586347,2.781133016,0.764694651,0.458751043
01-06-2019,90744.264,298.8610992,-0.004357066,0.005342823,1.911361059,-0.155096451,0.464775721
02-06-2019,90749.92936,298.4531682,-0.004065176,0.024999702,2.923805237,0.248415271,0.468861898
03-06-2019,90760.66146,296.9920216,-0.00310575,0.008526871,2.742775599,-0.185255567,0.468866348
04-06-2019,90696.97591,298.0613931,-0.004299452,0.000762343,2.146830877,-0.450848341,0.454435349
05-06-2019,90668.07227,297.669604,-0.003586447,0.025659963,1.287785451,0.14510421,0.447492599
06-06-2019,90681.1346,298.800511,-0.004461426,0.011791674,1.064840833,-0.297520638,0.423330307
07-06-2019,90711.26514,298.2398879,-0.00446197,0.020946987,1.574584325,0.09492747,0.459293365
08-06-2019,90688.86068,297.5381851,-0.003532176,0.011001155,1.622694651,0.09883972,0.461870829
09-06-2019,90622.06104,297.8389327,-0.004844179,0.003770971,2.141946793,1.26961263,0.468734741
10-06-2019,90613.25114,297.0581493,-0.003795194,0.001347113,3.276633581,2.09300677,0.466321945
11-06-2019,90614.06999,297.4827309,-0.003132025,0.000197247,4.29778417,2.88273557,0.450773239
12-06-2019,90670.89421,297.2457848,-0.003091254,0.00089177,5.295298894,2.114171982,0.438361486
13-06-2019,90772.57096,296.9483407,-0.002988754,0.002341986,4.926350911,1.345031738,0.43687884
14-06-2019,90773.8278,296.4674988,-0.002651189,0.005106482,4.158143997,0.845412493,0.457448959
15-06-2019,90833.48958,297.5331453,-0.003862592,5.52E-05,4.289486567,0.302381277,0.44732221
16-06-2019,90887.66081,297.7305164,-0.003776091,0.000172877,3.89497757,0.126784682,0.423606237
17-06-2019,90880.74398,297.5854778,-0.003395014,9.72E-05,3.913106004,0.014808695,0.40625445
18-06-2019,90757.58057,297.4680131,-0.003526824,6.13E-05,4.116036097,0.267931461,0.390139898
19-06-2019,90680.76514,297.2947381,-0.003360417,0.002501178,3.983332038,0.395303607,0.391807556
20-06-2019,90715.31071,296.7727331,-0.003189303,0.007546163,4.136102041,0.377754529,0.436944962
21-06-2019,90640.09847,295.9022681,-0.001835221,0.000755003,3.716250738,0.728042801,0.444196065
22-06-2019,90565.82471,295.8234666,-0.002278122,0.002080232,4.116055806,1.328219096,0.437115351
23-06-2019,90521.83968,296.5929101,-0.003021503,0.001856013,4.078668594,1.212071856,0.431746801
24-06-2019,90640.10758,296.4227511,-0.002915995,0.006756859,3.211894989,0.546967189,0.450680415
25-06-2019,90739.94466,296.8925298,-0.00337931,0.005377886,3.212643305,0.629999161,0.465192795
26-06-2019,90776.58008,296.3293673,-0.00285264,0.002367646,3.862341563,0.571500619,0.458624522
27-06-2019,90723.49691,296.810662,-0.003193697,0.000367016,4.628137589,0.282295227,0.439938227
28-06-2019,90731.84749,296.7634513,-0.003101596,0.000295007,5.131834666,0.013728976,0.420757294
29-06-2019,90702.78044,297.0782464,-0.002740257,0.000178613,5.04029719,0.136524399,0.405492783
30-06-2019,90683.87907,296.3784682,-0.00245934,0.000423208,5.218916575,0.400307973,0.394594828
01-07-2019,90565.50993,297.2548358,-0.003151009,0.0003683,4.844601313,0.347711563,0.382827123
02-07-2019,90625.9598,297.1871103,-0.002765479,0.000833854,4.622367859,0.783768336,0.37521553
03-07-2019,90713.54541,296.931825,-0.002226541,0.000417516,4.822039286,1.256857395,0.368827184
04-07-2019,90686.36003,296.5859184,-0.002342734,0.005235016,5.087865194,1.362253586,0.398398717
05-07-2019,90615.75472,296.8209241,-0.002793508,0.001062268,5.815832138,1.335301916,0.409708659
06-07-2019,90667.50651,296.647555,-0.002470884,0.000464352,5.674012502,1.483689427,0.396862666
07-07-2019,90762.16569,296.7865384,-0.002733901,0.000159639,5.735953649,1.0878884,0.381879807
08-07-2019,90829.33105,296.907046,-0.002743999,0.000800133,5.646088282,0.482891798,0.369298935
09-07-2019,90799.16829,296.3683936,-0.002598937,0.002459133,4.874024073,0.672060649,0.371404012
10-07-2019,90840.92887,294.8671627,-0.00273588,0.020771344,4.57657369,0.870950699,0.458530426
11-07-2019,90944.12695,295.986721,-0.00276501,0.002965885,3.558962305,-0.29791224,0.472602844
12-07-2019,91001.16243,296.5849654,-0.003411593,0.002447832,2.808560928,0.059375167,0.454169591
13-07-2019,90999.82161,296.2329941,-0.003343198,0.007790506,2.936532021,0.003646692,0.457046509
14-07-2019,90919.8195,296.1910909,-0.003294059,0.007099831,3.291338801,-0.190935373,0.469011943
15-07-2019,90814.20654,295.7956251,-0.00329938,0.008788407,3.544008176,-0.685511271,0.462498347
16-07-2019,90817.4235,296.1157748,-0.003226168,0.001860094,3.602497697,-0.732091467,0.446423848
17-07-2019,90681.79867,296.4095637,-0.0032567,0.006736567,3.044901729,-1.452146928,0.469451269
18-07-2019,90524.73535,295.9954605,-0.002683565,0.013164639,2.855108261,-1.183788975,0.485500336
19-07-2019,90463.64355,295.4133148,-0.002675693,0.008533114,3.673994064,0.043876449,0.47227033
20-07-2019,90499.68555,296.0323728,-0.002879351,0.001939464,4.22809728,1.350311041,0.459116618
21-07-2019,90523.93034,295.42265,-0.002727628,0.010681313,4.604436636,1.059938431,0.464506149
22-07-2019,90542.19775,294.5130107,-0.002606097,0.021751592,4.401092529,1.078927994,0.464522044
23-07-2019,90635.03613,294.41421,-0.002219082,0.005222711,4.154360453,0.780943274,0.491280238
24-07-2019,90773.92855,295.1355127,-0.002177318,0.006338561,3.591180166,0.363057454,0.474070231
25-07-2019,90854.21045,295.3694935,-0.002663738,0.00515812,3.752920787,0.351733208,0.483762105
26-07-2019,90830.64014,294.2050756,-0.001822167,0.006477773,3.894926707,0.484656652,0.496454875
27-07-2019,90778.8597,295.2088572,-0.002365321,0.001012935,4.479102453,0.491984208,0.485027949
28-07-2019,90774.46745,295.1348292,-0.002501428,0.002345592,4.416609446,0.206290245,0.478822708
29-07-2019,90801.88444,295.3071753,-0.002189908,0.00057801,4.676990509,0.489923676,0.470767975
30-07-2019,90909.20801,295.4365158,-0.002716605,0.000248867,4.503782908,0.008033037,0.45688947
31-07-2019,90941.10286,295.946771,-0.003373643,0.000963454,4.392518361,-0.094138145,0.447492599
01-08-2019,90894.72054,295.9555976,-0.003309285,0.000436017,4.767110825,0.174821218,0.436532974
02-08-2019,90858.92871,295.3389963,-0.002412723,4.55E-05,5.289492289,0.969136437,0.427493413
03-08-2019,90871.41569,295.7118282,-0.002827724,0.000227809,5.328656514,1.22785902,0.418664296
04-08-2019,90775.0472,296.244065,-0.003115231,0.000643641,5.715786616,1.133333604,0.40975825
05-08-2019,90696.74691,294.7747866,-0.002744822,0.008023629,5.346736908,1.015054226,0.444938024
06-08-2019,90647.65267,294.9514802,-0.00272166,0.00382717,5.844377518,0.913097342,0.469949722
07-08-2019,90549.60498,295.7663116,-0.003268398,0.004340955,6.19456927,1.012224674,0.468482335
08-08-2019,90520.55225,294.9487871,-0.002757279,0.008291492,5.869939168,1.72942551,0.486954371
09-08-2019,90690.60254,295.3391094,-0.002600301,0.002243766,5.951236089,1.585163116,0.474569321
10-08-2019,90765.59115,294.68378,-0.002533229,0.006206098,5.515345256,0.260175705,0.484497706
11-08-2019,90738.16797,295.6634541,-0.002708737,0.000499037,5.473234177,-0.986742655,0.473116557
12-08-2019,90732.79704,295.4066525,-0.002908312,0.004381859,4.396842957,-1.064745466,0.47598966
13-08-2019,90767.50407,295.4134954,-0.002803646,0.006057698,3.96743377,-0.297226588,0.47584343
14-08-2019,90868.132,295.4081192,-0.002987185,0.005225986,4.301907818,0.456804276,0.473420461
15-08-2019,90912.47396,295.4218197,-0.003027495,0.004840419,4.099227269,-0.76958549,0.49356397
16-08-2019,90850.29476,295.3084291,-0.003000587,0.00677819,3.700229009,-0.677565257,0.494777679
17-08-2019,90804.9222,294.8295536,-0.002266658,0.014071435,3.116523743,-0.512184143,0.478331248
18-08-2019,90907.08903,294.4771449,-0.0022373,0.017084479,2.379536311,-0.452181498,0.474630992
19-08-2019,90915.83984,295.5374413,-0.003233667,0.011124223,2.306801478,-0.336928964,0.467728933
20-08-2019,90882.33252,295.5180721,-0.002828012,0.00090083,2.927389781,-0.817318996,0.45179685
21-08-2019,90843.08789,295.0024484,-0.002652911,0.004526566,3.678017298,-0.605866392,0.467589696
22-08-2019,90817.67562,294.6218154,-0.002623664,0.007312447,4.13025856,-0.251013438,0.490989049
23-08-2019,90867.87549,295.2322858,-0.003215251,0.002981268,4.30811437,-0.327417413,0.48987325
24-08-2019,90858.20736,295.0375926,-0.002694936,0.002922331,4.213201523,0.319519202,0.486630122
25-08-2019,90786.67301,295.6565851,-0.003316709,0.000517983,4.052708308,0.999664505,0.473538081
26-08-2019,90766.74479,295.3598512,-0.00243348,0.000271979,3.860079447,1.716365178,0.461661021
27-08-2019,90729.43327,295.1649787,-0.003137173,0.004517076,3.870553772,1.413715363,0.471450806
28-08-2019,90791.23258,295.6680444,-0.003054254,0.001238807,3.675013224,1.166597446,0.470498403
29-08-2019,90772.93587,295.5572484,-0.00299469,0.006073686,3.923084895,0.512987693,0.470423381
30-08-2019,90620.44222,295.7820148,-0.003390361,0.003929789,4.403179804,0.153793693,0.479719162
31-08-2019,90568.42757,295.431481,-0.002431083,0.000933226,4.118761698,0.710419973,0.47430102
01-09-2019,90735.99561,294.6409461,-0.002310859,0.005024377,3.947895686,1.378304164,0.48155276
02-09-2019,90799.18376,294.7902425,-0.002524944,0.008203122,4.387261073,0.874265035,0.478646596
03-09-2019,90737.39307,295.078626,-0.002926143,0.00377962,4.165198008,0.611339569,0.488114039
04-09-2019,90655.79997,294.9473597,-0.002835087,0.002482542,4.740016937,1.147006869,0.487006505
05-09-2019,90665.73584,295.7067382,-0.003337909,0.002560163,5.479792277,0.257386605,0.481173833
06-09-2019,90679.99072,295.9806048,-0.003269399,0.000832392,5.675341288,0.561594486,0.471085231
07-09-2019,90788.48258,295.7351163,-0.002966177,0.001178771,5.617148717,0.751801213,0.462896983
08-09-2019,90869.20199,295.8916632,-0.003109081,0.001888627,5.164473216,0.556584676,0.461348852
09-09-2019,90813.54508,295.8549232,-0.003031904,0.001486167,4.560642878,0.450231552,0.459548314
10-09-2019,90817.83024,295.8592288,-0.003021326,0.00297823,3.641913732,0.850483576,0.465061188
11-09-2019,90956.47607,295.5796185,-0.003005447,0.004245564,3.338136673,0.475605766,0.475481033
12-09-2019,91048.60465,295.4590975,-0.003313495,0.003634188,3.291706721,0.072046916,0.476285299
13-09-2019,91052.79639,295.9847622,-0.003313392,0.000890359,3.031172434,-0.054463704,0.468510946
14-09-2019,91004.38851,295.9082502,-0.002925747,0.002955768,2.581365585,-0.242911537,0.463201523
15-09-2019,90957.7002,295.7365615,-0.003745021,0.00763762,2.835449219,-0.870781581,0.47561264
16-09-2019,90827.55811,294.4426371,-0.002481129,0.015605465,3.249210993,-0.898941676,0.481493632
17-09-2019,90741.07601,294.7719644,-0.0025701,0.013866458,2.95243299,-1.015247345,0.485788345
18-09-2019,90759.8291,294.6913999,-0.001531115,0.015873903,2.860795697,-0.079831004,0.458866755
19-09-2019,90824.72575,295.4535351,-0.003068311,0.006721452,2.58719635,0.446449161,0.473642349
20-09-2019,90843.28044,295.9553102,-0.003203019,0.000364381,2.407574972,0.257958611,0.470817566
21-09-2019,90797.23926,296.6148917,-0.004001053,0.000705943,1.331148148,0.070501169,0.460496902
22-09-2019,90864.18018,295.5662187,-0.002486059,0.020069003,0.439865748,-0.491605401,0.469003677
23-09-2019,90877.28402,295.6367448,-0.002600897,0.03183015,0.782005946,-0.967179815,0.470489502
24-09-2019,90799.31917,295.3551127,-0.002514782,0.006541887,0.396016439,-0.11052386,0.458358765
25-09-2019,90906.80794,295.0233657,-0.00277934,0.013195205,-0.274312973,1.711324732,0.487047831
26-09-2019,91220.65153,295.1226406,-0.002829494,7.24E-05,0.362574259,2.204288363,0.486388524
27-09-2019,91343.61491,295.374843,-0.003447349,0.00463261,-0.095727921,0.90813748,0.486676534
28-09-2019,91218.50781,296.1022847,-0.004031148,0.000265878,-1.02358675,1.256375631,0.47551918
29-09-2019,91228.78776,296.0423056,-0.0039676,0.000245392,-1.774721781,1.175615311,0.458433787
30-09-2019,91177.77181,295.8390331,-0.004118058,0.003774196,-1.015141805,1.403498967,0.458953857
01-10-2019,91180.521,295.6881898,-0.003861956,0.014170686,1.011992772,-0.060093522,0.480998357
02-10-2019,91143.32406,295.9773769,-0.004144032,0.005904713,-0.232744853,-0.676309824,0.49389267
03-10-2019,91118.96387,295.5650266,-0.003401465,0.015115666,-0.176869075,0.026994705,0.486367544
04-10-2019,91072.93522,295.3060932,-0.003756911,0.016409993,0.016945521,0.331630111,0.474167506
05-10-2019,91001.55664,295.4954637,-0.003398588,0.010318508,-0.062307994,0.40318342,0.465578079
06-10-2019,91030.64274,295.9876658,-0.00381373,0.002183932,0.512032191,0.396372477,0.480738322
07-10-2019,91065.98503,295.1640498,-0.003558569,0.019160017,0.32559967,-0.319492181,0.472180684
08-10-2019,91021.48307,295.2829304,-0.003446009,0.010129699,-0.102804184,-0.397923152,0.483978907
09-10-2019,90983.69271,295.3572013,-0.003184212,0.011938667,-0.126589457,0.286767642,0.476973216
10-10-2019,91018.78044,295.9069672,-0.003642869,0.001968837,-0.128119151,0.814238469,0.469922384
11-10-2019,90997.76367,295.9367644,-0.003499173,0.00246979,-0.568312963,0.044482827,0.472832362
12-10-2019,91029.02913,296.1817913,-0.003967974,0.004352256,-1.390668233,0.669605255,0.480532328
13-10-2019,91099.19352,296.0519295,-0.004013926,0.007062193,-1.588976145,0.470976233,0.488166173
14-10-2019,91068.4069,296.566459,-0.004379377,0.000828454,-2.33036232,-0.578450004,0.476406733
15-10-2019,91044.37907,295.5829004,-0.003252765,0.006927885,-2.150682449,-0.655614177,0.484100342
16-10-2019,91029.85824,294.5875219,-0.002490019,0.00920006,-2.327583949,-0.90610973,0.468240102
17-10-2019,91040.8278,294.4043433,-0.002409809,0.006181534,-2.385995229,0.427335183,0.475894928
18-10-2019,91030.76318,295.1627604,-0.003103091,0.002215908,-2.034381231,0.9735231,0.482646306
19-10-2019,91072.06038,295.1692149,-0.003222569,0.001732552,-2.025733948,0.628941854,0.477272669
20-10-2019,91041.57259,294.9541168,-0.003090635,0.012583274,-1.578894933,0.10323302,0.47869873
21-10-2019,90940.01904,294.3593216,-0.001869931,0.019632548,-0.571158091,-0.194744786,0.489161174
22-10-2019,90880.22152,293.8323072,-0.001665603,0.007397182,1.528826396,-0.97375222,0.507076263
23-10-2019,90832.18538,294.4375871,-0.00224388,0.015419861,2.402071834,0.366193493,0.500246048
24-10-2019,90932.22477,294.0812537,-0.001645474,0.003032565,2.116116444,1.894663771,0.479676565
25-10-2019,90923.07129,294.508105,-0.003080418,0.001836163,2.200359344,2.624848048,0.471576691
26-10-2019,91034.83317,294.1437149,-0.00270162,0.004163161,0.883110046,1.710720062,0.48039945
27-10-2019,91093.0376,294.8212891,-0.003069418,0.00413537,0.351065556,0.260533969,0.484235128
28-10-2019,91063.71338,294.9476484,-0.003062475,0.001102602,-2.466892242,-0.184310476,0.477075577
29-10-2019,91056.19401,294.1106497,-0.002512281,0.002741152,-3.249750137,-0.773378849,0.474158605
30-10-2019,90978.53597,293.4417178,-0.001694372,0.009204346,-3.298703512,0.685940544,0.488578796
31-10-2019,91012.1945,293.9299221,-0.002129289,0.002932787,-1.099778573,2.258056005,0.488962173
01-11-2019,91047.98568,294.570446,-0.00345986,0.004234838,-1.212244868,0.73801597,0.489083608
02-11-2019,91153.26497,294.9858354,-0.003384328,0.00077635,-1.301119486,0.621053418,0.479509354
03-11-2019,91246.15413,294.9478588,-0.003523968,0.00029327,-1.931651433,-0.380217711,0.465982437
04-11-2019,91235.33903,295.4985231,-0.004332121,2.94E-06,-1.561271667,-0.716931939,0.45091184
05-11-2019,91063.9873,295.6620312,-0.003684495,0.000626382,-1.178756078,-1.227112055,0.441133499
06-11-2019,90936.22119,295.7823976,-0.003183002,0.002240419,0.027460098,-0.587657173,0.441587448
07-11-2019,90933.33512,295.5042216,-0.003474947,0.002280712,0.953659693,-0.837907036,0.447942098
08-11-2019,91027.79346,295.4188156,-0.003179871,0.003875646,0.901978811,-0.70436275,0.454322179
09-11-2019,91046.21696,295.8172944,-0.003417179,0.001026753,-0.532478333,-0.899803797,0.464653015
10-11-2019,91029.31689,295.6827564,-0.00337508,0.000940669,-1.038336436,-0.792691151,0.447036107
11-11-2019,91044.97184,294.9897429,-0.003454959,0.000777373,-2.040009181,-0.314092636,0.438948949
12-11-2019,91132.40853,294.4607531,-0.003585555,2.30E-06,-2.63489151,-0.089339654,0.423992157
13-11-2019,91179.3693,294.4859231,-0.003257286,3.22E-05,-2.886285782,-0.539066712,0.411104838
14-11-2019,91164.55648,294.2408098,-0.002380136,0.002525699,-2.488260269,-0.780604164,0.414113998
15-11-2019,91142.05778,294.8728078,-0.002876779,0.002469748,-1.996224085,-0.236152013,0.428212484
16-11-2019,91164.4904,295.0364596,-0.003157461,0.000347304,-2.42391781,-0.192196012,0.425306956
17-11-2019,91173.62663,295.422725,-0.00408912,0.000123876,-1.96255974,-1.297400872,0.408749898
18-11-2019,91157.03141,295.4213721,-0.002668033,0.001070321,-2.729604006,-0.589943568,0.40301005
19-11-2019,91133.66683,295.6473554,-0.003322885,0.000227258,-2.016325633,-0.522065997,0.395299911
20-11-2019,91080.78125,294.8486926,-0.002389384,0.004579857,-3.083840688,-0.465332945,0.416914622
21-11-2019,91197.51351,294.9672852,-0.003089476,0.001001462,-3.131858548,-0.809023857,0.424595515
22-11-2019,91287.95459,294.1259181,-0.002466637,0.000253096,-2.75979805,-0.960566203,0.413958867
23-11-2019,91239.7124,294.1569106,-0.003082013,4.89E-05,-3.044479211,-0.660973748,0.400430044
24-11-2019,91179.56885,294.0877209,-0.003723589,8.59E-07,-2.715991815,-0.456887563,0.386099497
25-11-2019,91143.75765,294.0293268,-0.003128188,2.11E-05,-3.053804398,-0.599487027,0.373447418
26-11-2019,91052.44922,294.3611355,-0.003551649,5.00E-05,-3.333913167,-0.361802856,0.362386703
27-11-2019,91089.45182,294.7502467,-0.002510503,0.003206217,-3.378150582,-0.729336421,0.37750562
28-11-2019,91122.88883,294.83638,-0.002235024,0.000883031,-3.499451518,-0.356769919,0.379360835
29-11-2019,91153.32487,294.878664,-0.002259044,0.000718477,-3.195456187,-1.009716193,0.37645785
30-11-2019,91108.44808,294.3957329,-0.002171638,0.012041226,-3.62959671,-0.484580358,0.407034556
01-12-2019,91109.81771,293.4381485,-0.00112954,0.013375384,-3.167145411,-0.202818354,0.497735341
02-12-2019,91155.85921,293.5045083,-0.001374554,0.001670647,-3.320719401,0.522677461,0.475176493
03-12-2019,91201.53418,292.4041278,-0.001990004,0.004715747,-3.302192052,-0.69917806,0.485431671
04-12-2019,91299.34733,293.047713,-0.002331055,0.000659749,-4.069002787,-0.652719498,0.46856308
05-12-2019,91384.58854,293.3063952,-0.002432185,0.000245109,-3.226711273,-0.956697941,0.456359863
06-12-2019,91304.57894,292.5714124,-0.002584691,1.81E-05,-3.234852552,-0.792383353,0.444611231
07-12-2019,91267.62858,292.9682395,-0.002138251,0.001615271,-3.114302238,-0.474742214,0.443538666
08-12-2019,91311.26253,293.1825244,-0.00226902,0.001325354,-3.022685766,-0.017389377,0.446121216
09-12-2019,91269.82438,293.1169605,-0.002859307,1.52E-05,-3.193211873,-0.19202888,0.436185201
10-12-2019,91157.47868,292.9317322,-0.002345897,0.000129864,-2.750768026,-0.170743306,0.425567627
11-12-2019,91095.31868,293.4353333,-0.003114166,2.37E-06,-2.173423131,-0.160522302,0.415044785
12-12-2019,91101.10742,293.803449,-0.003065865,3.26E-06,-2.372169177,0.376183589,0.403746287
13-12-2019,91225.71924,294.376091,-0.002803713,5.79E-05,-2.399259766,0.387017568,0.394290924
14-12-2019,91337.04639,293.372057,-0.00190665,0.004012501,-2.688662251,0.048329671,0.413999557
15-12-2019,91233.59456,293.9126434,-0.003013512,3.14E-05,-3.159455299,-0.186891516,0.414107641
16-12-2019,91228.96061,293.9186961,-0.002495295,5.68E-05,-2.650177002,-0.25530378,0.401512146
17-12-2019,91293.7609,293.3988552,-0.002836951,1.68E-05,-3.179374695,-1.382016659,0.389970779
18-12-2019,91310.24984,293.6655769,-0.002545476,3.14E-05,-3.301070054,-0.797880173,0.379664739
19-12-2019,91204.85579,293.2962933,-0.002509743,7.87E-06,-3.179614345,-0.358561873,0.370876948
20-12-2019,91193.69629,293.5955633,-0.002743104,1.34E-05,-2.730062803,0.240761479,0.361978531
21-12-2019,91153.70573,293.8547268,-0.002393259,1.95E-05,-2.911793828,0.490757902,0.354304632
22-12-2019,91169.58838,294.0176799,-0.002886388,2.48E-06,-2.753709475,0.248521884,0.346154531
23-12-2019,91174.81641,293.8263582,-0.00227797,5.59E-06,-2.358793894,0.038198948,0.338932673
24-12-2019,91264.26221,294.4083843,-0.001933274,0.000336021,-2.389690399,0.868352214,0.335224787
25-12-2019,91251.00163,294.7027435,-0.001617995,0.000735282,-2.459742069,0.513431152,0.336478551
26-12-2019,91176.43913,295.2267602,-0.002091885,0.000260651,-1.480396589,0.379560908,0.334347407
27-12-2019,91079.98519,294.905393,-0.0024174,0.000600937,-1.903020501,-0.268517097,0.331951777
28-12-2019,91151.07992,294.0811208,-0.002122231,8.94E-06,-2.761231025,-0.029207389,0.327709834
29-12-2019,91187.3387,293.9308128,-0.002485241,2.26E-05,-2.782735666,0.299514532,0.321018219
30-12-2019,91200.25472,293.9829941,-0.002323311,0.000104649,-2.657745719,0.968388875,0.315272649
01-01-2020,91372.25179,294.5245431,-0.002008094,0.001437873,-2.490546107,1.106597265,0.318421682
02-01-2020,91437.05469,294.9274158,-0.001960053,0.001263839,-1.886879126,1.432979584,0.323940913
03-01-2020,91305.58301,295.9713434,-0.002694204,1.03E-05,-0.927505891,1.367704391,0.320680618
04-01-2020,91160.13721,296.413744,-0.002602588,6.57E-06,-0.201324821,0.568834742,0.312725067
05-01-2020,91186.74186,296.2555154,-0.00253737,0.000428655,-1.910441558,1.027611415,0.306884766
06-01-2020,91368.4502,295.0315673,-0.001735016,0.000482085,-3.229775707,0.735965093,0.30569458
07-01-2020,91327.5734,294.6024151,-0.001831711,0.000113502,-3.047063033,0.888755163,0.302858353
08-01-2020,91258.54281,294.9640484,-0.002774099,3.89E-06,-2.023826599,0.892731984,0.29712677
09-01-2020,91219.84814,295.5032247,-0.002580388,7.16E-06,-1.877009074,0.443751653,0.291297277
10-01-2020,91265.96045,294.5946757,-0.002388267,8.64E-07,-3.319811503,0.184144338,0.286437352
11-01-2020,91331.16211,293.6940123,-0.002261408,6.26E-07,-3.114469528,-0.337624232,0.282405217
12-01-2020,91238.29671,294.3209114,-0.002078498,2.03E-06,-2.734973709,-0.152161956,0.279097239
13-01-2020,91126.25439,295.0365276,-0.002373191,1.70E-06,-1.630026499,-0.124133984,0.275829315
14-01-2020,91123.0402,294.1834717,-0.002341273,5.66E-07,-2.035757701,0.259865443,0.27273941
15-01-2020,91148.94922,293.4161733,-0.002360509,2.31E-06,-2.522126516,0.613355835,0.269921621
16-01-2020,91157.20752,293.7732073,-0.002097311,2.31E-06,-1.812647859,1.025714795,0.267552058
17-01-2020,91191.90218,294.7485568,-0.002224744,1.15E-05,-2.25393633,1.379414082,0.265357971
18-01-2020,91205.26709,295.4374555,-0.001501799,0.000187881,-2.793473125,1.396773418,0.264844894
19-01-2020,91285.36605,295.8553988,-0.001792716,7.72E-06,-2.386405945,0.889693062,0.263882319
20-01-2020,91344.09798,295.7501755,-0.002046036,3.84E-06,-2.528348525,0.180167516,0.262130737
21-01-2020,91431.26628,294.529014,-0.002094541,8.52E-07,-3.319338322,-0.003173232,0.260449092
22-01-2020,91423.39681,294.6988742,-0.001803683,9.88E-06,-3.423901478,0.41301318,0.25916036
23-01-2020,91361.4432,294.7147643,-0.001718219,1.72E-06,-3.007019679,0.359554927,0.258148829
24-01-2020,91340.34001,294.5048885,-0.002144888,0,-2.704711914,-0.294298172,0.256832123
25-01-2020,91324.74349,294.1238397,-0.002163962,0,-2.534399668,-0.152234475,0.255708694
26-01-2020,91214.92529,295.3720798,-0.001995505,3.43E-06,-2.149470011,0.04618454,0.254821142
27-01-2020,91156.55973,296.0795523,-0.001957138,8.52E-07,-1.693335851,1.52378273,0.254095078
28-01-2020,91247.53044,295.9441465,-0.001759925,1.24E-05,-0.057687759,1.873774648,0.253586451
29-01-2020,91287.42529,296.495121,-0.001841795,2.57E-06,-0.819747289,1.510937532,0.253089269
30-01-2020,91190.16032,296.8920657,-0.001929054,8.55E-07,-0.40296642,1.218250871,0.252637227
31-01-2020,91094.71973,296.816419,-0.001829634,4.35E-07,-1.191593329,1.624258478,0.252264659
01-02-2020,91199.24837,295.9743239,-0.001572625,4.67E-06,-2.094933828,1.970225016,0.252031962
02-02-2020,91383.71859,295.2360477,-0.001332703,5.19E-06,-2.828648249,1.389627457,0.251911163
03-02-2020,91343.77181,294.9925048,-0.001680124,6.57E-06,-2.896417419,0.719317118,0.251795451
04-02-2020,91228.84782,294.9875774,-0.001635781,5.43E-06,-2.527479172,1.306609472,0.251661936
05-02-2020,91252.69287,295.6733812,-0.001409112,8.82E-07,-2.029425303,0.931242903,0.251562119
06-02-2020,91224.70085,295.8815905,-0.001429511,1.30E-06,-1.118745764,1.373161832,0.251441956
07-02-2020,91279.46956,296.2475427,-0.001367163,1.00E-05,-0.534948985,1.817510049,0.251350403
08-02-2020,91295.56201,296.1897367,-0.001396932,8.52E-07,0.075250626,1.273258845,0.251319249
09-02-2020,91308.92139,295.6175976,-0.001153087,4.95E-05,-2.564383626,1.683135986,0.251481374
10-02-2020,91309.3737,295.2112103,-0.001342351,5.63E-06,-3.442166011,0.843390783,0.251588821
11-02-2020,91369.7238,295.007321,-0.001319107,1.03E-05,-3.811733882,0.565220515,0.25148201
12-02-2020,91475.29378,295.4843305,-0.001347143,1.25E-05,-2.942920685,0.594730496,0.25145785
13-02-2020,91369.73307,295.6201871,-0.001551893,3.49E-06,-2.466591517,-0.395211697,0.251335144
14-02-2020,91227.75049,296.2399451,-0.001520069,2.57E-06,-1.034192403,-0.677025477,0.251197815
15-02-2020,91232.54232,296.603014,-0.001631167,8.58E-07,-2.00110968,-0.185081561,0.251078924
16-02-2020,91332.32617,295.9917253,-0.001650733,1.29E-06,-2.822111964,-0.116422017,0.250979106
17-02-2020,91398.19206,295.1026618,-0.001613654,8.52E-07,-2.777406255,-0.24557813,0.250917435
18-02-2020,91349.19678,295.4009094,-0.001439733,0,-2.823501587,0.336167018,0.250869115
19-02-2020,91280.27376,295.5752449,-0.001402081,1.72E-06,-2.840896606,0.275177558,0.250839869
20-02-2020,91288.65446,295.1804638,-0.001456423,8.64E-07,-2.98539861,0.429726958,0.250820796
21-02-2020,91440.56868,295.6037197,-0.001455213,9.14E-06,-2.748544057,0.506339312,0.250838598
22-02-2020,91486.12044,296.044185,-0.001305069,1.70E-05,-3.131299734,0.474796653,0.250867844
23-02-2020,91376.97412,296.2147891,-0.001278744,5.02E-06,-2.923518499,0.751037041,0.25089709
24-02-2020,91186.40186,296.4213702,-0.001316635,4.08E-06,-2.502072016,1.157470783,0.25088501
25-02-2020,91086.40495,297.2129625,-0.001380874,2.57E-06,-1.76983734,1.151281158,0.250844955
26-02-2020,91133.05306,297.560147,-0.00114741,2.94E-06,-2.521326065,0.716790835,0.250813802
27-02-2020,91159.25863,297.1664651,-0.001132031,0,-2.578169505,0.32811145,0.250790914
28-02-2020,91076.46436,296.8233267,-0.00113955,2.58E-06,-2.953476588,0.834500869,0.250773748
29-02-2020,91075.37988,297.1807569,-0.00129131,2.14E-06,-2.390295029,0.672725558,0.250752131
01-03-2020,91087.64941,297.0981248,-0.001137394,7.75E-08,-2.449378332,0.980817795,0.250742594
02-03-2020,91163.17415,296.6124427,-0.00091983,0.000241268,-0.487603505,1.042660991,0.251796087
03-03-2020,91139.27783,298.1009515,-0.001190558,0.000171686,-0.068401337,0.821013451,0.252861659
04-03-2020,91080.17448,298.1301994,-0.001336183,0.000546083,0.198111614,-0.335580707,0.25471433
05-03-2020,91025.68701,297.7712981,-0.001265883,0.000787079,0.299143632,1.90265278,0.257941564
06-03-2020,91080.15234,297.5581888,-0.001384876,0.001160228,-0.054513931,1.975835562,0.264732997
07-03-2020,91180.19759,297.4685383,-0.001445254,0.000973618,-0.618086497,1.730051478,0.269025167
08-03-2020,91131.23812,297.9451796,-0.001374792,0.000394252,-1.498408635,1.779079874,0.269719442
09-03-2020,91055.39323,298.0909481,-0.001372576,0.000345397,-1.330679576,1.292348226,0.268220266
10-03-2020,91070.96061,298.6703568,-0.001437984,0.000138178,-1.237001419,1.264925003,0.266212463
11-03-2020,91117.48828,298.9595229,-0.001621181,1.72E-06,-0.589968999,2.130142848,0.263020833
12-03-2020,91205.95719,298.7926458,-0.001530968,-1.19E-08,-1.190413157,1.662014643,0.259943008
13-03-2020,91203.96517,298.5620454,-0.001536844,0,-1.970008254,1.48186334,0.25753212
14-03-2020,91106.22917,298.5045878,-0.001514463,3.43E-06,-2.073165258,0.871926546,0.255674362
15-03-2020,91108.21419,298.6176675,-0.001451777,7.75E-06,-2.642085393,0.84475263,0.254324595
16-03-2020,91232.05713,298.6324329,-0.001350338,8.64E-07,-2.339151382,1.218874375,0.253303528
17-03-2020,91320.13786,298.2864068,-0.001255481,4.90E-06,-2.901316325,1.994756619,0.25260671
18-03-2020,91258.70296,299.1602211,-0.001403477,8.55E-07,-2.385737618,1.680606842,0.252047857
19-03-2020,91179.00472,299.7914028,-0.001382725,1.72E-06,-0.567770958,1.530439496,0.251593908
20-03-2020,91179.58545,298.1450717,-0.001425333,0.003277671,0.30359904,1.164993683,0.271306992
21-03-2020,91131.28857,299.6484833,-0.001842419,3.85E-06,-0.040310542,0.623328646,0.284817378
22-03-2020,91146.50716,298.7847055,-0.001422508,0.000390828,-0.430316607,1.658489505,0.280142466
23-03-2020,91115.59684,297.3745257,-0.001442286,0.008637983,-0.96576937,1.348398646,0.333838781
24-03-2020,90950.25374,299.1164341,-0.003028819,0,-1.901512146,0.692390283,0.363512675
25-03-2020,91010.32275,298.4490223,-0.002793031,0,-1.928378423,1.297699968,0.335549672
26-03-2020,91071.27067,298.5667953,-0.002406145,0,-2.634492874,0.671278596,0.314747492
27-03-2020,91210.37842,298.1560529,-0.002170972,8.64E-07,-2.380430222,0.96614329,0.299184163
28-03-2020,91102.08691,298.3388958,-0.002034167,8.55E-07,-2.565354665,0.451150656,0.28749911
29-03-2020,91049.02555,299.0480817,-0.001821768,8.67E-07,-2.562286377,0.854310433,0.278814316
30-03-2020,91093.18604,299.1121241,-0.001686531,0,-2.477292379,0.675154885,0.272383372
31-03-2020,91155.27148,299.3928986,-0.001600656,1.30E-06,-2.975245794,0.889465094,0.267264684
01-04-2020,91084.93717,300.2377822,-0.001569258,0,-2.80006218,0.89073054,0.263024648
02-04-2020,91000.22493,300.5181376,-0.001466315,2.15E-06,-2.018228531,1.407620748,0.259599686
03-04-2020,91059.59229,300.1683133,-0.001375298,8.54E-07,-1.952383677,1.454573949,0.257000605
04-04-2020,91139.44043,299.9983133,-0.001357185,1.71E-06,-1.592382431,1.589220961,0.25511233
05-04-2020,91223.21696,300.7168744,-0.001196723,9.01E-05,-0.546744029,1.428745031,0.25387001
06-04-2020,91192.80273,299.6441975,-0.001352981,0.002514422,0.49163119,0.026542664,0.266305288
07-04-2020,91145.16683,298.1193231,-0.001553981,0.011404309,0.887125651,0.255907138,0.346217473
08-04-2020,91181.40869,297.3315608,-0.002445912,0.010310221,0.128042221,-0.224493663,0.439339956
09-04-2020,91146.33952,298.1279519,-0.003263221,0.002274275,-0.389039358,0.501588146,0.432411194
10-04-2020,91181.49772,298.6235104,-0.003373412,0.000185419,-1.467313766,1.174665054,0.398942312
11-04-2020,91259.22054,298.6168073,-0.003572389,8.58E-05,-2.003449758,0.90222168,0.366373062
12-04-2020,91176.92041,298.9544347,-0.003158474,2.63E-06,-2.171207428,0.345495224,0.340778351
13-04-2020,91056.57454,299.3987923,-0.003253947,1.28E-06,-2.432856242,0.043897629,0.318991343
14-04-2020,91113.17871,299.2192752,-0.002911085,0,-2.98409462,0.40578715,0.301272074
15-04-2020,91149.69222,299.372371,-0.002508297,8.58E-07,-1.703374227,0.959109068,0.288553238
16-04-2020,91045.73503,300.3275261,-0.002120487,8.58E-07,-1.116937637,1.000056187,0.279963175
17-04-2020,91015.93132,300.7422047,-0.001887598,1.35E-06,-1.743638992,1.008412043,0.27351443
18-04-2020,91052.96289,300.6140334,-0.001645466,9.38E-06,-1.508106867,0.910481135,0.268597921
19-04-2020,91018.23551,300.2766132,-0.00152461,2.00E-05,-2.194365184,0.992759784,0.264616648
20-04-2020,91027.46484,300.0583553,-0.001517287,5.62E-06,-2.301568985,1.330130498,0.261297226
21-04-2020,91042.12988,300.3524958,-0.001549242,8.52E-07,-1.065895716,1.055071354,0.258359909
22-04-2020,91000.4458,301.2939936,-0.001389829,8.96E-06,-0.321418762,1.474416256,0.256089528
23-04-2020,90959.60465,302.3123652,-0.001300474,1.83E-06,-0.729511897,0.393203338,0.254400889
24-04-2020,90992.2583,299.3199717,-0.001314064,0.009258503,0.89563179,0.363416672,0.317152023
25-04-2020,91010.15755,298.6743488,-0.002393835,0.010618526,0.920584361,0.123804728,0.410442988
26-04-2020,91052.33887,299.1762142,-0.003393415,0.002096355,0.360278447,0.825717926,0.419900894
27-04-2020,91122.08366,299.4950695,-0.003078086,0.00016129,1.035384496,0.335309426,0.392260234
28-04-2020,91018.78743,299.4523773,-0.002972569,9.84E-05,-0.447522481,1.262463848,0.362023671
29-04-2020,91075.40804,297.6127243,-0.001935029,0.001726142,0.6387736,0.429122686,0.359242757
30-04-2020,91096.35758,299.3777523,-0.002605064,0.000129533,-0.856835047,0.452008645,0.342708588
01-05-2020,91019.45915,300.124183,-0.002617737,8.58E-07,-0.111540476,-1.217105865,0.322603226
02-05-2020,90919.17904,300.6143659,-0.002408758,0.000164413,-0.119633993,-0.467164914,0.306838989
03-05-2020,90942.07227,300.9448579,-0.002165856,8.52E-07,-1.246128718,0.172624509,0.29484876
04-05-2020,91032.51693,300.8403276,-0.001882128,3.87E-06,-0.705500285,0.358612458,0.285277049
05-05-2020,90972.81494,301.0036176,-0.001809573,-2.40E-08,-0.941459656,0.915081183,0.277907689
06-05-2020,90938.39535,301.2333755,-0.001594476,3.93E-06,-0.996178945,0.875711362,0.272054672
07-05-2020,90971.66715,300.4073257,-0.001359599,3.67E-05,-0.632005056,-0.026763916,0.267672221
08-05-2020,90968.46598,300.8163567,-0.001343748,8.29E-07,-0.970237096,0.576375326,0.264036814
09-05-2020,90950.55241,301.1105175,-0.001291689,2.92E-05,-1.747793833,0.779642105,0.260960897
10-05-2020,90943.80062,301.0292886,-0.001350544,8.58E-07,-1.483344316,0.667700052,0.258238475
11-05-2020,90952.54004,300.3022073,-0.001095775,1.69E-05,-2.156085332,0.387953043,0.256260554
12-05-2020,90898.54704,299.9452998,-0.0010897,8.52E-07,-2.065905889,0.507888198,0.25483195
13-05-2020,90846.96891,300.3247649,-0.001032501,2.82E-05,-0.646571477,1.192597071,0.253823598
14-05-2020,90776.61719,301.1444963,-0.001041453,1.65E-06,-1.573992411,0.35316364,0.252915064
15-05-2020,90671.11475,301.314401,-0.001068104,3.27E-05,-0.9955012,-0.249224106,0.252295176
16-05-2020,90687.84066,300.8920415,-0.000986336,0.00033465,0.399708947,-1.308643937,0.252817154
17-05-2020,90615.37565,299.3620059,-0.001138565,0.007358724,1.587781787,-1.88262403,0.283196767
18-05-2020,90531.54769,298.9869804,-0.002405827,0.001424015,3.473608017,-1.223543326,0.344234467
19-05-2020,90534.74316,298.9913038,-0.001865312,0.000561595,4.334141413,-0.811439276,0.332051595
20-05-2020,90625.77376,299.3846289,-0.001935903,0.000251168,3.18958346,-0.525105317,0.318031311
21-05-2020,90756.15804,299.7179502,-0.001690678,0.000141442,2.484766006,-0.188978672,0.3044885
22-05-2020,90804.17122,300.3702297,-0.001378519,1.07E-05,2.096888224,-0.48699375,0.293641408
23-05-2020,90802.78532,301.2566255,-0.001342958,0,1.655315399,-0.450326761,0.284568151
24-05-2020,90885.96484,300.8560098,-0.001224944,0.0001882,1.518450419,-0.351056218,0.278622945
25-05-2020,90947.69596,301.0362536,-0.001074595,1.15E-05,1.594832102,-0.335465749,0.274190267
26-05-2020,90951.07975,300.0032215,-0.00121003,0.001367835,1.604510625,-0.383238951,0.276812871
27-05-2020,90887.51742,300.0807139,-0.001390751,0.000889766,2.07709376,-0.292418242,0.283682505
28-05-2020,90824.39925,300.1203556,-0.001245515,0.000504966,2.244570414,-0.200066646,0.28213946
29-05-2020,90822.58887,299.4512704,-0.001499686,0.003663212,1.845759074,0.007776658,0.295211156
30-05-2020,90900.19743,298.3264472,-0.001819631,0.017003107,0.151247025,0.102122625,0.391043981
31-05-2020,90967.97852,298.257377,-0.003387125,0.001335734,0.795686722,1.281393647,0.423404694
01-06-2020,90977.84766,297.0036831,-0.002635679,0.011198923,1.501911799,1.390971939,0.445781708
02-06-2020,90911.21143,296.2992191,-0.002268969,0.000992094,2.867574056,2.601865053,0.434791565
03-06-2020,90864.67741,297.4252701,-0.002625218,0.000689822,3.658528646,2.478562276,0.409893672
04-06-2020,90896.64958,297.1984844,-0.002656488,0.00150063,3.589586894,1.64250501,0.395038605
05-06-2020,90902.06087,297.2478676,-0.002686165,0.003433943,3.304703395,0.647397677,0.398014069
06-06-2020,90876.15804,296.747249,-0.002929525,0.011159336,3.247599284,0.147565087,0.443067551
07-06-2020,90827.38916,296.7369308,-0.003144113,0.00203082,3.545510252,0.239619652,0.444463094
08-06-2020,90798.72591,297.7897619,-0.003314106,0.000332355,3.29412969,-0.734123667,0.416760127
09-06-2020,90761.94076,296.9974518,-0.002361589,0.001485872,3.48010699,-0.854424318,0.399944941
10-06-2020,90663.38005,296.7075036,-0.002273982,0.003441978,4.097860972,-0.72054855,0.411170959
11-06-2020,90545.77002,295.5254237,-0.001888502,0.003848165,4.527891159,-0.086532752,0.42974027
12-06-2020,90506.38428,296.3115056,-0.002850864,0.000670336,5.415811539,1.220794678,0.420747121
13-06-2020,90581.30859,296.3389848,-0.00235728,0.002265036,4.528242747,1.766957402,0.409706752
14-06-2020,90702.66813,297.1806698,-0.002677095,0.001928943,5.278178533,1.208847682,0.412886937
15-06-2020,90669.31787,297.5870349,-0.002545093,0.000204486,4.814146678,1.153487206,0.394283295
16-06-2020,90638.21566,297.1298993,-0.002210099,0.00038539,4.578941345,1.626583735,0.37863032
17-06-2020,90721.36605,296.6067975,-0.001704823,0.000573976,4.857355118,1.614229202,0.368524551
18-06-2020,90854.33545,296.7487113,-0.001886989,0.00091397,4.770914714,0.594746272,0.364460627
19-06-2020,90870.68945,297.1715088,-0.002347564,0.001982806,4.176205317,-0.285238743,0.365610123
20-06-2020,90836.93343,297.7635625,-0.002378825,0.000244409,4.08158048,-0.354836901,0.359905243
21-06-2020,90750.87142,296.5977643,-0.00221792,0.002717062,4.038908005,-0.16901652,0.363721212
22-06-2020,90683.89876,295.8224169,-0.001928438,0.003219932,4.002805074,-0.044212977,0.381796519
23-06-2020,90771.81217,297.0885156,-0.00298826,0.002292693,3.123163859,0.201750437,0.390403748
24-06-2020,90741.9917,296.9714839,-0.002842423,0.006952763,2.126929601,0.313633839,0.405234019
25-06-2020,90594.14258,296.5284042,-0.003000991,0.02757008,0.744138082,0.15411667,0.462099075
26-06-2020,90603.80924,296.262455,-0.002933316,0.012255096,1.402070363,0.766262054,0.494693756
27-06-2020,90667.34017,297.0291761,-0.003584037,0.000353962,2.567697525,0.67828687,0.46562322
28-06-2020,90646.26497,296.3972797,-0.002454977,0.00450038,2.167861303,0.032740911,0.469252904
29-06-2020,90589.74365,296.364652,-0.002804089,0.003519511,2.650735219,0.593224168,0.472271601
30-06-2020,90605.9375,296.4801013,-0.003016948,0.000599116,3.470851898,0.511935989,0.45889918
01-07-2020,90689.18929,295.8006293,-0.002819337,0.005478204,3.4431928,0.584147771,0.461835225
02-07-2020,90679.08268,294.8124682,-0.002260845,0.008663141,4.039152781,0.479505936,0.464612961
03-07-2020,90641.68604,294.8079052,-0.00289849,0.021899337,4.242968321,0.406443437,0.486144384
04-07-2020,90618.24544,294.467495,-0.002043074,0.004760775,4.350733042,1.351941387,0.483902613
05-07-2020,90596.6084,295.9401417,-0.0026352,0.001181713,4.57596906,1.154184341,0.474533081
06-07-2020,90639.00163,296.0417385,-0.002388308,0.000878823,4.155860305,0.687133789,0.461653392
07-07-2020,90793.62891,296.0566597,-0.002500432,0.001732916,3.842420101,1.019512574,0.456754049
08-07-2020,90859.55257,295.4338449,-0.002605771,0.014134049,3.361736933,0.28891023,0.462482452
09-07-2020,90780.31836,294.9777101,-0.002519797,0.013368279,2.970225652,0.019661188,0.484504064
10-07-2020,90806.54655,295.3970121,-0.002556399,0.004088002,3.186443965,0.418754697,0.443363825
11-07-2020,90762.96094,295.8913701,-0.003022326,0.00640026,2.574630737,0.243407369,0.465894699
12-07-2020,90713.646,295.9173177,-0.003344519,0.003598663,2.917355855,-0.126860857,0.479499817
13-07-2020,90660.229,295.4346968,-0.002513825,0.002259305,3.291625341,-0.378928502,0.474023183
14-07-2020,90625.07487,295.2989178,-0.00239335,0.008550537,3.741400401,-0.471450925,0.47938029
15-07-2020,90608.92757,294.843291,-0.002402717,0.022450066,4.165948232,0.88528649,0.480250676
16-07-2020,90547.84733,294.7392693,-0.002268778,0.005779603,3.615896861,1.533121586,0.475332896
17-07-2020,90621.41162,294.461647,-0.002155905,0.006461266,4.371255239,1.025793711,0.499605815
18-07-2020,90757.41797,295.2214642,-0.002400515,0.008988336,2.541015625,0.506482124,0.49215126
19-07-2020,90749.59163,296.0271575,-0.002719472,0.006845206,1.633845011,-0.22248141,0.495885213
20-07-2020,90640.5057,296.2113908,-0.003039084,0.004400821,0.725348949,1.675282637,0.495503743
21-07-2020,90729.60449,296.674661,-0.003903334,6.81E-05,1.567928314,1.499111851,0.47691981
22-07-2020,90744.88558,297.5089283,-0.004043623,0.000448555,0.046904246,1.197944959,0.457536697
23-07-2020,90744.86051,296.5181204,-0.003435345,0.013273329,0.518176397,0.384674946,0.468812943
24-07-2020,90794.44743,295.3074875,-0.002156602,0.031095737,2.263652802,1.037733714,0.439517975
25-07-2020,90935.04232,295.7838847,-0.003406656,0.005797744,2.6639932,1.164547602,0.444873174
26-07-2020,91000.63298,295.6313388,-0.002889102,0.001980603,2.996421814,0.338700136,0.481969198
27-07-2020,90902.76302,295.533886,-0.003075354,0.002317095,3.038244883,-0.81518658,0.470573425
28-07-2020,90716.12484,295.6727537,-0.002830021,0.006962799,2.554696401,-1.368530432,0.486448288
29-07-2020,90651.16797,294.3809452,-0.001520406,0.006644626,2.309892972,0.474747578,0.493564606
30-07-2020,90657.66406,295.4855645,-0.002635831,0.001687273,3.292445461,0.476866047,0.491261164
31-07-2020,90652.39795,295.6431255,-0.003097717,0.002901716,3.050045649,0.807425936,0.483852386
01-08-2020,90711.47852,295.8013185,-0.002885595,0.000221646,3.667150497,1.252712011,0.472208659
02-08-2020,90689.19222,294.94638,-0.002621312,0.009690806,4.533824563,1.157310804,0.474098206
03-08-2020,90581.84684,294.7003187,-0.002724782,0.008228913,5.212029775,0.901551565,0.491340637
04-08-2020,90447.08545,294.0314414,-0.002671208,0.011325503,5.57339414,1.330142339,0.45024236
05-08-2020,90318.68783,294.7192879,-0.003239067,0.009793937,6.567498525,1.514044126,0.492217382
06-08-2020,90526.65218,295.7251205,-0.003270702,0.006474905,5.908328374,1.099768798,0.479994456
07-08-2020,90772.21794,295.6496785,-0.001787314,0.000610948,4.970542908,0.391505122,0.463813782
08-08-2020,90789.17562,294.7745247,-0.002368694,0.043017343,4.295524597,-0.225609899,0.469184875
09-08-2020,90717.48047,294.1443526,-0.001855614,0.019988198,3.916442871,-0.071009318,0.461079915
10-08-2020,90766.43799,294.6850287,-0.002185711,0.00493365,4.207153956,0.687492649,0.437766393
11-08-2020,90881.17627,295.2909082,-0.003136483,0.004575753,4.215279261,0.156543811,0.45676295
12-08-2020,90942.0236,295.4473413,-0.002658824,0.000772345,4.624378204,0.214557807,0.462274551
13-08-2020,90750.72201,295.6565075,-0.002398602,0.000240448,4.280371984,-0.111140052,0.448396683
14-08-2020,90676.12809,295.4839846,-0.002504424,0.00032205,4.563536565,0.817057292,0.43813769
15-08-2020,90742.31673,295.1564776,-0.002309779,0.000217378,4.772716681,0.946127733,0.429847082
16-08-2020,90758.82292,295.0379391,-0.002186581,0.001189336,4.867911021,0.604451696,0.427669525
17-08-2020,90726.75407,295.1766802,-0.003078731,0.003583327,4.422140757,0.795540333,0.442607244
18-08-2020,90778.01025,295.2497209,-0.002462377,0.000799203,4.178166072,-0.071501056,0.445551554
19-08-2020,90699.95785,295.5657775,-0.002009549,0.000288847,3.79501152,-0.371461987,0.436007182
20-08-2020,90717.93506,295.225839,-0.002536406,0.001361482,3.768815994,0.338876367,0.431465149
21-08-2020,90885.4528,295.8338865,-0.002778579,0.000653741,3.197430929,0.707628489,0.427700043
22-08-2020,90943.31559,296.0358938,-0.003237065,0.001655904,2.745572408,0.234264294,0.423393885
23-08-2020,90926.74561,296.0053005,-0.002902272,0.000858262,2.703151703,0.295277913,0.421946843
24-08-2020,90954.43001,296.08723,-0.00254755,4.85E-05,2.224409739,0.48728017,0.413496017
25-08-2020,91023.75016,296.9693235,-0.004364645,1.28E-06,1.865166982,-0.709353487,0.398941676
26-08-2020,90980.06331,296.6608785,-0.003773065,0.000249091,1.652291616,-0.90350612,0.386280696
27-08-2020,90873.96501,295.7086112,-0.003299445,0.000143066,2.436807116,-0.582326969,0.376993815
28-08-2020,90819.83724,296.1735477,-0.003980985,8.97E-07,2.508616289,-0.494045854,0.365781148
29-08-2020,90829.09928,296.3729757,-0.00356091,6.25E-05,2.778249741,0.041498582,0.355629603
30-08-2020,90898.47314,296.463913,-0.003626822,0.001991707,2.341228485,-0.409148534,0.356031418
31-08-2020,90931.89925,296.3599904,-0.003313201,0.001489598,1.812470754,-1.307453394,0.366366704
01-09-2020,90901.93197,295.8406385,-0.002814115,0.012827158,1.157157898,-1.853922327,0.422689438
02-09-2020,90805.53125,295.3241628,-0.002489628,0.008433163,-0.30888621,-0.769736409,0.478291829
03-09-2020,90790.88444,295.375323,-0.002956213,0.006997675,-1.042970657,0.766406894,0.4814593
04-09-2020,90772.00439,295.9566428,-0.003091382,0.005311929,-1.126670837,0.82910502,0.481884638
05-09-2020,90730.12467,295.9943835,-0.002927851,0.004162341,-0.794589361,0.362915039,0.482772827
06-09-2020,90707.32292,296.331459,-0.003379643,0.006782774,-0.665382385,1.183946172,0.466637293
07-09-2020,90810.68343,296.2173653,-0.003846275,0.002235645,3.095288595,1.413382371,0.460746765
08-09-2020,90807.55078,296.1287657,-0.003925841,0.005281243,1.325020472,0.736915588,0.480367661
09-09-2020,90699.31478,295.5869815,-0.003120068,0.008150977,1.834217072,0.764663021,0.492154439
10-09-2020,90632.48242,294.4848137,-0.002923728,0.007162288,3.255655924,1.752041101,0.477876027
11-09-2020,90720.50911,294.4762987,-0.002534199,0.01208666,3.935780207,2.007136265,0.480232875
12-09-2020,90876.66667,294.1589794,-0.00236588,0.007410467,4.079470317,1.236473799,0.485694885
13-09-2020,90878.39648,293.849563,-0.002227446,0.016748846,4.091978073,0.260763725,0.477773031
14-09-2020,90777.15316,294.5527623,-0.002487082,0.001450244,4.19830068,-0.199694951,0.471824646
15-09-2020,90765.38444,294.7918803,-0.002997695,0.012335259,3.801781336,0.304505666,0.483047485
16-09-2020,90815.04655,295.2832286,-0.002708452,0.001446247,3.702416738,0.3951238,0.483911514
17-09-2020,90842.34408,295.5250785,-0.003406411,0.001932386,3.840600332,0.352046331,0.478350321
18-09-2020,90702.36816,295.237388,-0.002999412,0.004125304,4.340581258,-0.301431656,0.487604141
19-09-2020,90507.80339,294.3924185,-0.002440048,0.013845953,4.756827037,0.762498736,0.485731761
20-09-2020,90506.17269,293.662391,-0.00210217,0.008200754,5.357054392,1.569124222,0.470699946
21-09-2020,90537.5791,294.2017288,-0.002949962,0.010709143,5.685464859,2.280583342,0.488672892
22-09-2020,90653.67188,295.1292381,-0.003923418,0.000202963,5.230235418,1.511834542,0.480394999
23-09-2020,90844.36735,295.3976021,-0.003762648,5.64E-05,3.926279704,1.070869764,0.462666194
24-09-2020,90992.7583,295.4988645,-0.003252383,0.0036342,2.478167216,0.713433743,0.465803146
25-09-2020,90928.73551,295.5912526,-0.003440212,0.007336679,2.714664459,0.813848495,0.478134791
26-09-2020,90932.63053,294.7078527,-0.002153017,0.000998706,2.898035685,0.352671663,0.477436066
27-09-2020,90955.12614,295.0491505,-0.003046693,0.000179398,2.343367894,-0.860581994,0.465084076
28-09-2020,90926.22835,295.5680593,-0.003731851,0.000588834,2.148838043,-1.334780971,0.453390121
29-09-2020,90856.38118,294.6815688,-0.002872227,0.017095759,2.599153519,-0.962409973,0.47779274
30-09-2020,90810.23828,294.212883,-0.002187742,0.005865204,3.125898361,-0.464211146,0.464213053
01-10-2020,90825.19238,295.1994317,-0.003330356,0.00061053,2.676350276,-1.32851994,0.435873667
02-10-2020,90843.80827,295.6592655,-0.003718367,0.000794291,2.709351222,-0.711168408,0.437287649
03-10-2020,90914.52718,295.8752371,-0.003834803,0.000718933,3.299701055,-0.584488551,0.432273865
04-10-2020,90981.86572,295.131169,-0.003342577,0.000705048,3.551485697,-0.881665071,0.426959356
05-10-2020,90906.5555,295.4911652,-0.003537172,0.000794768,2.431432724,-1.489045461,0.422019958
06-10-2020,90886.78434,296.3460471,-0.004004123,0.000378105,1.807126363,-1.029374043,0.413005829
07-10-2020,90917.84326,296.2911657,-0.003732488,0.000303105,1.857192357,-1.130346378,0.403259277
08-10-2020,90878.27555,296.6227798,-0.00370067,0.000411624,1.167230606,-0.443478703,0.393445333
09-10-2020,90889.46257,296.3835951,-0.003338162,0.001814967,1.390686035,-0.237251918,0.390616099
10-10-2020,90806.84749,295.2848428,-0.002652667,0.0144272,2.049528122,-0.779738466,0.438060125
11-10-2020,90650.97965,293.8439458,-0.002072956,0.010181317,3.399086634,0.251262228,0.500015895
12-10-2020,90471.66097,294.2302189,-0.002664726,0.011148099,3.395531972,0.900737286,0.492872238
13-10-2020,90453.486,294.3612925,-0.002402566,0.00206374,4.640194257,0.674241662,0.496508916
14-10-2020,90566.07015,294.334156,-0.003788584,0.000199035,4.752914429,1.979635874,0.474642436
15-10-2020,90629.8693,295.0642395,-0.003192248,6.04E-05,3.606499155,1.869355281,0.461906433
16-10-2020,90668.90039,295.0466201,-0.003101779,0.000707272,2.298016628,0.722896854,0.454830805
17-10-2020,90766.50618,295.5576928,-0.003862288,3.88E-06,1.114809672,-0.034164031,0.443447749
18-10-2020,90829.02962,295.725474,-0.00297166,0.002943075,1.178317388,-0.806683024,0.440352122
19-10-2020,90780.76676,295.2896805,-0.002926858,0.007946259,1.717717489,-1.266005675,0.481719335
20-10-2020,90779.98535,294.6813908,-0.002294968,0.0092251,2.206611633,-1.256794453,0.492601395
21-10-2020,90814.96549,293.9231211,-0.002112977,0.011281717,2.1760451,-0.967933377,0.463614146
22-10-2020,90808.48193,294.1664645,-0.001712043,0.003928745,2.85801061,0.548203985,0.479476293
23-10-2020,90861.92204,294.0072969,-0.002081455,0.008551753,2.604929805,0.57833298,0.486686707
24-10-2020,91016.97803,292.9956907,-0.001817756,0.018998802,1.290835698,0.36208276,0.455543518
25-10-2020,91067.20296,295.3462779,-0.003301057,0.000579197,-0.02882568,-0.169270674,0.448816935
26-10-2020,91092.38118,295.3537687,-0.003469413,0.000403747,-1.005430857,-1.013287226,0.442740758
27-10-2020,91066.40088,294.7877185,-0.004306402,5.87E-06,-1.377043406,-1.564325611,0.42997996
28-10-2020,91122.59082,294.2642873,-0.004075545,0,-1.358675003,-1.863572439,0.416931152
29-10-2020,91130.47363,294.3005225,-0.004128075,1.80E-05,-1.918675741,-1.970112006,0.405166626
30-10-2020,91091.5555,294.1727301,-0.004340742,3.44E-06,-1.898492773,-1.049894293,0.393212001
31-10-2020,91112.54232,295.0401878,-0.003406912,0.00017913,-1.110580444,-0.743139267,0.385131836
01-11-2020,91154.03418,295.8297717,-0.00341405,0.000115871,-1.093882243,-0.623485565,0.378605525
02-11-2020,91218.09456,296.089365,-0.003573918,0.000338513,-1.325448354,-0.42412885,0.372028351
03-11-2020,91208.12923,296.0793037,-0.003554363,0.000121164,-1.921521703,-0.52338473,0.365195592
04-11-2020,91172.63232,295.6463318,-0.00300323,0.001315367,-1.571156263,-0.965436776,0.365708033
05-11-2020,91241.74674,295.3987719,-0.003203395,0.004420716,-1.957997998,-0.773062388,0.385904948
06-11-2020,91323.54574,295.4861552,-0.003045679,0.000477837,-2.713651816,0.126643499,0.405585607
07-11-2020,91365.64307,294.8583705,-0.002763821,0.003144056,-2.580141703,-0.966817617,0.412548065
08-11-2020,91376.58724,295.0320638,-0.00302574,0.000124618,-2.855833689,-0.889228662,0.410597483
09-11-2020,91235.63542,293.8222173,-0.003543399,1.84E-05,-1.382451375,-2.24714907,0.394614538
10-11-2020,91094.51514,292.3109309,-0.003989719,1.72E-06,-1.983187358,-1.08521688,0.378623962
11-11-2020,91114.67367,294.3395526,-0.00371312,-8.77E-09,-2.192349116,-1.559059103,0.364850362
12-11-2020,91169.80664,295.462986,-0.002459052,0.00091188,-2.714085897,-1.45953083,0.360132853
13-11-2020,91177.17757,294.6321996,-0.002107131,0.005393314,-2.712790807,-0.779714664,0.387973785
14-11-2020,91055.18424,294.893994,-0.002919285,0.000654715,-3.307125092,-0.965573072,0.409738541
15-11-2020,91026.80111,294.5024274,-0.002178884,0.005798301,-2.897841771,-1.568758368,0.424301147
16-11-2020,91118.52783,294.0415045,-0.002055913,0.006734843,-3.106202443,-0.216825763,0.466007868
17-11-2020,91045.86393,294.3983707,-0.002575334,0.002894161,-3.300912062,0.353403131,0.462414424
18-11-2020,91105.97884,294.6231295,-0.002686292,0.000386912,-3.17115593,0.905874769,0.442742666
19-11-2020,91139.29655,294.5763652,-0.002709839,0.000466794,-2.935605367,0.800914129,0.426992416
20-11-2020,91194.61621,293.6775176,-0.003849242,4.77E-07,-2.45773379,0.229842265,0.409629822
21-11-2020,91232.31576,292.2807204,-0.004191086,4.35E-07,-2.238077164,-0.752433976,0.391978582
22-11-2020,91269.81494,292.9635633,-0.003696375,0,-2.383214315,-1.004320502,0.377198537
23-11-2020,91217.03271,293.9938914,-0.002868277,0.00011158,-2.270676931,-1.779778997,0.366854986
24-11-2020,91109.88509,293.8557371,-0.002018807,2.23E-05,-1.96436437,-2.617236733,0.360517502
25-11-2020,90937.15674,293.7029533,-0.002261617,0.002848182,-0.742200851,-4.022257725,0.361081441
26-11-2020,90860.97624,292.0757834,-0.00102747,0.006760985,2.824675798,-2.634978135,0.438189824
27-11-2020,91116.61882,291.3382835,-0.001657574,4.00E-05,0.887755712,-2.426190694,0.434018453
28-11-2020,91247.8693,293.3247662,-0.00217528,0.00088999,-2.279907783,0.475291093,0.421871185
29-11-2020,91293.24544,294.0057074,-0.002193581,0.001706421,-2.618226926,-0.716268301,0.418417613
30-11-2020,91311.71501,293.5429853,-0.002245242,0.000242758,-2.532530467,-1.69721659,0.410867055
01-12-2020,91292.74333,292.5075531,-0.003634766,0,-2.499763131,-1.752484481,0.394493739
02-12-2020,91134.6359,293.5388381,-0.002821358,2.16E-06,-2.156420509,-2.420537313,0.380238851
03-12-2020,91027.89063,292.0076879,-0.001649387,0.034348568,-1.393530528,-3.339931488,0.456773758
04-12-2020,90973.53597,293.1639779,-0.001481301,0.005340657,-2.254687309,-2.526907921,0.496560415
05-12-2020,91031.58919,293.8076248,-0.00234555,0.004273072,-2.672931035,-2.788483818,0.482674917
06-12-2020,91157.78369,294.1929887,-0.002099803,0.001081455,-3.516595205,-2.177270373,0.474557877
07-12-2020,91283.09277,294.3167439,-0.002378636,0.00328806,-3.847937266,-0.794561346,0.475674311
08-12-2020,91327.41683,293.8548616,-0.002400717,0.008602947,-3.065316518,0.10563151,0.471293132
09-12-2020,91241.41927,293.7421118,-0.002333545,0.001488739,-2.665172577,0.2624259,0.467478434
10-12-2020,91276.07145,292.733029,-0.003817828,4.17E-07,-2.156805674,0.499389172,0.457219442
11-12-2020,91245.41455,291.9846923,-0.003496428,1.28E-06,-2.008682251,-0.02822427,0.443583806
12-12-2020,91203.30371,291.4088434,-0.003185061,2.97E-06,-1.780329386,0.495708942,0.432777405
13-12-2020,91112.20589,291.702975,-0.003116893,1.28E-06,-1.638407707,0.261783957,0.423037211
14-12-2020,91170.97673,292.0160561,-0.003183816,8.81E-06,-2.095695933,0.259709875,0.413351059
15-12-2020,91284.1141,292.9494267,-0.003074657,4.66E-06,-2.70675536,-0.358775258,0.403946559
16-12-2020,91304.97624,293.6761614,-0.002041375,0.001031545,-2.918940226,-1.038432121,0.40196228
17-12-2020,91291.11719,293.7912153,-0.001719797,0.00108898,-2.813602448,-1.247741143,0.407527924
18-12-2020,91300.62305,293.3461367,-0.003161046,2.58E-06,-2.941148678,-1.128958662,0.399990082
19-12-2020,91345.94889,293.3418541,-0.002561253,0.000115067,-3.266891479,-0.641670624,0.390081406
20-12-2020,91338.63688,292.5877177,-0.002295974,0.000337654,-3.072207888,-0.933402379,0.384670258
21-12-2020,91239.28418,290.8343169,-0.002796861,2.62E-06,-2.661936045,-0.714867393,0.376075109
22-12-2020,91175.03271,291.5348225,-0.003035916,-3.23E-09,-2.220826467,0.062239408,0.366308212
23-12-2020,91086.58594,292.5347932,-0.002592826,8.52E-07,-2.028794607,0.183268269,0.358306885
24-12-2020,91041.1346,293.1603724,-0.00262879,1.05E-06,-2.154687961,-0.103138765,0.3508358
25-12-2020,91134.08268,292.297123,-0.002942671,1.28E-06,-2.179719845,-0.29070727,0.342727025
26-12-2020,91237.02669,291.888106,-0.002945928,2.21E-06,-2.275341034,-0.64339447,0.334671656
27-12-2020,91149.72526,292.6027851,-0.003010857,3.07E-06,-2.215957642,-0.706330617,0.326957703
28-12-2020,91142.27165,292.2464053,-0.003085152,3.68E-06,-2.014494816,-0.575801214,0.319542567
29-12-2020,91096.59749,293.9095141,-0.002323612,0.000182253,-2.421455383,0.164832433,0.314489365
30-12-2020,91107.62972,294.4172891,-0.002179845,9.91E-05,-3.368578076,-0.176243385,0.31080246
01-01-2021,91229.47884,292.1996536,-0.002341397,3.40E-06,-3.28115356,-0.511322021,0.305335363
02-01-2021,91174.09831,292.7340342,-0.001865469,0.000791326,-3.004284819,-0.168246388,0.304487864
03-01-2021,91062.55094,294.0554784,-0.001519488,0.00076049,-3.148091038,0.547073364,0.30873998
04-01-2021,91101.84066,293.6601709,-0.001316418,0.000235203,-3.040835698,0.516712825,0.310333252
05-01-2021,91144.56755,293.5380249,-0.001055013,0.00224227,-2.741281509,0.297502716,0.316006978
06-01-2021,91060.31592,293.6001682,-0.001371486,0.031896213,-2.321340164,0.652744889,0.39112409
07-01-2021,90916.51025,294.0931257,-0.001828918,0.005458221,-2.869212349,0.711859544,0.476573308
08-01-2021,90936.12142,294.4490948,-0.002195518,0.001760745,-2.328410387,0.79219691,0.463650386
09-01-2021,91013.80257,294.6492812,-0.002366588,0.000375244,-2.590323369,0.320403894,0.453444799
10-01-2021,91064.83089,294.245952,-0.002223367,0.000220366,-2.413838069,-0.167043289,0.440835953
11-01-2021,91141.83154,293.6378969,-0.002025956,0.000603893,-2.447048823,-1.251885732,0.435775121
12-01-2021,91129.44189,292.9026457,-0.001852075,6.14E-05,-2.711164951,-1.515247226,0.427684148
13-01-2021,91107.36279,293.279314,-0.00308245,3.43E-06,-3.109689077,-0.704456488,0.41590182
14-01-2021,91087.24333,293.3365682,-0.002401652,0.000219363,-2.916534424,-0.002767762,0.406396866
15-01-2021,91039.70296,293.9440613,-0.002996165,1.55E-06,-2.558113098,0.785725554,0.396587372
16-01-2021,90985.39974,293.9489651,-0.002564451,3.55E-05,-1.997383753,0.844226003,0.387145996
17-01-2021,91101.46273,292.7445081,-0.003058784,0,-2.227547328,0.331130346,0.377341588
18-01-2021,91161.93701,292.0911992,-0.003127564,1.30E-06,-2.547100703,-0.015881499,0.36660258
19-01-2021,91172.75553,292.055556,-0.002882989,1.73E-06,-1.86366562,-0.401392817,0.357283274
20-01-2021,91210.81462,293.4943797,-0.003081803,0,-1.630302429,-0.312815507,0.347961426
21-01-2021,91169.67025,294.7815673,-0.002836163,7.66E-06,-1.285881678,0.104539116,0.339638392
22-01-2021,91148.37272,295.0576668,-0.002614486,0.00089708,-2.186426838,0.3267953,0.338389715
23-01-2021,91184.39876,293.935564,-0.003156416,9.63E-06,-2.291391691,0.000605106,0.330088298
24-01-2021,91231.42122,292.8643945,-0.003151953,1.04E-06,-2.127958934,-0.37110587,0.320900599
25-01-2021,91277.11833,292.4073124,-0.002838926,2.95E-06,-2.161418279,0.482831796,0.312843959
26-01-2021,91195.58903,292.8673108,-0.003121633,4.35E-07,-2.381780624,-0.204918543,0.305311203
27-01-2021,91218.16569,292.9751377,-0.002894989,2.82E-06,-2.542555491,-0.097695033,0.298354467
28-01-2021,91267.44954,292.9786307,-0.002548728,3.07E-06,-2.85163331,0.358804623,0.293010712
29-01-2021,91290.28499,293.7000624,-0.002471425,8.70E-06,-2.512453079,0.310478171,0.288580577
30-01-2021,91232.03548,294.7724584,-0.00249025,8.53E-06,-2.500898361,0.081464132,0.284543355
31-01-2021,91294.88916,294.528038,-0.002512258,9.55E-06,-2.84533755,0.222127914,0.280843099
01-02-2021,91421.79248,294.0023753,-0.002606561,2.15E-06,-2.798297246,-0.780674418,0.277321498
02-02-2021,91418.42855,294.1688671,-0.002205713,6.59E-06,-3.137818654,0.034538031,0.274464289
03-02-2021,91353.75846,293.6652463,-0.001801074,5.13E-06,-2.951368332,0.353152076,0.272256851
04-02-2021,91335.75081,293.446544,-0.002311558,1.28E-06,-2.605566025,0.305437088,0.269860586
05-02-2021,91225.08154,293.6978455,-0.00234178,1.73E-06,-1.74132665,-0.602613966,0.267369588
06-02-2021,91186.32357,293.8477179,-0.00231885,1.29E-06,-2.455773036,-0.746984283,0.265029907
07-02-2021,91261.79297,293.589414,-0.002357557,1.29E-06,-3.087641398,-0.756166299,0.262901306
08-02-2021,91306.05973,293.4301434,-0.00210368,8.49E-07,-3.111186345,-0.421248118,0.261135101
09-02-2021,91246.63835,292.578708,-0.001874283,1.72E-06,-2.896539688,0.021389723,0.259609858
10-02-2021,91132.68913,292.9055392,-0.00217448,0,-2.41329066,-0.120063782,0.257849375
11-02-2021,91104.01742,293.1502476,-0.002047876,1.29E-06,-2.614948908,-0.126293182,0.256404877
12-02-2021,91163.22965,293.1331329,-0.002150895,8.52E-07,-2.414885839,-0.088932673,0.255301793
13-02-2021,91250.10417,293.2346611,-0.002101345,1.28E-06,-1.926026026,-0.129311164,0.254232407
14-02-2021,91232.40592,294.3754737,-0.002044549,2.58E-06,-1.386017283,-0.312838475,0.253554026
15-02-2021,91127.50846,295.3992138,-0.001985325,8.49E-07,-1.379750172,-0.033524354,0.253026962
16-02-2021,91090.16406,295.7979883,-0.001905995,8.52E-07,-1.771952947,0.778674444,0.252608617
17-02-2021,91065.25456,295.5494709,-0.001770631,1.70E-06,-2.275148273,0.613994718,0.252277374
18-02-2021,91186.77035,294.8620783,-0.001520338,4.76E-05,-2.694978078,1.090614676,0.252086004
19-02-2021,91242.56364,294.5983321,-0.001670166,0.000762716,-2.465738416,-0.304318349,0.25346756
20-02-2021,91221.01563,292.8566411,-0.001671892,0.005913287,-2.452183207,-0.459477901,0.288558324
21-02-2021,91304.889,293.0955601,-0.001570003,0.001493901,-2.858355204,0.213421504,0.330788294
22-02-2021,91323.72933,294.2279987,-0.00162967,0.000429334,-2.407557805,0.093928893,0.328496297
23-02-2021,91203.25505,295.4553769,-0.002324722,1.72E-06,-2.526288986,0.189306617,0.318213781
24-02-2021,91151.87777,295.901364,-0.002466549,8.52E-07,-2.24418958,0.333062887,0.305681864
25-02-2021,91131.2334,296.5466499,-0.002495905,0,-1.191811045,-0.666346709,0.294684092
26-02-2021,91030.75212,297.2224102,-0.00242742,8.52E-07,-0.961931904,-0.663357695,0.285912832
27-02-2021,90961.67627,297.9825083,-0.002396107,1.29E-06,-1.46056811,-0.141126911,0.279050191
28-02-2021,91042.58561,297.4997355,-0.002273036,1.70E-06,-2.867954254,0.702266693,0.273385366
01-03-2021,91287.99072,297.083046,-0.0022131,4.35E-07,-2.358906428,0.615811586,0.268691381
02-03-2021,91239.56022,297.2386697,-0.00190776,0,-2.648772558,0.432860891,0.264879862
03-03-2021,91171.82438,296.8316072,-0.001948385,0,-3.346038183,0.42824769,0.261693954
04-03-2021,91200.49202,295.6307411,-0.0018076,4.35E-07,-3.312744141,0.317853928,0.259174983
05-03-2021,91274.11165,295.9797217,-0.001845548,1.29E-06,-2.190525055,0.664560954,0.257190704
06-03-2021,91254.52555,297.5688922,-0.001918908,0,-1.654923121,-0.306439956,0.255509694
07-03-2021,91177.71794,297.8503195,-0.001859125,1.29E-06,-2.400898616,0.295437296,0.254176458
08-03-2021,91220.67757,296.9785856,-0.001699711,4.41E-07,-2.816511154,0.86657691,0.253216426
09-03-2021,91264.00895,297.1188424,-0.001697694,0,-2.238882065,1.173492869,0.252522786
10-03-2021,91245.17904,297.6751041,-0.001578862,8.86E-06,-2.136481603,1.157591224,0.252021154
11-03-2021,91251.7972,297.9276282,-0.001512895,2.85E-06,-1.932600657,1.656223496,0.251705805
12-03-2021,91308.61344,297.0023473,-0.001637598,0,-2.49373436,1.018058697,0.251401265
13-03-2021,91259.17643,297.2940261,-0.001622648,1.72E-06,-2.311953863,1.248877843,0.251170476
14-03-2021,91134.62207,297.6615353,-0.00156012,1.72E-06,-2.875831604,1.235081315,0.251017253
15-03-2021,91090.66585,298.0361156,-0.0015864,3.87E-09,-2.302978516,0.976119995,0.250893911
16-03-2021,91080.51953,298.45865,-0.001589668,0,-2.24893864,0.626104434,0.250786463
17-03-2021,91014.13509,298.3593178,-0.001559475,4.35E-07,-2.535040498,1.065962036,0.250717799
18-03-2021,91041.12305,298.1265882,-0.001463939,8.52E-07,-2.854801814,0.541646242,0.250679016
19-03-2021,90983.86751,297.7860394,-0.00149116,3.00E-06,-2.258044561,0.780056477,0.250656764
20-03-2021,90905.11165,297.9499219,-0.001416935,4.35E-07,-1.350402196,1.571039836,0.250639598
21-03-2021,90919.54313,298.4709549,-0.001487225,1.72E-06,-1.824200312,0.836125811,0.250616074
22-03-2021,91060.91878,298.7670867,-0.001464834,0,-2.710180918,0.704280853,0.250593821
23-03-2021,91108.41829,299.0076351,-0.001422888,4.35E-07,-2.571652095,1.429276784,0.25058492
24-03-2021,91083.54134,299.3587653,-0.001348134,8.52E-07,-2.821269353,0.86932373,0.250581741
25-03-2021,91017.21517,299.6077061,-0.00128614,8.55E-07,-2.990002314,0.348208666,0.250578562
26-03-2021,90979.50944,299.8350811,-0.001378194,4.26E-07,-3.11929512,0.455444892,0.250571569
27-03-2021,90955.10368,299.8765055,-0.001368076,2.58E-06,-2.570060094,1.049158096,0.250569026
28-03-2021,90926.2054,299.6646048,-0.001156008,1.28E-06,-1.366633097,0.908870061,0.250581741
29-03-2021,90893.58268,300.3747463,-0.001278462,1.71E-06,-1.236851374,0.603953044,0.250581741
30-03-2021,90812.18636,300.6734123,-0.001129368,1.13E-05,0.838220596,-1.109546026,0.250602722
31-03-2021,90695.64697,301.434543,-0.001345567,3.41E-06,1.223753611,-1.238944372,0.25058492
01-04-2021,90728.02637,300.5079498,-0.001342304,4.74E-06,2.290063858,-1.143563112,0.250596364
02-04-2021,90736.27832,300.3455683,-0.001287092,1.28E-06,1.565651576,-0.64281706,0.250578562
03-04-2021,90844.19857,300.131375,-0.001038276,3.88E-06,2.011583964,0.292228619,0.250584284
04-04-2021,90939.66048,300.6432406,-0.001045719,1.74E-06,-0.360595067,-0.969697316,0.250581741
05-04-2021,90982.48291,300.5219587,-0.001099743,1.72E-06,-1.891839345,-0.213575363,0.250577927
06-04-2021,91061.71891,299.8055178,-0.00122544,4.26E-07,-2.677086314,0.893131256,0.250575384
07-04-2021,91091.88753,299.8410149,-0.001251148,0,-2.21399947,1.066565196,0.250558217
08-04-2021,90936.04102,299.6989409,-0.001229443,2.09E-07,-0.849779129,1.083154043,0.250539144
09-04-2021,90903.50716,299.5926946,-0.001110836,0,-1.805707296,1.161803762,0.250528971
10-04-2021,91052.64876,299.2190393,-0.001129685,0,-2.18537267,1.212472916,0.2505277
11-04-2021,91158.05452,299.1429717,-0.001008434,1.45E-06,-2.065551122,1.10801061,0.250537237
12-04-2021,91176.39355,299.2142455,-0.000956077,8.09E-05,-1.976175586,1.012442907,0.250719706
13-04-2021,91109.47461,299.6865609,-0.000959167,3.92E-05,-1.74701945,1.551696022,0.250843684
14-04-2021,91091.54834,297.6513793,-0.001266822,0.007839042,-0.152302424,0.759916822,0.294975917
15-04-2021,91059.75146,296.4233977,-0.001995979,0.011867869,0.622414907,0.158629457,0.408871333
16-04-2021,91017.97721,298.3309682,-0.003007753,5.16E-05,0.30697759,-0.43084081,0.411451976
17-04-2021,91102.6849,299.2434495,-0.002911576,7.81E-05,0.313171387,0.316736301,0.375249863
18-04-2021,91164.07031,298.9431426,-0.002496593,0.000246066,0.791215897,0.848239899,0.351803462
19-04-2021,91020.34359,299.4215374,-0.002454611,0.000255585,1.262361526,-0.650012811,0.33296903
20-04-2021,90974.78402,298.096447,-0.002152322,0.003321409,1.165246328,-0.371578217,0.337933858
21-04-2021,91085.33333,298.2525126,-0.002568355,0.003283024,0.989778519,-0.620696743,0.359945933
22-04-2021,91087.53662,298.1049258,-0.002655935,0.008489061,0.50592049,-0.058072408,0.399467468
23-04-2021,91066.29085,297.3367863,-0.003161594,0.023756533,0.773071925,-0.142475684,0.453024546
24-04-2021,91024.33089,296.9695606,-0.00352187,0.022695875,-0.176576614,0.084154209,0.469765345
25-04-2021,90980.57764,298.4230893,-0.004291807,0.000230379,-0.614177068,1.024794141,0.457105001
26-04-2021,90945.30192,298.675539,-0.004792008,0,-0.676895777,0.511588057,0.429294586
27-04-2021,91023.99837,298.4987055,-0.004442462,8.64E-07,-0.564322154,0.025677999,0.405722936
28-04-2021,91059.24137,298.9748592,-0.00438601,3.37E-06,-0.750257651,-0.555006981,0.384831746
29-04-2021,91008.19694,298.254282,-0.004000854,0.000895584,0.110261997,-0.427102764,0.371033351
30-04-2021,90919.73991,298.5991516,-0.003820963,0.000144336,-1.625375748,0.537993948,0.359374364
01-05-2021,90944.07259,298.9766235,-0.00380016,3.17E-05,-1.815951665,1.190452814,0.343277613
02-05-2021,90934.53776,299.0103448,-0.003434854,0.000101686,-1.644834518,0.799358686,0.329072952
03-05-2021,90914.91943,298.611969,-0.002964595,0.000581869,-0.885502497,1.118652662,0.319959641
04-05-2021,90900.96761,298.4021174,-0.002808893,0.000988105,-0.431875229,0.932810585,0.315764745
05-05-2021,90879.72656,299.9278069,-0.003302436,1.56E-05,-1.264160792,0.939171672,0.307088216
06-05-2021,90959.36768,299.8548908,-0.003093025,0.000103849,-1.663174391,1.293131471,0.296770732
07-05-2021,91034.26123,299.3142834,-0.002583798,0.000606039,-0.936485926,1.073219617,0.291059494
08-05-2021,90905.63509,299.687692,-0.00253165,6.66E-05,-1.990349611,1.011767308,0.285357793
09-05-2021,90848.31901,299.9752744,-0.002449642,0.000391707,-0.969798406,1.188313166,0.280590693
10-05-2021,90834.18848,299.3633925,-0.002376604,0.002305559,0.093998591,0.677858313,0.290271759
11-05-2021,90833.12728,299.3602842,-0.002554207,0.001549476,0.656984965,-0.565262477,0.301235835
12-05-2021,90695.1276,299.1841895,-0.002403793,0.002637973,0.933612188,-0.091666659,0.310400009
13-05-2021,90661.97314,298.9590104,-0.002603201,0.003077947,0.833876928,0.38440299,0.333054225
14-05-2021,90517.32308,299.2333666,-0.002712777,0.000370695,-0.359425227,2.853635112,0.340599696
15-05-2021,90465.69596,295.1536617,-0.001989122,0.011324015,-0.650206884,3.149055839,0.403470993
16-05-2021,90657.95394,295.1344401,-0.00170363,0.006429589,0.640977224,2.816477458,0.452611923
17-05-2021,90804.41748,297.3082924,-0.003268953,0.002527717,1.646102269,1.886651993,0.434376399
18-05-2021,90832.18978,297.3928191,-0.00331948,0.004548544,2.05692482,1.771385034,0.431426366
19-05-2021,90791.53239,297.6979682,-0.003307709,0.003935272,2.091395696,1.142729163,0.433920542
20-05-2021,90844.9873,296.6651853,-0.002693973,0.010956097,2.892092387,0.553410689,0.434298197
21-05-2021,90857.43815,295.5296745,-0.002514707,0.010074168,2.971221288,0.894694845,0.465029399
22-05-2021,90798.54964,296.4118919,-0.002638374,0.001083553,2.60773468,-0.217761358,0.454891841
23-05-2021,90852.89616,298.0266399,-0.003891133,3.20E-06,3.133357366,-0.417782466,0.425072988
24-05-2021,90838.41553,298.0425816,-0.00352017,5.35E-05,3.491518656,-1.198056062,0.400129318
25-05-2021,90726.53711,296.8250364,-0.002846541,0.005639464,3.788783391,-0.114349365,0.417857488
26-05-2021,90694.46826,297.1385918,-0.003322037,0.000240193,4.457302729,0.076039632,0.423122406
27-05-2021,90774.14535,297.4993197,-0.003854528,3.58E-05,4.370893478,-0.724115372,0.396195094
28-05-2021,90859.74902,297.7391663,-0.003765292,0,3.411619186,-0.444601059,0.372161229
29-05-2021,90914.1696,297.5327187,-0.002979098,0.000145435,3.400772095,0.113188426,0.354438782
30-05-2021,90867.62516,297.5222823,-0.002908485,0.000952202,3.331949234,-0.184656779,0.344870885
31-05-2021,90741.11882,297.9287993,-0.003327694,0.001330823,3.080471039,0.374771118,0.341110229
01-06-2021,90766.31038,298.3105113,-0.003204174,0.002323588,2.68169411,0.335412621,0.342421214
02-06-2021,90814.46094,298.4029954,-0.003067687,0.005886048,1.36188074,-0.301142375,0.366891861
03-06-2021,90908.75602,297.5837828,-0.002946275,0.008322384,0.185817719,0.091239413,0.426127752
04-06-2021,90914.34342,297.141037,-0.003052466,0.018975943,1.161556244,0.624794006,0.452394485
05-06-2021,90892.45573,296.0437438,-0.003249647,0.012576991,1.958978613,1.29058075,0.456569036
06-06-2021,90924.02181,296.6846383,-0.003341681,0.000641435,2.535675049,0.428784768,0.438477834
07-06-2021,90915.71452,297.5806154,-0.004118884,2.86E-05,2.743618011,-0.843836784,0.420015971
08-06-2021,90873.71696,297.5121447,-0.004282078,1.66E-06,3.125591914,-0.389172236,0.398935318
09-06-2021,90797.5957,296.6710052,-0.003309626,0.00130406,3.939674973,-0.161074241,0.389111837
10-06-2021,90722.86686,296.7419828,-0.002458387,3.57E-05,4.541503906,-0.223820567,0.383576711
11-06-2021,90724.50146,296.6248926,-0.002359743,0.000409991,4.875677745,0.353092035,0.372158686
12-06-2021,90724.18831,295.4232635,-0.002551227,0.008736715,5.360639572,0.667820454,0.412733714
13-06-2021,90710.59798,294.9901161,-0.002354874,0.003924388,5.205027898,0.303249002,0.458202362
14-06-2021,90658.01579,294.7486439,-0.002381405,0.005699471,5.670312881,1.16571641,0.453351974
15-06-2021,90609.27507,295.505977,-0.002403776,0.002003116,5.776656469,1.487276475,0.464794159
16-06-2021,90765.12256,295.9064439,-0.002717772,0.000989753,6.163848877,1.429904024,0.438711802
17-06-2021,90830.76904,296.1661434,-0.002807477,0.000244451,5.979551951,1.125025789,0.420125326
18-06-2021,90949.40804,296.1979942,-0.00272551,0.000144511,5.423594157,1.380963842,0.403013865
19-06-2021,91077.25879,295.6682123,-0.002067318,0.000170248,5.141088486,0.710609436,0.390354792
20-06-2021,91074.81396,296.2716662,-0.002625895,0.000890651,4.477936427,-0.143715541,0.382664998
21-06-2021,90960.10173,296.6236191,-0.002976594,0.002251402,3.695161184,-0.474821846,0.384471893
22-06-2021,90896.77572,297.1576792,-0.003179095,0.000114739,2.92605718,-1.017030239,0.380329768
23-06-2021,90879.53923,297.6895758,-0.00307654,0.000113878,2.833016713,-0.585630298,0.363492966
24-06-2021,90922.83285,297.0173238,-0.002679497,0.000262952,3.94401741,-0.552988331,0.350227356
25-06-2021,90812.97607,297.1636823,-0.002830456,4.49E-06,4.207075119,-0.617135366,0.336924871
26-06-2021,90795.09619,295.7472935,-0.002018934,0.003895223,3.932876587,-0.440964381,0.341252009
27-06-2021,90886.42855,294.7761122,-0.002011868,0.004274562,2.963984807,-1.568636576,0.402023951
28-06-2021,90839.88005,296.7323138,-0.002283413,2.58E-05,2.048709869,-0.128512065,0.389181137
29-06-2021,90798.35677,298.5824407,-0.003515679,0.000180686,1.312939326,0.556828499,0.36837705
30-06-2021,90794.14876,299.2143497,-0.003112619,0.000135738,2.16513598,-0.02492853,0.349274317
01-07-2021,90732.7098,297.3407243,-0.002806167,0.008719057,2.481964747,0.276869615,0.370072047
02-07-2021,90793.32324,297.1173509,-0.00285219,0.00231427,2.853691737,-0.120481094,0.428225199
03-07-2021,90836.52669,296.9686152,-0.002849066,0.003231281,2.670483907,-0.164000551,0.425914129
04-07-2021,90844.1167,296.7337678,-0.00302912,0.011877469,2.206157684,-0.76584053,0.447828293
05-07-2021,90746.45296,296.9292647,-0.003429102,0.003206432,2.16826582,-1.371159275,0.456869125
06-07-2021,90652.64372,297.3372637,-0.00346535,0.006176621,1.364472707,-0.131092906,0.452269236
07-07-2021,90702.75423,296.9999682,-0.00287509,0.001029485,2.228995005,0.06694297,0.44847552
08-07-2021,90700.47819,296.5415459,-0.002634499,0.002880671,2.704366684,-0.333016594,0.429012299
09-07-2021,90555.27881,295.7389933,-0.002738805,0.006269246,3.260723114,0.226747433,0.4554437
10-07-2021,90521.93408,294.2227949,-0.00209374,0.009584758,4.516216278,1.0104599,0.484189351
11-07-2021,90511.0127,295.1613617,-0.002757674,0.003289643,5.395027796,0.108936071,0.465174993
12-07-2021,90532.89909,295.1426945,-0.002540798,0.004472977,4.9951636,0.16446805,0.469868978
13-07-2021,90627.5791,294.1869704,-0.002318736,0.010247025,4.653685888,-0.13209947,0.496156693
14-07-2021,90635.13216,293.9648565,-0.002844064,0.019902265,4.946118037,0.055693189,0.489855448
15-07-2021,90650.7054,293.9333369,-0.002604904,0.020546529,4.596010844,0.914098501,0.481430689
16-07-2021,90802.11019,293.7619648,-0.00153903,0.01744017,3.202469508,0.858424505,0.484486898
17-07-2021,90791.93604,295.2770252,-0.002492333,0.005247074,3.753357569,-0.067451477,0.490754445
18-07-2021,90731.94368,294.2016659,-0.002391132,0.005790573,4.865560532,0.349856297,0.497344971
19-07-2021,90781.2238,295.6020044,-0.003056524,0.002138734,5.29726092,-0.118215998,0.487916311
20-07-2021,90926.00179,296.0603898,-0.003276631,0.00126037,5.320578893,-0.435601672,0.470872243
21-07-2021,90816.27279,294.4520493,-0.002573118,0.006641343,5.38845253,-0.347914378,0.482755661
22-07-2021,90568.9821,293.4475606,-0.002640516,0.010442764,6.27684021,0.532590866,0.502200445
23-07-2021,90571.81429,294.8257039,-0.002778457,0.00918808,5.145288467,0.025749167,0.489544551
24-07-2021,90728.07959,295.4067485,-0.003078398,0.00456726,4.397822698,-0.203900297,0.494070689
25-07-2021,90805.08024,296.3821735,-0.003322835,0.001348551,4.61278979,0.261858463,0.479101181
26-07-2021,90836.79004,295.9702848,-0.002768505,0.000322843,4.627981822,0.142175674,0.464168549
27-07-2021,90797.89242,295.8468501,-0.002952777,0.000241444,4.940542221,0.423494339,0.450507482
28-07-2021,90874.4222,295.7280655,-0.003189167,0.000354084,4.84253184,0.346624692,0.438788732
29-07-2021,90930.67253,295.4101264,-0.002734784,0.000492561,5.129414876,-0.003547152,0.430266698
30-07-2021,90986.24268,295.8360195,-0.002992483,0.000263283,4.900221507,-0.457547903,0.421075185
31-07-2021,91023.61751,295.5987002,-0.002818508,0.004947902,4.905199687,-1.009328206,0.440710704
01-08-2021,90898.06136,295.879968,-0.003229904,0.000556874,5.108730952,-0.372664968,0.44295311
02-08-2021,90956.88786,295.6455981,-0.003351726,0.000346208,4.943827947,0.310078502,0.425807953
03-08-2021,91081.80583,295.8014266,-0.002834023,0.000626702,4.751756668,-0.346913338,0.414616903
04-08-2021,91063.07487,295.595836,-0.002685536,0.002183184,4.871790568,-0.4177049,0.41629982
05-08-2021,90886.21484,295.6093572,-0.002711915,0.003830314,4.799144109,-0.057225823,0.430569967
06-08-2021,90829.20589,295.8841139,-0.003199052,0.002548566,4.466037114,-0.366058151,0.439983368
07-08-2021,90894.06185,295.8673967,-0.003239708,0.002666655,3.721618017,-0.243442774,0.439903259
08-08-2021,90936.3776,296.5416152,-0.003202684,0.001188858,2.599367778,-0.048043966,0.431789398
09-08-2021,90955.86816,296.842645,-0.003710525,0.001972819,2.341634115,-0.175216675,0.42453893
10-08-2021,90932.90397,296.3232791,-0.00297682,0.001106218,3.394416809,-0.734251738,0.422096252
11-08-2021,90941.44368,295.9747766,-0.002789473,0.00212995,3.016606649,-1.171775897,0.419627508
12-08-2021,91024.29183,294.7374433,-0.002208015,0.007622746,3.497212092,-0.951343457,0.455408096
13-08-2021,90871.9694,294.728679,-0.002722858,0.014309063,3.348219554,-1.123791059,0.469126383
14-08-2021,90775.79167,295.2031962,-0.002991999,0.001783298,3.818700155,-0.819037358,0.468938192
15-08-2021,90828.72933,295.0217234,-0.002331493,0.001530185,3.588382085,-0.458153804,0.45973587
16-08-2021,90895.34831,294.8686008,-0.002542261,0.006416491,3.161137263,-0.337631702,0.47286733
17-08-2021,90893.61768,294.5087522,-0.002138673,0.003181878,3.030714671,0.59074986,0.485717773
18-08-2021,90780.30469,295.3038108,-0.003346347,0.002338332,3.564360936,0.669657866,0.470261892
19-08-2021,90765.23389,295.065815,-0.002818778,0.004719958,3.733825048,0.034889698,0.477343241
20-08-2021,90840.26156,295.7056039,-0.002689719,0.000336451,2.525180817,-0.505046248,0.467290243
21-08-2021,90952.36507,295.2022184,-0.003004947,0.007527667,1.850935102,-0.092368205,0.471796672
22-08-2021,90923.45996,295.1736635,-0.002747393,0.022667849,0.778739572,-0.183309992,0.484898885
23-08-2021,90899.24805,295.4244601,-0.003278447,0.013008642,1.285772284,0.015118957,0.476986567
24-08-2021,90888.39209,295.7606869,-0.003692511,0.00262482,1.777818044,0.097480098,0.473798116
25-08-2021,90800.64583,295.6613375,-0.002624866,0.000177701,2.458592097,0.108626008,0.467229207
26-08-2021,90664.63167,295.9601809,-0.003634524,0.008564067,2.241306305,0.209311326,0.471129735
27-08-2021,90627.23112,295.484869,-0.003020898,0.007232018,2.749758403,0.411999822,0.480285009
28-08-2021,90534.21663,294.5549075,-0.002684737,0.009729543,3.26647377,0.223057826,0.488754272
29-08-2021,90534.77686,294.0055968,-0.002391239,0.016439783,3.78077507,0.354853113,0.485392253
30-08-2021,90642.72184,294.7901573,-0.00313986,0.004947656,3.728987376,0.152092417,0.497560501
31-08-2021,90764.3833,295.8519084,-0.003395997,0.000546861,2.701149623,-0.064267317,0.479224523
01-09-2021,90852.30762,296.1077735,-0.003375884,0.000587139,2.414100647,-0.098424474,0.466869354
02-09-2021,90804.68229,295.1117338,-0.002945708,0.023425167,2.77859815,-0.554245194,0.468070984
03-09-2021,90754.94417,293.9089425,-0.002165549,0.010485526,2.691514333,0.087964376,0.506477356
04-09-2021,90771.03467,294.1807861,-0.002283552,0.008981675,3.523451487,0.291353861,0.47154363
05-09-2021,90748.31803,294.4603882,-0.002859315,0.017126426,4.047147115,0.3106486,0.456386566
06-09-2021,90746.03125,294.2739251,-0.002428157,0.004136986,4.668996811,0.536797007,0.464521408
07-09-2021,90750.93864,294.8340486,-0.003143637,0.004171625,4.708203634,1.561915874,0.487262726
08-09-2021,90895.20199,295.3511918,-0.002946319,0.000959176,4.267918269,1.46972688,0.47095871
09-09-2021,90981.2041,295.8448722,-0.003300355,0.000514728,3.919528961,0.143760324,0.458275477
10-09-2021,90907.78695,295.8378957,-0.003318641,0.000256992,3.932843526,-0.327069243,0.44648997
11-09-2021,90799.31136,295.5941162,-0.002971482,0.000889629,4.184221903,0.912587484,0.440291087
12-09-2021,90689.23193,295.5884876,-0.003267544,0.006207824,4.712011973,1.30828166,0.464656194
13-09-2021,90650.5791,295.9130688,-0.00284568,0.000776595,5.220675151,1.119587461,0.462853114
14-09-2021,90744.13265,295.9933109,-0.003078921,0.000519323,3.952789942,1.067200661,0.448348363
15-09-2021,90806.771,295.8669249,-0.003447609,0.000735247,3.118666967,0.920103391,0.437518438
16-09-2021,90808.67806,296.0077623,-0.003531754,0.000147352,2.616622289,-0.009589354,0.425727844
17-09-2021,90807.65234,296.2133732,-0.004389372,0.000108863,2.163383484,-0.511856397,0.411869685
18-09-2021,90944.62533,296.40839,-0.003948679,0.000171453,1.439331055,-0.770207922,0.399564743
19-09-2021,91036.70719,296.5859648,-0.003723027,0.001157475,0.318727493,-0.50586315,0.393342972
20-09-2021,90952.36442,296.5361195,-0.003961278,0.000831977,1.692735672,-0.415072759,0.390453974
21-09-2021,90842.8903,296.3333645,-0.00389607,0.000459868,2.824156165,-0.80590566,0.382787704
22-09-2021,90727.64453,296.2570254,-0.002838387,0.000757831,3.059159597,-0.951241175,0.378160477
23-09-2021,90802.27572,295.7708219,-0.003005845,0.001589745,2.955884933,-0.72708257,0.379276276
24-09-2021,90837.74788,296.3189837,-0.003189963,0.000690943,2.081291318,-1.009044011,0.378139496
25-09-2021,90765.18994,296.1084296,-0.003101366,0.000701415,2.764981588,-0.77690657,0.373013179
26-09-2021,90599.50407,295.7725798,-0.002765976,0.000720686,2.914264123,-0.892415285,0.36730512
27-09-2021,90561.04134,294.6131376,-0.002603148,0.001660347,4.170550028,0.270636876,0.373462041
28-09-2021,90750.68978,295.3228232,-0.002789396,0.000236708,4.162098567,1.224067688,0.371202469
29-09-2021,90893.264,295.9039497,-0.003036771,0.001197586,2.906736374,0.231770714,0.36693573
30-09-2021,90957.28385,295.7638645,-0.002956702,0.000912848,1.282172521,-0.466946205,0.366579692
01-10-2021,90902.17269,295.8069903,-0.002874232,0.008265907,-0.576070786,-1.048760573,0.409676234
02-10-2021,90857.36702,295.9082381,-0.00341467,0.004465395,-1.60304896,-0.413646062,0.448432922
03-10-2021,90834.23242,295.8578389,-0.003036686,0.003942014,-1.331716816,0.116264701,0.455530167
04-10-2021,90782.26514,296.3788446,-0.003996291,0.001090765,-1.216517766,-0.554645816,0.44276619
05-10-2021,90763.50293,295.5149212,-0.002804228,0.01371749,-0.212779999,-0.904658715,0.462017059
06-10-2021,90657.95182,293.488903,-0.001090184,0.016864744,0.955396016,0.002003113,0.496600469
07-10-2021,90763.82389,296.1298167,-0.003238318,0.000823781,1.537683487,1.0826931,0.476230621
08-10-2021,90856.02197,295.9603697,-0.003360098,0.007908523,2.289651871,0.250385602,0.484692256
09-10-2021,90968.09766,294.5188173,-0.002294375,0.011584908,2.564082464,0.261143366,0.496031443
10-10-2021,90869.53206,295.3115807,-0.003252341,0.008179247,2.175933838,-1.016460141,0.492918015
11-10-2021,90764.57389,295.0288995,-0.002687062,0.016162068,1.689853032,-0.55996712,0.472812653
12-10-2021,90749.08822,294.659387,-0.002444942,0.031401607,1.629872004,0.087433457,0.483171463
13-10-2021,90724.33317,294.218984,-0.001945307,0.023789629,1.790276885,-0.030395905,0.46954155
14-10-2021,90627.93376,295.0816733,-0.002338079,0.002701669,1.40064621,0.241502643,0.449907303
15-10-2021,90418.27214,295.5124315,-0.002668206,0.01581547,0.320638021,0.204443812,0.461398443
16-10-2021,90422.91553,296.0936273,-0.003094393,0.015828922,0.119126638,0.1336145,0.472355525
17-10-2021,90662.03939,295.4627024,-0.002464635,0.002559674,2.425100327,0.435915748,0.491502126
18-10-2021,90897.86084,295.6878605,-0.003123092,0.00095523,2.739030202,-0.40825212,0.479902267
19-10-2021,91110.7876,295.6863505,-0.004135537,2.16E-06,1.173106511,-1.583790421,0.46284167
20-10-2021,91216.3693,295.648234,-0.003303086,0.019566372,-0.792430242,-0.76408124,0.466241201
21-10-2021,91225.21549,295.76172,-0.003437373,0.009426132,-0.948111852,0.1241014,0.463476817
22-10-2021,91246.10889,296.1457761,-0.003634279,0.003674752,-1.422235489,0.52681001,0.489679972
23-10-2021,91277.41423,295.3398857,-0.00310749,0.009492645,-0.201454798,0.470530113,0.48647817
24-10-2021,91258.4126,294.9107475,-0.003026598,0.004767627,0.319916407,-0.599598805,0.497976303
25-10-2021,91114.94678,295.4448427,-0.003325183,0.000824408,-1.613267263,-0.610312144,0.486959457
26-10-2021,91058.91748,294.9940205,-0.00303631,0.000728431,-1.617473602,-0.625289798,0.475321452
27-10-2021,91070.49561,294.5877787,-0.003251861,3.09E-05,-1.688948313,-1.146704992,0.462423325
28-10-2021,91069.63493,294.8789787,-0.003601693,0.00124535,-1.499324163,-1.325099945,0.455495199
29-10-2021,91156.22526,294.5458062,-0.00256863,0.011068299,-2.31771342,-1.043565234,0.47071902
30-10-2021,91210.19564,294.8352044,-0.002762829,0.002815399,-2.588674545,-0.751785278,0.482578913
31-10-2021,91170.06689,294.8586235,-0.002885349,0.00376299,-2.134223541,-1.191357454,0.483751297
01-11-2021,91084.24854,293.8966217,-0.002055421,0.00863409,-2.348286748,-1.156454722,0.502959569
02-11-2021,91055.83512,294.5823364,-0.002522968,0.001382262,-3.250199636,0.119192759,0.486731211
03-11-2021,91076.9349,293.6042983,-0.001281112,0.008358506,-2.183343252,0.230110526,0.499032974
04-11-2021,91063.8641,294.6012573,-0.002403572,0.004899114,-1.554285049,-0.320571343,0.443660736
05-11-2021,91019.64046,294.4655348,-0.002200297,0.018872637,-0.678080241,-0.710692326,0.473917643
06-11-2021,90926.76807,294.7459704,-0.003510697,0.000886554,-0.725666046,-2.058308363,0.470883687
07-11-2021,90996.48389,292.586146,-0.001595879,0.028617732,-0.750084559,-1.709963004,0.478553772
08-11-2021,91054.4502,292.8125738,-0.001644458,0.007449593,-1.374559879,-1.832901001,0.487578074
09-11-2021,91073.80501,292.4743163,-0.001805465,0.002102085,-1.109352748,-1.721338908,0.489837011
10-11-2021,90920.8068,292.369271,-0.002100198,0.012145117,-0.233933767,-2.521688461,0.484149297
11-11-2021,90655.90869,290.8545195,-0.00142119,0.032966032,1.956760406,-3.411206762,0.474781672
12-11-2021,90721.5791,292.4941336,-0.000909204,0.008236181,1.167996724,-2.09243381,0.485263189
13-11-2021,90843.51009,293.8774122,-0.000952492,0.009320989,0.731444041,0.929250638,0.481781006
14-11-2021,90857.81478,294.4935729,-0.001998455,0.010900784,0.370956421,0.875428518,0.453482946
15-11-2021,90734.1403,294.25151,-0.0018923,0.023206252,-0.727009455,0.101498286,0.460395177
16-11-2021,90806.59505,294.027434,-0.001538116,0.01472854,-1.490416209,0.6565183,0.491692225
17-11-2021,90952.1346,294.4808585,-0.002198827,0.012742627,-1.468901952,0.373875936,0.477223078
18-11-2021,90719.63835,292.8697173,-0.001062207,0.105610752,0.863068263,-2.160800934,0.486750921
19-11-2021,90457.33594,293.0506299,-0.001031334,0.014784622,0.863423665,-1.009562731,0.470664342
20-11-2021,90702.47038,293.9707216,-0.001464426,0.004181871,1.397900899,1.718967438,0.495920181
21-11-2021,90987.77051,294.8463326,-0.002680862,0.000483138,-0.012565931,0.07396698,0.485574087
22-11-2021,91087.02067,294.3954627,-0.002190487,0.005656958,-1.237565358,-0.962601185,0.492380142
23-11-2021,91043.7863,295.3482482,-0.0032256,0.00061599,-1.913626353,-0.716891607,0.479136149
24-11-2021,91047.85954,294.7427775,-0.002883039,0.001567066,-2.248274485,-0.934894959,0.471073151
25-11-2021,91063.31494,295.0462157,-0.00309875,3.66E-05,-3.053545713,-1.997613033,0.459671021
26-11-2021,91104.64665,294.1089452,-0.00206496,0.000192076,-2.550263405,-2.292883595,0.449825923
27-11-2021,91095.21191,292.9797103,-0.001956593,0.007318056,-2.269061605,-2.449834188,0.471590042
28-11-2021,91125.50049,292.7888673,-0.001070229,0.025670529,-2.373420835,-1.26929307,0.48584938
29-11-2021,91179.22461,293.8444894,-0.002179893,0.00253171,-3.714194218,0.694868008,0.492793401
30-11-2021,91169.20719,294.3944085,-0.002800118,0.001427865,-3.799544613,0.789295952,0.482094447
01-12-2021,91133.08757,294.4322478,-0.002390033,0.001240572,-2.925268173,1.070610364,0.472436905
02-12-2021,91127.3016,294.7253405,-0.002427748,0.001472482,-1.214179357,0.23526597,0.469400406
03-12-2021,91165.3055,294.4024779,-0.002535285,0.00207715,0.031540553,-0.546118339,0.469312668
04-12-2021,91194.04541,294.6552035,-0.002466942,0.001777515,0.653076808,-0.739057263,0.468075434
05-12-2021,91169.04964,294.8259589,-0.002646626,0.0013937,-0.209396998,-1.233419577,0.464144389
06-12-2021,91168.67041,294.6965491,-0.002672825,0.000899867,-1.070877711,-1.231792529,0.456412633
07-12-2021,91191.51709,294.5697594,-0.003326932,2.60E-06,-1.766304652,-0.96953249,0.44224294
08-12-2021,91221.43896,294.3355865,-0.003562545,3.26E-06,-2.254639943,-0.737758994,0.427540461
09-12-2021,91349.896,294.814909,-0.002846986,0.00017723,-2.817232768,-0.021252036,0.416907628
10-12-2021,91362.89355,294.0705039,-0.00343964,1.06E-05,-2.914882302,-0.324587266,0.406752904
11-12-2021,91357.3514,293.90791,-0.002263356,0.000756329,-2.968778213,-0.963675936,0.402492523
12-12-2021,91343.96061,293.506684,-0.002116947,0.000251591,-3.154261271,-1.009830793,0.39940834
13-12-2021,91263.986,293.3816204,-0.002084116,0.001535422,-2.928631465,-0.853679419,0.401502609
14-12-2021,91236.46663,293.4259033,-0.001901016,0.000552702,-3.198572795,-0.535564423,0.401945114
15-12-2021,91282.88184,293.5326964,-0.002736552,2.80E-06,-2.648918788,-0.779068987,0.392933528
16-12-2021,91339.38216,293.0241121,-0.003191669,1.46E-06,-2.058259964,-1.186562777,0.381090164
17-12-2021,91355.59635,292.5912959,-0.00318284,4.35E-07,-1.693161011,-1.239570618,0.36959521
18-12-2021,91319.87207,291.9017855,-0.00303008,0,-1.759880702,-1.561704,0.359146754
19-12-2021,91399.79248,291.0168762,-0.003022766,0,-2.456668854,-0.734875997,0.349326452
20-12-2021,91382.47819,291.1371435,-0.002772173,1.29E-06,-2.313609441,-0.35362041,0.340536118
21-12-2021,91383.88444,291.3943558,-0.002778172,8.58E-07,-1.480721156,-0.371507009,0.333042145
22-12-2021,91240.70199,292.1010698,-0.002786577,4.35E-07,-1.647848765,0.187398275,0.32577006
23-12-2021,91216.17464,292.4280815,-0.002869481,0,-1.607620041,-0.300292412,0.318644206
24-12-2021,91247.56201,292.2714984,-0.002941022,8.52E-07,-1.795483271,0.157967885,0.311630885
25-12-2021,91286.87988,293.0146141,-0.002930233,0,-1.775208036,-0.11880366,0.305080414
26-12-2021,91398.82617,293.1290404,-0.002723143,2.14E-06,-2.178732514,0.223039468,0.29914856
27-12-2021,91416.5013,292.515576,-0.002370346,-2.66E-09,-2.462256749,0.992958625,0.294357936
28-12-2021,91333.57389,292.8487225,-0.00222836,5.21E-06,-2.551693201,1.100401322,0.290437063
29-12-2021,91293.50033,293.2853889,-0.002122683,2.11E-05,-2.575818618,0.920375665,0.287179947
30-12-2021,91414.80729,293.3789762,-0.002000008,0.000848787,-3.320847233,-0.09719646,0.287607193
01-01-2022,91504.27051,293.7472731,-0.001819726,0.001163104,-3.60121727,-0.592430751,0.298205058
02-01-2022,91381.31592,293.820645,-0.00186063,4.60E-06,-3.343175252,0.048027039,0.295624415
03-01-2022,91350.52051,293.4730345,-0.002168875,7.89E-06,-2.642347495,-0.04597346,0.29092598
04-01-2022,91350.56136,292.8727741,-0.002242869,2.71E-06,-2.498518626,-0.30987676,0.286434809
05-01-2022,91334.96908,293.1057371,-0.002266882,2.76E-06,-1.331988653,0.213959376,0.282437007
06-01-2022,91239.9777,293.8739904,-0.002126852,1.29E-05,-1.952197393,1.194123467,0.279043833
07-01-2022,91295.10303,294.3084526,-0.001883529,9.61E-06,-1.921940486,1.971934001,0.27625529
08-01-2022,91289.49854,294.3691635,-0.00163687,3.29E-05,-1.841410955,1.379854798,0.274024963
09-01-2022,91181.09408,294.3677527,-0.00169068,4.54E-06,-1.400828044,1.474120299,0.271942774
10-01-2022,91188.84456,294.6838131,-0.001859284,1.27E-05,-1.388224045,1.487174352,0.269760132
11-01-2022,91165.88786,294.9202906,-0.001957693,2.16E-05,-1.309017698,1.657227357,0.267554601
12-01-2022,91142.77507,295.2457937,-0.001850168,4.17E-05,-0.168893417,1.829562783,0.265800476
13-01-2022,91094.72266,294.857502,-0.001785817,3.52E-05,0.314942042,1.645409902,0.264179866
14-01-2022,91102.37419,294.6631927,-0.001737334,0.000183997,-0.138145447,1.71473066,0.263167063
15-01-2022,91172.25146,295.2290211,-0.001745403,5.63E-05,-1.091187159,0.753674825,0.261984507
16-01-2022,91317.97428,294.6129475,-0.001481079,1.96E-05,-2.885108948,0.59971873,0.26080068
17-01-2022,91455.31966,293.6866328,-0.001354508,1.12E-05,-2.594725927,0.019270261,0.259790421
18-01-2022,91319.2168,293.9952558,-0.001389273,1.41E-05,-2.229866107,0.095247269,0.258824031
19-01-2022,91212.07503,293.6819661,-0.001768069,2.53E-07,-1.440460841,-0.885630488,0.257704417
20-01-2022,91076.24561,294.4457054,-0.00190495,4.41E-07,-0.533975601,-0.89752833,0.256562551
21-01-2022,91079.41162,296.1352997,-0.002004249,8.65E-07,0.11028417,-1.162202199,0.255503972
22-01-2022,90955.82926,295.2521057,-0.001883639,1.29E-06,1.144993464,-0.82170105,0.254629771
23-01-2022,90939.35986,295.1689898,-0.001698012,0,1.616077423,0.019711177,0.253961563
24-01-2022,90907.70785,294.3553772,-0.001718424,1.91E-05,0.228144924,0.244182587,0.253410339
25-01-2022,90918.87093,294.8038349,-0.001410356,3.43E-05,-0.649143974,1.529191375,0.253255844
26-01-2022,90985.0013,295.2661661,-0.001279771,0.000358924,-1.456936757,1.930737416,0.253541311
27-01-2022,91046.01937,294.7336578,-0.001379998,0.00059849,-2.693641027,0.653211355,0.256949743
28-01-2022,91195.48324,293.7184137,-0.001051992,3.86E-05,-3.661537806,-0.148139636,0.257843653
29-01-2022,91271.25863,294.2487354,-0.001081565,3.36E-05,-2.954230626,0.291522622,0.2572155
30-01-2022,91169.18815,295.5691064,-0.001303077,1.34E-05,-1.104326884,0.948582331,0.256534576
31-01-2022,91099.09196,296.6236922,-0.001545483,5.51E-06,-1.57549874,0.658903956,0.255524317
01-02-2022,91056.16585,296.0643641,-0.001579564,1.12E-06,-1.752569397,0.410558383,0.254560471
02-02-2022,91113.43148,296.0081329,-0.001657657,0,-1.698491414,0.900016109,0.253736496
03-02-2022,91042.30452,296.1342036,-0.001478538,4.26E-07,1.030713995,1.497655869,0.25311025
04-02-2022,90956.79525,295.2054914,-0.001661047,1.29E-06,0.866294861,-0.347548922,0.252593994
05-02-2022,91037.97168,295.5420767,-0.001515847,1.91E-05,-1.273805618,1.345748345,0.252237956
06-02-2022,91266.63021,295.4647764,-0.001038289,3.58E-05,-2.356355031,1.376174053,0.252223969
07-02-2022,91258.62451,295.4075673,-0.001179378,9.15E-05,-1.639647802,0.269051234,0.252304077
08-02-2022,91156.53613,295.2381725,-0.001400327,4.35E-07,-1.915525436,-0.061130524,0.25202179
09-02-2022,91143.63916,294.4697107,-0.001332752,4.30E-06,-2.953297297,0.568839391,0.251770655
10-02-2022,91118.52051,294.2675641,-0.00141727,2.99E-06,-2.315148671,-0.688432693,0.251595815
11-02-2022,91106.98975,295.031683,-0.001435354,0,-3.414709727,-0.787562688,0.251414617
12-02-2022,91074.36117,295.1521295,-0.001334358,0,-3.039205551,-0.077632189,0.25127093
13-02-2022,91002.49186,294.78932,-0.001324615,2.57E-06,-2.354473114,0.270184755,0.251122793
14-02-2022,91000.60791,295.1485767,-0.001201927,1.32E-05,-2.00405248,0.042911927,0.251089732
15-02-2022,90982.743,295.3041395,-0.001206279,1.30E-06,-1.489900589,-0.115081151,0.251063665
16-02-2022,90786.99691,295.88871,-0.001245672,0,-1.839759191,0.06512785,0.250989914
17-02-2022,90769.7015,295.3876203,-0.00132809,0,-2.550013224,0.548851013,0.250921885
18-02-2022,90949.64714,294.9321156,-0.001216968,6.24E-06,-3.016363144,0.633197347,0.250899633
19-02-2022,91107.71956,295.2187506,-0.001314884,8.62E-07,-2.645699819,0.392131448,0.250861486
20-02-2022,91026.4165,296.0731697,-0.001482863,4.35E-07,-0.562353134,-0.692774455,0.250787735
21-02-2022,90977.99235,297.2121213,-0.001485456,0,-0.482879639,-0.58106041,0.250731786
22-02-2022,91131.5516,297.3083655,-0.001246691,2.78E-06,-2.396499634,1.272006432,0.250713984
23-02-2022,91337.26009,295.9156164,-0.001263442,2.93E-06,-3.302176158,0.800109824,0.250739415
24-02-2022,91386.32633,295.2451401,-0.001367558,1.30E-06,-2.447089513,0.519406756,0.250731786
25-02-2022,91284.77311,295.4252605,-0.001427861,8.52E-07,-2.630666097,-0.107549032,0.250709534
26-02-2022,91312.07796,295.2669792,-0.001313325,7.23E-06,-2.843768438,0.835077922,0.250692368
27-02-2022,91309.6097,295.7877986,-0.001263762,2.58E-06,-2.612208049,0.559320609,0.250688553
28-02-2022,91273.35579,296.1037807,-0.001368027,8.70E-07,-2.482933243,0.915514668,0.250677109
01-03-2022,91262.62337,296.5936464,-0.001363887,0,-3.098559697,0.688980103,0.250663757
02-03-2022,91221.20996,295.9944038,-0.001349124,8.61E-07,-3.354231517,0.237024307,0.25064977
03-03-2022,91197.80094,295.7881915,-0.001220351,1.72E-06,-3.370301565,-0.748946905,0.250658035
04-03-2022,91161.54215,296.174921,-0.001307655,1.29E-06,-2.862874985,-1.875833948,0.25066185
05-03-2022,91084.08659,296.4734364,-0.001233253,1.72E-06,-2.886379242,-1.726041277,0.250668844
06-03-2022,91071.04411,296.7337322,-0.001104565,4.29E-06,-3.670833588,-1.266327143,0.250684102
07-03-2022,91111.00618,294.7340037,-0.001149944,0.002023381,-3.053049088,0.6992805,0.261630376
08-03-2022,91085.92839,296.669733,-0.001480406,0,-2.708696365,0.999514778,0.266742071
09-03-2022,91039.44596,297.6171125,-0.001593214,2.15E-06,-2.943974177,0.550490896,0.263238271
10-03-2022,91028.73031,297.9789378,-0.001552923,8.52E-07,-2.894996007,0.572811762,0.260171254
11-03-2022,90993.27555,298.0005531,-0.001550624,8.58E-07,-3.277011236,0.042184273,0.257686615
12-03-2022,90978.22705,298.3159822,-0.001503589,8.67E-07,-3.35272038,-0.112894456,0.255757014
13-03-2022,91026.1499,298.3983033,-0.001401909,4.35E-07,-3.438374837,0.08321325,0.254317602
14-03-2022,91025.69206,298.802002,-0.001393948,1.73E-06,-2.654635111,-0.34828949,0.253276825
15-03-2022,90919.06608,298.4851023,-0.00146113,0,-1.484892527,-0.738559326,0.252470016
16-03-2022,90844.13428,298.7860654,-0.001425427,4.35E-07,-1.326664607,-0.374951522,0.251866659
17-03-2022,90815.47347,299.6637243,-0.001402932,8.61E-07,-1.872606277,0.276988109,0.251447678
18-03-2022,90790.76188,299.8160464,-0.001361134,0,-0.056507111,0.943928401,0.251145681
19-03-2022,90801.5057,298.8044122,-0.000994805,3.21E-06,2.306496104,0.001805107,0.250991821
20-03-2022,90834.79378,296.7719809,-0.000355497,3.01E-06,2.04206411,0.292680025,0.250976563
21-03-2022,90834.76904,298.2547925,-0.001261284,0.000625293,0.618998845,-0.14392515,0.252934138
22-03-2022,90859.29801,297.6565666,-0.000627924,5.10E-06,0.422211607,0.059505582,0.255389531
23-03-2022,90791.54264,299.6943016,-0.001218947,2.03E-05,-1.677373211,1.088047187,0.25439326
24-03-2022,90836.74935,299.1653601,-0.000999285,1.37E-05,-1.447169503,0.958082954,0.253545761
25-03-2022,90957.99886,299.1814156,-0.001209046,0.000261517,-1.193803151,1.192599177,0.253894806
26-03-2022,91104.75374,299.7291298,-0.001206759,6.13E-05,-1.018057505,0.876026154,0.254190445
27-03-2022,91106.02913,300.0484091,-0.001230649,7.08E-06,-1.662519455,0.605408947,0.25335439
28-03-2022,91059.0459,300.2421271,-0.001187127,0,-1.476811727,1.073342641,0.25254631
29-03-2022,90965.91471,300.4307969,-0.001139343,3.08E-05,-0.46172905,1.029961665,0.252134959
30-03-2022,90962.87044,300.4955451,-0.001062009,1.77E-06,-0.264675776,0.721339862,0.251726151
31-03-2022,90983.37402,299.8513686,-0.001028793,0.00011389,0.285965602,0.523381829,0.251951218
01-04-2022,91006.21761,299.6203181,-0.001008863,5.05E-06,-0.442811966,1.438423951,0.251795451
02-04-2022,91082.36735,299.1901741,-0.00105207,9.70E-05,-0.69314003,1.039796273,0.2519207
03-04-2022,91010.77425,299.3820604,-0.001201482,8.52E-07,-2.012158354,0.932523727,0.251660665
04-04-2022,91112.0389,299.2083791,-0.001101605,1.73E-06,-2.467832009,1.548442682,0.25133578
05-04-2022,91236.44531,298.7477385,-0.001009555,1.71E-06,-2.166270574,1.642602205,0.251133601
06-04-2022,91211.18245,299.3275274,-0.001147687,3.01E-06,-1.440180461,0.866348147,0.250964483
07-04-2022,91096.63574,299.7731997,-0.001194727,4.43E-07,-2.125953039,0.204683463,0.250839869
08-04-2022,91027.02067,299.2106412,-0.001090528,2.32E-06,-1.70282491,1.281779091,0.250750224
09-04-2022,90927.13135,299.9010684,-0.001044555,1.25E-05,-1.532259623,0.829367598,0.250761668
10-04-2022,90890.10563,299.7678369,-0.000978122,4.17E-07,-1.458961487,0.413521051,0.250717163
11-04-2022,90812.57357,299.7956429,-0.001028867,5.26E-06,-1.812400738,0.067115068,0.250675837
12-04-2022,90747.80957,299.4608892,-0.000906811,4.37E-05,-1.7792087,0.961224318,0.250869751
13-04-2022,90752.20752,297.7771568,-0.001114794,0.01058878,-1.212783535,1.1867793,0.324112574
14-04-2022,90817.56462,297.4262562,-0.001917462,0.002115101,0.618941267,1.033093333,0.380877813
15-04-2022,90794.72689,298.0507838,-0.002823996,0.003168575,0.637072603,0.356461763,0.385458628
16-04-2022,90755.21517,298.7047278,-0.003157932,0.001444256,0.824878772,-0.837310115,0.379804611
17-04-2022,90862.19857,297.4294999,-0.002644279,0.009635064,1.277167002,-0.308507005,0.413340886
18-04-2022,90995.96598,297.9208539,-0.003187013,0.001072186,1.189949036,-0.606644591,0.417407354
19-04-2022,91051.74919,299.0105133,-0.003265902,0.000863212,0.47945563,-0.691402038,0.387999852
20-04-2022,90850.09391,300.361962,-0.0034111,8.52E-07,-1.570316315,0.62119921,0.359796524
21-04-2022,90823.53564,299.7046382,-0.002887351,8.64E-07,-1.860658646,1.486109853,0.334237417
22-04-2022,90926.96175,299.2168643,-0.002585681,2.59E-06,-2.21333758,1.264615893,0.314697901
23-04-2022,90959.55094,299.607954,-0.002292592,1.54E-06,-1.662938952,1.283616781,0.299887975
24-04-2022,90856.54427,300.3901437,-0.002094673,1.06E-05,-1.314637502,0.779295603,0.288666407
25-04-2022,90825.65234,300.6464373,-0.001879914,1.08E-06,-0.893226624,1.015270233,0.280281703
26-04-2022,90847.19417,300.9029338,-0.001828522,3.42E-06,-1.386692047,0.468588789,0.274036407
27-04-2022,90813.2321,301.2479528,-0.001766653,1.29E-06,-1.753758748,1.158871611,0.268540064
28-04-2022,90922.55518,301.1797708,-0.001580259,8.64E-07,-0.282361348,0.478423079,0.264039358
29-04-2022,90859.79215,302.3456319,-0.001583183,8.52E-07,-0.614620845,-0.485767365,0.26036644
30-04-2022,90758.64518,301.2408085,-0.001145845,1.73E-05,1.349105,-1.170296788,0.257822673
01-05-2022,90723.5861,300.6796722,-0.001173025,0.000126901,1.568423589,-0.390636881,0.256471634
02-05-2022,90703.45671,301.0263907,-0.001135672,4.96E-06,1.509422302,-1.039187749,0.255405426
03-05-2022,90802.08333,300.4163729,-0.001219253,0.000915885,0.410981496,-0.297904372,0.259451548
04-05-2022,90884.20882,299.765323,-0.001222758,0.00037619,0.461647669,-0.413529833,0.26389122
05-05-2022,90812.71696,298.2122949,-0.001194095,0.011271191,0.719600677,-0.611587167,0.335516612
06-05-2022,90779.07699,298.9265811,-0.003099908,0.001100332,0.606624603,-0.296820521,0.387706121
07-05-2022,90700.06136,299.5544459,-0.002893012,0.00094524,1.229257584,-0.220083237,0.365030924
08-05-2022,90569.33773,299.7984734,-0.002773404,0.000679818,1.289310455,-0.844039043,0.345750809
09-05-2022,90457.0236,298.8510691,-0.00199963,0.001171756,2.758695602,-0.100560506,0.334952672
10-05-2022,90473.729,296.929608,-0.001724647,0.00417369,4.586348852,0.115522782,0.345124563
11-05-2022,90516.01432,295.7151349,-0.001468914,0.001612458,5.075123469,0.084627668,0.371154149
12-05-2022,90578.43636,293.9743366,-0.001453642,0.036047101,3.505084356,1.074753881,0.449111303
13-05-2022,90578.368,296.0344461,-0.002212359,0.00225811,3.408437093,0.244746526,0.468530655
14-05-2022,90634.13265,297.2280534,-0.003144402,0.016053951,2.517466227,0.19419988,0.451948166
15-05-2022,90695.35156,297.1267414,-0.003280753,0.007514659,2.045217514,0.113256693,0.471422195
16-05-2022,90610.99398,297.0385698,-0.003109122,0.01591953,1.331203461,-0.227294644,0.483018239
17-05-2022,90514.36914,296.0871404,-0.002143687,0.033646792,-0.269192378,-0.254509608,0.487258275
18-05-2022,90520.01204,296.2093232,-0.00258273,0.005874771,-0.65880839,1.808574955,0.427835464
19-05-2022,90723.22249,293.8944696,-0.002060242,0.00021106,3.902311961,2.142652432,0.433439891
20-05-2022,90779.9069,295.740338,-0.003114399,0.00406462,4.245044708,0.915342569,0.45002683
21-05-2022,90724.02116,296.0724672,-0.003498245,0.000436646,4.493111293,-0.215578675,0.445299149
22-05-2022,90633.15153,295.857104,-0.002949029,0.001225758,4.322100957,0.287749728,0.435218175
23-05-2022,90596.72249,297.6918418,-0.004407253,7.89E-05,3.525090535,-0.509419362,0.419624964
24-05-2022,90823.25293,297.9028416,-0.003853208,0.000549576,2.510203044,-0.508008917,0.401793798
25-05-2022,90916.23682,297.622139,-0.003510389,0.001046139,1.54776001,-0.681137005,0.394232432
26-05-2022,90912.71598,297.4419435,-0.003725336,0.000869834,2.417947133,0.453211943,0.386007945
27-05-2022,90875.49756,296.9274292,-0.004016737,0.000445455,2.876048406,-0.284726222,0.375094096
28-05-2022,90825.96924,297.3334427,-0.003948427,0.000127602,3.224946976,-0.115309397,0.360676448
29-05-2022,90793.07292,297.4291401,-0.003626917,0.000255712,2.75132815,-0.169973771,0.347202301
30-05-2022,90729.34717,297.4960365,-0.003197715,0.000366357,2.458860397,-0.004364014,0.337235133
31-05-2022,90680.90446,297.1332792,-0.003522972,0.008849796,2.592221578,-0.147734006,0.370030721
01-06-2022,90690.81885,296.7131793,-0.003265506,0.004769146,2.911258062,-0.51850756,0.440853119
02-06-2022,90684.78239,297.2242692,-0.003627272,0.000392684,2.982885361,-0.480517983,0.425668716
03-06-2022,90671.15918,297.4694818,-0.004045466,0.002501526,2.93434461,-0.292533557,0.407817205
04-06-2022,90647.41048,297.5701218,-0.00403694,0.011802002,1.50087738,-0.162453175,0.420740128
05-06-2022,90667.36654,297.475441,-0.004071338,0.016348931,2.305051168,-0.234429677,0.432225545
06-06-2022,90702.75228,297.4331862,-0.004444864,0.012608904,2.106043498,0.029691696,0.449525833
07-06-2022,90763.98307,296.5073694,-0.003209237,0.004815894,3.209962209,0.274332126,0.471981684
08-06-2022,90726.06136,297.0888996,-0.004027333,0.000132966,3.645542145,0.067958951,0.461409251
09-06-2022,90696.42269,297.5405954,-0.004356869,0.000199122,3.410055796,0.213812709,0.43804423
10-06-2022,90790.42464,296.8571536,-0.003601396,8.95E-05,3.55682373,0.893931071,0.420455933
11-06-2022,90840.09017,296.6417707,-0.003622627,0.000191416,3.778628031,1.04741923,0.405644735
12-06-2022,90849.57357,296.1591066,-0.003760435,0.00831016,3.147537231,0.747090022,0.435937246
13-06-2022,90891.01465,296.7262357,-0.003712257,6.32E-05,3.053523382,0.097445488,0.444289525
14-06-2022,90828.65837,296.9877497,-0.003854485,0.009375146,2.485851924,-0.380182783,0.451118469
15-06-2022,90770.24121,296.9285405,-0.003974194,0.001062545,2.446318309,-0.552143176,0.464137395
16-06-2022,90758.30762,296.4084199,-0.003501922,0.012860268,2.060284297,-0.198147535,0.452517192
17-06-2022,90726.37891,296.1467393,-0.003374963,0.017126328,1.186217626,0.520299713,0.489006042
18-06-2022,90753.52523,295.8555381,-0.002851386,0.016929803,1.525764465,0.154293219,0.481056849
19-06-2022,90779.68799,296.2354927,-0.003627146,0.003781623,2.446249644,0.080428998,0.470485687
20-06-2022,90685.28109,296.3416653,-0.003666986,0.001895815,3.051577886,-0.083259304,0.470513662
21-06-2022,90624.04671,295.0618661,-0.002881748,0.009604633,3.765256882,0.175220331,0.467621485
22-06-2022,90768.84814,295.4862487,-0.002675321,0.001403996,3.545883179,0.96097819,0.466187159
23-06-2022,90781.34489,295.6171373,-0.002629645,0.001084739,3.140981674,1.318785946,0.462639491
24-06-2022,90684.06445,296.3177986,-0.003535463,0.00044534,4.453492483,1.361087958,0.449881872
25-06-2022,90562.42839,295.7497063,-0.002804263,0.001651636,4.962381363,1.244803508,0.445474625
26-06-2022,90653.03288,296.1708177,-0.003267623,0.000330582,4.995145162,1.102588574,0.436344147
27-06-2022,90802.75016,295.9703725,-0.002902033,0.000296751,4.175201416,0.643615007,0.423537572
28-06-2022,90755.99951,295.6210721,-0.002472181,0.00061934,3.675264796,0.509450912,0.415466944
29-06-2022,90630.24609,295.2783051,-0.002969797,0.00965344,4.224234263,0.151546915,0.452264786
30-06-2022,90623.95247,295.3762487,-0.002920041,0.00637114,3.895605087,-0.002218207,0.481494268
01-07-2022,90636.75374,295.9205392,-0.002823132,0.004116021,4.867467244,-1.201554139,0.481270472
02-07-2022,90547.68799,296.4998245,-0.003320021,0.001677394,4.536197662,-1.22399509,0.467268626
03-07-2022,90607.81071,295.6102829,-0.002888447,0.007326561,4.463449478,-0.329081217,0.478072484
04-07-2022,90607.77425,293.4277992,-0.001768764,0.029306331,4.314703623,0.331244946,0.475806554
05-07-2022,90554.507,293.9557908,-0.00240607,0.01574794,5.036722819,0.33971405,0.481072108
06-07-2022,90735.53369,293.8616149,-0.002358495,0.021887767,4.462328434,0.246713161,0.486562729
07-07-2022,90854.8208,293.9478029,-0.002452772,0.013858478,4.9885391,-0.306758523,0.475837708
08-07-2022,90753.04102,294.1746407,-0.002352593,0.00814227,5.085480372,-0.892092784,0.48980395
09-07-2022,90598.7015,293.7920195,-0.002627477,0.009128527,5.362951914,-0.287699898,0.481671015
10-07-2022,90686.11637,293.9591026,-0.0024405,0.006327142,5.520033518,-0.620759845,0.500705083
11-07-2022,90820.29329,293.7962354,-0.002262378,0.004909933,5.570969303,-0.237361073,0.499064128
12-07-2022,90728.7264,295.4078751,-0.003157651,0.001468271,6.331788381,-0.292610168,0.486427307
13-07-2022,90534.6945,294.630228,-0.002891334,0.002652961,6.649567286,0.418649753,0.481625875
14-07-2022,90467.23796,295.2300676,-0.003173409,0.001321921,6.435658137,0.985995452,0.477860133
15-07-2022,90597.71191,295.616312,-0.00296947,0.002066396,5.683610916,0.902394613,0.474175135
16-07-2022,90694.60824,295.1356697,-0.00275829,0.015080115,4.497646213,0.477491856,0.48930486
17-07-2022,90732.46289,295.6687031,-0.002923436,0.009999582,4.277357936,-0.482178807,0.467208862
18-07-2022,90798.29883,295.0324694,-0.002522688,0.007611066,3.683736483,-0.355510434,0.468557994
19-07-2022,90800.40658,295.7577839,-0.003103831,0.002194673,2.772164663,-0.572687785,0.488220215
20-07-2022,90804.64225,295.9548194,-0.003334226,0.007925946,2.204782486,-1.066316923,0.474674861
21-07-2022,90799.20915,296.1567847,-0.003396854,0.003501998,2.691541036,-1.000186523,0.477316538
22-07-2022,90805.09896,294.8780651,-0.00212457,0.003518185,2.740414222,-0.808780114,0.492615382
23-07-2022,90762.76204,294.9874872,-0.002748854,0.00164996,3.298953374,-0.202658852,0.485383352
24-07-2022,90788.21322,295.5663293,-0.003039447,0.001641679,3.686826706,-0.825720429,0.47548612
25-07-2022,90880.84733,295.4286346,-0.002775419,0.002169529,2.804793676,-1.160194159,0.475657145
26-07-2022,90905.29785,294.6724428,-0.00204356,0.002145985,1.863949458,-1.540748596,0.481314341
27-07-2022,90839.61019,295.7073619,-0.003132253,0.016504252,0.005905151,-0.501096725,0.465002696
28-07-2022,90880.23942,296.0006777,-0.003486213,0.005167997,-0.684276581,0.184984644,0.452753703
29-07-2022,90836.20524,296.3646177,-0.003731797,0.008659667,-0.461054484,-0.161500653,0.481121699
30-07-2022,90756.53678,296.1968524,-0.003630003,0.010294554,0.644189199,-0.135201852,0.4998703
31-07-2022,90619.35075,296.5308488,-0.003465842,0.023579606,0.93834432,-0.841434479,0.489395142
01-08-2022,90570.87728,296.3166428,-0.003445904,0.022835082,1.174800873,-1.712731719,0.484915415
02-08-2022,90458.47493,295.5338599,-0.002698496,0.017358363,0.417511622,-1.39346536,0.484047572
03-08-2022,90437.118,295.3263048,-0.00226588,0.024090835,0.916877747,-0.881284078,0.464160919
04-08-2022,90471.22282,295.0137513,-0.002488608,0.018147607,2.355766932,0.057355245,0.476096471
05-08-2022,90548.15332,293.9373004,-0.002778687,0.007065943,5.266548157,1.303892851,0.468941371
06-08-2022,90514.40381,294.116792,-0.002781793,0.008375204,5.54914701,0.841670871,0.498310725
07-08-2022,90452.98617,294.4578075,-0.002392905,0.015807259,5.131697973,0.862267772,0.473833084
08-08-2022,90450.91602,294.9844201,-0.002548135,0.003576174,5.549186071,1.113175074,0.480086009
09-08-2022,90462.91016,295.0930487,-0.002878978,0.000680565,6.170998891,1.859015822,0.469245275
10-08-2022,90463.6582,295.2492568,-0.003133753,0.00117054,6.05944252,1.475636085,0.458641688
11-08-2022,90656.57878,295.6900183,-0.003321959,0.000688651,5.892981847,1.012862404,0.448020935
12-08-2022,90785.18848,295.8160362,-0.00319735,0.000492434,4.773735682,0.224792004,0.438427607
13-08-2022,90806.05208,295.4848283,-0.003028031,0.00046178,4.496711095,-0.337066213,0.429950714
14-08-2022,90884.46859,295.2124043,-0.002586186,0.000222129,3.939568202,-0.36704433,0.4229304
15-08-2022,90937.6766,295.4419664,-0.002863887,0.000187155,3.005966187,-0.278617819,0.415543874
16-08-2022,90921.04167,296.2767092,-0.00380389,3.63E-06,1.961773554,-0.57639571,0.404888789
17-08-2022,90919.28483,296.3569393,-0.003655271,5.72E-06,2.236506144,-1.198771079,0.393988927
18-08-2022,90884.44759,296.268006,-0.003693838,0.000783268,2.760701497,-1.769670129,0.387165705
19-08-2022,90879.96077,296.0796324,-0.003210522,0.000170691,3.373579661,-1.848749558,0.381783168
20-08-2022,90839.18197,296.0475095,-0.002900006,0.000285929,3.659546534,-0.986655951,0.375789007
21-08-2022,90786.31966,295.7977441,-0.003148703,0.004465784,3.857138952,-0.424760461,0.395687103
22-08-2022,90754.36312,295.4667327,-0.003156289,0.002161252,4.437737783,-0.605614702,0.417598089
23-08-2022,90839.70996,295.4400476,-0.003095254,0.001661199,3.88218689,-0.847444971,0.416337331
24-08-2022,90907.59521,294.8596547,-0.002729088,0.003100666,3.157699585,-1.259902875,0.42477417
25-08-2022,90798.29769,294.9656391,-0.002752168,0.013706678,2.198844274,-1.804174185,0.45134608
26-08-2022,90762.12126,295.1055495,-0.002884137,0.009457946,1.930382411,-1.500031153,0.458764394
27-08-2022,90754.83691,294.9512081,-0.002805351,0.01484251,1.997550964,-1.387770772,0.469652812
28-08-2022,90722.29134,294.6093089,-0.002476295,0.010665336,1.538808823,-1.560605049,0.468545914
29-08-2022,90820.63753,295.1987298,-0.002493726,0.009872675,0.588492076,-1.312483271,0.485939026
30-08-2022,90822.48682,296.0382398,-0.003290676,0.004097033,-1.108989716,0.676050584,0.494005203
31-08-2022,90745.88656,295.6886819,-0.00322284,0.00540331,-1.429393808,0.641976237,0.481919607
01-09-2022,90770.90039,295.3479137,-0.002628658,0.003671882,-0.315738718,0.300216675,0.485803604
02-09-2022,90825.03743,295.6726023,-0.003463628,0.001097505,-0.575286229,1.223508279,0.481084188
03-09-2022,90836.74756,296.3007723,-0.003638307,0.006923649,0.653934479,0.029211164,0.472185135
04-09-2022,90811.90381,296.3489997,-0.00385793,0.013632553,0.395798246,-0.901336233,0.462299983
05-09-2022,90745.63704,296.2074928,-0.003727474,0.010999743,0.467249036,-0.597608924,0.478328069
06-09-2022,90715.39421,296.0995541,-0.003713936,0.013549111,1.001162211,0.658081055,0.465145111
07-09-2022,90760.69906,294.9930903,-0.003234137,0.009720057,2.968161901,1.482883453,0.481058121
08-09-2022,90704.05469,294.1458906,-0.002346715,0.007312723,3.196715037,0.85703071,0.497285207
09-09-2022,90694.24186,295.4244429,-0.002536074,0.000309142,3.740896861,1.322920839,0.485092799
10-09-2022,90692.4943,295.1118876,-0.002613796,0.005661988,4.533977509,1.261739771,0.474924088
11-09-2022,90649.15853,295.4466578,-0.002904579,0.00035822,5.270090103,2.080347697,0.470542908
12-09-2022,90701.9751,295.2758471,-0.003194077,0.000532418,4.719274521,1.916433334,0.462092082
13-09-2022,90903.51514,295.4265461,-0.003454867,0.001959339,3.41310819,1.562680682,0.458667755
14-09-2022,91080.16764,295.5003719,-0.003484835,0.004008043,2.797024409,0.963588715,0.470240911
15-09-2022,91106.5485,295.2825298,-0.003467395,0.000159232,3.31102562,0.579064051,0.461717606
16-09-2022,90921.31559,295.5663846,-0.003408693,0.000344541,3.239952087,-0.04109621,0.446193059
17-09-2022,90946.04997,295.5537809,-0.003388645,0.000434349,2.907865524,0.030468543,0.435399373
18-09-2022,90975.10303,295.5395317,-0.003482766,0.000290135,2.869012197,-0.339145025,0.425023397
19-09-2022,90960.77327,294.9046796,-0.003136976,0.000637538,3.274593989,-0.416091402,0.418118795
20-09-2022,90903.02409,295.1342519,-0.003965294,2.43E-05,3.282323201,-0.463124077,0.408021927
21-09-2022,90914.04346,295.0524731,-0.003690733,1.25E-06,2.953900019,-0.50267748,0.396087011
22-09-2022,90976.88021,294.8577143,-0.004190447,1.28E-06,2.811663946,-0.665224751,0.38410759
23-09-2022,91016.30127,295.3829721,-0.004212553,0.000163582,2.820512136,-0.556061506,0.372923533
24-09-2022,90937.5931,295.3864841,-0.003703933,0.00061247,2.894679387,-1.108836492,0.366479874
25-09-2022,90865.79346,295.9959227,-0.003757605,0.000200945,1.709974289,-1.778652827,0.36015892
26-09-2022,90951.3029,295.2778823,-0.002695323,0.001354426,2.100053787,-1.738780459,0.360595067
27-09-2022,90831.9235,295.9717553,-0.002915365,0.000902498,2.038772583,-1.625642776,0.361779531
28-09-2022,90745.1569,295.8874359,-0.003258605,0.000402424,2.217704773,-0.869981011,0.356824239
29-09-2022,90763.65788,295.5810566,-0.002816271,0.000391844,2.680227915,-1.157236099,0.350470225
30-09-2022,90824.55599,294.2172184,-0.002729015,0.013954937,3.431533178,-0.986381849,0.410886765
01-10-2022,90862.78385,293.4981931,-0.002032707,0.0160849,3.229143143,-1.091262062,0.482568105
02-10-2022,90832.54264,294.5428486,-0.002308292,0.000165269,3.250555674,-1.670516729,0.468950272
03-10-2022,90813.1569,295.0789973,-0.002690608,0.000414842,2.505547841,-2.0899086,0.453484853
04-10-2022,90785.52425,295.3799222,-0.003288075,0.000878705,2.056643168,-2.166013718,0.443517049
05-10-2022,90754.07243,295.5321134,-0.003091594,0.002332421,2.161221186,-1.158342083,0.439004898
06-10-2022,90753.9305,293.9836909,-0.002454876,0.005681419,2.902303696,0.207296769,0.471956889
07-10-2022,90846.00879,294.7962545,-0.00379746,0.000187591,2.114752452,0.434390346,0.460148493
08-10-2022,90907.2321,295.3909295,-0.003445045,0.000178024,0.202646891,-0.71036013,0.43985939
09-10-2022,90951.07747,294.691349,-0.002141342,0.019199762,-0.002402981,-0.856142044,0.466519038
10-10-2022,91006.33333,294.7315871,-0.002424667,0.011419454,-1.124237776,0.256830374,0.491980871
11-10-2022,90981.32129,294.9030641,-0.002702856,0.004234314,-0.462786992,1.280647119,0.486812592
12-10-2022,91025.85465,294.8612951,-0.002950627,0.009813958,0.279631933,0.417497079,0.49095281
13-10-2022,90976.40609,295.3820426,-0.003322944,0.002251849,-0.558724721,-0.132569671,0.490672429
14-10-2022,90898.55143,294.9582431,-0.003228488,0.011078784,0.016861598,-0.362566789,0.477715174
15-10-2022,90836.72363,295.3614445,-0.003388528,0.005989433,-1.028148015,-0.657766183,0.438607534
16-10-2022,91052.72998,295.0162799,-0.002619743,0.010419292,-0.995483398,0.836250583,0.476288478
17-10-2022,91151.94043,295.0340029,-0.0034355,0.002548406,-1.41097641,0.607515971,0.478067398
18-10-2022,91119.32568,294.5362924,-0.00261505,0.013672549,0.364267349,-0.194589615,0.46456782
19-10-2022,91076.21143,295.1315778,-0.003519691,0.008373684,-0.570886135,-0.512296995,0.460516612
20-10-2022,91128.06999,295.0366961,-0.00332918,0.010915628,-1.453771591,-0.488656402,0.487167994
21-10-2022,91250.8654,294.6696548,-0.00325671,0.003476143,-1.904824575,-0.605822921,0.492945353
22-10-2022,91254.93848,294.4801445,-0.003841615,2.60E-05,-1.18224589,-2.197649399,0.476949692
23-10-2022,91164.39746,293.6442699,-0.004456684,4.26E-07,0.53835996,-2.376828114,0.459415436
24-10-2022,91059.20654,292.5571124,-0.004716322,0,1.036303202,-2.433116555,0.443584442
25-10-2022,91156.69352,292.4358279,-0.004466388,1.73E-06,0.397563934,-1.893673937,0.429674784
26-10-2022,91222.20296,292.7877928,-0.004281715,0,-1.110331853,-1.1825188,0.417226791
27-10-2022,91184.56608,293.5086638,-0.004256286,8.56E-07,-1.65389506,-0.638010224,0.405080795
28-10-2022,91092.5612,293.8634803,-0.002863292,0.00031026,-2.126840591,-1.435420116,0.398516973
29-10-2022,91094.82275,294.3577887,-0.002461012,0.000440594,-2.455307245,-0.743269563,0.395565669
30-10-2022,91105.65869,294.3826669,-0.002469702,0.000348428,-1.94354248,-1.223450025,0.393164953
31-10-2022,91083.71712,294.0890465,-0.003571771,8.58E-07,-1.648468653,-1.634653568,0.384572347
01-11-2022,91145.89779,292.8937747,-0.001891788,0.008543044,-1.310809453,-2.11322403,0.428063711
02-11-2022,91079.85856,292.5319506,-0.001298577,0.015604055,-1.395037492,-2.237605214,0.484750112
03-11-2022,91108.5249,293.4901676,-0.001645352,0.00227704,-2.018831611,-1.219483773,0.4894104
04-11-2022,91220.11605,294.4146595,-0.002950395,0.003698021,-2.807076255,-0.195180456,0.481925964
05-11-2022,91351.50407,294.435456,-0.003328673,0.000560986,-2.788289189,0.077325861,0.474249522
06-11-2022,91355.21452,293.8073076,-0.002854127,0.001090442,-2.257145405,-0.830018322,0.464366913
07-11-2022,91300.95964,293.6314754,-0.004307627,4.35E-07,-2.082289537,-0.985216061,0.448682149
08-11-2022,91258.75423,293.7315648,-0.003577961,2.89E-06,-2.209896207,-0.930624564,0.434405645
09-11-2022,91226.48454,293.5595226,-0.004175678,8.56E-07,-1.983503977,-1.08532238,0.421517054
10-11-2022,91181.13525,294.3086548,-0.003805395,0.000328556,-2.47140185,-1.87286214,0.410593033
11-11-2022,91135.85286,292.5560633,-0.002375696,0.013837981,-1.861464818,-3.308960398,0.455639521
12-11-2022,91122.97331,293.2695649,-0.001515569,0.002634695,-2.800563176,-2.239808758,0.480688731
13-11-2022,91191.1735,293.4396095,-0.001979709,0.005491349,-3.106503805,-0.075178544,0.486695608
14-11-2022,91274.10938,294.0864544,-0.003185362,0.001595411,-2.272307714,-0.232747436,0.479326248
15-11-2022,91248.78223,294.3618272,-0.003150782,0.001144096,-1.754388809,-0.152240038,0.469872157
16-11-2022,91153.40739,293.4761823,-0.003473489,7.84E-05,-1.123480876,-1.504523516,0.455469767
17-11-2022,91128.2238,292.0156574,-0.004148611,0,-1.117693583,-1.803931475,0.439051946
18-11-2022,91155.29932,291.4337489,-0.003998642,8.58E-07,-1.695626219,-1.501757304,0.424699783
19-11-2022,91093.57975,291.0962353,-0.003687656,4.35E-07,-1.611228307,-1.481968562,0.412510554
20-11-2022,90983.03206,291.0264346,-0.003121486,0,-0.842851003,-1.834269285,0.402800242
21-11-2022,90973.07145,292.2529653,-0.002832279,2.42E-05,-0.236352285,-2.029822191,0.394788106
22-11-2022,91004.74235,293.3089212,-0.001189421,0.001597196,-0.54687055,-1.604370395,0.394733429
23-11-2022,91049.59359,293.0107059,-0.000837141,0.010282803,0.11421903,-0.606210868,0.47342364
24-11-2022,91103.39827,294.2091363,-0.002088158,0.001812935,-1.645709515,0.683081071,0.471384048
25-11-2022,91176.49089,294.3166256,-0.002758175,0.000136223,-2.240346034,0.481685281,0.450586319
26-11-2022,91057.0848,294.6565647,-0.003209949,4.47E-05,-1.841201941,0.143896739,0.433654149
27-11-2022,90942.90446,294.6793378,-0.002737331,0.000191721,-1.613986969,0.442835093,0.421987534
28-11-2022,91014.97331,295.0222861,-0.002800082,0.000431949,-1.237202605,0.210311254,0.413383484
29-11-2022,91086.66016,294.0302671,-0.003335021,3.00E-05,-1.551740805,-0.690336784,0.40277036
30-11-2022,91155.28711,292.4759197,-0.003553534,1.28E-06,-1.776088715,-0.882507324,0.390266418
01-12-2022,91110.07585,293.8585307,-0.00212626,0.000671322,-2.23552386,0.221951167,0.385707219
02-12-2022,91097.11393,294.8139337,-0.00237646,0.000344151,-2.281370163,-0.020056526,0.382603963
03-12-2022,91131.14616,294.9887123,-0.002716027,5.53E-05,-2.570312421,-0.180241227,0.375010173
04-12-2022,91198.40153,294.6389821,-0.002570339,0.000100225,-2.821925998,-0.551788092,0.367180506
05-12-2022,91224.48112,294.2020696,-0.002367778,1.86E-05,-2.490774035,0.032257398,0.359781265
06-12-2022,91136.87939,293.8569552,-0.002826288,2.29E-05,-1.64202702,-1.370797078,0.352038066
07-12-2022,91058.61963,292.6179568,-0.002537539,0,-1.009543935,-2.079304179,0.344320933
08-12-2022,90919.73844,293.02642,-0.002477018,0.000431108,0.135043661,-2.741492709,0.339164098
09-12-2022,90736.85156,289.5004921,-0.002225096,0.015083298,1.411777496,-3.756010771,0.430514654
10-12-2022,90601.32275,290.5050151,-0.000630936,0.0440258,1.826430003,-3.237240831,0.483392715
11-12-2022,90843.93294,292.1054446,-0.000748369,0.002526572,-1.414226532,0.951892257,0.488138199
12-12-2022,90907.71908,293.3181044,-0.001996499,0.008406076,-2.51461784,1.21770227,0.481531143
13-12-2022,91086.43213,293.2085794,-0.001905609,0.007129142,-2.657514016,1.322841406,0.479669571
14-12-2022,91190.25309,293.1292044,-0.002285025,0.000254366,-2.542158127,0.882692337,0.473489126
15-12-2022,91105.36328,292.2486127,-0.003752461,1.14E-06,-2.302959442,-0.110537807,0.460290909
16-12-2022,91075.68685,292.3069007,-0.003906815,8.55E-07,-2.389412085,-0.495380561,0.446084976
17-12-2022,91134.52165,293.2690239,-0.003260545,1.72E-06,-2.4431024,-1.042074839,0.43473498
18-12-2022,91055.57617,293.7297745,-0.002735449,0.000146896,-2.550500234,-1.504961848,0.427207311
19-12-2022,90997.66146,292.3323294,-0.003006632,1.90E-06,-2.35385553,-1.406861703,0.418788274
20-12-2022,90966.52588,292.8641777,-0.003228687,1.29E-06,-2.23106277,-0.939693292,0.408988953
21-12-2022,91032.17236,291.7540957,-0.003592572,1.72E-06,-1.947948456,-1.529257099,0.398443222
22-12-2022,91025.63411,291.8166122,-0.003325271,8.64E-07,-2.142094294,-1.664786617,0.388191859
23-12-2022,91025.17741,291.7246132,-0.00346335,1.28E-06,-1.706099192,-1.903632005,0.378383001
24-12-2022,91085.70508,292.3257459,-0.003209272,9.47E-06,-1.697455088,-1.968564987,0.369024277
25-12-2022,91157.89323,293.7311471,-0.001814758,0.002541224,-2.724384308,-1.433876197,0.376950582
26-12-2022,91294.3929,294.7162724,-0.002301374,0.00113489,-3.336442312,0.472675204,0.385834376
27-12-2022,91388.8457,294.4067383,-0.002011508,0.001442644,-2.751806895,0.721408367,0.388357798
28-12-2022,91491.47933,294.5004336,-0.002842147,4.61E-05,-2.445173264,0.477925579,0.381860733
29-12-2022,91593.64437,293.4881967,-0.003313884,8.64E-07,-2.26464653,0.185876687,0.369703929
30-12-2022,91647.3501,293.1283353,-0.00321416,4.35E-07,-2.33731691,-0.073661725,0.35806783
01-01-2023,91488.75179,293.2848574,-0.003097664,8.52E-07,-2.213169098,-0.198828379,0.338287354
02-01-2023,91497.20573,292.6635551,-0.003061332,4.35E-07,-2.699545542,0.353651047,0.329354604
03-01-2023,91497.21615,292.9923681,-0.002814982,1.72E-06,-2.568157752,0.212868373,0.321756363
04-01-2023,91385.84814,292.8266551,-0.002801172,5.65E-06,-2.918409069,0.20787696,0.315046946
05-01-2023,91469.31266,292.640152,-0.002097893,2.73E-05,-3.379222274,0.343140324,0.309939702
06-01-2023,91536.66325,292.7412465,-0.002441307,3.54E-06,-3.459926407,-0.533010403,0.305270513
07-01-2023,91463.78011,292.8735193,-0.001801271,1.40E-05,-2.702726046,-0.661519885,0.301294327
08-01-2023,91378.20605,292.5772139,-0.002455681,4.40E-06,-2.094279607,-0.736623963,0.297249476
09-01-2023,91471.25439,291.3322945,-0.002840067,9.93E-06,-2.417978168,-0.574788133,0.292592367
10-01-2023,91407.11572,290.7760035,-0.00256211,4.35E-07,-2.527264039,-0.542428374,0.288150152
11-01-2023,91268.52848,291.3324496,-0.002694929,0,-2.258583864,-0.38563029,0.284468333
12-01-2023,91170.60498,292.1814893,-0.002761045,0,-2.023388545,-0.167363564,0.281025569
13-01-2023,91220.43278,292.5748552,-0.00261773,1.70E-06,-2.103190819,0.172774434,0.277840296
14-01-2023,91189.29557,292.4135844,-0.002664335,0,-2.095783393,0.042421301,0.274932226
15-01-2023,91119.24479,292.5221004,-0.002648674,1.30E-06,-2.074865341,0.386615992,0.272180557
16-01-2023,91177.44352,292.9581381,-0.0025138,1.72E-06,-1.764234344,0.057081978,0.26970164
17-01-2023,91264.15576,292.4235185,-0.002417153,4.95E-07,-1.891755342,0.682924827,0.267388026
18-01-2023,91386.05534,292.2344246,-0.002180677,4.42E-06,-2.411270499,0.296073198,0.265379588
19-01-2023,91356.52295,292.2020753,-0.002231678,1.78E-05,-2.431479613,0.028806369,0.263748169
20-01-2023,91347.10596,292.8193785,-0.001834294,1.11E-05,-2.648372014,0.707932075,0.262175878
21-01-2023,91268.10693,293.3942509,-0.001571916,2.09E-05,-2.752844493,-0.007847468,0.261268616
22-01-2023,91190.21761,292.9881255,-0.001963318,2.18E-06,-2.910808563,0.016696334,0.260190328
23-01-2023,91130.23682,293.7294191,-0.001275104,3.84E-05,-2.798295975,1.078537941,0.25952212
24-01-2023,91146.32503,294.1020234,-0.001469113,0.000148731,-2.388661702,1.166165034,0.25974528
25-01-2023,91145.72005,293.2436428,-0.001909059,5.56E-06,-2.453126272,0.913404346,0.25912412
26-01-2023,91161.39502,293.2634366,-0.002017265,2.94E-06,-2.363314311,0.48609066,0.258002599
27-01-2023,91153.97266,292.8875821,-0.001929978,1.06E-05,-2.314510345,0.05414327,0.257018407
28-01-2023,91088.07454,292.8195928,-0.001994636,1.28E-06,-2.579280217,-0.464910189,0.255989075
29-01-2023,91026.43278,293.4709625,-0.001743191,8.69E-07,-3.028596242,-0.159557978,0.255269368
30-01-2023,91141.71924,294.3843606,-0.001233051,0.0004749,-2.358903726,-0.026672999,0.257236481
31-01-2023,91113.00977,294.5440044,-0.001621458,3.01E-06,-2.31559213,-1.797448198,0.257944743
01-02-2023,91078.26725,295.3067265,-0.001671517,1.29E-06,-3.155930201,-1.984540304,0.256951014
02-02-2023,91135.38574,294.9925435,-0.001259397,1.71E-06,-3.253985087,-1.757849137,0.256096522
03-02-2023,91166.50863,294.3899905,-0.00093562,1.35E-05,-3.189540863,-0.676474452,0.255610148
04-02-2023,91118.74219,295.1497033,-0.00183586,0,-2.90151151,-0.125893911,0.255009333
05-02-2023,91103.81641,295.1559455,-0.00195791,1.27E-06,-2.763827284,0.292927027,0.254273733
06-02-2023,91117.65804,295.1047001,-0.001916137,4.35E-07,-2.291877588,0.626241048,0.253623962
07-02-2023,91099.78857,295.3967902,-0.001800498,1.71E-06,-1.345336994,0.653929392,0.253058116
08-02-2023,91116.54443,296.0226835,-0.001845649,4.26E-07,-2.382325689,-0.240532557,0.252617518
09-02-2023,91204.59782,295.5760892,-0.001766203,1.28E-06,-2.682598551,-0.132328669,0.252286275
10-02-2023,91267.0791,295.3948148,-0.001799615,8.52E-07,-2.651820501,-0.547116597,0.252024333
11-02-2023,91305.06445,295.4787451,-0.001842422,8.55E-07,-2.419187546,-0.386114756,0.25177892
12-02-2023,91312.8667,295.697375,-0.001836503,0,-2.829434077,-0.346064806,0.251565933
13-02-2023,91310.14421,295.7918975,-0.001746342,0,-3.055833181,-0.328260303,0.25140063
14-02-2023,91241.68929,295.1869335,-0.001757508,8.61E-07,-2.493683577,-0.12418743,0.251271566
15-02-2023,91145.22249,295.1170425,-0.001728569,2.97E-06,-2.56308492,-0.745483239,0.251178741
16-02-2023,91177.5332,295.2602634,-0.001696942,3.16E-08,-3.102652232,-0.223291,0.251104991
17-02-2023,91214.80778,295.2575728,-0.0016762,0,-2.746358236,0.043398619,0.251042048
18-02-2023,91229.78385,295.3958124,-0.001631198,2.16E-06,-2.366980235,0.257036209,0.250984828
19-02-2023,91235.66553,295.5561682,-0.001577482,1.73E-06,-2.214736303,0.199109435,0.250944138
20-02-2023,91264.52555,295.4644178,-0.001623288,0,-1.703424454,-0.294802308,0.25089709
21-02-2023,91292.23161,295.6785234,-0.001625578,2.58E-06,-2.461346944,-0.095908443,0.250855128
22-02-2023,91230.1792,295.7972552,-0.001618791,2.14E-06,-2.827902476,-0.16127797,0.25083224
23-02-2023,91208.49593,294.9689039,-0.001571889,1.28E-06,-3.02010409,-0.102472623,0.250815709
24-02-2023,91326.58171,295.0162913,-0.001590829,1.72E-06,-2.734294256,-0.062512358,0.250794093
25-02-2023,91445.44694,295.9242166,-0.001594032,2.15E-06,-3.273059249,-0.055818796,0.250781377
26-02-2023,91534.71175,295.4752312,-0.001541829,8.52E-07,-3.491208235,-0.034377098,0.250764847
27-02-2023,91514.51579,294.3548431,-0.001450769,8.70E-07,-3.053644816,0.115864396,0.250748952
28-02-2023,91495.00618,295.6174628,-0.00123009,3.64E-06,-3.39006424,0.795270443,0.250757217
01-03-2023,91503.39111,296.010814,-0.001192946,2.23E-06,-3.489857554,0.496240258,0.250773112
02-03-2023,91578.70117,294.9862963,-0.001405263,0,-3.477461894,-0.081479232,0.250765483
03-03-2023,91599.94076,295.5368875,-0.001445996,8.52E-07,-3.704774221,-0.382497191,0.250744502
04-03-2023,91575.61995,296.1166795,-0.001462929,4.35E-07,-3.707845052,-0.095045726,0.250724792
05-03-2023,91524.51709,296.5126572,-0.001514789,4.35E-07,-3.504546483,0.045982639,0.250696818
06-03-2023,91385.65495,296.1602141,-0.001460684,2.57E-06,-3.486339569,0.098438064,0.250685374
07-03-2023,91338.69092,296.2306881,-0.001286021,2.88E-05,-3.253100077,0.258634845,0.250773112
08-03-2023,91314.06722,295.9438496,-0.001345987,1.72E-06,-3.574642181,0.024744948,0.250876745
09-03-2023,91288.77897,296.1536992,-0.001252154,6.12E-10,-3.312100728,-0.08000501,0.250823339
10-03-2023,91243.00488,295.5667534,-0.001190453,4.35E-07,-3.169015884,-0.010685762,0.250788371
11-03-2023,91237.22005,296.040081,-0.001343379,1.81E-06,-3.007684072,-0.583032688,0.250762939
12-03-2023,91213.29443,296.5444419,-0.001294751,2.99E-06,-3.251235326,0.720262011,0.250742594
13-03-2023,91112.06608,297.5023308,-0.001340419,8.38E-07,-2.719113668,1.154442588,0.250720342
14-03-2023,90974.41243,298.4314416,-0.001344625,8.52E-07,-2.241771181,1.291650097,0.250685374
15-03-2023,90947.18506,298.8178972,-0.001431181,4.17E-05,-1.806323369,1.756910086,0.250670751
16-03-2023,91060.54069,296.7958902,-0.001367471,0.007200116,-0.368398229,1.243910591,0.279358546
17-03-2023,91053.55648,296.2360274,-0.002335267,0.002143407,-0.90762043,1.422343572,0.34228007
18-03-2023,90973.58529,296.1221402,-0.002108072,0.006023457,-0.172469656,2.515688896,0.365960439
19-03-2023,90903.8877,296.4750989,-0.002669364,0.001346859,1.876502991,0.956504385,0.391901652
20-03-2023,90864.73454,296.9153347,-0.002816118,2.70E-06,1.651648839,1.133640051,0.368163427
21-03-2023,90901.18506,296.5567665,-0.002896395,8.62E-07,0.491769791,-0.222452799,0.341527303
22-03-2023,90925.5306,297.9506385,-0.002538051,1.29E-06,-0.102350235,1.275991042,0.321107229
23-03-2023,90940.83057,299.0821419,-0.002427196,8.55E-07,0.594881455,0.754356543,0.304840724
24-03-2023,90985.45459,298.7815634,-0.002009701,3.08E-06,-0.107548396,1.746463537,0.292746862
25-03-2023,91095.05632,297.6213061,-0.001561783,0.000957459,-0.110656102,1.609365503,0.290417353
26-03-2023,91002.86296,298.9569575,-0.001797266,5.79E-05,0.078397115,1.47473832,0.286968231
27-03-2023,90980.21859,299.5103143,-0.00203822,0,0.278564453,-1.230846604,0.279404322
28-03-2023,91009.81396,299.4992905,-0.001912817,8.94E-07,-1.260636012,0.492610216,0.273091634
29-03-2023,91091.93197,299.2231305,-0.001357877,0.000196549,0.120393753,1.611823638,0.269688924
30-03-2023,91004.65544,299.1618538,-0.001370431,2.81E-05,-0.210043589,0.991789103,0.266639074
31-03-2023,90935.32992,299.6055698,-0.001273238,7.45E-07,0.424245199,0.472142935,0.263373057
01-04-2023,90959.92643,299.0578798,-0.001315012,0.000241901,0.543884913,1.523176312,0.261974335
02-04-2023,90907.75098,299.4702199,-0.001500933,3.08E-06,0.498016357,0.693322142,0.25964419
03-04-2023,90928.06087,299.4018847,-0.001427734,1.81E-06,-0.295714696,1.429142475,0.257236481
04-04-2023,91045.55322,298.5689335,-0.000970862,0.00020054,0.371542613,1.152544419,0.256596883
05-04-2023,90996.02816,299.9802952,-0.001265425,1.70E-06,-0.829030991,0.801371733,0.255383809
06-04-2023,91053.32796,299.3760497,-0.001056774,6.48E-05,-1.289402644,1.02448527,0.254512787
07-04-2023,91197.22249,298.6934656,-0.001101168,3.24E-06,-2.234891097,1.448236148,0.253697713
08-04-2023,91302.11963,298.5884717,-0.001221083,2.14E-06,-3.064001083,0.787064513,0.252879461
09-04-2023,91282.56641,298.8097865,-0.001241647,3.01E-06,-2.659360886,0.775711536,0.252232869
10-04-2023,91203.73861,299.1997261,-0.001149356,4.37E-06,-2.986883163,1.293437163,0.251794815
11-04-2023,91224.89437,299.4146792,-0.00128738,3.00E-06,-2.46620369,0.882738749,0.251439412
12-04-2023,91163.25081,299.814647,-0.001334215,-1.19E-08,-2.560417811,0.605502288,0.251148224
13-04-2023,91130.16374,300.7916031,-0.001301955,0,-2.719729106,0.975590865,0.250928879
14-04-2023,91102.37402,300.6851997,-0.001312568,4.35E-07,-1.976315618,1.08746922,0.250773748
15-04-2023,91050.48796,300.0641778,-0.001163673,1.29E-06,-1.811969757,0.01778841,0.250689824
16-04-2023,90944.95947,300.376255,-0.001248532,8.43E-07,-2.717129389,0.877811869,0.250635147
17-04-2023,90991.96712,300.4351889,-0.001228327,1.71E-06,-2.360930125,0.941695611,0.250599543
18-04-2023,91064.17676,300.816274,-0.001226999,1.72E-06,-1.947868983,1.563851039,0.250576655
19-04-2023,90842.46077,301.0260804,-0.001209234,2.58E-06,-0.5558122,1.787588994,0.250560125
20-04-2023,90697.87077,301.0723953,-0.001053823,0,1.093162537,1.001271526,0.250547409
21-04-2023,90736.97917,300.342282,-0.000989129,0.000283808,0.746014913,-0.23003753,0.251457214
22-04-2023,90752.73242,300.1212381,-0.001257171,0.000720799,0.728667577,0.192700307,0.255353928
23-04-2023,90796.47396,300.1893412,-0.001021733,8.30E-06,0.427833557,0.626776735,0.257397334
24-04-2023,90905.91195,298.7453194,-0.001443365,0.009103066,-1.071943919,1.562412937,0.307734807
25-04-2023,90979.69515,298.5340169,-0.002449545,0.003031375,-1.222611109,1.847111464,0.37567393
26-04-2023,90919.41227,299.2591114,-0.002807618,0.000385165,-1.366366069,1.289168676,0.364325841
27-04-2023,90966.07959,299.3588632,-0.002520623,0.000334114,-1.8462677,1.863708297,0.340946198
28-04-2023,90986.21452,299.4929365,-0.002191376,0.001274395,-1.389258703,1.998890996,0.323458989
29-04-2023,90926.07633,297.9894307,-0.002224662,0.003450653,-0.859088898,1.074269215,0.341046015
30-04-2023,90807.20247,298.0402406,-0.002494565,0.020017377,-0.139252345,1.580578526,0.397198995
01-05-2023,90844.50651,296.8614864,-0.003194434,0.025009524,-0.10047849,0.136464437,0.454849879
02-05-2023,90887.87972,296.7703082,-0.002814966,0.001810002,-0.652975718,0.983004729,0.461734136
03-05-2023,90988.23633,296.9363257,-0.002892207,0.002822563,1.184903463,-0.050467173,0.447930018
04-05-2023,90906.08577,297.8442046,-0.003845788,0.000848213,0.097449899,0.3685443,0.434424718
05-05-2023,90855.81641,296.903005,-0.002266701,0.000994551,1.091946284,0.237346411,0.422648748
06-05-2023,90852.9987,296.9987806,-0.003166955,0.006525913,1.174840927,0.258083979,0.428407669
07-05-2023,90856.05697,295.942365,-0.001771754,0.003426382,1.461211522,0.019644101,0.468046188
08-05-2023,90824.12093,296.7753086,-0.003111565,0.024371648,0.974730174,-0.247451862,0.468228022
09-05-2023,90842.78955,297.7299875,-0.0038884,0.00513419,0.793773651,-0.566372554,0.477416356
10-05-2023,90799.33854,299.0886275,-0.004866054,0.000682789,0.096246084,-0.408491373,0.456091563
11-05-2023,90904.14632,298.9222418,-0.004431193,0.002056199,0.987196604,-0.783470949,0.446486155
12-05-2023,90920.85693,299.0452385,-0.003987911,0.00038563,2.040705363,0.37000982,0.435192108
13-05-2023,90973.44466,298.1199964,-0.003602276,0.00062016,3.547418594,0.367634257,0.418327332
14-05-2023,90887.37256,299.2275848,-0.004430406,1.25E-05,3.131656011,-0.559996009,0.39918073
15-05-2023,90955.92562,299.3018468,-0.004538294,1.78E-06,2.6290404,-0.434689204,0.376932144
16-05-2023,91043.57861,299.8719228,-0.004414521,2.59E-06,1.986176173,-0.920333107,0.35696284
17-05-2023,91070.96273,300.5604375,-0.004246271,1.69E-06,0.844539007,-0.042622884,0.338846842
18-05-2023,91128.42513,300.3490766,-0.003824336,1.29E-05,1.318789164,-0.222994685,0.324099223
19-05-2023,91016.71598,300.512914,-0.003612798,3.84E-06,1.972146988,0.162164847,0.311328252
20-05-2023,90997.50163,299.4856472,-0.003431998,0.001167372,1.235850652,0.019882838,0.304802577
21-05-2023,91084.79639,298.0436694,-0.002921896,0.017702669,1.170717875,0.123588562,0.373027166
22-05-2023,91111.46045,298.1399676,-0.003794417,0.003158027,0.583713531,0.117979924,0.412886937
23-05-2023,91142.82503,298.9979134,-0.004139738,0.000382739,1.214420954,0.286203742,0.403488795
24-05-2023,91141.65592,298.5230033,-0.003905583,0.003443796,2.201921463,0.199619293,0.398333232
25-05-2023,91176.76872,297.9038124,-0.003548188,0.007110327,2.622371038,-0.083959301,0.434301376
26-05-2023,91156.52018,298.550944,-0.004082568,7.76E-05,2.832045317,-0.024248838,0.425897598
27-05-2023,91011.13639,298.5087198,-0.003672257,0.000363901,1.940139135,-0.82814455,0.396259308
28-05-2023,90949.07324,299.2388268,-0.00367837,0.000250589,1.442521413,-0.207454681,0.374212265
29-05-2023,90975.97103,299.3838825,-0.003648379,0.000771493,0.470710754,-0.733538985,0.35721906
30-05-2023,91009.12646,298.2262243,-0.003131784,0.006587458,0.927226186,-0.21048363,0.385815303
31-05-2023,90948.71533,297.6356163,-0.003197687,0.018988088,1.52908961,-0.079574227,0.430157979
01-06-2023,90932.20573,297.8380769,-0.003702659,0.011722976,2.136439641,-0.160198967,0.449369431
02-06-2023,90944.84733,298.3398825,-0.003962941,0.001323579,2.460388223,-0.282517076,0.445568085
03-06-2023,90927.48535,299.12021,-0.004177032,0.000392202,2.163398743,-0.291722536,0.420429866
04-06-2023,90924.35742,298.3313789,-0.003724331,0.00025326,2.705484708,-0.591805061,0.401299795
05-06-2023,90872.88216,298.8756758,-0.004173967,0.001131657,3.111477534,-0.044773459,0.388097763
06-06-2023,90834.02035,298.9336383,-0.003825569,0.000177872,2.928088506,-0.574082057,0.375281016
07-06-2023,90863.72152,298.6116047,-0.003643153,0.000681359,3.462648392,0.310225169,0.360522588
08-06-2023,90851.34587,298.8406709,-0.003561391,0.000665891,3.606513977,-0.081634521,0.351381938
09-06-2023,90765.1237,298.1212222,-0.003165546,0.003404212,4.027411779,0.554023981,0.365569433
10-06-2023,90755.48486,297.4073124,-0.002620496,0.002164539,4.779712041,0.582604766,0.381964366
11-06-2023,90746.50488,297.9101798,-0.002940884,0.000969991,4.244828065,0.284138282,0.378230413
12-06-2023,90751.00651,297.6564159,-0.003033712,0.001976484,3.870597204,0.665046255,0.376253128
13-06-2023,90829.74414,298.3230158,-0.003300689,0.000311983,3.857565562,0.143175125,0.368533452
14-06-2023,90950.75488,298.3995241,-0.002991084,8.51E-05,4.007048289,-0.051029285,0.350639343
15-06-2023,90938.9056,298.9054426,-0.002936413,6.50E-06,3.605912526,-0.656904697,0.333897909
16-06-2023,90858.50716,298.9670652,-0.003023489,2.20E-06,3.781287511,-0.066157142,0.318325679
17-06-2023,90897.4624,298.8611259,-0.0027856,0.000850683,3.34894371,-0.445401947,0.308750153
18-06-2023,90849.01563,297.1648261,-0.001937357,0.004536986,3.376934052,-0.50055178,0.329813004
19-06-2023,90712.2334,297.1648223,-0.002120499,0.005311385,2.65248553,-0.158711036,0.370635986
20-06-2023,90712.14893,295.8695316,-0.002057336,0.004697784,2.826719046,-0.097141941,0.423245748
21-06-2023,90776.13509,296.3069407,-0.00224992,0.023741114,2.252985636,-0.287352284,0.453310649
22-06-2023,90784.71208,296.8021622,-0.003110914,0.016668256,2.476338069,-0.377588431,0.470827103
23-06-2023,90785.72673,296.7419529,-0.003180844,0.000473608,3.424095154,0.134931962,0.460557302
24-06-2023,90750.15576,296.4324563,-0.002604527,0.000720868,3.824841817,0.463729143,0.44488589
25-06-2023,90763.2793,296.2267844,-0.002906991,0.003401477,3.34439532,0.567314784,0.446095785
26-06-2023,90807.60173,296.2896881,-0.002422421,0.000166163,3.911125183,0.433369319,0.443957011
27-06-2023,90858.1875,296.4109688,-0.003164219,0.00268499,3.245402654,0.606260339,0.43571345
28-06-2023,90956.80208,296.3279146,-0.002950465,0.00253045,4.011883418,-0.020533999,0.445872625
29-06-2023,90986.37614,295.5394141,-0.002502264,0.015574312,4.009340405,0.480766932,0.450867335
30-06-2023,90947.04508,296.9095058,-0.003472245,0.000558913,4.276105444,-0.045457482,0.445572535
01-07-2023,90977.47184,297.4263992,-0.00327207,0.001855301,4.080093384,-1.095598896,0.431163788
02-07-2023,90894.03239,296.1409664,-0.002880628,0.008747295,4.343687693,-1.098462423,0.456276576
03-07-2023,90752.65234,295.4719823,-0.002681406,0.003911674,4.753527323,-0.144587676,0.466639837
04-07-2023,90568.36165,294.5721092,-0.002543963,0.02544302,5.451015472,1.140946865,0.481676737
05-07-2023,90536.87272,294.2180831,-0.002472143,0.017681837,4.962789536,0.99806277,0.472103119
06-07-2023,90786.71289,294.1291981,-0.002494691,0.008307013,5.208941261,0.787883123,0.500646591
07-07-2023,90918.24382,295.1890545,-0.002488959,0.004952225,5.024025758,0.959075292,0.496706009
08-07-2023,90991.51579,295.2694435,-0.001948597,0.001444425,4.4308815,0.396140416,0.482011159
09-07-2023,90951.40837,295.838274,-0.002208075,0.001571972,3.65175883,-0.619468689,0.470420837
10-07-2023,90888.29688,295.8170471,-0.002363302,0.004834936,2.77208964,-0.203735232,0.4757665
11-07-2023,90848.08187,295.2189376,-0.0018926,0.001592977,3.343772888,-0.288300832,0.48136584
12-07-2023,90825.95654,295.9730123,-0.003076381,0.001224593,3.24567922,0.390609145,0.466442744
13-07-2023,90862.95475,295.7776368,-0.003022543,0.001985266,3.993394216,0.485329469,0.459359487
14-07-2023,90974.39551,296.203804,-0.002865071,0.000900322,4.438578288,-0.859833757,0.451889038
15-07-2023,90946.24349,296.5264886,-0.002954638,0.001394093,4.089324951,-0.90627563,0.443923314
16-07-2023,90903.82699,296.2894764,-0.00253837,0.000537872,3.886161804,-0.358006358,0.435904821
17-07-2023,90821.521,296.371465,-0.002589301,0.000866371,4.559829076,0.196189125,0.428305944
18-07-2023,90749.30452,296.0736453,-0.002855377,0.000971424,5.599082311,0.611023386,0.422671
19-07-2023,90639.01449,295.8373845,-0.002551671,0.001866069,6.260772069,0.193579475,0.41793251
20-07-2023,90644.40397,295.6481482,-0.00294169,0.001495767,6.511916478,0.390881658,0.422140757
21-07-2023,90739.68734,296.4740944,-0.003092533,0.000307453,6.650074561,-0.233257214,0.411517461
22-07-2023,90866.39632,295.4445979,-0.00280799,0.004119194,6.024674733,0.000658751,0.417018255
23-07-2023,90884.08236,294.4542395,-0.002700428,0.016750753,5.041306178,-0.002931873,0.484705607
24-07-2023,90846.08512,293.8688577,-0.002459219,0.030201414,4.525489807,0.450789014,0.488985697
25-07-2023,90861.08594,293.694774,-0.002158115,0.017637677,4.743837357,-0.190326134,0.474009196
26-07-2023,90946.57666,293.4371421,-0.001935096,0.014774189,4.661019007,-0.357553045,0.472723643
27-07-2023,90969.91715,294.7561531,-0.002411617,0.001347864,5.387491067,-0.360239625,0.456771851
28-07-2023,90931.19873,295.9172357,-0.003105523,0.000415355,5.328445435,-1.122069438,0.451211294
29-07-2023,90964.61849,295.8966357,-0.003338765,0.00044492,5.125067393,-1.531208316,0.441968282
30-07-2023,90898.93929,296.2300688,-0.003284553,0.000193819,4.77500089,-1.046407262,0.431343714
31-07-2023,90899.354,296.8473097,-0.003823426,0.000146645,4.880531947,-0.764465332,0.419301351
01-08-2023,90912.71159,296.24193,-0.003388293,0.000230664,5.298585256,-0.369604747,0.409126918
02-08-2023,90940.90934,295.9684347,-0.003076185,0.000149411,5.19960022,0.121246696,0.400009155
03-08-2023,90951.02718,296.4129353,-0.003343582,0.000259268,5.132242203,-0.501036326,0.391400655
04-08-2023,91107.49626,296.3218651,-0.00302922,0.001334512,4.510229111,-0.253376643,0.389434179
05-08-2023,91191.09473,296.2277794,-0.002942655,0.00060443,4.069646478,-0.118003249,0.386816661
06-08-2023,91065.41016,296.4447734,-0.00331797,0.000384212,3.808514913,-0.160234213,0.378955205
07-08-2023,90927.98063,296.5768261,-0.003131154,0.000412327,3.719210505,-0.188003023,0.371363322
08-08-2023,90998.24365,295.7813263,-0.00277435,0.002147594,3.24315389,-0.251321236,0.375341415
09-08-2023,91104.23584,296.7586416,-0.003487783,0.000726318,2.506504695,-0.88760225,0.376063029
10-08-2023,91119.50456,296.7092717,-0.00337767,0.001050749,2.141724269,-0.95780762,0.371498744
11-08-2023,91032.47673,297.2180545,-0.00340168,0.000647897,1.819843928,-0.948697249,0.365287781
12-08-2023,91009.65967,297.2789294,-0.003891757,0.000180849,2.934851964,-1.196694771,0.35524114
13-08-2023,90965.36556,297.0087783,-0.003312301,0.000243858,2.991413156,-1.000606537,0.344575882
14-08-2023,90999.79688,296.8766569,-0.003467562,0.00022772,2.504578908,-0.503437002,0.335478465
15-08-2023,91031.26025,296.7308623,-0.003767041,3.09E-05,2.473429362,-0.295771996,0.325110753
16-08-2023,91016.29102,297.286073,-0.00378517,0,2.747940063,-0.262643178,0.314746221
17-08-2023,91002.62077,297.3262494,-0.003253547,2.81E-05,3.606515249,-0.516968409,0.306292216
18-08-2023,90904.81689,296.6611938,-0.002378096,0.000466987,4.195678075,-0.219654719,0.302027384
19-08-2023,90863.8737,295.9898535,-0.002430074,0.002090141,4.24345843,0.005523801,0.311418533
20-08-2023,90844.69499,296.9904079,-0.002674315,0.00039393,3.507563909,-0.820948203,0.315976461
21-08-2023,90823.39242,297.5525157,-0.003068766,1.20E-06,2.50972112,-1.421000044,0.308216095
22-08-2023,90853.03939,297.7441597,-0.002991536,0.000672239,1.870196025,-0.127964656,0.303877513
23-08-2023,90850.43978,298.0373732,-0.003497483,1.78E-06,2.563504537,-0.353555044,0.297347387
24-08-2023,90847.98014,297.4955546,-0.003201177,1.95E-06,2.768817266,-0.264649828,0.290115992
25-08-2023,90885.6665,297.9334761,-0.00323737,0,2.658948898,0.096370776,0.284257889
26-08-2023,90987.22217,297.1340567,-0.002603045,0.004850042,2.251172384,-0.382924159,0.307446162
27-08-2023,91020.4598,297.2651685,-0.002907591,0.000571698,2.417409897,-0.682996114,0.333959579
28-08-2023,90953.79801,298.2171758,-0.00356297,8.28E-05,3.005868276,-0.851315777,0.322742462
29-08-2023,90925.18831,297.8022893,-0.002932506,5.85E-05,2.622714996,-1.231718699,0.310973485
30-08-2023,90927.98665,298.0169875,-0.003006106,0.000213192,2.009798487,-0.96311899,0.302047094
31-08-2023,90933.58496,297.5032209,-0.00272166,0.007020134,1.336648305,-0.436741908,0.316806793
01-09-2023,90913.56299,297.7016741,-0.003333038,0.003790636,1.555210114,-0.361386458,0.384040833
02-09-2023,90889.66715,296.7336604,-0.002785014,0.010296948,2.737685521,-0.325277408,0.43433253
03-09-2023,90734.32422,297.2408994,-0.003297858,1.90E-05,3.529825211,-0.607826869,0.423852285
04-09-2023,90685.64974,295.2887662,-0.002530374,0.001240325,4.352009455,-1.267947714,0.400603612
05-09-2023,90671.69987,295.5640144,-0.003004855,0.002601445,3.856747945,-0.18249321,0.398244858
06-09-2023,90745.28516,295.7179635,-0.002712935,0.00396584,3.41178449,0.490716855,0.414807002
07-09-2023,90814.74007,296.0863628,-0.002286841,0.000822383,3.966142019,0.979583979,0.41249911
08-09-2023,90883.2819,296.0874983,-0.00263348,0.000781,4.528282801,0.834248225,0.39815712
09-09-2023,90828.61719,296.9071401,-0.002995446,0.000269765,4.284958522,0.018242915,0.380926132
10-09-2023,90802.49626,296.4686069,-0.002908226,0.001729429,3.926720937,-0.083100915,0.371220271
11-09-2023,90845.11263,296.6650988,-0.00283297,0.00098507,4.012432098,-0.169247309,0.369813919
12-09-2023,90891.08805,296.8317833,-0.002674087,0.000310406,3.688849131,-0.730058034,0.359109879
13-09-2023,90860.41862,296.6164462,-0.002719164,0.000881183,3.830076218,-0.103670041,0.350266139
14-09-2023,90867.64762,296.22358,-0.002656415,0.001161048,3.915699641,0.434551239,0.345982234
15-09-2023,90910.31315,296.1397673,-0.002419265,0.005627716,3.89410909,1.149088899,0.375363032
16-09-2023,90925.14876,296.3260733,-0.002450295,0.000919759,4.158462524,0.597024282,0.394154867
17-09-2023,90856.54167,295.8161138,-0.0024442,0.012888628,3.19514211,0.111986796,0.416585286
18-09-2023,90890.43815,296.2632351,-0.003342943,0.001499772,3.205601573,0.209579468,0.41135025
19-09-2023,90999.73584,296.8409818,-0.003703984,0.000695789,3.032937368,-0.21021843,0.393704096
20-09-2023,91000.02279,296.5439161,-0.003398434,0.00296405,2.507556915,-0.139848073,0.390908559
21-09-2023,90995.57161,296.6868032,-0.002980426,0.004210624,2.061932246,-0.194785396,0.406249364
22-09-2023,90967.5057,296.9780394,-0.003506553,0.000865588,1.559654872,0.139363329,0.417882919
23-09-2023,91004.79525,296.8548546,-0.003540596,0.003086865,2.546859105,-0.204393228,0.407047908
24-09-2023,90968.87077,296.9362278,-0.003363462,0.001970619,3.223250071,-0.696430246,0.411651611
25-09-2023,90880.51709,296.7587649,-0.003421987,0.002959996,2.736377716,-0.705677112,0.415239334
26-09-2023,90868.71663,296.87942,-0.003327135,0.000356087,3.054580053,0.114590526,0.405292511
27-09-2023,90858.34896,296.9539757,-0.003221096,0.00048852,3.606676102,0.094809731,0.386086146
28-09-2023,90840.39925,295.7675565,-0.002481559,0.006037086,3.573136012,1.124397516,0.408153534
29-09-2023,90882.11442,295.8461704,-0.002682418,0.002807948,4.121038,2.006588658,0.431784948
30-09-2023,90904.38623,296.4327068,-0.002883467,0.00082685,4.303100586,2.140284657,0.415254593
01-10-2023,90892.43083,296.1002878,-0.002523271,0.000964686,4.464818319,1.5963612,0.401049296
02-10-2023,90956.36637,297.2973194,-0.003658523,1.64E-05,3.947593689,-0.225480715,0.380659103
03-10-2023,91021.52262,297.0396169,-0.00350339,2.36E-06,2.781248728,-0.723329941,0.35996755
04-10-2023,91059.51481,296.7341112,-0.003145551,8.70E-05,1.705888748,-1.122096022,0.343698502
05-10-2023,90985.9751,297.4705766,-0.003347166,2.76E-05,1.38070488,-0.83658282,0.329415639
06-10-2023,90948.75505,297.5971362,-0.002662485,0.001068473,1.274176637,-0.466525396,0.322610855
07-10-2023,90987.89665,298.0855656,-0.002719587,0.000329658,0.302078923,-0.224753539,0.317311605
08-10-2023,91118.12386,297.2141183,-0.002585059,0.00644266,-0.157049179,0.691798528,0.342732112
09-10-2023,91238.56673,296.3319893,-0.002317281,0.012860793,0.298745473,0.344875971,0.436618805
10-10-2023,91177.02018,296.7260965,-0.003186144,0.006960243,0.44329834,0.140341441,0.459949493
11-10-2023,91173.03646,296.38156,-0.002993625,0.01255399,0.168139219,-0.138777693,0.463444392
12-10-2023,91238.42741,296.6403656,-0.004299243,3.07E-05,-1.637066921,0.045809428,0.440711975
13-10-2023,91281.59993,296.2535407,-0.004824265,1.73E-06,-2.321596781,-0.172235489,0.409987132
14-10-2023,91231.85742,296.8488413,-0.004125491,1.72E-06,-1.343171438,0.288629532,0.387001038
15-10-2023,91113.16634,297.3516712,-0.003752274,0.003372708,-0.938146591,0.39612933,0.375208537
16-10-2023,91168.08887,296.3973058,-0.002923051,0.002223384,-1.232186039,0.329224904,0.409366608
17-10-2023,91222.37516,297.0016715,-0.003652189,0.000573838,-1.439219793,-0.060440103,0.39898936
18-10-2023,91254.67334,296.6405703,-0.00391346,2.56E-06,-2.469502131,0.147330602,0.380343119
19-10-2023,91259.61117,296.9307187,-0.004116975,1.72E-06,-2.194731394,0.012564659,0.35931778
20-10-2023,91236.86328,297.2853107,-0.003541327,5.08E-06,-2.385474523,0.305944443,0.341736476
21-10-2023,91282.73193,297.0141258,-0.0031549,9.03E-06,-2.38913091,-0.263709386,0.327669779
22-10-2023,91271.76823,297.3409309,-0.003392927,1.46E-06,-1.67407163,-0.567560792,0.315303167
23-10-2023,91183.5804,296.3167133,-0.00356619,4.85E-06,-0.851043065,-1.698706071,0.303789139
24-10-2023,91185.30697,296.0764491,-0.003360982,1.71E-06,-1.085752487,-1.037140171,0.293963114
25-10-2023,91280.42464,296.2994798,-0.003053048,4.35E-07,-1.612486521,-0.580127199,0.286580404
26-10-2023,91261.22103,296.5521863,-0.002799757,1.29E-06,-1.718436559,-0.12843891,0.28087616
27-10-2023,91166.76416,297.4252771,-0.002651932,1.72E-06,-2.255345662,0.192483664,0.27643458
28-10-2023,91164.18213,297.5645466,-0.002062682,8.90E-06,-2.444716771,0.654506008,0.273000717
29-10-2023,91173.03906,296.3619239,-0.00188975,0.003865404,-2.338091532,0.451402585,0.295316696
30-10-2023,91199.05322,295.5841751,-0.001769926,0.003747838,-2.3878479,0.859374603,0.327163696
31-10-2023,91247.85205,295.2632561,-0.002191276,0.002801478,-2.18585968,-0.435726206,0.362962087
01-11-2023,91221.36751,295.8109862,-0.002559722,0.007775743,-1.881882985,-0.486640453,0.401205699
02-11-2023,91131.6224,295.9556224,-0.00248963,0.006077641,-1.993886828,-0.349383553,0.440584819
03-11-2023,91009.68604,295.9180056,-0.002659476,0.004496342,-1.976041158,-0.195653836,0.450908025
04-11-2023,91033.00863,295.1438478,-0.002100141,0.018011552,-2.353162766,-0.328888655,0.472420375
05-11-2023,91149.73014,295.0399501,-0.002317863,0.008045952,-1.634741465,0.399855932,0.485339483
06-11-2023,91270.62109,295.4865437,-0.003030255,0.0177118,-0.415802002,0.757625341,0.46942393
07-11-2023,91247.36719,295.015372,-0.002363068,0.012339905,-1.167741776,-0.019603093,0.484259288
08-11-2023,91223.66048,295.3274555,-0.002667829,0.014928261,-1.403663635,0.337982178,0.483604431
09-11-2023,91294,294.7715111,-0.002465912,0.004074678,-2.332992554,0.105421702,0.482144038
10-11-2023,91374.45915,295.3484656,-0.003313764,0.0019207,-2.887718121,-0.227885207,0.474995295
11-11-2023,91402.58073,294.2697868,-0.004403214,3.01E-06,-2.504000028,-0.763456265,0.454439163
12-11-2023,91380.87044,293.6877518,-0.00393839,0,-2.509047469,-1.317496101,0.433544795
13-11-2023,91326.27767,294.3267721,-0.003893545,5.21E-06,-2.900452296,-1.498892029,0.416283925
14-11-2023,91276.97428,292.8414243,-0.001625307,0.001639783,-2.38277181,-1.64672788,0.416269302
15-11-2023,91210.28906,294.4766528,-0.002875322,9.18E-07,-1.853833159,-1.817671537,0.411478043
16-11-2023,91266.39388,295.6316757,-0.003355664,5.02E-06,-1.791784922,-0.880508423,0.397004445
17-11-2023,91253.20671,295.9311091,-0.003289073,4.66E-06,-2.258953094,-0.109993617,0.383083979
18-11-2023,91245.01676,295.7732995,-0.003420516,7.85E-05,-2.651136398,-0.417161981,0.370369593
19-11-2023,91247.89404,295.4004002,-0.00357122,2.59E-06,-2.78845195,-0.642773946,0.357229233
20-11-2023,91219.76449,294.8939164,-0.003030137,0.00349853,-2.355836233,-1.899309357,0.358314514
21-11-2023,91130.95101,295.6161423,-0.002336057,0.00150739,-1.453750412,-1.424047947,0.38553683
22-11-2023,91103.72721,295.4780623,-0.002243546,0.003151947,-1.943405668,-0.036693573,0.39581426
23-11-2023,91040.67692,294.8094457,-0.002070157,0.003000328,-2.17040507,1.13980039,0.420303345
24-11-2023,91130.78385,294.8265203,-0.002347325,0.004851061,-2.454190652,0.880104701,0.441181183
25-11-2023,91253.31478,294.8846995,-0.002500222,0.001977324,-3.193045298,0.06016163,0.440629959
26-11-2023,91267.31283,295.1192722,-0.002453928,0.000250363,-3.702457507,0.309613307,0.421528498
27-11-2023,91166.1984,294.8150412,-0.002301509,0.003135985,-2.670653025,0.606869062,0.422620773
28-11-2023,91095.22087,295.1275425,-0.002593067,0.001891944,-2.283217112,0.323158264,0.426496506
29-11-2023,91142.94629,294.9928951,-0.002512624,0.000426358,-2.716462453,-0.082027237,0.4169089
30-11-2023,91193.54753,294.9830538,-0.002066368,0.000536442,-2.666936874,0.359609167,0.404851278
01-12-2023,91092.02848,294.8240687,-0.002306411,0.002228653,-2.115313848,-1.034867644,0.403287252
02-12-2023,90992.39827,294.9701513,-0.002634414,0.000701725,-2.058522542,-2.618877053,0.402695338
03-12-2023,90948.26025,294.4892896,-0.001727102,0.002499133,-1.627396266,-3.988931457,0.409726461
04-12-2023,90785.59505,294.5313047,-0.001188682,9.12E-05,1.907934189,-3.564834555,0.405644099
05-12-2023,90852.05192,294.6747704,-0.001606034,0.000391278,2.002159119,-1.664141973,0.396372477
06-12-2023,91003.45459,295.8665053,-0.002864029,0,-0.154284159,0.023604075,0.382684708
07-12-2023,91084.7264,296.2689934,-0.002564296,0.000115916,-1.314386368,1.059592565,0.36859258
08-12-2023,91164.1263,295.6553567,-0.00217773,0.003433356,-1.895599365,0.735797882,0.372566859
09-12-2023,91232.91016,295.1307646,-0.002028348,0.001927882,-2.247877757,0.151413918,0.394590378
10-12-2023,91180.30339,295.4623884,-0.002512963,0.00021147,-2.57092456,0.106482387,0.388619105
11-12-2023,91201.34229,295.1973845,-0.00201636,0.000271308,-2.214363734,0.168770154,0.376860936
12-12-2023,91140.33577,294.3257192,-0.00255716,3.44E-06,-2.185519536,-0.602915446,0.364068349
13-12-2023,91221.47624,293.998661,-0.002610173,6.57E-06,-2.584531784,-0.901882172,0.350164413
14-12-2023,91318.60238,293.5180124,-0.002346216,3.30E-06,-2.676641464,-0.457448959,0.337974548
15-12-2023,91312.49186,294.6946398,-0.00203543,0.001006451,-2.603882472,-0.40110902,0.332170486
16-12-2023,91264.13411,294.914861,-0.00187112,0.001901481,-2.932064176,-0.637834986,0.340748469
17-12-2023,91246.25928,294.1591854,-0.001071537,0.000435871,-3.163955768,-0.224777738,0.343631744
18-12-2023,91304.42562,294.3110224,-0.00149432,5.35E-05,-3.559904734,-0.632161697,0.338222504
19-12-2023,91350.85498,294.1208293,-0.002313903,2.58E-06,-3.073759953,-0.79853181,0.328297933
20-12-2023,91338.1849,293.9083462,-0.001603475,5.77E-05,-2.757146796,-0.400508165,0.320018768
21-12-2023,91321.71647,294.7566617,-0.002023324,2.94E-05,-2.193990946,0.164809545,0.312698364
22-12-2023,91335.85905,294.526083,-0.001993181,1.15E-05,-1.359830856,-0.682394663,0.305409749
23-12-2023,91405.63623,293.345693,-0.002179358,1.71E-06,-2.33759435,-0.090620677,0.29798762
24-12-2023,91491.23551,294.2645079,-0.002068779,1.56E-05,-2.59960556,-0.153189739,0.291615168
25-12-2023,91441.58301,294.737278,-0.001592711,0.000114697,-3.038685203,-0.355621497,0.287431081
26-12-2023,91462.86117,293.2619464,-0.002118926,1.06E-05,-2.634910623,-0.62851731,0.282972972
27-12-2023,91457.15072,293.5595175,-0.001908941,8.52E-07,-3.065938433,-0.770333608,0.278612773
28-12-2023,91370.77653,294.1034171,-0.001453021,1.19E-06,-2.961097121,0.174842199,0.275513967
29-12-2023,91386.83789,294.5912285,-0.001343547,5.20E-06,-3.109120051,0.477057139,0.273009618
30-12-2023,91322.28385,294.9331455,-0.001579511,9.16E-06,-2.650300344,0.466978709,0.270565033
